region,country,iso3,year,pathogen,specimen,antibiotic,resistant,tested,ast_standard,ast_version,test_method,source_url_x,resistance_pct,breakpoint_change_from_prior,antibiotic_family,family_consumption,family_consumption_lag1,family_consumption_lag2,family_consumption_lag3,consumption_community,consumption_hospital,access_pct,broad_narrow_ratio,oral_parenteral_ratio,reserve_pct,access_pct_lag1,broad_narrow_ratio_lag1,oral_parenteral_ratio_lag1,reserve_pct_lag1,population,age65_pct,urban_pct,gdp_per_capita,health_expenditure_pct_gdp,source_url_y,resistance_lag1,resistance_lag2,resistance_lag3,resistance_trend4,resistance_volatility4,log_tested,target_resistance_h1,target_tested_h1,target_resistance_h3,target_tested_h3,target_resistance_h5,target_tested_h5
EU_EEA,Austria,AUT,2013,Escherichia coli,Blood/invasive,Aminoglycosides,313,4367,EARS-Net mixed/not reported,Not reported in Atlas aggregate,ECDC Surveillance Atlas aggregate,https://atlas.ecdc.europa.eu/public/,7.167391802152507,0,J01G_aminoglycosides,,,,,8.7125,,,,,,,,,,8479823,18.1994460470678,67.2981308784247,50305.3545774973,10.40574837,https://api.worldbank.org/v2/,6.266882766072393,7.268090532355754,6.219931271477663,0.18411738257411667,0.48874824077614315,8.38206051742474,7.0884468895471855,4726.0,7.8125,5248.0,8.226495726495726,5616.0
EU_EEA,Austria,AUT,2014,Escherichia coli,Blood/invasive,Aminoglycosides,335,4726,EARS-Net mixed/not reported,Not reported in Atlas aggregate,ECDC Surveillance Atlas aggregate,https://atlas.ecdc.europa.eu/public/,7.0884468895471855,0,J01G_aminoglycosides,,,,,7.4361,,,,,,,,,,8546356,18.3880563664351,67.4154327591781,51314.9722616322,10.51159096,https://api.worldbank.org/v2/,7.167391802152507,6.266882766072393,7.268090532355754,0.0361578107654396,0.39819479342726083,8.461046030793236,6.981981981981982,4884.0,7.709665287702144,5318.0,6.948541461815798,6102.0
EU_EEA,Austria,AUT,2015,Escherichia coli,Blood/invasive,Aminoglycosides,341,4884,EARS-Net mixed/not reported,Not reported in Atlas aggregate,ECDC Surveillance Atlas aggregate,https://atlas.ecdc.europa.eu/public/,6.981981981981982,0,J01G_aminoglycosides,,,,,7.4764,,,,,,,,,,8642699,18.4613708048616,67.5576175537383,43915.228020857,10.51688385,https://api.worldbank.org/v2/,7.0884468895471855,7.167391802152507,6.266882766072393,0.20663527351234412,0.35787523129769916,8.493924564476883,7.8125,5248.0,8.226495726495726,5616.0,6.246407357731366,5219.0
EU_EEA,Austria,AUT,2016,Escherichia coli,Blood/invasive,Aminoglycosides,410,5248,EARS-Net mixed/not reported,Not reported in Atlas aggregate,ECDC Surveillance Atlas aggregate,https://atlas.ecdc.europa.eu/public/,7.8125,0,J01G_aminoglycosides,,,,,7.276999999999999,,,,,,,,,,8736668,18.4999156835518,67.7218061923556,45061.4993920192,10.51713753,https://api.worldbank.org/v2/,6.981981981981982,7.0884468895471855,7.167391802152507,0.18288596859772563,0.3242415717026991,8.5657928612523,7.709665287702144,5318.0,6.948541461815798,6102.0,5.7518796992481205,5320.0
EU_EEA,Austria,AUT,2017,Escherichia coli,Blood/invasive,Aminoglycosides,410,5318,EARS-Net mixed/not reported,Not reported in Atlas aggregate,ECDC Surveillance Atlas aggregate,https://atlas.ecdc.europa.eu/public/,7.709665287702144,0,J01G_aminoglycosides,,,,,7.8689,,,,,,,,,,8797566,18.6103296736393,67.9051196052802,47163.7425775142,10.57132816,https://api.worldbank.org/v2/,7.8125,6.981981981981982,7.0884468895471855,0.2694173212482888,0.3666877189137955,8.579040594742317,8.226495726495726,5616.0,6.246407357731366,5219.0,5.48033526756931,4653.0
EU_EEA,Austria,AUT,2018,Escherichia coli,Blood/invasive,Aminoglycosides,462,5616,EARS-Net mixed/not reported,Not reported in Atlas aggregate,ECDC Surveillance Atlas aggregate,https://atlas.ecdc.europa.eu/public/,8.226495726495726,0,J01G_aminoglycosides,,,,,7.173500000000001,,,,,,,,,,8840521,18.7625828458159,68.1046787227623,51194.0749841299,10.5157156,https://api.worldbank.org/v2/,7.709665287702144,7.8125,6.981981981981982,0.3630706521243362,0.4484123920869112,8.633552992532433,6.948541461815798,6102.0,5.7518796992481205,5320.0,5.3560042507970245,4705.0
EU_EEA,Austria,AUT,2019,Escherichia coli,Blood/invasive,Aminoglycosides,424,6102,EARS-Net mixed/not reported,Not reported in Atlas aggregate,ECDC Surveillance Atlas aggregate,https://atlas.ecdc.europa.eu/public/,6.948541461815798,0,J01G_aminoglycosides,,,,,6.718099999999999,1.5007000000000001,,,,4.501248870702027,,,,,8879920,18.9402993578561,68.3176044750522,49885.9947355204,10.62530422,https://api.worldbank.org/v2/,8.226495726495726,7.709665287702144,7.8125,-0.20750451757590482,0.46151801689645217,8.716535732544495,6.246407357731366,5219.0,5.48033526756931,4653.0,,
EU_EEA,Austria,AUT,2020,Escherichia coli,Blood/invasive,Aminoglycosides,326,5219,EUCAST,EUCAST required; exact version unavailable in Atlas aggregate,ECDC Surveillance Atlas aggregate,https://atlas.ecdc.europa.eu/public/,6.246407357731366,1,J01G_aminoglycosides,,,,,4.8754,1.3684999999999998,,,,5.271685666338753,,,,4.501248870702027,8916864,19.169788839314,68.5410177924001,48716.4098900349,11.41292953,https://api.worldbank.org/v2/,6.948541461815798,8.226495726495726,7.709665287702144,-0.5667728054592277,0.7514343077269691,8.560252680876685,5.7518796992481205,5320.0,5.3560042507970245,4705.0,,
EU_EEA,Austria,AUT,2021,Escherichia coli,Blood/invasive,Aminoglycosides,306,5320,EUCAST,EUCAST required; exact version unavailable in Atlas aggregate,ECDC Surveillance Atlas aggregate,https://atlas.ecdc.europa.eu/public/,5.7518796992481205,0,J01G_aminoglycosides,,,,,5.0085,1.3392999999999997,,,,6.082162546683264,,,,5.271685666338753,8955797,19.462852720957,68.773601700253,53648.6437976214,12.185215,https://api.worldbank.org/v2/,6.246407357731366,6.948541461815798,8.226495726495726,-0.8125982185827257,0.930295343296792,8.579416534596369,5.48033526756931,4653.0,,,,
EU_EEA,Austria,AUT,2022,Escherichia coli,Blood/invasive,Aminoglycosides,255,4653,EUCAST,EUCAST required; exact version unavailable in Atlas aggregate,ECDC Surveillance Atlas aggregate,https://atlas.ecdc.europa.eu/public/,5.48033526756931,0,J01G_aminoglycosides,,,,,6.139700000000001,1.4012,,,,5.702308487423912,,,,6.082162546683264,9041851,19.7897509199721,68.998085127906,52336.7725223758,11.22519779,https://api.worldbank.org/v2/,5.7518796992481205,6.246407357731366,6.948541461815798,-0.48991462412227127,0.5582215920693839,8.445482343862237,5.3560042507970245,4705.0,,,,
EU_EEA,Austria,AUT,2023,Escherichia coli,Blood/invasive,Aminoglycosides,252,4705,EUCAST,EUCAST required; exact version unavailable in Atlas aggregate,ECDC Surveillance Atlas aggregate,https://atlas.ecdc.europa.eu/public/,5.3560042507970245,0,J01G_aminoglycosides,,,,,,,,,,,,,,,9131761,20.1640196753077,69.2265358276021,56579.504175468,11.15297318,https://api.worldbank.org/v2/,5.48033526756931,5.7518796992481205,6.246407357731366,-0.2942753752481846,0.34188390719312145,8.456593569287309,,,,,,
EU_EEA,Austria,AUT,2013,Escherichia coli,Blood/invasive,Aminopenicillins,2247,4379,EARS-Net mixed/not reported,Not reported in Atlas aggregate,ECDC Surveillance Atlas aggregate,https://atlas.ecdc.europa.eu/public/,51.313085179264675,0,J01C_penicillins,5.2907,,,,8.7125,,,,,,,,,,8479823,18.1994460470678,67.2981308784247,50305.3545774973,10.40574837,https://api.worldbank.org/v2/,50.56551724137931,50.31766200762389,50.614754098360656,0.23428484764674193,0.36992495913980433,8.384804003370492,50.35849852382961,4742.0,50.49077345897134,5094.0,50.65982404692082,5456.0
EU_EEA,Austria,AUT,2014,Escherichia coli,Blood/invasive,Aminopenicillins,2388,4742,EARS-Net mixed/not reported,Not reported in Atlas aggregate,ECDC Surveillance Atlas aggregate,https://atlas.ecdc.europa.eu/public/,50.35849852382961,0,J01C_penicillins,4.6528,5.2907,,,7.4361,,,,,,,,,,8546356,18.3880563664351,67.4154327591781,51314.9722616322,10.51159096,https://api.worldbank.org/v2/,51.313085179264675,50.56551724137931,50.31766200762389,0.08700774865024871,0.4005400559322614,8.464425125877582,49.85655737704918,4880.0,49.53739398612182,5188.0,46.27606752730884,6042.0
EU_EEA,Austria,AUT,2015,Escherichia coli,Blood/invasive,Aminopenicillins,2433,4880,EARS-Net mixed/not reported,Not reported in Atlas aggregate,ECDC Surveillance Atlas aggregate,https://atlas.ecdc.europa.eu/public/,49.85655737704918,0,J01C_penicillins,4.7178,4.6528,5.2907,,7.4764,,,,,,,,,,8642699,18.4613708048616,67.5576175537383,43915.228020857,10.51688385,https://api.worldbank.org/v2/,50.35849852382961,51.313085179264675,50.56551724137931,-0.30814662484255706,0.5237480606523337,8.493105395887147,50.49077345897134,5094.0,50.65982404692082,5456.0,45.998332638599415,4798.0
EU_EEA,Austria,AUT,2016,Escherichia coli,Blood/invasive,Aminopenicillins,2572,5094,EARS-Net mixed/not reported,Not reported in Atlas aggregate,ECDC Surveillance Atlas aggregate,https://atlas.ecdc.europa.eu/public/,50.49077345897134,0,J01C_penicillins,4.667,4.7178,4.6528,5.2907,7.276999999999999,,,,,,,,,,8736668,18.4999156835518,67.7218061923556,45061.4993920192,10.51713753,https://api.worldbank.org/v2/,49.85655737704918,50.35849852382961,51.313085179264675,-0.29688763076605573,0.5232457058208542,8.536014945656826,49.53739398612182,5188.0,46.27606752730884,6042.0,45.09885535900104,4805.0
EU_EEA,Austria,AUT,2017,Escherichia coli,Blood/invasive,Aminopenicillins,2570,5188,EARS-Net mixed/not reported,Not reported in Atlas aggregate,ECDC Surveillance Atlas aggregate,https://atlas.ecdc.europa.eu/public/,49.53739398612182,0,J01C_penicillins,5.1217,4.667,4.7178,4.6528,7.8689,,,,,,,,,,8797566,18.6103296736393,67.9051196052802,47163.7425775142,10.57132816,https://api.worldbank.org/v2/,50.49077345897134,49.85655737704918,50.35849852382961,-0.18290975312012786,0.38378721017231937,8.55429627936774,50.65982404692082,5456.0,45.998332638599415,4798.0,45.94131505675733,4669.0
EU_EEA,Austria,AUT,2018,Escherichia coli,Blood/invasive,Aminopenicillins,2764,5456,EARS-Net mixed/not reported,Not reported in Atlas aggregate,ECDC Surveillance Atlas aggregate,https://atlas.ecdc.europa.eu/public/,50.65982404692082,0,J01C_penicillins,4.7263,5.1217,4.667,4.7178,7.173500000000001,,,,,,,,,,8840521,18.7625828458159,68.1046787227623,51194.0749841299,10.5157156,https://api.worldbank.org/v2/,49.53739398612182,50.49077345897134,49.85655737704918,0.14564205367653646,0.4573491837156048,8.604654467186231,46.27606752730884,6042.0,45.09885535900104,4805.0,46.42784032753327,4885.0
EU_EEA,Austria,AUT,2019,Escherichia coli,Blood/invasive,Aminopenicillins,2796,6042,EARS-Net mixed/not reported,Not reported in Atlas aggregate,ECDC Surveillance Atlas aggregate,https://atlas.ecdc.europa.eu/public/,46.27606752730884,0,J01C_penicillins,5.288099999999999,4.7263,5.1217,4.667,6.718099999999999,1.5007000000000001,,,,4.501248870702027,,,,,8879920,18.9402993578561,68.3176044750522,49885.9947355204,10.62530422,https://api.worldbank.org/v2/,50.65982404692082,49.53739398612182,50.49077345897134,-1.1521687734188626,1.7644878390503818,8.706655856361559,45.998332638599415,4798.0,45.94131505675733,4669.0,,
EU_EEA,Austria,AUT,2020,Escherichia coli,Blood/invasive,Aminopenicillins,2207,4798,EUCAST,EUCAST required; exact version unavailable in Atlas aggregate,ECDC Surveillance Atlas aggregate,https://atlas.ecdc.europa.eu/public/,45.998332638599415,1,J01C_penicillins,3.9867999999999997,5.288099999999999,4.7263,5.1217,4.8754,1.3684999999999998,,,,5.271685666338753,,,,4.501248870702027,8916864,19.169788839314,68.5410177924001,48716.4098900349,11.41292953,https://api.worldbank.org/v2/,46.27606752730884,50.65982404692082,49.53739398612182,-1.5000940562179321,2.0224523290946657,8.476162841858246,45.09885535900104,4805.0,46.42784032753327,4885.0,,
EU_EEA,Austria,AUT,2021,Escherichia coli,Blood/invasive,Aminopenicillins,2167,4805,EUCAST,EUCAST required; exact version unavailable in Atlas aggregate,ECDC Surveillance Atlas aggregate,https://atlas.ecdc.europa.eu/public/,45.09885535900104,0,J01C_penicillins,4.0789,3.9867999999999997,5.288099999999999,4.7263,5.0085,1.3392999999999997,,,,6.082162546683264,,,,5.271685666338753,8955797,19.462852720957,68.773601700253,53648.6437976214,12.185215,https://api.worldbank.org/v2/,45.998332638599415,46.27606752730884,50.65982404692082,-1.696064095246884,2.152661443644401,8.477620416296414,45.94131505675733,4669.0,,,,
EU_EEA,Austria,AUT,2022,Escherichia coli,Blood/invasive,Aminopenicillins,2145,4669,EUCAST,EUCAST required; exact version unavailable in Atlas aggregate,ECDC Surveillance Atlas aggregate,https://atlas.ecdc.europa.eu/public/,45.94131505675733,0,J01C_penicillins,5.140000000000001,4.0789,3.9867999999999997,5.288099999999999,6.139700000000001,1.4012,,,,5.702308487423912,,,,6.082162546683264,9041851,19.7897509199721,68.998085127906,52336.7725223758,11.22519779,https://api.worldbank.org/v2/,45.09885535900104,45.998332638599415,46.27606752730884,-0.19037346912529382,0.43996257636697583,8.448914350662942,46.42784032753327,4885.0,,,,
EU_EEA,Austria,AUT,2023,Escherichia coli,Blood/invasive,Aminopenicillins,2268,4885,EUCAST,EUCAST required; exact version unavailable in Atlas aggregate,ECDC Surveillance Atlas aggregate,https://atlas.ecdc.europa.eu/public/,46.42784032753327,0,J01C_penicillins,,,,,,,,,,,,,,,9131761,20.1640196753077,69.2265358276021,56579.504175468,11.15297318,https://api.worldbank.org/v2/,45.94131505675733,45.09885535900104,45.998332638599415,0.213098276455778,0.4814972393507468,8.494129251817686,,,,,,
EU_EEA,Austria,AUT,2013,Escherichia coli,Blood/invasive,Carbapenems,1,4257,EARS-Net mixed/not reported,Not reported in Atlas aggregate,ECDC Surveillance Atlas aggregate,https://atlas.ecdc.europa.eu/public/,0.02349072116513977,0,J01DH_carbapenems,,,,,8.7125,,,,,,,,,,8479823,18.1994460470678,67.2981308784247,50305.3545774973,10.40574837,https://api.worldbank.org/v2/,0.059880239520958084,0.03687315634218289,0.04056795131845842,-0.002822460728118083,0.013016480584901487,8.356554845453426,0.021739130434782608,4600.0,0.019477989871445268,5134.0,0.07189072609633357,5564.0
EU_EEA,Austria,AUT,2014,Escherichia coli,Blood/invasive,Carbapenems,1,4600,EARS-Net mixed/not reported,Not reported in Atlas aggregate,ECDC Surveillance Atlas aggregate,https://atlas.ecdc.europa.eu/public/,0.021739130434782608,0,J01DH_carbapenems,,,,,7.4361,,,,,,,,,,8546356,18.3880563664351,67.4154327591781,51314.9722616322,10.51159096,https://api.worldbank.org/v2/,0.02349072116513977,0.059880239520958084,0.03687315634218289,-0.008179159607801925,0.01524685112246012,8.434028950155469,0.02100840336134454,4760.0,0.01913143294432753,5227.0,0.0,5935.0
EU_EEA,Austria,AUT,2015,Escherichia coli,Blood/invasive,Carbapenems,1,4760,EARS-Net mixed/not reported,Not reported in Atlas aggregate,ECDC Surveillance Atlas aggregate,https://atlas.ecdc.europa.eu/public/,0.02100840336134454,0,J01DH_carbapenems,,,,,7.4764,,,,,,,,,,8642699,18.4613708048616,67.5576175537383,43915.228020857,10.51688385,https://api.worldbank.org/v2/,0.021739130434782608,0.02349072116513977,0.059880239520958084,-0.011836709920919787,0.01639307176205363,8.46821300919452,0.019477989871445268,5134.0,0.07189072609633357,5564.0,0.09725734292939117,5141.0
EU_EEA,Austria,AUT,2016,Escherichia coli,Blood/invasive,Carbapenems,1,5134,EARS-Net mixed/not reported,Not reported in Atlas aggregate,ECDC Surveillance Atlas aggregate,https://atlas.ecdc.europa.eu/public/,0.019477989871445268,0,J01DH_carbapenems,,,,,7.276999999999999,,,,,,,,,,8736668,18.4999156835518,67.7218061923556,45061.4993920192,10.51713753,https://api.worldbank.org/v2/,0.02100840336134454,0.021739130434782608,0.02349072116513977,-0.0012768920954521609,0.0014431057730259792,8.543835122362658,0.01913143294432753,5227.0,0.0,5935.0,0.01920860545524395,5206.0
EU_EEA,Austria,AUT,2017,Escherichia coli,Blood/invasive,Carbapenems,1,5227,EARS-Net mixed/not reported,Not reported in Atlas aggregate,ECDC Surveillance Atlas aggregate,https://atlas.ecdc.europa.eu/public/,0.01913143294432753,0,J01DH_carbapenems,,,,,7.8689,,,,,,,,,,8797566,18.6103296736393,67.9051196052802,47163.7425775142,10.57132816,https://api.worldbank.org/v2/,0.019477989871445268,0.02100840336134454,0.021739130434782608,-0.0009353505961264543,0.0010733152497333631,8.561784074744113,0.07189072609633357,5564.0,0.09725734292939117,5141.0,0.12065151819827066,4973.0
EU_EEA,Austria,AUT,2018,Escherichia coli,Blood/invasive,Carbapenems,4,5564,EARS-Net mixed/not reported,Not reported in Atlas aggregate,ECDC Surveillance Atlas aggregate,https://atlas.ecdc.europa.eu/public/,0.07189072609633357,0,J01DH_carbapenems,,,,,7.173500000000001,,,,,,,,,,8840521,18.7625828458159,68.1046787227623,51194.0749841299,10.5157156,https://api.worldbank.org/v2/,0.01913143294432753,0.019477989871445268,0.02100840336134454,0.015230041127784932,0.0225355746327984,8.624252263709645,0.0,5935.0,0.01920860545524395,5206.0,0.1308166697813493,5351.0
EU_EEA,Austria,AUT,2019,Escherichia coli,Blood/invasive,Carbapenems,0,5935,EARS-Net mixed/not reported,Not reported in Atlas aggregate,ECDC Surveillance Atlas aggregate,https://atlas.ecdc.europa.eu/public/,0.0,0,J01DH_carbapenems,0.1118,,,,6.718099999999999,1.5007000000000001,,,,4.501248870702027,,,,,8879920,18.9402993578561,68.3176044750522,49885.9947355204,10.62530422,https://api.worldbank.org/v2/,0.07189072609633357,0.01913143294432753,0.019477989871445268,-0.0005674676462329786,0.026744670437276265,8.688790784847216,0.09725734292939117,5141.0,0.12065151819827066,4973.0,,
EU_EEA,Austria,AUT,2020,Escherichia coli,Blood/invasive,Carbapenems,5,5141,EUCAST,EUCAST required; exact version unavailable in Atlas aggregate,ECDC Surveillance Atlas aggregate,https://atlas.ecdc.europa.eu/public/,0.09725734292939117,1,J01DH_carbapenems,0.105,0.1118,,,4.8754,1.3684999999999998,,,,5.271685666338753,,,,4.501248870702027,8916864,19.169788839314,68.5410177924001,48716.4098900349,11.41292953,https://api.worldbank.org/v2/,0.0,0.07189072609633357,0.01913143294432753,0.01624870038588573,0.0391503073529565,8.545197387825835,0.01920860545524395,5206.0,0.1308166697813493,5351.0,,
EU_EEA,Austria,AUT,2021,Escherichia coli,Blood/invasive,Carbapenems,1,5206,EUCAST,EUCAST required; exact version unavailable in Atlas aggregate,ECDC Surveillance Atlas aggregate,https://atlas.ecdc.europa.eu/public/,0.01920860545524395,0,J01DH_carbapenems,0.1124999999999999,0.105,0.1118,,5.0085,1.3392999999999997,,,,6.082162546683264,,,,5.271685666338753,8955797,19.462852720957,68.773601700253,53648.6437976214,12.185215,https://api.worldbank.org/v2/,0.09725734292939117,0.0,0.07189072609633357,-0.006078901899387775,0.039136551235693005,8.557759153162898,0.12065151819827066,4973.0,,,,
EU_EEA,Austria,AUT,2022,Escherichia coli,Blood/invasive,Carbapenems,6,4973,EUCAST,EUCAST required; exact version unavailable in Atlas aggregate,ECDC Surveillance Atlas aggregate,https://atlas.ecdc.europa.eu/public/,0.12065151819827066,0,J01DH_carbapenems,0.1031,0.1124999999999999,0.105,0.1118,6.139700000000001,1.4012,,,,5.702308487423912,,,,6.082162546683264,9041851,19.7897509199721,68.998085127906,52336.7725223758,11.22519779,https://api.worldbank.org/v2/,0.01920860545524395,0.09725734292939117,0.0,0.028390581712066477,0.050814803160826615,8.51197962436335,0.1308166697813493,5351.0,,,,
EU_EEA,Austria,AUT,2023,Escherichia coli,Blood/invasive,Carbapenems,7,5351,EUCAST,EUCAST required; exact version unavailable in Atlas aggregate,ECDC Surveillance Atlas aggregate,https://atlas.ecdc.europa.eu/public/,0.1308166697813493,0,J01DH_carbapenems,,,,,,,,,,,,,,,9131761,20.1640196753077,69.2265358276021,56579.504175468,11.15297318,https://api.worldbank.org/v2/,0.12065151819827066,0.01920860545524395,0.09725734292939117,0.020212089329890097,0.04374319672224214,8.585225601808064,,,,,,
EU_EEA,Austria,AUT,2013,Escherichia coli,Blood/invasive,Fluoroquinolones,940,4279,EARS-Net mixed/not reported,Not reported in Atlas aggregate,ECDC Surveillance Atlas aggregate,https://atlas.ecdc.europa.eu/public/,21.96774947417621,0,J01M_quinolones,1.4661,,,,8.7125,,,,,,,,,,8479823,18.1994460470678,67.2981308784247,50305.3545774973,10.40574837,https://api.worldbank.org/v2/,20.554016620498615,22.26438962681847,20.88888888888889,0.15262087495420612,0.7150215757733559,8.361708288575842,19.81904351572598,4642.0,19.837059492231905,5278.0,21.852438809649588,5679.0
EU_EEA,Austria,AUT,2014,Escherichia coli,Blood/invasive,Fluoroquinolones,920,4642,EARS-Net mixed/not reported,Not reported in Atlas aggregate,ECDC Surveillance Atlas aggregate,https://atlas.ecdc.europa.eu/public/,19.81904351572598,0,J01M_quinolones,1.2968999999999995,1.4661,,,7.4361,,,,,,,,,,8546356,18.3880563664351,67.4154327591781,51314.9722616322,10.51159096,https://api.worldbank.org/v2/,21.96774947417621,20.554016620498615,22.26438962681847,-0.592230547959991,1.0046408607721542,8.443115988019922,20.02911813643927,4808.0,20.458356623812186,5367.0,18.213058419243985,6111.0
EU_EEA,Austria,AUT,2015,Escherichia coli,Blood/invasive,Fluoroquinolones,963,4808,EARS-Net mixed/not reported,Not reported in Atlas aggregate,ECDC Surveillance Atlas aggregate,https://atlas.ecdc.europa.eu/public/,20.02911813643927,0,J01M_quinolones,1.3141,1.2968999999999995,1.4661,,7.4764,,,,,,,,,,8642699,18.4613708048616,67.5576175537383,43915.228020857,10.51688385,https://api.worldbank.org/v2/,19.81904351572598,21.96774947417621,20.554016620498615,-0.3723401410628293,0.8379179766942113,8.478244441277663,19.837059492231905,5278.0,21.852438809649588,5679.0,17.345989205285687,5373.0
EU_EEA,Austria,AUT,2016,Escherichia coli,Blood/invasive,Fluoroquinolones,1047,5278,EARS-Net mixed/not reported,Not reported in Atlas aggregate,ECDC Surveillance Atlas aggregate,https://atlas.ecdc.europa.eu/public/,19.837059492231905,0,J01M_quinolones,1.2005,1.3141,1.2968999999999995,1.4661,7.276999999999999,,,,,,,,,,8736668,18.4999156835518,67.7218061923556,45061.4993920192,10.51713753,https://api.worldbank.org/v2/,20.02911813643927,19.81904351572598,21.96774947417621,-0.6181995325119672,0.9012633841996761,8.571491964823617,20.458356623812186,5367.0,18.213058419243985,6111.0,15.074923271348618,5539.0
EU_EEA,Austria,AUT,2017,Escherichia coli,Blood/invasive,Fluoroquinolones,1098,5367,EARS-Net mixed/not reported,Not reported in Atlas aggregate,ECDC Surveillance Atlas aggregate,https://atlas.ecdc.europa.eu/public/,20.458356623812186,0,J01M_quinolones,1.2315999999999998,1.2005,1.3141,1.2968999999999995,7.8689,,,,,,,,,,8797566,18.6103296736393,67.9051196052802,47163.7425775142,10.57132816,https://api.worldbank.org/v2/,19.837059492231905,20.02911813643927,19.81904351572598,0.1725880680051231,0.2574295412601614,8.588210678651517,21.852438809649588,5679.0,17.345989205285687,5373.0,13.930659983291562,4788.0
EU_EEA,Austria,AUT,2018,Escherichia coli,Blood/invasive,Fluoroquinolones,1241,5679,EARS-Net mixed/not reported,Not reported in Atlas aggregate,ECDC Surveillance Atlas aggregate,https://atlas.ecdc.europa.eu/public/,21.852438809649588,0,J01M_quinolones,1.0429000000000002,1.2315999999999998,1.2005,1.3141,7.173500000000001,,,,,,,,,,8840521,18.7625828458159,68.1046787227623,51194.0749841299,10.5157156,https://api.worldbank.org/v2/,20.458356623812186,19.837059492231905,20.02911813643927,0.6091259151211196,0.788069616962347,8.644706511715198,18.213058419243985,6111.0,15.074923271348618,5539.0,15.030504714364948,5409.0
EU_EEA,Austria,AUT,2019,Escherichia coli,Blood/invasive,Fluoroquinolones,1113,6111,EARS-Net mixed/not reported,Not reported in Atlas aggregate,ECDC Surveillance Atlas aggregate,https://atlas.ecdc.europa.eu/public/,18.213058419243985,0,J01M_quinolones,0.8979999999999999,1.0429000000000002,1.2315999999999998,1.2005,6.718099999999999,1.5007000000000001,,,,4.501248870702027,,,,,8879920,18.9402993578561,68.3176044750522,49885.9947355204,10.62530422,https://api.worldbank.org/v2/,21.852438809649588,20.458356623812186,19.837059492231905,-0.3477921033126392,1.3065953418672147,8.718009330846357,17.345989205285687,5373.0,13.930659983291562,4788.0,,
EU_EEA,Austria,AUT,2020,Escherichia coli,Blood/invasive,Fluoroquinolones,932,5373,EUCAST,EUCAST required; exact version unavailable in Atlas aggregate,ECDC Surveillance Atlas aggregate,https://atlas.ecdc.europa.eu/public/,17.345989205285687,1,J01M_quinolones,0.6995,0.8979999999999999,1.0429000000000002,1.2315999999999998,4.8754,1.3684999999999998,,,,5.271685666338753,,,,4.501248870702027,8916864,19.169788839314,68.5410177924001,48716.4098900349,11.41292953,https://api.worldbank.org/v2/,18.213058419243985,21.852438809649588,20.458356623812186,-1.2976482645985148,1.7849482975836075,8.589327789175437,15.074923271348618,5539.0,15.030504714364948,5409.0,,
EU_EEA,Austria,AUT,2021,Escherichia coli,Blood/invasive,Fluoroquinolones,835,5539,EUCAST,EUCAST required; exact version unavailable in Atlas aggregate,ECDC Surveillance Atlas aggregate,https://atlas.ecdc.europa.eu/public/,15.074923271348618,0,J01M_quinolones,0.6328,0.6995,0.8979999999999999,1.0429000000000002,5.0085,1.3392999999999997,,,,6.082162546683264,,,,5.271685666338753,8955797,19.462852720957,68.773601700253,53648.6437976214,12.185215,https://api.worldbank.org/v2/,17.345989205285687,18.213058419243985,21.852438809649588,-2.119961582886125,2.4398429283356378,8.61974977974133,13.930659983291562,4788.0,,,,
EU_EEA,Austria,AUT,2022,Escherichia coli,Blood/invasive,Fluoroquinolones,667,4788,EUCAST,EUCAST required; exact version unavailable in Atlas aggregate,ECDC Surveillance Atlas aggregate,https://atlas.ecdc.europa.eu/public/,13.930659983291562,0,J01M_quinolones,0.6908000000000001,0.6328,0.6995,0.8979999999999999,6.139700000000001,1.4012,,,,5.702308487423912,,,,6.082162546683264,9041851,19.7897509199721,68.998085127906,52336.7725223758,11.22519779,https://api.worldbank.org/v2/,15.074923271348618,17.345989205285687,18.213058419243985,-1.5118261241794366,1.7151929599134883,8.47407690034261,15.030504714364948,5409.0,,,,
EU_EEA,Austria,AUT,2023,Escherichia coli,Blood/invasive,Fluoroquinolones,813,5409,EUCAST,EUCAST required; exact version unavailable in Atlas aggregate,ECDC Surveillance Atlas aggregate,https://atlas.ecdc.europa.eu/public/,15.030504714364948,0,J01M_quinolones,,,,,,,,,,,,,,,9131761,20.1640196753077,69.2265358276021,56579.504175468,11.15297318,https://api.worldbank.org/v2/,13.930659983291562,15.074923271348618,17.345989205285687,-0.80907167608193,1.2425943754816748,8.596004371840527,,,,,,
EU_EEA,Austria,AUT,2013,Escherichia coli,Blood/invasive,Third-generation cephalosporins,431,4376,EARS-Net mixed/not reported,Not reported in Atlas aggregate,ECDC Surveillance Atlas aggregate,https://atlas.ecdc.europa.eu/public/,9.849177330895795,0,J01D_other_beta_lactams,1.9557,,,,8.7125,,,,,,,,,,8479823,18.1994460470678,67.2981308784247,50305.3545774973,10.40574837,https://api.worldbank.org/v2/,8.652291105121293,9.145569620253164,7.255304585900069,0.7288339719855299,0.949466073433865,8.384118837190895,9.369065203629457,4739.0,10.005695842035314,5267.0,10.208039492242595,5672.0
EU_EEA,Austria,AUT,2014,Escherichia coli,Blood/invasive,Third-generation cephalosporins,444,4739,EARS-Net mixed/not reported,Not reported in Atlas aggregate,ECDC Surveillance Atlas aggregate,https://atlas.ecdc.europa.eu/public/,9.369065203629457,0,J01D_other_beta_lactams,1.4864,1.9557,,,7.4361,,,,,,,,,,8546356,18.3880563664351,67.4154327591781,51314.9722616322,10.51159096,https://api.worldbank.org/v2/,9.849177330895795,8.652291105121293,9.145569620253164,0.18673729759033697,0.43049006813778956,8.463792414689122,9.673469387755102,4900.0,9.631507116396959,5129.0,9.318702915165412,6106.0
EU_EEA,Austria,AUT,2015,Escherichia coli,Blood/invasive,Third-generation cephalosporins,474,4900,EARS-Net mixed/not reported,Not reported in Atlas aggregate,ECDC Surveillance Atlas aggregate,https://atlas.ecdc.europa.eu/public/,9.673469387755102,0,J01D_other_beta_lactams,1.4445,1.4864,1.9557,,7.4764,,,,,,,,,,8642699,18.4613708048616,67.5576175537383,43915.228020857,10.51688385,https://api.worldbank.org/v2/,9.369065203629457,9.849177330895795,8.652291105121293,0.2583422720635072,0.45710704941568064,8.497194544909547,10.005695842035314,5267.0,10.208039492242595,5672.0,9.468005952380953,5376.0
EU_EEA,Austria,AUT,2016,Escherichia coli,Blood/invasive,Third-generation cephalosporins,527,5267,EARS-Net mixed/not reported,Not reported in Atlas aggregate,ECDC Surveillance Atlas aggregate,https://atlas.ecdc.europa.eu/public/,10.005695842035314,0,J01D_other_beta_lactams,1.4095,1.4445,1.4864,1.9557,7.276999999999999,,,,,,,,,,8736668,18.4999156835518,67.7218061923556,45061.4993920192,10.51713753,https://api.worldbank.org/v2/,9.673469387755102,9.369065203629457,9.849177330895795,0.07739597175441906,0.2364072062081495,8.569406062863171,9.631507116396959,5129.0,9.318702915165412,6106.0,8.289687556438505,5537.0
EU_EEA,Austria,AUT,2017,Escherichia coli,Blood/invasive,Third-generation cephalosporins,494,5129,EARS-Net mixed/not reported,Not reported in Atlas aggregate,ECDC Surveillance Atlas aggregate,https://atlas.ecdc.europa.eu/public/,9.631507116396959,0,J01D_other_beta_lactams,1.5156,1.4095,1.4445,1.4864,7.8689,,,,,,,,,,8797566,18.6103296736393,67.9051196052802,47163.7425775142,10.57132816,https://api.worldbank.org/v2/,10.005695842035314,9.673469387755102,9.369065203629457,0.11195521925826933,0.22624498422388584,8.542860938164814,10.208039492242595,5672.0,9.468005952380953,5376.0,8.320251177394034,5096.0
EU_EEA,Austria,AUT,2018,Escherichia coli,Blood/invasive,Third-generation cephalosporins,579,5672,EARS-Net mixed/not reported,Not reported in Atlas aggregate,ECDC Surveillance Atlas aggregate,https://atlas.ecdc.europa.eu/public/,10.208039492242595,0,J01D_other_beta_lactams,1.4043,1.5156,1.4095,1.4445,7.173500000000001,,,,,,,,,,8840521,18.7625828458159,68.1046787227623,51194.0749841299,10.5157156,https://api.worldbank.org/v2/,9.631507116396959,10.005695842035314,9.673469387755102,0.12295215878241086,0.23864856239423293,8.643473357326567,9.318702915165412,6106.0,8.289687556438505,5537.0,9.852485885995264,5491.0
EU_EEA,Austria,AUT,2019,Escherichia coli,Blood/invasive,Third-generation cephalosporins,569,6106,EARS-Net mixed/not reported,Not reported in Atlas aggregate,ECDC Surveillance Atlas aggregate,https://atlas.ecdc.europa.eu/public/,9.318702915165412,0,J01D_other_beta_lactams,1.9209,1.4043,1.5156,1.4095,6.718099999999999,1.5007000000000001,,,,4.501248870702027,,,,,8879920,18.9402993578561,68.3176044750522,49885.9947355204,10.62530422,https://api.worldbank.org/v2/,10.208039492242595,9.631507116396959,10.005695842035314,-0.14844464047640746,0.34224215045574624,8.717190933223135,9.468005952380953,5376.0,8.320251177394034,5096.0,,
EU_EEA,Austria,AUT,2020,Escherichia coli,Blood/invasive,Third-generation cephalosporins,509,5376,EUCAST,EUCAST required; exact version unavailable in Atlas aggregate,ECDC Surveillance Atlas aggregate,https://atlas.ecdc.europa.eu/public/,9.468005952380953,1,J01D_other_beta_lactams,1.4526,1.9209,1.4043,1.5156,4.8754,1.3684999999999998,,,,5.271685666338753,,,,4.501248870702027,8916864,19.169788839314,68.5410177924001,48716.4098900349,11.41292953,https://api.worldbank.org/v2/,9.318702915165412,10.208039492242595,9.631507116396959,-0.1379840069125221,0.3370672469729117,8.589885876809678,8.289687556438505,5537.0,9.852485885995264,5491.0,,
EU_EEA,Austria,AUT,2021,Escherichia coli,Blood/invasive,Third-generation cephalosporins,459,5537,EUCAST,EUCAST required; exact version unavailable in Atlas aggregate,ECDC Surveillance Atlas aggregate,https://atlas.ecdc.europa.eu/public/,8.289687556438505,0,J01D_other_beta_lactams,1.5236,1.4526,1.9209,1.4043,5.0085,1.3392999999999997,,,,6.082162546683264,,,,5.271685666338753,8955797,19.462852720957,68.773601700253,53648.6437976214,12.185215,https://api.worldbank.org/v2/,9.468005952380953,9.318702915165412,10.208039492242595,-0.5605752770196745,0.6841162905842931,8.619388703730907,8.320251177394034,5096.0,,,,
EU_EEA,Austria,AUT,2022,Escherichia coli,Blood/invasive,Third-generation cephalosporins,424,5096,EUCAST,EUCAST required; exact version unavailable in Atlas aggregate,ECDC Surveillance Atlas aggregate,https://atlas.ecdc.europa.eu/public/,8.320251177394034,0,J01D_other_beta_lactams,1.607,1.5236,1.4526,1.9209,6.139700000000001,1.4012,,,,5.702308487423912,,,,6.082162546683264,9041851,19.7897509199721,68.998085127906,52336.7725223758,11.22519779,https://api.worldbank.org/v2/,8.289687556438505,9.468005952380953,9.318702915165412,-0.41736736092565985,0.5468534583599659,8.536407410340042,9.852485885995264,5491.0,,,,
EU_EEA,Austria,AUT,2023,Escherichia coli,Blood/invasive,Third-generation cephalosporins,541,5491,EUCAST,EUCAST required; exact version unavailable in Atlas aggregate,ECDC Surveillance Atlas aggregate,https://atlas.ecdc.europa.eu/public/,9.852485885995264,0,J01D_other_beta_lactams,,,,,,,,,,,,,,,9131761,20.1640196753077,69.2265358276021,56579.504175468,11.15297318,https://api.worldbank.org/v2/,8.320251177394034,8.289687556438505,9.468005952380953,0.11840034217984484,0.6912224696645926,8.61104776688786,,,,,,
EU_EEA,Belgium,BEL,2013,Escherichia coli,Blood/invasive,Aminoglycosides,243,3309,EARS-Net mixed/not reported,Not reported in Atlas aggregate,ECDC Surveillance Atlas aggregate,https://atlas.ecdc.europa.eu/public/,7.343608340888486,0,J01G_aminoglycosides,,,,,14.035900000000002,1.4009,,,,1.9662587620292282,,,,,11159407,17.7203816464754,85.7415410247275,46964.5946777056,10.63787556,https://api.worldbank.org/v2/,7.275747508305648,7.11545169166376,5.6186868686868685,0.5335060233246733,0.7090426768694136,8.104703468371108,8.85085574572127,2045.0,8.40240068591026,3499.0,7.404500261643118,3822.0
EU_EEA,Belgium,BEL,2014,Escherichia coli,Blood/invasive,Aminoglycosides,181,2045,EARS-Net mixed/not reported,Not reported in Atlas aggregate,ECDC Surveillance Atlas aggregate,https://atlas.ecdc.europa.eu/public/,8.85085574572127,0,J01G_aminoglycosides,,,,,13.884800000000002,1.3861999999999999,,,,2.0073542709024053,,,,1.9662587620292282,11209057,17.9621509816265,85.9848336685807,47995.7786961339,10.62032604,https://api.worldbank.org/v2/,7.343608340888486,7.275747508305648,7.11545169166376,0.5274072994755361,0.7003009722525678,7.6236419465115715,8.355205599300087,2286.0,8.092332183603078,3769.0,6.909739928607853,3922.0
EU_EEA,Belgium,BEL,2015,Escherichia coli,Blood/invasive,Aminoglycosides,191,2286,EARS-Net mixed/not reported,Not reported in Atlas aggregate,ECDC Surveillance Atlas aggregate,https://atlas.ecdc.europa.eu/public/,8.355205599300087,0,J01G_aminoglycosides,,,,,14.1004,1.4056999999999997,,,,1.96078431372549,,,,2.0073542709024053,11274196,18.1637094668899,86.2212893480444,40893.804537772,10.88387299,https://api.worldbank.org/v2/,8.85085574572127,7.343608340888486,7.275747508305648,0.474562167781608,0.6704286708253939,7.734996194022781,8.40240068591026,3499.0,7.404500261643118,3822.0,7.467532467532467,4312.0
EU_EEA,Belgium,BEL,2016,Escherichia coli,Blood/invasive,Aminoglycosides,294,3499,EARS-Net mixed/not reported,Not reported in Atlas aggregate,ECDC Surveillance Atlas aggregate,https://atlas.ecdc.europa.eu/public/,8.40240068591026,0,J01G_aminoglycosides,,,,,13.9359,1.3711999999999998,,,,2.0900130625816407,,,,1.96078431372549,11331422,18.356666180316,86.4507790979645,41854.5498296444,10.89833736,https://api.worldbank.org/v2/,8.355205599300087,8.85085574572127,7.343608340888486,0.26807268886441254,0.5514284499708174,8.160518247477505,8.092332183603078,3769.0,6.909739928607853,3922.0,6.06983829388329,4267.0
EU_EEA,Belgium,BEL,2017,Escherichia coli,Blood/invasive,Aminoglycosides,305,3769,EARS-Net mixed/not reported,Not reported in Atlas aggregate,ECDC Surveillance Atlas aggregate,https://atlas.ecdc.europa.eu/public/,8.092332183603078,0,J01G_aminoglycosides,,,,,13.0877,1.3481999999999998,,,,2.062228654124457,,,,2.0900130625816407,11375158,18.584903433857,86.6731739531869,44035.3239358548,10.94042683,https://api.worldbank.org/v2/,8.40240068591026,8.355205599300087,8.85085574572127,-0.22283755997444177,0.2726732577199155,8.234830280442056,7.404500261643118,3822.0,7.467532467532467,4312.0,6.402357353335119,3733.0
EU_EEA,Belgium,BEL,2018,Escherichia coli,Blood/invasive,Aminoglycosides,283,3822,EARS-Net mixed/not reported,Not reported in Atlas aggregate,ECDC Surveillance Atlas aggregate,https://atlas.ecdc.europa.eu/public/,7.404500261643118,0,J01G_aminoglycosides,,,,,12.5047,1.3566,,,,2.037126325940212,,,,2.062228654124457,11427054,18.8086209996758,86.8883449485575,47487.2100392561,10.9937973,https://api.worldbank.org/v2/,8.092332183603078,8.40240068591026,8.355205599300087,-0.31621845152781014,0.3984525484352465,8.248790733696413,6.909739928607853,3922.0,6.06983829388329,4267.0,7.576132706115375,4039.0
EU_EEA,Belgium,BEL,2019,Escherichia coli,Blood/invasive,Aminoglycosides,271,3922,EARS-Net mixed/not reported,Not reported in Atlas aggregate,ECDC Surveillance Atlas aggregate,https://atlas.ecdc.europa.eu/public/,6.909739928607853,0,J01G_aminoglycosides,,,,,11.5641,1.3206,,,,2.1260997067448684,,,,2.037126325940212,11488980,19.029838081816,87.0961631189222,46716.6227467964,10.85831451,https://api.worldbank.org/v2/,7.404500261643118,8.092332183603078,8.40240068591026,-0.51658141938672,0.58290269614948,8.274611946209552,7.467532467532467,4312.0,6.402357353335119,3733.0,,
EU_EEA,Belgium,BEL,2020,Escherichia coli,Blood/invasive,Aminoglycosides,322,4312,EUCAST,EUCAST required; exact version unavailable in Atlas aggregate,ECDC Surveillance Atlas aggregate,https://atlas.ecdc.europa.eu/public/,7.467532467532467,1,J01G_aminoglycosides,,,,,8.2264,1.1575999999999997,,,,2.233009708737864,,,,2.1260997067448684,11538604,19.224020193227,87.2964994991269,45906.2875805246,11.46253014,https://api.worldbank.org/v2/,6.909739928607853,7.404500261643118,8.092332183603078,-0.23691594812471112,0.4199631860538738,8.369388996647842,6.06983829388329,4267.0,7.576132706115375,4039.0,,
EU_EEA,Belgium,BEL,2021,Escherichia coli,Blood/invasive,Aminoglycosides,259,4267,EUCAST,EUCAST required; exact version unavailable in Atlas aggregate,ECDC Surveillance Atlas aggregate,https://atlas.ecdc.europa.eu/public/,6.06983829388329,0,J01G_aminoglycosides,,,,,8.7383,1.1864,,,,2.352700490998363,,,,2.233009708737864,11586195,19.4520520478909,87.4305564090635,51658.238294958,11.28825092,https://api.worldbank.org/v2/,7.467532467532467,6.909739928607853,7.404500261643118,-0.34461933643548803,0.5590281572657461,8.358900612421644,6.402357353335119,3733.0,,,,
EU_EEA,Belgium,BEL,2022,Escherichia coli,Blood/invasive,Aminoglycosides,239,3733,EUCAST,EUCAST required; exact version unavailable in Atlas aggregate,ECDC Surveillance Atlas aggregate,https://atlas.ecdc.europa.eu/public/,6.402357353335119,0,J01G_aminoglycosides,,,,,11.0703,1.1799,,,,2.263529734549694,,,,2.352700490998363,11680210,19.7671927585206,87.489200269855,50639.0264882739,10.73976326,https://api.worldbank.org/v2/,6.06983829388329,7.467532467532467,6.909739928607853,-0.29198418994673864,0.5287201706739849,8.225235324101668,7.576132706115375,4039.0,,,,
EU_EEA,Belgium,BEL,2023,Escherichia coli,Blood/invasive,Aminoglycosides,306,4039,EUCAST,EUCAST required; exact version unavailable in Atlas aggregate,ECDC Surveillance Atlas aggregate,https://atlas.ecdc.europa.eu/public/,7.576132706115375,0,J01G_aminoglycosides,,,,,,,,,,,,,,,11779946,20.1452749547016,87.551492636772,55244.68145811,10.80371571,https://api.worldbank.org/v2/,6.402357353335119,6.06983829388329,7.467532467532467,0.06583197752005435,0.6546555104973806,8.303999970955196,,,,,,
EU_EEA,Belgium,BEL,2013,Escherichia coli,Blood/invasive,Aminopenicillins,2470,4350,EARS-Net mixed/not reported,Not reported in Atlas aggregate,ECDC Surveillance Atlas aggregate,https://atlas.ecdc.europa.eu/public/,56.7816091954023,0,J01C_penicillins,10.613000000000001,,,,14.035900000000002,1.4009,,,,1.9662587620292282,,,,,11159407,17.7203816464754,85.7415410247275,46964.5946777056,10.63787556,https://api.worldbank.org/v2/,56.25962031811185,58.654120330767036,56.923863055697495,-0.2821261593540887,0.9002654283536435,8.37816098272068,58.90125173852573,2876.0,58.00321199143469,3736.0,55.79302587176603,4445.0
EU_EEA,Belgium,BEL,2014,Escherichia coli,Blood/invasive,Aminopenicillins,1694,2876,EARS-Net mixed/not reported,Not reported in Atlas aggregate,ECDC Surveillance Atlas aggregate,https://atlas.ecdc.europa.eu/public/,58.90125173852573,0,J01C_penicillins,10.6545,10.613000000000001,,,13.884800000000002,1.3861999999999999,,,,2.0073542709024053,,,,1.9662587620292282,11209057,17.9621509816265,85.9848336685807,47995.7786961339,10.62032604,https://api.worldbank.org/v2/,56.7816091954023,56.25962031811185,58.654120330767036,0.12633831005664892,1.1468591798724221,7.964503363551548,58.04038893044129,2674.0,57.46412508031698,4669.0,56.45653985004166,3601.0
EU_EEA,Belgium,BEL,2015,Escherichia coli,Blood/invasive,Aminopenicillins,1552,2674,EARS-Net mixed/not reported,Not reported in Atlas aggregate,ECDC Surveillance Atlas aggregate,https://atlas.ecdc.europa.eu/public/,58.04038893044129,0,J01C_penicillins,10.847,10.6545,10.613000000000001,,14.1004,1.4056999999999997,,,,1.96078431372549,,,,2.0073542709024053,11274196,18.1637094668899,86.2212893480444,40893.804537772,10.88387299,https://api.worldbank.org/v2/,58.90125173852573,56.7816091954023,56.25962031811185,0.7461948380111703,1.0380366535645709,7.891704659330107,58.00321199143469,3736.0,55.79302587176603,4445.0,56.49787977051634,4009.0
EU_EEA,Belgium,BEL,2016,Escherichia coli,Blood/invasive,Aminopenicillins,2167,3736,EARS-Net mixed/not reported,Not reported in Atlas aggregate,ECDC Surveillance Atlas aggregate,https://atlas.ecdc.europa.eu/public/,58.00321199143469,0,J01C_penicillins,10.959200000000001,10.847,10.6545,10.613000000000001,13.9359,1.3711999999999998,,,,2.0900130625816407,,,,1.96078431372549,11331422,18.356666180316,86.4507790979645,41854.5498296444,10.89833736,https://api.worldbank.org/v2/,58.04038893044129,58.90125173852573,56.7816091954023,0.28039455800126273,0.7549282503046759,8.226038429485484,57.46412508031698,4669.0,56.45653985004166,3601.0,55.20619731146047,4389.0
EU_EEA,Belgium,BEL,2017,Escherichia coli,Blood/invasive,Aminopenicillins,2683,4669,EARS-Net mixed/not reported,Not reported in Atlas aggregate,ECDC Surveillance Atlas aggregate,https://atlas.ecdc.europa.eu/public/,57.46412508031698,0,J01C_penicillins,10.482,10.959200000000001,10.847,10.6545,13.0877,1.3481999999999998,,,,2.062228654124457,,,,2.0900130625816407,11375158,18.584903433857,86.6731739531869,44035.3239358548,10.94042683,https://api.worldbank.org/v2/,58.00321199143469,58.04038893044129,58.90125173852573,-0.43485569136329566,0.514597539401194,8.448914350662942,55.79302587176603,4445.0,56.49787977051634,4009.0,56.575505350772886,4205.0
EU_EEA,Belgium,BEL,2018,Escherichia coli,Blood/invasive,Aminopenicillins,2480,4445,EARS-Net mixed/not reported,Not reported in Atlas aggregate,ECDC Surveillance Atlas aggregate,https://atlas.ecdc.europa.eu/public/,55.79302587176603,0,J01C_penicillins,10.8585,10.482,10.959200000000001,10.847,12.5047,1.3566,,,,2.037126325940212,,,,2.062228654124457,11427054,18.8086209996758,86.8883449485575,47487.2100392561,10.9937973,https://api.worldbank.org/v2/,57.46412508031698,58.00321199143469,58.04038893044129,-0.7281176087143506,0.9135169953737095,8.399760094524142,56.45653985004166,3601.0,55.20619731146047,4389.0,55.658347676419965,4648.0
EU_EEA,Belgium,BEL,2019,Escherichia coli,Blood/invasive,Aminopenicillins,2033,3601,EARS-Net mixed/not reported,Not reported in Atlas aggregate,ECDC Surveillance Atlas aggregate,https://atlas.ecdc.europa.eu/public/,56.45653985004166,0,J01C_penicillins,10.531600000000001,10.8585,10.482,10.959200000000001,11.5641,1.3206,,,,2.1260997067448684,,,,2.037126325940212,11488980,19.029838081816,87.0961631189222,46716.6227467964,10.85831451,https://api.worldbank.org/v2/,55.79302587176603,57.46412508031698,58.00321199143469,-0.6311115632730079,0.8593523526008956,8.189244525735901,56.49787977051634,4009.0,56.575505350772886,4205.0,,
EU_EEA,Belgium,BEL,2020,Escherichia coli,Blood/invasive,Aminopenicillins,2265,4009,EUCAST,EUCAST required; exact version unavailable in Atlas aggregate,ECDC Surveillance Atlas aggregate,https://atlas.ecdc.europa.eu/public/,56.49787977051634,1,J01C_penicillins,7.6119,10.531600000000001,10.8585,10.482,8.2264,1.1575999999999997,,,,2.233009708737864,,,,2.1260997067448684,11538604,19.224020193227,87.2964994991269,45906.2875805246,11.46253014,https://api.worldbank.org/v2/,56.45653985004166,55.79302587176603,57.46412508031698,-0.22352219511264038,0.5958297453329041,8.296546520300614,55.20619731146047,4389.0,55.658347676419965,4648.0,,
EU_EEA,Belgium,BEL,2021,Escherichia coli,Blood/invasive,Aminopenicillins,2423,4389,EUCAST,EUCAST required; exact version unavailable in Atlas aggregate,ECDC Surveillance Atlas aggregate,https://atlas.ecdc.europa.eu/public/,55.20619731146047,0,J01C_penicillins,8.154200000000001,7.6119,10.531600000000001,10.8585,8.7383,1.1864,,,,2.352700490998363,,,,2.233009708737864,11586195,19.4520520478909,87.4305564090635,51658.238294958,11.28825092,https://api.worldbank.org/v2/,56.49787977051634,56.45653985004166,55.79302587176603,-0.17191457604420235,0.531210092911926,8.387084506069217,56.575505350772886,4205.0,,,,
EU_EEA,Belgium,BEL,2022,Escherichia coli,Blood/invasive,Aminopenicillins,2379,4205,EUCAST,EUCAST required; exact version unavailable in Atlas aggregate,ECDC Surveillance Atlas aggregate,https://atlas.ecdc.europa.eu/public/,56.575505350772886,0,J01C_penicillins,10.3082,8.154200000000001,7.6119,10.531600000000001,11.0703,1.1799,,,,2.263529734549694,,,,2.352700490998363,11680210,19.7671927585206,87.489200269855,50639.0264882739,10.73976326,https://api.worldbank.org/v2/,55.20619731146047,56.49787977051634,56.45653985004166,-0.09347859568622967,0.566165394090088,8.344267356262645,55.658347676419965,4648.0,,,,
EU_EEA,Belgium,BEL,2023,Escherichia coli,Blood/invasive,Aminopenicillins,2587,4648,EUCAST,EUCAST required; exact version unavailable in Atlas aggregate,ECDC Surveillance Atlas aggregate,https://atlas.ecdc.europa.eu/public/,55.658347676419965,0,J01C_penicillins,,,,,,,,,,,,,,,11779946,20.1452749547016,87.551492636772,55244.68145811,10.80371571,https://api.worldbank.org/v2/,56.575505350772886,55.20619731146047,56.49787977051634,-0.11492882429768049,0.5755381232726664,8.444407421690585,,,,,,
EU_EEA,Belgium,BEL,2013,Escherichia coli,Blood/invasive,Carbapenems,2,4246,EARS-Net mixed/not reported,Not reported in Atlas aggregate,ECDC Surveillance Atlas aggregate,https://atlas.ecdc.europa.eu/public/,0.047103155911446065,0,J01DH_carbapenems,0.0499,,,,14.035900000000002,1.4009,,,,1.9662587620292282,,,,,11159407,17.7203816464754,85.7415410247275,46964.5946777056,10.63787556,https://api.worldbank.org/v2/,0.024277737314882253,0.0,0.0,0.016558720504922048,0.019585120924449903,8.353968130313271,0.03825554705432287,2614.0,0.05201560468140442,3845.0,0.06464124111182935,4641.0
EU_EEA,Belgium,BEL,2014,Escherichia coli,Blood/invasive,Carbapenems,1,2614,EARS-Net mixed/not reported,Not reported in Atlas aggregate,ECDC Surveillance Atlas aggregate,https://atlas.ecdc.europa.eu/public/,0.03825554705432287,0,J01DH_carbapenems,0.0527,0.0499,,,13.884800000000002,1.3861999999999999,,,,2.0073542709024053,,,,1.9662587620292282,11209057,17.9621509816265,85.9848336685807,47995.7786961339,10.62032604,https://api.worldbank.org/v2/,0.047103155911446065,0.024277737314882253,0.0,0.013759205975953245,0.01779441939921569,7.869019376499023,0.0,2588.0,0.021404109589041095,4672.0,0.05094243504839532,3926.0
EU_EEA,Belgium,BEL,2015,Escherichia coli,Blood/invasive,Carbapenems,0,2588,EARS-Net mixed/not reported,Not reported in Atlas aggregate,ECDC Surveillance Atlas aggregate,https://atlas.ecdc.europa.eu/public/,0.0,0,J01DH_carbapenems,0.0526,0.0527,0.0499,,14.1004,1.4056999999999997,,,,1.96078431372549,,,,2.0073542709024053,11274196,18.1637094668899,86.2212893480444,40893.804537772,10.88387299,https://api.worldbank.org/v2/,0.03825554705432287,0.047103155911446065,0.024277737314882253,-0.008168082080176999,0.01779441939921569,7.859026979751538,0.05201560468140442,3845.0,0.06464124111182935,4641.0,0.024236548715462918,4126.0
EU_EEA,Belgium,BEL,2016,Escherichia coli,Blood/invasive,Carbapenems,2,3845,EARS-Net mixed/not reported,Not reported in Atlas aggregate,ECDC Surveillance Atlas aggregate,https://atlas.ecdc.europa.eu/public/,0.05201560468140442,0,J01DH_carbapenems,0.0506,0.0526,0.0527,0.0499,13.9359,1.3711999999999998,,,,2.0900130625816407,,,,1.96078431372549,11331422,18.356666180316,86.4507790979645,41854.5498296444,10.89833736,https://api.worldbank.org/v2/,0.0,0.03825554705432287,0.047103155911446065,-0.0023518200744447894,0.020432157296958332,8.254788926148725,0.021404109589041095,4672.0,0.05094243504839532,3926.0,0.042354934349851756,4722.0
EU_EEA,Belgium,BEL,2017,Escherichia coli,Blood/invasive,Carbapenems,1,4672,EARS-Net mixed/not reported,Not reported in Atlas aggregate,ECDC Surveillance Atlas aggregate,https://atlas.ecdc.europa.eu/public/,0.021404109589041095,0,J01DH_carbapenems,0.0489,0.0506,0.0526,0.0527,13.0877,1.3481999999999998,,,,2.062228654124457,,,,2.0900130625816407,11375158,18.584903433857,86.6731739531869,44035.3239358548,10.94042683,https://api.worldbank.org/v2/,0.05201560468140442,0.0,0.03825554705432287,0.000146129228555902,0.01942553036668823,8.449556542700426,0.06464124111182935,4641.0,0.024236548715462918,4126.0,0.06983240223463687,4296.0
EU_EEA,Belgium,BEL,2018,Escherichia coli,Blood/invasive,Carbapenems,3,4641,EARS-Net mixed/not reported,Not reported in Atlas aggregate,ECDC Surveillance Atlas aggregate,https://atlas.ecdc.europa.eu/public/,0.06464124111182935,0,J01DH_carbapenems,0.0492,0.0489,0.0506,0.0526,12.5047,1.3566,,,,2.037126325940212,,,,2.062228654124457,11427054,18.8086209996758,86.8883449485575,47487.2100392561,10.9937973,https://api.worldbank.org/v2/,0.021404109589041095,0.05201560468140442,0.0,0.01633122282431248,0.025382288312339258,8.442900586834382,0.05094243504839532,3926.0,0.042354934349851756,4722.0,0.08067769261799113,4958.0
EU_EEA,Belgium,BEL,2019,Escherichia coli,Blood/invasive,Carbapenems,2,3926,EARS-Net mixed/not reported,Not reported in Atlas aggregate,ECDC Surveillance Atlas aggregate,https://atlas.ecdc.europa.eu/public/,0.05094243504839532,0,J01DH_carbapenems,0.047,0.0492,0.0489,0.0506,11.5641,1.3206,,,,2.1260997067448684,,,,2.037126325940212,11488980,19.029838081816,87.0961631189222,46716.6227467964,10.85831451,https://api.worldbank.org/v2/,0.06464124111182935,0.021404109589041095,0.05201560468140442,0.0040017622623760895,0.0158651377258233,8.27563105457801,0.024236548715462918,4126.0,0.06983240223463687,4296.0,,
EU_EEA,Belgium,BEL,2020,Escherichia coli,Blood/invasive,Carbapenems,1,4126,EUCAST,EUCAST required; exact version unavailable in Atlas aggregate,ECDC Surveillance Atlas aggregate,https://atlas.ecdc.europa.eu/public/,0.024236548715462918,1,J01DH_carbapenems,0.0448,0.047,0.0492,0.0489,8.2264,1.1575999999999997,,,,2.233009708737864,,,,2.1260997067448684,11538604,19.224020193227,87.2964994991269,45906.2875805246,11.46253014,https://api.worldbank.org/v2/,0.05094243504839532,0.06464124111182935,0.021404109589041095,-0.0005201488684168615,0.018171725538426758,8.325306029752582,0.042354934349851756,4722.0,0.08067769261799113,4958.0,,
EU_EEA,Belgium,BEL,2021,Escherichia coli,Blood/invasive,Carbapenems,2,4722,EUCAST,EUCAST required; exact version unavailable in Atlas aggregate,ECDC Surveillance Atlas aggregate,https://atlas.ecdc.europa.eu/public/,0.042354934349851756,0,J01DH_carbapenems,0.0443,0.0448,0.047,0.0492,8.7383,1.1864,,,,2.352700490998363,,,,2.233009708737864,11586195,19.4520520478909,87.4305564090635,51658.238294958,11.28825092,https://api.worldbank.org/v2/,0.024236548715462918,0.05094243504839532,0.06464124111182935,-0.00935648066188653,0.014646034777732828,8.460199469896118,0.06983240223463687,4296.0,,,,
EU_EEA,Belgium,BEL,2022,Escherichia coli,Blood/invasive,Carbapenems,3,4296,EUCAST,EUCAST required; exact version unavailable in Atlas aggregate,ECDC Surveillance Atlas aggregate,https://atlas.ecdc.europa.eu/public/,0.06983240223463687,0,J01DH_carbapenems,0.0386,0.0443,0.0448,0.047,11.0703,1.1799,,,,2.263529734549694,,,,2.352700490998363,11680210,19.7671927585206,87.489200269855,50639.0264882739,10.73976326,https://api.worldbank.org/v2/,0.042354934349851756,0.024236548715462918,0.05094243504839532,0.007478828719311342,0.016405123801098816,8.365672383774996,0.08067769261799113,4958.0,,,,
EU_EEA,Belgium,BEL,2023,Escherichia coli,Blood/invasive,Carbapenems,4,4958,EUCAST,EUCAST required; exact version unavailable in Atlas aggregate,ECDC Surveillance Atlas aggregate,https://atlas.ecdc.europa.eu/public/,0.08067769261799113,0,J01DH_carbapenems,,,,,,,,,,,,,,,11779946,20.1452749547016,87.551492636772,55244.68145811,10.80371571,https://api.worldbank.org/v2/,0.06983240223463687,0.042354934349851756,0.024236548715462918,0.01968008995923697,0.022268427547905693,8.508959386489133,,,,,,
EU_EEA,Belgium,BEL,2013,Escherichia coli,Blood/invasive,Fluoroquinolones,944,4113,EARS-Net mixed/not reported,Not reported in Atlas aggregate,ECDC Surveillance Atlas aggregate,https://atlas.ecdc.europa.eu/public/,22.951616824702164,0,J01M_quinolones,2.8562,,,,14.035900000000002,1.4009,,,,1.9662587620292282,,,,,11159407,17.7203816464754,85.7415410247275,46964.5946777056,10.63787556,https://api.worldbank.org/v2/,22.16216216216216,21.52719075795999,21.54882154882155,0.48433572318439755,0.5809424537494858,8.322151070212902,26.70257791458253,2599.0,24.545926310326934,3854.0,21.80004749465685,4211.0
EU_EEA,Belgium,BEL,2014,Escherichia coli,Blood/invasive,Fluoroquinolones,694,2599,EARS-Net mixed/not reported,Not reported in Atlas aggregate,ECDC Surveillance Atlas aggregate,https://atlas.ecdc.europa.eu/public/,26.70257791458253,0,J01M_quinolones,2.7606,2.8562,,,13.884800000000002,1.3861999999999999,,,,2.0073542709024053,,,,1.9662587620292282,11209057,17.9621509816265,85.9848336685807,47995.7786961339,10.62032604,https://api.worldbank.org/v2/,22.951616824702164,22.16216216216216,21.52719075795999,1.63156161324076,2.0081884481345,7.8632667240095735,26.58869395711501,2565.0,23.80191693290735,4382.0,19.05732484076433,3925.0
EU_EEA,Belgium,BEL,2015,Escherichia coli,Blood/invasive,Fluoroquinolones,682,2565,EARS-Net mixed/not reported,Not reported in Atlas aggregate,ECDC Surveillance Atlas aggregate,https://atlas.ecdc.europa.eu/public/,26.58869395711501,0,J01M_quinolones,2.7806,2.7606,2.8562,,14.1004,1.4056999999999997,,,,1.96078431372549,,,,2.0073542709024053,11274196,18.1637094668899,86.2212893480444,40893.804537772,10.88387299,https://api.worldbank.org/v2/,26.70257791458253,22.951616824702164,22.16216216216216,1.7030556474738865,2.0637315462749837,7.850103545175582,24.545926310326934,3854.0,21.80004749465685,4211.0,18.078703703703702,4320.0
EU_EEA,Belgium,BEL,2016,Escherichia coli,Blood/invasive,Fluoroquinolones,946,3854,EARS-Net mixed/not reported,Not reported in Atlas aggregate,ECDC Surveillance Atlas aggregate,https://atlas.ecdc.europa.eu/public/,24.545926310326934,0,J01M_quinolones,2.6039999999999996,2.7806,2.7606,2.8562,13.9359,1.3711999999999998,,,,2.0900130625816407,,,,1.96078431372549,11331422,18.356666180316,86.4507790979645,41854.5498296444,10.89833736,https://api.worldbank.org/v2/,26.58869395711501,26.70257791458253,22.951616824702164,0.4669044499406748,1.554768416387599,8.25712628599743,23.80191693290735,4382.0,19.05732484076433,3925.0,18.534208854056345,4721.0
EU_EEA,Belgium,BEL,2017,Escherichia coli,Blood/invasive,Fluoroquinolones,1043,4382,EARS-Net mixed/not reported,Not reported in Atlas aggregate,ECDC Surveillance Atlas aggregate,https://atlas.ecdc.europa.eu/public/,23.80191693290735,0,J01M_quinolones,2.3611000000000004,2.6039999999999996,2.7806,2.7606,13.0877,1.3481999999999998,,,,2.062228654124457,,,,2.0900130625816407,11375158,18.584903433857,86.6731739531869,44035.3239358548,10.94042683,https://api.worldbank.org/v2/,24.545926310326934,26.58869395711501,26.70257791458253,-1.0744750591813677,1.2641826812120844,8.38548870041881,21.80004749465685,4211.0,18.078703703703702,4320.0,17.548500881834215,4536.0
EU_EEA,Belgium,BEL,2018,Escherichia coli,Blood/invasive,Fluoroquinolones,918,4211,EARS-Net mixed/not reported,Not reported in Atlas aggregate,ECDC Surveillance Atlas aggregate,https://atlas.ecdc.europa.eu/public/,21.80004749465685,0,J01M_quinolones,1.3327,2.3611000000000004,2.6039999999999996,2.7806,12.5047,1.3566,,,,2.037126325940212,,,,2.062228654124457,11427054,18.8086209996758,86.8883449485575,47487.2100392561,10.9937973,https://api.worldbank.org/v2/,23.80191693290735,24.545926310326934,26.58869395711501,-1.5109948764794108,1.713385582254941,8.345692873253865,19.05732484076433,3925.0,18.534208854056345,4721.0,18.236836796449467,4957.0
EU_EEA,Belgium,BEL,2019,Escherichia coli,Blood/invasive,Fluoroquinolones,748,3925,EARS-Net mixed/not reported,Not reported in Atlas aggregate,ECDC Surveillance Atlas aggregate,https://atlas.ecdc.europa.eu/public/,19.05732484076433,0,J01M_quinolones,0.7305999999999999,1.3327,2.3611000000000004,2.6039999999999996,11.5641,1.3206,,,,2.1260997067448684,,,,2.037126325940212,11488980,19.029838081816,87.0961631189222,46716.6227467964,10.85831451,https://api.worldbank.org/v2/,21.80004749465685,23.80191693290735,24.545926310326934,-1.8467673846938362,2.1251368991273645,8.275376374836407,18.078703703703702,4320.0,17.548500881834215,4536.0,,
EU_EEA,Belgium,BEL,2020,Escherichia coli,Blood/invasive,Fluoroquinolones,781,4320,EUCAST,EUCAST required; exact version unavailable in Atlas aggregate,ECDC Surveillance Atlas aggregate,https://atlas.ecdc.europa.eu/public/,18.078703703703702,1,J01M_quinolones,0.5942999999999999,0.7305999999999999,1.3327,2.3611000000000004,8.2264,1.1575999999999997,,,,2.233009708737864,,,,2.1260997067448684,11538604,19.224020193227,87.2964994991269,45906.2875805246,11.46253014,https://api.worldbank.org/v2/,19.05732484076433,21.80004749465685,23.80191693290735,-1.9912362341503511,2.258351604767608,8.371242135931933,18.534208854056345,4721.0,18.236836796449467,4957.0,,
EU_EEA,Belgium,BEL,2021,Escherichia coli,Blood/invasive,Fluoroquinolones,875,4721,EUCAST,EUCAST required; exact version unavailable in Atlas aggregate,ECDC Surveillance Atlas aggregate,https://atlas.ecdc.europa.eu/public/,18.534208854056345,0,J01M_quinolones,0.5800000000000001,0.5942999999999999,0.7305999999999999,1.3327,8.7383,1.1864,,,,2.352700490998363,,,,2.233009708737864,11586195,19.4520520478909,87.4305564090635,51658.238294958,11.28825092,https://api.worldbank.org/v2/,18.078703703703702,19.05732484076433,21.80004749465685,-1.0776137058862179,1.4464496145850194,8.459987717645458,17.548500881834215,4536.0,,,,
EU_EEA,Belgium,BEL,2022,Escherichia coli,Blood/invasive,Fluoroquinolones,796,4536,EUCAST,EUCAST required; exact version unavailable in Atlas aggregate,ECDC Surveillance Atlas aggregate,https://atlas.ecdc.europa.eu/public/,17.548500881834215,0,J01M_quinolones,0.6079999999999999,0.5800000000000001,0.5942999999999999,0.7305999999999999,11.0703,1.1799,,,,2.263529734549694,,,,2.352700490998363,11680210,19.7671927585206,87.489200269855,50639.0264882739,10.73976326,https://api.worldbank.org/v2/,18.534208854056345,18.078703703703702,19.05732484076433,-0.40709667264377325,0.5572319751073396,8.420021279663963,18.236836796449467,4957.0,,,,
EU_EEA,Belgium,BEL,2023,Escherichia coli,Blood/invasive,Fluoroquinolones,904,4957,EUCAST,EUCAST required; exact version unavailable in Atlas aggregate,ECDC Surveillance Atlas aggregate,https://atlas.ecdc.europa.eu/public/,18.236836796449467,0,J01M_quinolones,,,,,,,,,,,,,,,11779946,20.1452749547016,87.551492636772,55244.68145811,10.80371571,https://api.worldbank.org/v2/,17.548500881834215,18.534208854056345,18.078703703703702,-0.051130869398487856,0.35772394452946193,8.508757712595136,,,,,,
EU_EEA,Belgium,BEL,2013,Escherichia coli,Blood/invasive,Third-generation cephalosporins,324,4051,EARS-Net mixed/not reported,Not reported in Atlas aggregate,ECDC Surveillance Atlas aggregate,https://atlas.ecdc.europa.eu/public/,7.998025178968156,0,J01D_other_beta_lactams,1.9177,,,,14.035900000000002,1.4009,,,,1.9662587620292282,,,,,11159407,17.7203816464754,85.7415410247275,46964.5946777056,10.63787556,https://api.worldbank.org/v2/,6.883085184281182,6.047678795483061,5.174180327868853,0.930694094209602,1.0429016362427437,8.306965865368573,9.74304068522484,2802.0,10.48969761841049,3737.0,9.022394487510766,4644.0
EU_EEA,Belgium,BEL,2014,Escherichia coli,Blood/invasive,Third-generation cephalosporins,273,2802,EARS-Net mixed/not reported,Not reported in Atlas aggregate,ECDC Surveillance Atlas aggregate,https://atlas.ecdc.europa.eu/public/,9.74304068522484,0,J01D_other_beta_lactams,1.8032000000000001,1.9177,,,13.884800000000002,1.3861999999999999,,,,2.0073542709024053,,,,1.9662587620292282,11209057,17.9621509816265,85.9848336685807,47995.7786961339,10.62032604,https://api.worldbank.org/v2/,7.998025178968156,6.883085184281182,6.047678795483061,1.2201025663912304,1.3834958014568712,7.938445551164788,9.679907443116083,2593.0,9.738869863013699,4672.0,9.98221996443993,3937.0
EU_EEA,Belgium,BEL,2015,Escherichia coli,Blood/invasive,Third-generation cephalosporins,251,2593,EARS-Net mixed/not reported,Not reported in Atlas aggregate,ECDC Surveillance Atlas aggregate,https://atlas.ecdc.europa.eu/public/,9.679907443116083,0,J01D_other_beta_lactams,1.8258999999999999,1.8032000000000001,1.9177,,14.1004,1.4056999999999997,,,,1.96078431372549,,,,2.0073542709024053,11274196,18.1637094668899,86.2212893480444,40893.804537772,10.88387299,https://api.worldbank.org/v2/,9.74304068522484,7.998025178968156,6.883085184281182,1.0135482282761377,1.2021450692521327,7.860956364876389,10.48969761841049,3737.0,9.022394487510766,4644.0,9.88425925925926,4320.0
EU_EEA,Belgium,BEL,2016,Escherichia coli,Blood/invasive,Third-generation cephalosporins,392,3737,EARS-Net mixed/not reported,Not reported in Atlas aggregate,ECDC Surveillance Atlas aggregate,https://atlas.ecdc.europa.eu/public/,10.48969761841049,0,J01D_other_beta_lactams,1.6933,1.8258999999999999,1.8032000000000001,1.9177,13.9359,1.3711999999999998,,,,2.0900130625816407,,,,1.96078431372549,11331422,18.356666180316,86.4507790979645,41854.5498296444,10.89833736,https://api.worldbank.org/v2/,9.679907443116083,9.74304068522484,7.998025178968156,0.7411884076218226,0.9117113414872812,8.226305988015508,9.738869863013699,4672.0,9.98221996443993,3937.0,8.260961660665114,4721.0
EU_EEA,Belgium,BEL,2017,Escherichia coli,Blood/invasive,Third-generation cephalosporins,455,4672,EARS-Net mixed/not reported,Not reported in Atlas aggregate,ECDC Surveillance Atlas aggregate,https://atlas.ecdc.europa.eu/public/,9.738869863013699,0,J01D_other_beta_lactams,1.5439,1.6933,1.8258999999999999,1.8032000000000001,13.0877,1.3481999999999998,,,,2.062228654124457,,,,2.0900130625816407,11375158,18.584903433857,86.6731739531869,44035.3239358548,10.94042683,https://api.worldbank.org/v2/,10.48969761841049,9.679907443116083,9.74304068522484,0.07972777086609674,0.3339609624575073,8.449556542700426,9.022394487510766,4644.0,9.88425925925926,4320.0,8.755555555555556,4500.0
EU_EEA,Belgium,BEL,2018,Escherichia coli,Blood/invasive,Third-generation cephalosporins,419,4644,EARS-Net mixed/not reported,Not reported in Atlas aggregate,ECDC Surveillance Atlas aggregate,https://atlas.ecdc.europa.eu/public/,9.022394487510766,0,J01D_other_beta_lactams,1.6209,1.5439,1.6933,1.8258999999999999,12.5047,1.3566,,,,2.037126325940212,,,,2.062228654124457,11427054,18.8086209996758,86.8883449485575,47487.2100392561,10.9937973,https://api.worldbank.org/v2/,9.738869863013699,10.48969761841049,9.679907443116083,-0.272336662221276,0.5197125252048297,8.443546651247939,9.98221996443993,3937.0,8.260961660665114,4721.0,10.088781275221953,4956.0
EU_EEA,Belgium,BEL,2019,Escherichia coli,Blood/invasive,Third-generation cephalosporins,393,3937,EARS-Net mixed/not reported,Not reported in Atlas aggregate,ECDC Surveillance Atlas aggregate,https://atlas.ecdc.europa.eu/public/,9.98221996443993,0,J01D_other_beta_lactams,1.5755,1.6209,1.5439,1.6933,11.5641,1.3206,,,,2.1260997067448684,,,,2.037126325940212,11488980,19.029838081816,87.0961631189222,46716.6227467964,10.85831451,https://api.worldbank.org/v2/,9.022394487510766,9.738869863013699,10.48969761841049,-0.22389083374146307,0.5284455711820065,8.278428259199071,9.88425925925926,4320.0,8.755555555555556,4500.0,,
EU_EEA,Belgium,BEL,2020,Escherichia coli,Blood/invasive,Third-generation cephalosporins,427,4320,EUCAST,EUCAST required; exact version unavailable in Atlas aggregate,ECDC Surveillance Atlas aggregate,https://atlas.ecdc.europa.eu/public/,9.88425925925926,1,J01D_other_beta_lactams,1.133,1.5755,1.6209,1.5439,8.2264,1.1575999999999997,,,,2.233009708737864,,,,2.1260997067448684,11538604,19.224020193227,87.2964994991269,45906.2875805246,11.46253014,https://api.worldbank.org/v2/,9.98221996443993,9.022394487510766,9.738869863013699,0.13959936656658273,0.3764444217618225,8.371242135931933,8.260961660665114,4721.0,10.088781275221953,4956.0,,
EU_EEA,Belgium,BEL,2021,Escherichia coli,Blood/invasive,Third-generation cephalosporins,390,4721,EUCAST,EUCAST required; exact version unavailable in Atlas aggregate,ECDC Surveillance Atlas aggregate,https://atlas.ecdc.europa.eu/public/,8.260961660665114,0,J01D_other_beta_lactams,1.1461999999999999,1.133,1.5755,1.6209,8.7383,1.1864,,,,2.352700490998363,,,,2.233009708737864,11586195,19.4520520478909,87.4305564090635,51658.238294958,11.28825092,https://api.worldbank.org/v2/,9.88425925925926,9.98221996443993,9.022394487510766,-0.23822591857176365,0.7005032709780916,8.459987717645458,8.755555555555556,4500.0,,,,
EU_EEA,Belgium,BEL,2022,Escherichia coli,Blood/invasive,Third-generation cephalosporins,394,4500,EUCAST,EUCAST required; exact version unavailable in Atlas aggregate,ECDC Surveillance Atlas aggregate,https://atlas.ecdc.europa.eu/public/,8.755555555555556,0,J01D_other_beta_lactams,1.2953999999999999,1.1461999999999999,1.133,1.5755,11.0703,1.1799,,,,2.263529734549694,,,,2.352700490998363,11680210,19.7671927585206,87.489200269855,50639.0264882739,10.73976326,https://api.worldbank.org/v2/,8.260961660665114,9.88425925925926,9.98221996443993,-0.5303290825247281,0.7344522740329851,8.412054873292933,10.088781275221953,4956.0,,,,
EU_EEA,Belgium,BEL,2023,Escherichia coli,Blood/invasive,Third-generation cephalosporins,500,4956,EUCAST,EUCAST required; exact version unavailable in Atlas aggregate,ECDC Surveillance Atlas aggregate,https://atlas.ecdc.europa.eu/public/,10.088781275221953,0,J01D_other_beta_lactams,,,,,,,,,,,,,,,11779946,20.1452749547016,87.551492636772,55244.68145811,10.80371571,https://api.worldbank.org/v2/,8.755555555555556,8.260961660665114,9.88425925925926,0.11081599427785085,0.7629684988242796,8.508555998020574,,,,,,
EU_EEA,Bulgaria,BGR,2013,Escherichia coli,Blood/invasive,Aminoglycosides,58,187,EARS-Net mixed/not reported,Not reported in Atlas aggregate,ECDC Surveillance Atlas aggregate,https://atlas.ecdc.europa.eu/public/,31.016042780748663,0,J01G_aminoglycosides,,,,,11.0639,0.9974999999999998,,,,0.1892659186156551,,,,,7160005,19.3546939511256,72.9632821572019,7796.37945241455,7.14167452,https://api.worldbank.org/v2/,26.484018264840184,17.613636363636363,14.666666666666666,5.791851024344979,6.588265835772334,5.236441962829949,29.1005291005291,189.0,34.76190476190476,210.0,28.363636363636363,275.0
EU_EEA,Bulgaria,BGR,2014,Escherichia coli,Blood/invasive,Aminoglycosides,55,189,EARS-Net mixed/not reported,Not reported in Atlas aggregate,ECDC Surveillance Atlas aggregate,https://atlas.ecdc.europa.eu/public/,29.1005291005291,0,J01G_aminoglycosides,,,,,11.8313,1.0629,,,,0.2570515492566348,,,,0.1892659186156551,7073572,19.7757387242757,73.0844879150391,8070.01289303544,7.68306208,https://api.worldbank.org/v2/,31.016042780748663,26.484018264840184,17.613636363636363,3.8992702726586685,5.13146814650006,5.247024072160486,19.78021978021978,182.0,36.24454148471616,229.0,24.431818181818183,352.0
EU_EEA,Bulgaria,BGR,2015,Escherichia coli,Blood/invasive,Aminoglycosides,36,182,EARS-Net mixed/not reported,Not reported in Atlas aggregate,ECDC Surveillance Atlas aggregate,https://atlas.ecdc.europa.eu/public/,19.78021978021978,0,J01G_aminoglycosides,,,,,12.2471,0.9952999999999999,,,,0.1937046004842615,,,,0.2570515492566348,6984225,20.209781460636,73.1030578613281,7269.02586513711,7.39363575,https://api.worldbank.org/v2/,29.1005291005291,31.016042780748663,26.484018264840184,-2.202690913408085,4.250789384580801,5.209486152841421,34.76190476190476,210.0,28.363636363636363,275.0,34.24657534246575,219.0
EU_EEA,Bulgaria,BGR,2016,Escherichia coli,Blood/invasive,Aminoglycosides,73,210,EARS-Net mixed/not reported,Not reported in Atlas aggregate,ECDC Surveillance Atlas aggregate,https://atlas.ecdc.europa.eu/public/,34.76190476190476,0,J01G_aminoglycosides,,,,,11.2706,1.2390999999999999,,,,0.1825784792979562,,,,0.1937046004842615,6894139,20.5760516337296,73.1750030517578,7822.89886431732,7.45975018,https://api.worldbank.org/v2/,19.78021978021978,29.1005291005291,31.016042780748663,0.19172766231589464,5.518800924091762,5.351858133476067,36.24454148471616,229.0,24.431818181818183,352.0,26.99619771863118,263.0
EU_EEA,Bulgaria,BGR,2017,Escherichia coli,Blood/invasive,Aminoglycosides,83,229,EARS-Net mixed/not reported,Not reported in Atlas aggregate,ECDC Surveillance Atlas aggregate,https://atlas.ecdc.europa.eu/public/,36.24454148471616,0,J01G_aminoglycosides,,,,,12.355200000000002,1.175,,,,0.1813746951028832,,,,0.1825784792979562,6803468,20.8699557799437,73.3904571533203,8697.13373333715,7.49624491,https://api.worldbank.org/v2/,34.76190476190476,19.78021978021978,29.1005291005291,3.641372213424611,6.459872477854642,5.438079308923196,28.363636363636363,275.0,34.24657534246575,219.0,24.267782426778243,239.0
EU_EEA,Bulgaria,BGR,2018,Escherichia coli,Blood/invasive,Aminoglycosides,78,275,EARS-Net mixed/not reported,Not reported in Atlas aggregate,ECDC Surveillance Atlas aggregate,https://atlas.ecdc.europa.eu/public/,28.363636363636363,0,J01G_aminoglycosides,,,,,12.8429,1.2105,,,,0.2184695323571091,,,,0.1813746951028832,6710798,21.1708879702475,73.600212097168,9849.88769989118,7.34086275,https://api.worldbank.org/v2/,36.24454148471616,34.76190476190476,19.78021978021978,2.7232886473061146,6.492517472057906,5.62040086571715,24.431818181818183,352.0,26.99619771863118,263.0,28.431372549019606,306.0
EU_EEA,Bulgaria,BGR,2019,Escherichia coli,Blood/invasive,Aminoglycosides,86,352,EARS-Net mixed/not reported,Not reported in Atlas aggregate,ECDC Surveillance Atlas aggregate,https://atlas.ecdc.europa.eu/public/,24.431818181818183,0,J01G_aminoglycosides,,,,,12.401600000000002,1.2700999999999998,,,,0.3170874926600117,,,,0.2184695323571091,6616726,21.4794589439076,73.7162322998047,10354.2500414088,7.11813641,https://api.worldbank.org/v2/,28.363636363636363,36.24454148471616,34.76190476190476,-3.8871164861339604,4.789017582405067,5.8664680569332965,34.24657534246575,219.0,24.267782426778243,239.0,,
EU_EEA,Bulgaria,BGR,2020,Escherichia coli,Blood/invasive,Aminoglycosides,75,219,EUCAST,EUCAST required; exact version unavailable in Atlas aggregate,ECDC Surveillance Atlas aggregate,https://atlas.ecdc.europa.eu/public/,34.24657534246575,1,J01G_aminoglycosides,,,,,12.0182,1.5595999999999999,,,,0.5710278501302345,,,,0.3170874926600117,6550696,21.6867892994918,73.3239898681641,10760.7616180234,8.44060898,https://api.worldbank.org/v2/,24.431818181818183,28.363636363636363,36.24454148471616,-0.992571660856943,4.690672855717611,5.393627546352362,26.99619771863118,263.0,28.431372549019606,306.0,,
EU_EEA,Bulgaria,BGR,2021,Escherichia coli,Blood/invasive,Aminoglycosides,71,263,EUCAST,EUCAST required; exact version unavailable in Atlas aggregate,ECDC Surveillance Atlas aggregate,https://atlas.ecdc.europa.eu/public/,26.99619771863118,0,J01G_aminoglycosides,,,,,13.2728,1.7920999999999996,,,,0.6627252789167543,,,,0.5710278501302345,6507301,21.7032217425472,73.346765618041,12966.8085197381,8.58048916,https://api.worldbank.org/v2/,34.24657534246575,24.431818181818183,28.363636363636363,0.5712441225631998,3.600447280467966,5.575949103146316,24.267782426778243,239.0,,,,
EU_EEA,Bulgaria,BGR,2022,Escherichia coli,Blood/invasive,Aminoglycosides,58,239,EUCAST,EUCAST required; exact version unavailable in Atlas aggregate,ECDC Surveillance Atlas aggregate,https://atlas.ecdc.europa.eu/public/,24.267782426778243,0,J01G_aminoglycosides,,,,,14.883100000000002,1.2528,,,,0.8211920529801323,,,,0.6627252789167543,6465097,21.6972972212748,73.4799164005224,13999.9113358453,7.63849449,https://api.worldbank.org/v2/,26.99619771863118,34.24657534246575,24.431818181818183,-0.7742484888954488,4.050624504377618,5.480638923341991,28.431372549019606,306.0,,,,
EU_EEA,Bulgaria,BGR,2023,Escherichia coli,Blood/invasive,Aminoglycosides,87,306,EUCAST,EUCAST required; exact version unavailable in Atlas aggregate,ECDC Surveillance Atlas aggregate,https://atlas.ecdc.europa.eu/public/,28.431372549019606,0,J01G_aminoglycosides,,,,,,,,,,,,,,,6446596,21.8324383446666,73.7322671584613,15854.0192893772,7.91853094,https://api.worldbank.org/v2/,24.267782426778243,26.99619771863118,34.24657534246575,-2.0174023672191437,3.6469193058654077,5.726847747587197,,,,,,
EU_EEA,Bulgaria,BGR,2013,Escherichia coli,Blood/invasive,Aminopenicillins,119,160,EARS-Net mixed/not reported,Not reported in Atlas aggregate,ECDC Surveillance Atlas aggregate,https://atlas.ecdc.europa.eu/public/,74.375,0,J01C_penicillins,5.8424,,,,11.0639,0.9974999999999998,,,,0.1892659186156551,,,,,7160005,19.3546939511256,72.9632821572019,7796.37945241455,7.14167452,https://api.worldbank.org/v2/,71.01449275362319,60.526315789473685,71.83098591549296,1.8120219217670477,5.291592120706756,5.081404364984463,72.95597484276729,159.0,77.95698924731182,186.0,66.55052264808363,287.0
EU_EEA,Bulgaria,BGR,2014,Escherichia coli,Blood/invasive,Aminopenicillins,116,159,EARS-Net mixed/not reported,Not reported in Atlas aggregate,ECDC Surveillance Atlas aggregate,https://atlas.ecdc.europa.eu/public/,72.95597484276729,0,J01C_penicillins,5.697500000000001,5.8424,,,11.8313,1.0629,,,,0.2570515492566348,,,,0.1892659186156551,7073572,19.7757387242757,73.0844879150391,8070.01289303544,7.68306208,https://api.worldbank.org/v2/,74.375,71.01449275362319,60.526315789473685,4.064948440625749,5.439211389459417,5.075173815233827,66.43356643356644,143.0,73.89162561576354,203.0,63.35227272727273,352.0
EU_EEA,Bulgaria,BGR,2015,Escherichia coli,Blood/invasive,Aminopenicillins,95,143,EARS-Net mixed/not reported,Not reported in Atlas aggregate,ECDC Surveillance Atlas aggregate,https://atlas.ecdc.europa.eu/public/,66.43356643356644,0,J01C_penicillins,5.622800000000001,5.697500000000001,5.8424,,12.2471,0.9952999999999999,,,,0.1937046004842615,,,,0.2570515492566348,6984225,20.209781460636,73.1030578613281,7269.02586513711,7.39363575,https://api.worldbank.org/v2/,72.95597484276729,74.375,71.01449275362319,-1.516180411740303,2.996550710280909,4.969813299576001,77.95698924731182,186.0,66.55052264808363,287.0,66.66666666666667,261.0
EU_EEA,Bulgaria,BGR,2016,Escherichia coli,Blood/invasive,Aminopenicillins,145,186,EARS-Net mixed/not reported,Not reported in Atlas aggregate,ECDC Surveillance Atlas aggregate,https://atlas.ecdc.europa.eu/public/,77.95698924731182,0,J01C_penicillins,4.7492,5.622800000000001,5.697500000000001,5.8424,11.2706,1.2390999999999999,,,,0.1825784792979562,,,,0.1937046004842615,6894139,20.5760516337296,73.1750030517578,7822.89886431732,7.45975018,https://api.worldbank.org/v2/,66.43356643356644,72.95597484276729,74.375,0.4223559332734473,4.170220889908146,5.231108616854587,73.89162561576354,203.0,63.35227272727273,352.0,61.21673003802282,263.0
EU_EEA,Bulgaria,BGR,2017,Escherichia coli,Blood/invasive,Aminopenicillins,150,203,EARS-Net mixed/not reported,Not reported in Atlas aggregate,ECDC Surveillance Atlas aggregate,https://atlas.ecdc.europa.eu/public/,73.89162561576354,0,J01C_penicillins,5.484600000000001,4.7492,5.622800000000001,5.697500000000001,12.355200000000002,1.175,,,,0.1813746951028832,,,,0.1825784792979562,6803468,20.8699557799437,73.3904571533203,8697.13373333715,7.49624491,https://api.worldbank.org/v2/,77.95698924731182,66.43356643356644,72.95597484276729,1.4330375132734046,4.133449682665986,5.318119993844216,66.55052264808363,287.0,66.66666666666667,261.0,68.61924686192468,239.0
EU_EEA,Bulgaria,BGR,2018,Escherichia coli,Blood/invasive,Aminopenicillins,191,287,EARS-Net mixed/not reported,Not reported in Atlas aggregate,ECDC Surveillance Atlas aggregate,https://atlas.ecdc.europa.eu/public/,66.55052264808363,0,J01C_penicillins,5.6426,5.484600000000001,4.7492,5.622800000000001,12.8429,1.2105,,,,0.2184695323571091,,,,0.1813746951028832,6710798,21.1708879702475,73.600212097168,9849.88769989118,7.34086275,https://api.worldbank.org/v2/,73.89162561576354,77.95698924731182,66.43356643356644,-0.37144949879967826,4.930466847721681,5.662960480135946,63.35227272727273,352.0,61.21673003802282,263.0,66.99346405228758,306.0
EU_EEA,Bulgaria,BGR,2019,Escherichia coli,Blood/invasive,Aminopenicillins,223,352,EARS-Net mixed/not reported,Not reported in Atlas aggregate,ECDC Surveillance Atlas aggregate,https://atlas.ecdc.europa.eu/public/,63.35227272727273,0,J01C_penicillins,5.484000000000001,5.6426,5.484600000000001,4.7492,12.401600000000002,1.2700999999999998,,,,0.3170874926600117,,,,0.2184695323571091,6616726,21.4794589439076,73.7162322998047,10354.2500414088,7.11813641,https://api.worldbank.org/v2/,66.55052264808363,73.89162561576354,77.95698924731182,-5.115525252779733,5.783224452094795,5.8664680569332965,66.66666666666667,261.0,68.61924686192468,239.0,,
EU_EEA,Bulgaria,BGR,2020,Escherichia coli,Blood/invasive,Aminopenicillins,174,261,EUCAST,EUCAST required; exact version unavailable in Atlas aggregate,ECDC Surveillance Atlas aggregate,https://atlas.ecdc.europa.eu/public/,66.66666666666667,1,J01C_penicillins,4.8302000000000005,5.484000000000001,5.6426,5.484600000000001,12.0182,1.5595999999999999,,,,0.5710278501302345,,,,0.3170874926600117,6550696,21.6867892994918,73.3239898681641,10760.7616180234,8.44060898,https://api.worldbank.org/v2/,63.35227272727273,66.55052264808363,73.89162561576354,-2.487312676810164,3.8600298175731833,5.568344503761097,61.21673003802282,263.0,66.99346405228758,306.0,,
EU_EEA,Bulgaria,BGR,2021,Escherichia coli,Blood/invasive,Aminopenicillins,161,263,EUCAST,EUCAST required; exact version unavailable in Atlas aggregate,ECDC Surveillance Atlas aggregate,https://atlas.ecdc.europa.eu/public/,61.21673003802282,0,J01C_penicillins,4.929,4.8302000000000005,5.484000000000001,5.6426,13.2728,1.7920999999999996,,,,0.6627252789167543,,,,0.5710278501302345,6507301,21.7032217425472,73.346765618041,12966.8085197381,8.58048916,https://api.worldbank.org/v2/,66.66666666666667,63.35227272727273,66.55052264808363,-1.268698389078857,2.2904583959260636,5.575949103146316,68.61924686192468,239.0,,,,
EU_EEA,Bulgaria,BGR,2022,Escherichia coli,Blood/invasive,Aminopenicillins,164,239,EUCAST,EUCAST required; exact version unavailable in Atlas aggregate,ECDC Surveillance Atlas aggregate,https://atlas.ecdc.europa.eu/public/,68.61924686192468,0,J01C_penicillins,6.051300000000001,4.929,4.8302000000000005,5.484000000000001,14.883100000000002,1.2528,,,,0.8211920529801323,,,,0.6627252789167543,6465097,21.6972972212748,73.4799164005224,13999.9113358453,7.63849449,https://api.worldbank.org/v2/,61.21673003802282,66.66666666666667,63.35227272727273,1.0350985775311832,2.867908648971073,5.480638923341991,66.99346405228758,306.0,,,,
EU_EEA,Bulgaria,BGR,2023,Escherichia coli,Blood/invasive,Aminopenicillins,205,306,EUCAST,EUCAST required; exact version unavailable in Atlas aggregate,ECDC Surveillance Atlas aggregate,https://atlas.ecdc.europa.eu/public/,66.99346405228758,0,J01C_penicillins,,,,,,,,,,,,,,,6446596,21.8324383446666,73.7322671584613,15854.0192893772,7.91853094,https://api.worldbank.org/v2/,68.61924686192468,61.21673003802282,66.66666666666667,0.8382908980764441,2.7887301786635468,5.726847747587197,,,,,,
EU_EEA,Bulgaria,BGR,2013,Escherichia coli,Blood/invasive,Carbapenems,5,176,EARS-Net mixed/not reported,Not reported in Atlas aggregate,ECDC Surveillance Atlas aggregate,https://atlas.ecdc.europa.eu/public/,2.840909090909091,0,J01DH_carbapenems,0.01,,,,11.0639,0.9974999999999998,,,,0.1892659186156551,,,,,7160005,19.3546939511256,72.9632821572019,7796.37945241455,7.14167452,https://api.worldbank.org/v2/,2.6178010471204187,0.0,0.0,1.1140528319847693,1.3669553478770018,5.176149732573829,0.5076142131979695,197.0,0.8928571428571429,224.0,1.36986301369863,292.0
EU_EEA,Bulgaria,BGR,2014,Escherichia coli,Blood/invasive,Carbapenems,1,197,EARS-Net mixed/not reported,Not reported in Atlas aggregate,ECDC Surveillance Atlas aggregate,https://atlas.ecdc.europa.eu/public/,0.5076142131979695,0,J01DH_carbapenems,0.0144999999999999,0.01,,,11.8313,1.0629,,,,0.2570515492566348,,,,0.1892659186156551,7073572,19.7757387242757,73.0844879150391,8070.01289303544,7.68306208,https://api.worldbank.org/v2/,2.840909090909091,2.6178010471204187,0.0,0.17459506833825797,1.2532021393756447,5.288267030694535,0.0,182.0,0.0,247.0,0.0,352.0
EU_EEA,Bulgaria,BGR,2015,Escherichia coli,Blood/invasive,Carbapenems,0,182,EARS-Net mixed/not reported,Not reported in Atlas aggregate,ECDC Surveillance Atlas aggregate,https://atlas.ecdc.europa.eu/public/,0.0,0,J01DH_carbapenems,0.0144999999999999,0.0144999999999999,0.01,,12.2471,0.9952999999999999,,,,0.1937046004842615,,,,0.2570515492566348,6984225,20.209781460636,73.1030578613281,7269.02586513711,7.39363575,https://api.worldbank.org/v2/,0.5076142131979695,2.840909090909091,2.6178010471204187,-1.0186698019072384,1.2532021393756447,5.209486152841421,0.8928571428571429,224.0,1.36986301369863,292.0,0.7662835249042146,261.0
EU_EEA,Bulgaria,BGR,2016,Escherichia coli,Blood/invasive,Carbapenems,2,224,EARS-Net mixed/not reported,Not reported in Atlas aggregate,ECDC Surveillance Atlas aggregate,https://atlas.ecdc.europa.eu/public/,0.8928571428571429,0,J01DH_carbapenems,0.0202,0.0144999999999999,0.0144999999999999,0.01,11.2706,1.2390999999999999,,,,0.1825784792979562,,,,0.1937046004842615,6894139,20.5760516337296,73.1750030517578,7822.89886431732,7.45975018,https://api.worldbank.org/v2/,0.0,0.5076142131979695,2.840909090909091,-0.635177005735382,1.0756746145825145,5.41610040220442,0.0,247.0,0.0,352.0,0.38022813688212925,263.0
EU_EEA,Bulgaria,BGR,2017,Escherichia coli,Blood/invasive,Carbapenems,0,247,EARS-Net mixed/not reported,Not reported in Atlas aggregate,ECDC Surveillance Atlas aggregate,https://atlas.ecdc.europa.eu/public/,0.0,0,J01DH_carbapenems,0.0253,0.0202,0.0144999999999999,0.0144999999999999,12.355200000000002,1.175,,,,0.1813746951028832,,,,0.1825784792979562,6803468,20.8699557799437,73.3904571533203,8697.13373333715,7.49624491,https://api.worldbank.org/v2/,0.8928571428571429,0.0,0.5076142131979695,-0.0629985496736766,0.3756780743565233,5.5134287461649825,1.36986301369863,292.0,0.7662835249042146,261.0,0.0,239.0
EU_EEA,Bulgaria,BGR,2018,Escherichia coli,Blood/invasive,Carbapenems,4,292,EARS-Net mixed/not reported,Not reported in Atlas aggregate,ECDC Surveillance Atlas aggregate,https://atlas.ecdc.europa.eu/public/,1.36986301369863,0,J01DH_carbapenems,0.0323,0.0253,0.0202,0.0144999999999999,12.8429,1.2105,,,,0.2184695323571091,,,,0.1813746951028832,6710798,21.1708879702475,73.600212097168,9849.88769989118,7.34086275,https://api.worldbank.org/v2/,0.0,0.8928571428571429,0.0,0.32167318982387477,0.5902844498903828,5.680172609017068,0.0,352.0,0.38022813688212925,263.0,0.32679738562091504,306.0
EU_EEA,Bulgaria,BGR,2019,Escherichia coli,Blood/invasive,Carbapenems,0,352,EARS-Net mixed/not reported,Not reported in Atlas aggregate,ECDC Surveillance Atlas aggregate,https://atlas.ecdc.europa.eu/public/,0.0,0,J01DH_carbapenems,0.0385999999999999,0.0323,0.0253,0.0202,12.401600000000002,1.2700999999999998,,,,0.3170874926600117,,,,0.2184695323571091,6616726,21.4794589439076,73.7162322998047,10354.2500414088,7.11813641,https://api.worldbank.org/v2/,1.36986301369863,0.0,0.8928571428571429,-0.13087084148728007,0.5902844498903828,5.8664680569332965,0.7662835249042146,261.0,0.0,239.0,,
EU_EEA,Bulgaria,BGR,2020,Escherichia coli,Blood/invasive,Carbapenems,2,261,EUCAST,EUCAST required; exact version unavailable in Atlas aggregate,ECDC Surveillance Atlas aggregate,https://atlas.ecdc.europa.eu/public/,0.7662835249042146,1,J01DH_carbapenems,0.0993,0.0385999999999999,0.0323,0.0253,12.0182,1.5595999999999999,,,,0.5710278501302345,,,,0.3170874926600117,6550696,21.6867892994918,73.3239898681641,10760.7616180234,8.44060898,https://api.worldbank.org/v2/,0.0,1.36986301369863,0.0,0.09289875610140134,0.5750944722919209,5.568344503761097,0.38022813688212925,263.0,0.32679738562091504,306.0,,
EU_EEA,Bulgaria,BGR,2021,Escherichia coli,Blood/invasive,Carbapenems,1,263,EUCAST,EUCAST required; exact version unavailable in Atlas aggregate,ECDC Surveillance Atlas aggregate,https://atlas.ecdc.europa.eu/public/,0.38022813688212925,0,J01DH_carbapenems,0.1182,0.0993,0.0385999999999999,0.0323,13.2728,1.7920999999999996,,,,0.6627252789167543,,,,0.5710278501302345,6507301,21.7032217425472,73.346765618041,12966.8085197381,8.58048916,https://api.worldbank.org/v2/,0.7662835249042146,0.0,1.36986301369863,-0.2202621105545291,0.5062739317949446,5.575949103146316,0.0,239.0,,,,
EU_EEA,Bulgaria,BGR,2022,Escherichia coli,Blood/invasive,Carbapenems,0,239,EUCAST,EUCAST required; exact version unavailable in Atlas aggregate,ECDC Surveillance Atlas aggregate,https://atlas.ecdc.europa.eu/public/,0.0,0,J01DH_carbapenems,0.0501,0.1182,0.0993,0.0385999999999999,14.883100000000002,1.2528,,,,0.8211920529801323,,,,0.6627252789167543,6465097,21.6972972212748,73.4799164005224,13999.9113358453,7.63849449,https://api.worldbank.org/v2/,0.38022813688212925,0.7662835249042146,0.0,-0.03860553880220862,0.3174671750604547,5.480638923341991,0.32679738562091504,306.0,,,,
EU_EEA,Bulgaria,BGR,2023,Escherichia coli,Blood/invasive,Carbapenems,1,306,EUCAST,EUCAST required; exact version unavailable in Atlas aggregate,ECDC Surveillance Atlas aggregate,https://atlas.ecdc.europa.eu/public/,0.32679738562091504,0,J01DH_carbapenems,,,,,,,,,,,,,,,6446596,21.8324383446666,73.7322671584613,15854.0192893772,7.91853094,https://api.worldbank.org/v2/,0.0,0.38022813688212925,0.7662835249042146,-0.16986865547320298,0.27198369462714417,5.726847747587197,,,,,,
EU_EEA,Bulgaria,BGR,2013,Escherichia coli,Blood/invasive,Fluoroquinolones,70,187,EARS-Net mixed/not reported,Not reported in Atlas aggregate,ECDC Surveillance Atlas aggregate,https://atlas.ecdc.europa.eu/public/,37.4331550802139,0,J01M_quinolones,2.6338000000000004,,,,11.0639,0.9974999999999998,,,,0.1892659186156551,,,,,7160005,19.3546939511256,72.9632821572019,7796.37945241455,7.14167452,https://api.worldbank.org/v2/,34.08071748878924,30.16759776536313,33.11258278145695,1.687483661969689,2.5934681583618935,5.236441962829949,38.604651162790695,215.0,42.19409282700422,237.0,41.78082191780822,292.0
EU_EEA,Bulgaria,BGR,2014,Escherichia coli,Blood/invasive,Fluoroquinolones,83,215,EARS-Net mixed/not reported,Not reported in Atlas aggregate,ECDC Surveillance Atlas aggregate,https://atlas.ecdc.europa.eu/public/,38.604651162790695,0,J01M_quinolones,3.0107,2.6338000000000004,,,11.8313,1.0629,,,,0.2570515492566348,,,,0.1892659186156551,7073572,19.7757387242757,73.0844879150391,8070.01289303544,7.68306208,https://api.worldbank.org/v2/,37.4331550802139,34.08071748878924,30.16759776536313,2.866359778370727,3.28216692768426,5.375278407684165,35.294117647058826,204.0,42.10526315789474,247.0,38.63636363636363,352.0
EU_EEA,Bulgaria,BGR,2015,Escherichia coli,Blood/invasive,Fluoroquinolones,72,204,EARS-Net mixed/not reported,Not reported in Atlas aggregate,ECDC Surveillance Atlas aggregate,https://atlas.ecdc.europa.eu/public/,35.294117647058826,0,J01M_quinolones,2.9681,3.0107,2.6338000000000004,,12.2471,0.9952999999999999,,,,0.1937046004842615,,,,0.2570515492566348,6984225,20.209781460636,73.1030578613281,7269.02586513711,7.39363575,https://api.worldbank.org/v2/,38.604651162790695,37.4331550802139,34.08071748878924,0.4811696557385501,1.7692630882299707,5.3230099791384085,42.19409282700422,237.0,41.78082191780822,292.0,42.911877394636015,261.0
EU_EEA,Bulgaria,BGR,2016,Escherichia coli,Blood/invasive,Fluoroquinolones,100,237,EARS-Net mixed/not reported,Not reported in Atlas aggregate,ECDC Surveillance Atlas aggregate,https://atlas.ecdc.europa.eu/public/,42.19409282700422,0,J01M_quinolones,2.9263,2.9681,3.0107,2.6338000000000004,11.2706,1.2390999999999999,,,,0.1825784792979562,,,,0.1937046004842615,6894139,20.5760516337296,73.1750030517578,7822.89886431732,7.45975018,https://api.worldbank.org/v2/,35.294117647058826,38.604651162790695,37.4331550802139,1.0972279724639005,2.5008472757270974,5.472270673671475,42.10526315789474,247.0,38.63636363636363,352.0,33.460076045627375,263.0
EU_EEA,Bulgaria,BGR,2017,Escherichia coli,Blood/invasive,Fluoroquinolones,104,247,EARS-Net mixed/not reported,Not reported in Atlas aggregate,ECDC Surveillance Atlas aggregate,https://atlas.ecdc.europa.eu/public/,42.10526315789474,0,J01M_quinolones,2.9984,2.9263,2.9681,3.0107,12.355200000000002,1.175,,,,0.1813746951028832,,,,0.1825784792979562,6803468,20.8699557799437,73.3904571533203,8697.13373333715,7.49624491,https://api.worldbank.org/v2/,42.19409282700422,35.294117647058826,38.604651162790695,1.7401811165257413,2.8516142284196104,5.5134287461649825,41.78082191780822,292.0,42.911877394636015,261.0,40.58577405857741,239.0
EU_EEA,Bulgaria,BGR,2018,Escherichia coli,Blood/invasive,Fluoroquinolones,122,292,EARS-Net mixed/not reported,Not reported in Atlas aggregate,ECDC Surveillance Atlas aggregate,https://atlas.ecdc.europa.eu/public/,41.78082191780822,0,J01M_quinolones,2.9929,2.9984,2.9263,2.9681,12.8429,1.2105,,,,0.2184695323571091,,,,0.1813746951028832,6710798,21.1708879702475,73.600212097168,9849.88769989118,7.34086275,https://api.worldbank.org/v2/,42.10526315789474,42.19409282700422,35.294117647058826,1.9371283143138625,2.919360360406191,5.680172609017068,38.63636363636363,352.0,33.460076045627375,263.0,39.869281045751634,306.0
EU_EEA,Bulgaria,BGR,2019,Escherichia coli,Blood/invasive,Fluoroquinolones,136,352,EARS-Net mixed/not reported,Not reported in Atlas aggregate,ECDC Surveillance Atlas aggregate,https://atlas.ecdc.europa.eu/public/,38.63636363636363,0,J01M_quinolones,2.9330000000000003,2.9929,2.9984,2.9263,12.401600000000002,1.2700999999999998,,,,0.3170874926600117,,,,0.2184695323571091,6616726,21.4794589439076,73.7162322998047,10354.2500414088,7.11813641,https://api.worldbank.org/v2/,41.78082191780822,42.10526315789474,42.19409282700422,-1.0997628812008355,1.4761068821594245,5.8664680569332965,42.911877394636015,261.0,40.58577405857741,239.0,,
EU_EEA,Bulgaria,BGR,2020,Escherichia coli,Blood/invasive,Fluoroquinolones,112,261,EUCAST,EUCAST required; exact version unavailable in Atlas aggregate,ECDC Surveillance Atlas aggregate,https://atlas.ecdc.europa.eu/public/,42.911877394636015,1,J01M_quinolones,3.6722000000000006,2.9330000000000003,2.9929,2.9984,12.0182,1.5595999999999999,,,,0.5710278501302345,,,,0.3170874926600117,6550696,21.6867892994918,73.3239898681641,10760.7616180234,8.44060898,https://api.worldbank.org/v2/,38.63636363636363,41.78082191780822,42.10526315789474,-0.07246155712208442,1.6247321857818804,5.568344503761097,33.460076045627375,263.0,39.869281045751634,306.0,,
EU_EEA,Bulgaria,BGR,2021,Escherichia coli,Blood/invasive,Fluoroquinolones,88,263,EUCAST,EUCAST required; exact version unavailable in Atlas aggregate,ECDC Surveillance Atlas aggregate,https://atlas.ecdc.europa.eu/public/,33.460076045627375,0,J01M_quinolones,4.2614,3.6722000000000006,2.9330000000000003,2.9929,13.2728,1.7920999999999996,,,,0.6627252789167543,,,,0.5710278501302345,6507301,21.7032217425472,73.346765618041,12966.8085197381,8.58048916,https://api.worldbank.org/v2/,42.911877394636015,38.63636363636363,41.78082191780822,-2.0686723858270226,3.6641185511076015,5.575949103146316,40.58577405857741,239.0,,,,
EU_EEA,Bulgaria,BGR,2022,Escherichia coli,Blood/invasive,Fluoroquinolones,97,239,EUCAST,EUCAST required; exact version unavailable in Atlas aggregate,ECDC Surveillance Atlas aggregate,https://atlas.ecdc.europa.eu/public/,40.58577405857741,0,J01M_quinolones,3.5356,4.2614,3.6722000000000006,2.9330000000000003,14.883100000000002,1.2528,,,,0.8211920529801323,,,,0.6627252789167543,6465097,21.6972972212748,73.4799164005224,13999.9113358453,7.63849449,https://api.worldbank.org/v2/,33.460076045627375,42.911877394636015,38.63636363636363,-0.3603570082367424,3.485658561846047,5.480638923341991,39.869281045751634,306.0,,,,
EU_EEA,Bulgaria,BGR,2023,Escherichia coli,Blood/invasive,Fluoroquinolones,122,306,EUCAST,EUCAST required; exact version unavailable in Atlas aggregate,ECDC Surveillance Atlas aggregate,https://atlas.ecdc.europa.eu/public/,39.869281045751634,0,J01M_quinolones,,,,,,,,,,,,,,,6446596,21.8324383446666,73.7322671584613,15854.0192893772,7.91853094,https://api.worldbank.org/v2/,40.58577405857741,33.460076045627375,42.911877394636015,-0.20020910337031914,3.503315761141496,5.726847747587197,,,,,,
EU_EEA,Bulgaria,BGR,2013,Escherichia coli,Blood/invasive,Third-generation cephalosporins,74,187,EARS-Net mixed/not reported,Not reported in Atlas aggregate,ECDC Surveillance Atlas aggregate,https://atlas.ecdc.europa.eu/public/,39.57219251336898,0,J01D_other_beta_lactams,3.5751999999999997,,,,11.0639,0.9974999999999998,,,,0.1892659186156551,,,,,7160005,19.3546939511256,72.9632821572019,7796.37945241455,7.14167452,https://api.worldbank.org/v2/,38.11659192825112,22.905027932960895,24.836601307189543,5.941833761382854,7.535464493761154,5.236441962829949,40.36697247706422,218.0,41.596638655462186,238.0,38.6986301369863,292.0
EU_EEA,Bulgaria,BGR,2014,Escherichia coli,Blood/invasive,Third-generation cephalosporins,88,218,EARS-Net mixed/not reported,Not reported in Atlas aggregate,ECDC Surveillance Atlas aggregate,https://atlas.ecdc.europa.eu/public/,40.36697247706422,0,J01D_other_beta_lactams,4.1715,3.5751999999999997,,,11.8313,1.0629,,,,0.2570515492566348,,,,0.1892659186156551,7073572,19.7757387242757,73.0844879150391,8070.01289303544,7.68306208,https://api.worldbank.org/v2/,39.57219251336898,38.11659192825112,22.905027932960895,5.384143421742783,7.167287764834421,5.389071729816501,38.53658536585366,205.0,41.29554655870445,247.0,38.63636363636363,352.0
EU_EEA,Bulgaria,BGR,2015,Escherichia coli,Blood/invasive,Third-generation cephalosporins,79,205,EARS-Net mixed/not reported,Not reported in Atlas aggregate,ECDC Surveillance Atlas aggregate,https://atlas.ecdc.europa.eu/public/,38.53658536585366,0,J01D_other_beta_lactams,4.637,4.1715,3.5751999999999997,,12.2471,0.9952999999999999,,,,0.1937046004842615,,,,0.2570515492566348,6984225,20.209781460636,73.1030578613281,7269.02586513711,7.39363575,https://api.worldbank.org/v2/,40.36697247706422,39.57219251336898,38.11659192825112,0.20547602765028114,0.8808325073851518,5.327876168789581,41.596638655462186,238.0,38.6986301369863,292.0,41.37931034482759,261.0
EU_EEA,Bulgaria,BGR,2016,Escherichia coli,Blood/invasive,Third-generation cephalosporins,99,238,EARS-Net mixed/not reported,Not reported in Atlas aggregate,ECDC Surveillance Atlas aggregate,https://atlas.ecdc.europa.eu/public/,41.596638655462186,0,J01D_other_beta_lactams,4.814,4.637,4.1715,3.5751999999999997,11.2706,1.2390999999999999,,,,0.1825784792979562,,,,0.1937046004842615,6894139,20.5760516337296,73.1750030517578,7822.89886431732,7.45975018,https://api.worldbank.org/v2/,38.53658536585366,40.36697247706422,39.57219251336898,0.42429513150690246,1.1188404030327925,5.476463551931511,41.29554655870445,247.0,38.63636363636363,352.0,37.26235741444867,263.0
EU_EEA,Bulgaria,BGR,2017,Escherichia coli,Blood/invasive,Third-generation cephalosporins,102,247,EARS-Net mixed/not reported,Not reported in Atlas aggregate,ECDC Surveillance Atlas aggregate,https://atlas.ecdc.europa.eu/public/,41.29554655870445,0,J01D_other_beta_lactams,5.0219000000000005,4.814,4.637,4.1715,12.355200000000002,1.175,,,,0.1813746951028832,,,,0.1825784792979562,6803468,20.8699557799437,73.3904571533203,8697.13373333715,7.49624491,https://api.worldbank.org/v2/,41.596638655462186,38.53658536585366,40.36697247706422,0.5845775534529133,1.1935005017255336,5.5134287461649825,38.6986301369863,292.0,41.37931034482759,261.0,40.1673640167364,239.0
EU_EEA,Bulgaria,BGR,2018,Escherichia coli,Blood/invasive,Third-generation cephalosporins,113,292,EARS-Net mixed/not reported,Not reported in Atlas aggregate,ECDC Surveillance Atlas aggregate,https://atlas.ecdc.europa.eu/public/,38.6986301369863,0,J01D_other_beta_lactams,5.3856,5.0219000000000005,4.814,4.637,12.8429,1.2105,,,,0.2184695323571091,,,,0.1813746951028832,6710798,21.1708879702475,73.600212097168,9849.88769989118,7.34086275,https://api.worldbank.org/v2/,41.29554655870445,41.596638655462186,38.53658536585366,0.018504221664013016,1.4193998782942934,5.680172609017068,38.63636363636363,352.0,37.26235741444867,263.0,37.254901960784316,306.0
EU_EEA,Bulgaria,BGR,2019,Escherichia coli,Blood/invasive,Third-generation cephalosporins,136,352,EARS-Net mixed/not reported,Not reported in Atlas aggregate,ECDC Surveillance Atlas aggregate,https://atlas.ecdc.europa.eu/public/,38.63636363636363,0,J01D_other_beta_lactams,5.216100000000001,5.3856,5.0219000000000005,4.814,12.401600000000002,1.2700999999999998,,,,0.3170874926600117,,,,0.2184695323571091,6616726,21.4794589439076,73.7162322998047,10354.2500414088,7.11813641,https://api.worldbank.org/v2/,38.6986301369863,41.29554655870445,41.596638655462186,-1.1477741479013897,1.3935441293143853,5.8664680569332965,41.37931034482759,261.0,40.1673640167364,239.0,,
EU_EEA,Bulgaria,BGR,2020,Escherichia coli,Blood/invasive,Third-generation cephalosporins,108,261,EUCAST,EUCAST required; exact version unavailable in Atlas aggregate,ECDC Surveillance Atlas aggregate,https://atlas.ecdc.europa.eu/public/,41.37931034482759,1,J01D_other_beta_lactams,4.9761,5.216100000000001,5.3856,5.0219000000000005,12.0182,1.5595999999999999,,,,0.5710278501302345,,,,0.3170874926600117,6550696,21.6867892994918,73.3239898681641,10760.7616180234,8.44060898,https://api.worldbank.org/v2/,38.63636363636363,38.6986301369863,41.29554655870445,0.01890248577466909,1.3354756930352722,5.568344503761097,37.26235741444867,263.0,37.254901960784316,306.0,,
EU_EEA,Bulgaria,BGR,2021,Escherichia coli,Blood/invasive,Third-generation cephalosporins,98,263,EUCAST,EUCAST required; exact version unavailable in Atlas aggregate,ECDC Surveillance Atlas aggregate,https://atlas.ecdc.europa.eu/public/,37.26235741444867,0,J01D_other_beta_lactams,5.7562999999999995,4.9761,5.216100000000001,5.3856,13.2728,1.7920999999999996,,,,0.6627252789167543,,,,0.5710278501302345,6507301,21.7032217425472,73.346765618041,12966.8085197381,8.58048916,https://api.worldbank.org/v2/,41.37931034482759,38.63636363636363,38.6986301369863,-0.15658714591489775,1.4919315081800608,5.575949103146316,40.1673640167364,239.0,,,,
EU_EEA,Bulgaria,BGR,2022,Escherichia coli,Blood/invasive,Third-generation cephalosporins,96,239,EUCAST,EUCAST required; exact version unavailable in Atlas aggregate,ECDC Surveillance Atlas aggregate,https://atlas.ecdc.europa.eu/public/,40.1673640167364,0,J01D_other_beta_lactams,6.498900000000001,5.7562999999999995,4.9761,5.216100000000001,14.883100000000002,1.2528,,,,0.8211920529801323,,,,0.6627252789167543,6465097,21.6972972212748,73.4799164005224,13999.9113358453,7.63849449,https://api.worldbank.org/v2/,37.26235741444867,41.37931034482759,38.63636363636363,0.04760482107393163,1.5534797753853269,5.480638923341991,37.254901960784316,306.0,,,,
EU_EEA,Bulgaria,BGR,2023,Escherichia coli,Blood/invasive,Third-generation cephalosporins,114,306,EUCAST,EUCAST required; exact version unavailable in Atlas aggregate,ECDC Surveillance Atlas aggregate,https://atlas.ecdc.europa.eu/public/,37.254901960784316,0,J01D_other_beta_lactams,,,,,,,,,,,,,,,6446596,21.8324383446666,73.7322671584613,15854.0192893772,7.91853094,https://api.worldbank.org/v2/,40.1673640167364,37.26235741444867,41.37931034482759,-0.9468218549842174,1.8088396491601417,5.726847747587197,,,,,,
EU_EEA,Cyprus,CYP,2013,Escherichia coli,Blood/invasive,Aminoglycosides,40,162,EARS-Net mixed/not reported,Not reported in Atlas aggregate,ECDC Surveillance Atlas aggregate,https://atlas.ecdc.europa.eu/public/,24.691358024691358,0,J01G_aminoglycosides,,,,,,,,,,,,,,,1183895,12.0174508719101,67.2102333625375,27764.7265625,6.92774534,https://api.worldbank.org/v2/,21.022727272727273,23.18840579710145,15.942028985507246,2.40823085931781,3.309853764527319,5.093750200806762,17.647058823529413,153.0,16.107382550335572,149.0,19.867549668874172,151.0
EU_EEA,Cyprus,CYP,2014,Escherichia coli,Blood/invasive,Aminoglycosides,27,153,EARS-Net mixed/not reported,Not reported in Atlas aggregate,ECDC Surveillance Atlas aggregate,https://atlas.ecdc.europa.eu/public/,17.647058823529413,0,J01G_aminoglycosides,,,,,,,,,,,,,,,1201801,12.2610616321095,67.1230558819804,26993.095703125,6.93137264,https://api.worldbank.org/v2/,24.691358024691358,21.022727272727273,23.18840579710145,-1.295541016875206,2.6473063604767,5.0369526024136295,13.821138211382113,123.0,21.794871794871796,156.0,10.869565217391305,92.0
EU_EEA,Cyprus,CYP,2015,Escherichia coli,Blood/invasive,Aminoglycosides,17,123,EARS-Net mixed/not reported,Not reported in Atlas aggregate,ECDC Surveillance Atlas aggregate,https://atlas.ecdc.europa.eu/public/,13.821138211382113,0,J01G_aminoglycosides,,,,,,,,,,,,,,,1219502,12.499902624146,67.0402477918073,23088.4296875,6.79382181,https://api.worldbank.org/v2/,17.647058823529413,24.691358024691358,21.022727272727273,-2.8649066385197464,4.024443848512319,4.820281565605037,16.107382550335572,149.0,19.867549668874172,151.0,21.05263157894737,114.0
EU_EEA,Cyprus,CYP,2016,Escherichia coli,Blood/invasive,Aminoglycosides,24,149,EARS-Net mixed/not reported,Not reported in Atlas aggregate,ECDC Surveillance Atlas aggregate,https://atlas.ecdc.europa.eu/public/,16.107382550335572,0,J01G_aminoglycosides,,,,,,,,,,,,,,,1237112,12.7306530327678,66.9625604106231,24280.044921875,6.65254688,https://api.worldbank.org/v2/,13.821138211382113,17.647058823529413,24.691358024691358,-2.9577847035214684,4.059738674653057,5.0106352940962555,21.794871794871796,156.0,10.869565217391305,92.0,19.791666666666668,192.0
EU_EEA,Cyprus,CYP,2017,Escherichia coli,Blood/invasive,Aminoglycosides,34,156,EARS-Net mixed/not reported,Not reported in Atlas aggregate,ECDC Surveillance Atlas aggregate,https://atlas.ecdc.europa.eu/public/,21.794871794871796,0,J01G_aminoglycosides,,,,,,,,,,,,,,,1254275,12.9503446411893,66.8907450570326,26247.46484375,6.62192535,https://api.worldbank.org/v2/,16.107382550335572,13.821138211382113,17.647058823529413,1.472968325298058,2.9086884753539435,5.056245805348308,19.867549668874172,151.0,21.05263157894737,114.0,15.178571428571429,224.0
EU_EEA,Cyprus,CYP,2018,Escherichia coli,Blood/invasive,Aminoglycosides,30,151,EARS-Net mixed/not reported,Not reported in Atlas aggregate,ECDC Surveillance Atlas aggregate,https://atlas.ecdc.europa.eu/public/,19.867549668874172,0,J01G_aminoglycosides,,,,,,,,,,,,,,,1270737,13.1664879646662,66.8255530496405,29120.38671875,6.78446245,https://api.worldbank.org/v2/,21.794871794871796,16.107382550335572,13.821138211382113,2.3826723617012378,3.118166460383548,5.0238805208462765,10.869565217391305,92.0,19.791666666666668,192.0,18.484848484848484,330.0
EU_EEA,Cyprus,CYP,2019,Escherichia coli,Blood/invasive,Aminoglycosides,10,92,EARS-Net mixed/not reported,Not reported in Atlas aggregate,ECDC Surveillance Atlas aggregate,https://atlas.ecdc.europa.eu/public/,10.869565217391305,0,J01G_aminoglycosides,,,,,,,,,,,,,,,1286671,13.3825533556934,66.7677357070518,29227.16796875,6.99843168,https://api.worldbank.org/v2/,19.867549668874172,21.794871794871796,16.107382550335572,-1.7640774124830454,4.168046152408914,4.532599493153256,21.05263157894737,114.0,15.178571428571429,224.0,,
EU_EEA,Cyprus,CYP,2020,Escherichia coli,Blood/invasive,Aminoglycosides,24,114,EUCAST,EUCAST required; exact version unavailable in Atlas aggregate,ECDC Surveillance Atlas aggregate,https://atlas.ecdc.europa.eu/public/,21.05263157894737,1,J01G_aminoglycosides,,,,,,,,,,,,,,,1302247,13.6112758903357,66.7180443478713,28130.330078125,8.64796448,https://api.worldbank.org/v2/,10.869565217391305,19.867549668874172,21.794871794871796,-1.1224705099256196,4.3995084865669885,4.74493212836325,19.791666666666668,192.0,18.484848484848484,330.0,,
EU_EEA,Cyprus,CYP,2021,Escherichia coli,Blood/invasive,Aminoglycosides,38,192,EUCAST,EUCAST required; exact version unavailable in Atlas aggregate,ECDC Surveillance Atlas aggregate,https://atlas.ecdc.europa.eu/public/,19.791666666666668,0,J01G_aminoglycosides,,,,,,,,,,,,,,,1317309,13.8514250837978,66.6718365394971,32937.8359375,8.87445068,https://api.worldbank.org/v2/,21.05263157894737,10.869565217391305,19.867549668874172,0.9955417354933509,4.0870425497674505,5.262690188904886,15.178571428571429,224.0,,,,
EU_EEA,Cyprus,CYP,2022,Escherichia coli,Blood/invasive,Aminoglycosides,34,224,EUCAST,EUCAST required; exact version unavailable in Atlas aggregate,ECDC Surveillance Atlas aggregate,https://atlas.ecdc.europa.eu/public/,15.178571428571429,0,J01G_aminoglycosides,,,,,,,,,,,,,,,1331370,14.0779422699926,66.6694829407584,33231.05078125,8.27201366,https://api.worldbank.org/v2/,19.791666666666668,21.05263157894737,10.869565217391305,1.1666053721259637,4.025244807454111,5.41610040220442,18.484848484848484,330.0,,,,
EU_EEA,Cyprus,CYP,2023,Escherichia coli,Blood/invasive,Aminoglycosides,61,330,EUCAST,EUCAST required; exact version unavailable in Atlas aggregate,ECDC Surveillance Atlas aggregate,https://atlas.ecdc.europa.eu/public/,18.484848484848484,0,J01G_aminoglycosides,,,,,,,,,,,,,,,1344976,14.3232720596026,66.6739477522639,36623.70703125,8.11912918,https://api.worldbank.org/v2/,15.178571428571429,19.791666666666668,21.05263157894737,-1.2316444520391931,2.1881501117883473,5.802118375377063,,,,,,
EU_EEA,Cyprus,CYP,2013,Escherichia coli,Blood/invasive,Aminopenicillins,125,162,EARS-Net mixed/not reported,Not reported in Atlas aggregate,ECDC Surveillance Atlas aggregate,https://atlas.ecdc.europa.eu/public/,77.1604938271605,0,J01C_penicillins,,,,,,,,,,,,,,,1183895,12.0174508719101,67.2102333625375,27764.7265625,6.92774534,https://api.worldbank.org/v2/,70.45454545454545,77.61194029850746,62.043795620437955,3.819269977620552,6.314785500154648,5.093750200806762,71.24183006535948,153.0,69.12751677852349,149.0,64.90066225165563,151.0
EU_EEA,Cyprus,CYP,2014,Escherichia coli,Blood/invasive,Aminopenicillins,109,153,EARS-Net mixed/not reported,Not reported in Atlas aggregate,ECDC Surveillance Atlas aggregate,https://atlas.ecdc.europa.eu/public/,71.24183006535948,0,J01C_penicillins,,,,,,,,,,,,,,,1201801,12.2610616321095,67.1230558819804,26993.095703125,6.93137264,https://api.worldbank.org/v2/,77.1604938271605,70.45454545454545,77.61194029850746,-1.2404382326829033,3.284723643352474,5.0369526024136295,68.29268292682927,123.0,65.38461538461539,156.0,71.73913043478261,92.0
EU_EEA,Cyprus,CYP,2015,Escherichia coli,Blood/invasive,Aminopenicillins,84,123,EARS-Net mixed/not reported,Not reported in Atlas aggregate,ECDC Surveillance Atlas aggregate,https://atlas.ecdc.europa.eu/public/,68.29268292682927,0,J01C_penicillins,,,,,,,,,,,,,,,1219502,12.499902624146,67.0402477918073,23088.4296875,6.79382181,https://api.worldbank.org/v2/,71.24183006535948,77.1604938271605,70.45454545454545,-1.2404251344949646,3.284712030351131,4.820281565605037,69.12751677852349,149.0,64.90066225165563,151.0,67.54385964912281,114.0
EU_EEA,Cyprus,CYP,2016,Escherichia coli,Blood/invasive,Aminopenicillins,103,149,EARS-Net mixed/not reported,Not reported in Atlas aggregate,ECDC Surveillance Atlas aggregate,https://atlas.ecdc.europa.eu/public/,69.12751677852349,0,J01C_penicillins,,,,,,,,,,,,,,,1237112,12.7306530327678,66.9625604106231,24280.044921875,6.65254688,https://api.worldbank.org/v2/,68.29268292682927,71.24183006535948,77.1604938271605,-2.704807828444133,3.464661854286284,5.0106352940962555,65.38461538461539,156.0,71.73913043478261,92.0,70.15706806282722,191.0
EU_EEA,Cyprus,CYP,2017,Escherichia coli,Blood/invasive,Aminopenicillins,102,156,EARS-Net mixed/not reported,Not reported in Atlas aggregate,ECDC Surveillance Atlas aggregate,https://atlas.ecdc.europa.eu/public/,65.38461538461539,0,J01C_penicillins,,,,,,,,,,,,,,,1254275,12.9503446411893,66.8907450570326,26247.46484375,6.62192535,https://api.worldbank.org/v2/,69.12751677852349,68.29268292682927,71.24183006535948,-1.6736810190538192,2.10115843896952,5.056245805348308,64.90066225165563,151.0,67.54385964912281,114.0,63.228699551569505,223.0
EU_EEA,Cyprus,CYP,2018,Escherichia coli,Blood/invasive,Aminopenicillins,98,151,EARS-Net mixed/not reported,Not reported in Atlas aggregate,ECDC Surveillance Atlas aggregate,https://atlas.ecdc.europa.eu/public/,64.90066225165563,0,J01C_penicillins,,,,,,,,,,,,,,,1270737,13.1664879646662,66.8255530496405,29120.38671875,6.78446245,https://api.worldbank.org/v2/,65.38461538461539,69.12751677852349,68.29268292682927,-1.3918963419429085,1.8160642424199056,5.0238805208462765,71.73913043478261,92.0,70.15706806282722,191.0,68.90243902439025,328.0
EU_EEA,Cyprus,CYP,2019,Escherichia coli,Blood/invasive,Aminopenicillins,66,92,EARS-Net mixed/not reported,Not reported in Atlas aggregate,ECDC Surveillance Atlas aggregate,https://atlas.ecdc.europa.eu/public/,71.73913043478261,0,J01C_penicillins,,,,,,,,,,,,,,,1286671,13.3825533556934,66.7677357070518,29227.16796875,6.99843168,https://api.worldbank.org/v2/,64.90066225165563,65.38461538461539,69.12751677852349,0.7350887835817487,2.8070764949356346,4.532599493153256,67.54385964912281,114.0,63.228699551569505,223.0,,
EU_EEA,Cyprus,CYP,2020,Escherichia coli,Blood/invasive,Aminopenicillins,77,114,EUCAST,EUCAST required; exact version unavailable in Atlas aggregate,ECDC Surveillance Atlas aggregate,https://atlas.ecdc.europa.eu/public/,67.54385964912281,1,J01C_penicillins,,,,,,,,,,,,,,,1302247,13.6112758903357,66.7180443478713,28130.330078125,8.64796448,https://api.worldbank.org/v2/,71.73913043478261,64.90066225165563,65.38461538461539,1.3316200976649133,2.699859307562808,4.74493212836325,70.15706806282722,191.0,68.90243902439025,328.0,,
EU_EEA,Cyprus,CYP,2021,Escherichia coli,Blood/invasive,Aminopenicillins,134,191,EUCAST,EUCAST required; exact version unavailable in Atlas aggregate,ECDC Surveillance Atlas aggregate,https://atlas.ecdc.europa.eu/public/,70.15706806282722,0,J01C_penicillins,,,,,,,,,,,,,,,1317309,13.8514250837978,66.6718365394971,32937.8359375,8.87445068,https://api.worldbank.org/v2/,67.54385964912281,71.73913043478261,64.90066225165563,1.1573946647854885,2.6018385104642365,5.2574953720277815,63.228699551569505,223.0,,,,
EU_EEA,Cyprus,CYP,2022,Escherichia coli,Blood/invasive,Aminopenicillins,141,223,EUCAST,EUCAST required; exact version unavailable in Atlas aggregate,ECDC Surveillance Atlas aggregate,https://atlas.ecdc.europa.eu/public/,63.228699551569505,0,J01C_penicillins,,,,,,,,,,,,,,,1331370,14.0779422699926,66.6694829407584,33231.05078125,8.27201366,https://api.worldbank.org/v2/,70.15706806282722,67.54385964912281,71.73913043478261,-2.2918084235934923,3.220853994289321,5.4116460518550396,68.90243902439025,328.0,,,,
EU_EEA,Cyprus,CYP,2023,Escherichia coli,Blood/invasive,Aminopenicillins,226,328,EUCAST,EUCAST required; exact version unavailable in Atlas aggregate,ECDC Surveillance Atlas aggregate,https://atlas.ecdc.europa.eu/public/,68.90243902439025,0,J01C_penicillins,,,,,,,,,,,,,,,1344976,14.3232720596026,66.6739477522639,36623.70703125,8.11912918,https://api.worldbank.org/v2/,63.228699551569505,70.15706806282722,67.54385964912281,-0.28526303854555535,2.6108296892127036,5.796057750765372,,,,,,
EU_EEA,Cyprus,CYP,2013,Escherichia coli,Blood/invasive,Carbapenems,0,162,EARS-Net mixed/not reported,Not reported in Atlas aggregate,ECDC Surveillance Atlas aggregate,https://atlas.ecdc.europa.eu/public/,0.0,0,J01DH_carbapenems,,,,,,,,,,,,,,,1183895,12.0174508719101,67.2102333625375,27764.7265625,6.92774534,https://api.worldbank.org/v2/,0.0,0.7246376811594203,0.7246376811594203,-0.28985507246376835,0.36231884057971003,5.093750200806762,0.0,153.0,0.0,149.0,2.0,150.0
EU_EEA,Cyprus,CYP,2014,Escherichia coli,Blood/invasive,Carbapenems,0,153,EARS-Net mixed/not reported,Not reported in Atlas aggregate,ECDC Surveillance Atlas aggregate,https://atlas.ecdc.europa.eu/public/,0.0,0,J01DH_carbapenems,,,,,,,,,,,,,,,1201801,12.2610616321095,67.1230558819804,26993.095703125,6.93137264,https://api.worldbank.org/v2/,0.0,0.0,0.7246376811594203,-0.2173913043478262,0.313777320211753,5.0369526024136295,0.0,123.0,1.2820512820512822,156.0,0.0,92.0
EU_EEA,Cyprus,CYP,2015,Escherichia coli,Blood/invasive,Carbapenems,0,123,EARS-Net mixed/not reported,Not reported in Atlas aggregate,ECDC Surveillance Atlas aggregate,https://atlas.ecdc.europa.eu/public/,0.0,0,J01DH_carbapenems,,,,,,,,,,,,,,,1219502,12.499902624146,67.0402477918073,23088.4296875,6.79382181,https://api.worldbank.org/v2/,0.0,0.0,0.0,0.0,0.0,4.820281565605037,0.0,149.0,2.0,150.0,0.0,114.0
EU_EEA,Cyprus,CYP,2016,Escherichia coli,Blood/invasive,Carbapenems,0,149,EARS-Net mixed/not reported,Not reported in Atlas aggregate,ECDC Surveillance Atlas aggregate,https://atlas.ecdc.europa.eu/public/,0.0,0,J01DH_carbapenems,,,,,,,,,,,,,,,1237112,12.7306530327678,66.9625604106231,24280.044921875,6.65254688,https://api.worldbank.org/v2/,0.0,0.0,0.0,0.0,0.0,5.0106352940962555,1.2820512820512822,156.0,0.0,92.0,1.0416666666666667,192.0
EU_EEA,Cyprus,CYP,2017,Escherichia coli,Blood/invasive,Carbapenems,2,156,EARS-Net mixed/not reported,Not reported in Atlas aggregate,ECDC Surveillance Atlas aggregate,https://atlas.ecdc.europa.eu/public/,1.2820512820512822,0,J01DH_carbapenems,,,,,,,,,,,,,,,1254275,12.9503446411893,66.8907450570326,26247.46484375,6.62192535,https://api.worldbank.org/v2/,0.0,0.0,0.0,0.3846153846153847,0.5551444896054094,5.056245805348308,2.0,150.0,0.0,114.0,0.9433962264150944,212.0
EU_EEA,Cyprus,CYP,2018,Escherichia coli,Blood/invasive,Carbapenems,3,150,EARS-Net mixed/not reported,Not reported in Atlas aggregate,ECDC Surveillance Atlas aggregate,https://atlas.ecdc.europa.eu/public/,2.0,0,J01DH_carbapenems,,,,,,,,,,,,,,,1270737,13.1664879646662,66.8255530496405,29120.38671875,6.78446245,https://api.worldbank.org/v2/,1.2820512820512822,0.0,0.0,0.7282051282051283,0.858878678176627,5.017279836814924,0.0,92.0,1.0416666666666667,192.0,0.9063444108761329,331.0
EU_EEA,Cyprus,CYP,2019,Escherichia coli,Blood/invasive,Carbapenems,0,92,EARS-Net mixed/not reported,Not reported in Atlas aggregate,ECDC Surveillance Atlas aggregate,https://atlas.ecdc.europa.eu/public/,0.0,0,J01DH_carbapenems,,,,,,,,,,,,,,,1286671,13.3825533556934,66.7677357070518,29227.16796875,6.99843168,https://api.worldbank.org/v2/,2.0,1.2820512820512822,0.0,0.07179487179487169,0.8588786781766271,4.532599493153256,0.0,114.0,0.9433962264150944,212.0,,
EU_EEA,Cyprus,CYP,2020,Escherichia coli,Blood/invasive,Carbapenems,0,114,EUCAST,EUCAST required; exact version unavailable in Atlas aggregate,ECDC Surveillance Atlas aggregate,https://atlas.ecdc.europa.eu/public/,0.0,1,J01DH_carbapenems,,,,,,,,,,,,,,,1302247,13.6112758903357,66.7180443478713,28130.330078125,8.64796448,https://api.worldbank.org/v2/,0.0,2.0,1.2820512820512822,-0.584615384615385,0.8588786781766271,4.74493212836325,1.0416666666666667,192.0,0.9063444108761329,331.0,,
EU_EEA,Cyprus,CYP,2021,Escherichia coli,Blood/invasive,Carbapenems,2,192,EUCAST,EUCAST required; exact version unavailable in Atlas aggregate,ECDC Surveillance Atlas aggregate,https://atlas.ecdc.europa.eu/public/,1.0416666666666667,0,J01DH_carbapenems,,,,,,,,,,,,,,,1317309,13.8514250837978,66.6718365394971,32937.8359375,8.87445068,https://api.worldbank.org/v2/,0.0,0.0,2.0,-0.2875000000000002,0.8324865489403819,5.262690188904886,0.9433962264150944,212.0,,,,
EU_EEA,Cyprus,CYP,2022,Escherichia coli,Blood/invasive,Carbapenems,2,212,EUCAST,EUCAST required; exact version unavailable in Atlas aggregate,ECDC Surveillance Atlas aggregate,https://atlas.ecdc.europa.eu/public/,0.9433962264150944,0,J01DH_carbapenems,,,,,,,,,,,,,,,1331370,14.0779422699926,66.6694829407584,33231.05078125,8.27201366,https://api.worldbank.org/v2/,1.0416666666666667,0.0,0.0,0.387185534591195,0.4974804549140981,5.3612921657094255,0.9063444108761329,331.0,,,,
EU_EEA,Cyprus,CYP,2023,Escherichia coli,Blood/invasive,Carbapenems,3,331,EUCAST,EUCAST required; exact version unavailable in Atlas aggregate,ECDC Surveillance Atlas aggregate,https://atlas.ecdc.europa.eu/public/,0.9063444108761329,0,J01DH_carbapenems,,,,,,,,,,,,,,,1344976,14.3232720596026,66.6739477522639,36623.70703125,8.11912918,https://api.worldbank.org/v2/,0.9433962264150944,1.0416666666666667,0.0,0.26207627923768273,0.420257964302827,5.805134968916488,,,,,,
EU_EEA,Cyprus,CYP,2013,Escherichia coli,Blood/invasive,Fluoroquinolones,84,162,EARS-Net mixed/not reported,Not reported in Atlas aggregate,ECDC Surveillance Atlas aggregate,https://atlas.ecdc.europa.eu/public/,51.851851851851855,0,J01M_quinolones,,,,,,,,,,,,,,,1183895,12.0174508719101,67.2102333625375,27764.7265625,6.92774534,https://api.worldbank.org/v2/,42.04545454545455,47.44525547445255,42.7536231884058,2.1894885061340092,3.9531004523642506,5.093750200806762,46.40522875816993,153.0,46.97986577181208,149.0,42.384105960264904,151.0
EU_EEA,Cyprus,CYP,2014,Escherichia coli,Blood/invasive,Fluoroquinolones,71,153,EARS-Net mixed/not reported,Not reported in Atlas aggregate,ECDC Surveillance Atlas aggregate,https://atlas.ecdc.europa.eu/public/,46.40522875816993,0,J01M_quinolones,,,,,,,,,,,,,,,1201801,12.2610616321095,67.1230558819804,26993.095703125,6.93137264,https://api.worldbank.org/v2/,51.851851851851855,42.04545454545455,47.44525547445255,0.6686317157549373,3.4865487924853866,5.0369526024136295,45.52845528455285,123.0,42.94871794871795,156.0,43.47826086956522,92.0
EU_EEA,Cyprus,CYP,2015,Escherichia coli,Blood/invasive,Fluoroquinolones,56,123,EARS-Net mixed/not reported,Not reported in Atlas aggregate,ECDC Surveillance Atlas aggregate,https://atlas.ecdc.europa.eu/public/,45.52845528455285,0,J01M_quinolones,,,,,,,,,,,,,,,1219502,12.499902624146,67.0402477918073,23088.4296875,6.79382181,https://api.worldbank.org/v2/,46.40522875816993,51.851851851851855,42.04545454545455,0.5002379123612877,3.5153603341383235,4.820281565605037,46.97986577181208,149.0,42.384105960264904,151.0,48.24561403508772,114.0
EU_EEA,Cyprus,CYP,2016,Escherichia coli,Blood/invasive,Fluoroquinolones,70,149,EARS-Net mixed/not reported,Not reported in Atlas aggregate,ECDC Surveillance Atlas aggregate,https://atlas.ecdc.europa.eu/public/,46.97986577181208,0,J01M_quinolones,,,,,,,,,,,,,,,1237112,12.7306530327678,66.9625604106231,24280.044921875,6.65254688,https://api.worldbank.org/v2/,45.52845528455285,46.40522875816993,51.851851851851855,-1.5492731713736485,2.4570412524527208,5.0106352940962555,42.94871794871795,156.0,43.47826086956522,92.0,51.5625,192.0
EU_EEA,Cyprus,CYP,2017,Escherichia coli,Blood/invasive,Fluoroquinolones,67,156,EARS-Net mixed/not reported,Not reported in Atlas aggregate,ECDC Surveillance Atlas aggregate,https://atlas.ecdc.europa.eu/public/,42.94871794871795,0,J01M_quinolones,,,,,,,,,,,,,,,1254275,12.9503446411893,66.8907450570326,26247.46484375,6.62192535,https://api.worldbank.org/v2/,46.97986577181208,45.52845528455285,46.40522875816993,-0.8918121941096857,1.542283134945696,5.056245805348308,42.384105960264904,151.0,48.24561403508772,114.0,46.36363636363637,220.0
EU_EEA,Cyprus,CYP,2018,Escherichia coli,Blood/invasive,Fluoroquinolones,64,151,EARS-Net mixed/not reported,Not reported in Atlas aggregate,ECDC Surveillance Atlas aggregate,https://atlas.ecdc.europa.eu/public/,42.384105960264904,0,J01M_quinolones,,,,,,,,,,,,,,,1270737,13.1664879646662,66.8255530496405,29120.38671875,6.78446245,https://api.worldbank.org/v2/,42.94871794871795,46.97986577181208,45.52845528455285,-1.3464195795958083,1.8764747119290786,5.0238805208462765,43.47826086956522,92.0,51.5625,192.0,42.90030211480362,331.0
EU_EEA,Cyprus,CYP,2019,Escherichia coli,Blood/invasive,Fluoroquinolones,40,92,EARS-Net mixed/not reported,Not reported in Atlas aggregate,ECDC Surveillance Atlas aggregate,https://atlas.ecdc.europa.eu/public/,43.47826086956522,0,J01M_quinolones,,,,,,,,,,,,,,,1286671,13.3825533556934,66.7677357070518,29227.16796875,6.99843168,https://api.worldbank.org/v2/,42.384105960264904,42.94871794871795,46.97986577181208,-1.10694266951937,1.792846467153856,4.532599493153256,48.24561403508772,114.0,46.36363636363637,220.0,,
EU_EEA,Cyprus,CYP,2020,Escherichia coli,Blood/invasive,Fluoroquinolones,55,114,EUCAST,EUCAST required; exact version unavailable in Atlas aggregate,ECDC Surveillance Atlas aggregate,https://atlas.ecdc.europa.eu/public/,48.24561403508772,1,J01M_quinolones,,,,,,,,,,,,,,,1302247,13.6112758903357,66.7180443478713,28130.330078125,8.64796448,https://api.worldbank.org/v2/,43.47826086956522,42.384105960264904,42.94871794871795,1.6984843168409538,2.3310193402498163,4.74493212836325,51.5625,192.0,42.90030211480362,331.0,,
EU_EEA,Cyprus,CYP,2021,Escherichia coli,Blood/invasive,Fluoroquinolones,99,192,EUCAST,EUCAST required; exact version unavailable in Atlas aggregate,ECDC Surveillance Atlas aggregate,https://atlas.ecdc.europa.eu/public/,51.5625,0,J01M_quinolones,,,,,,,,,,,,,,,1317309,13.8514250837978,66.6718365394971,32937.8359375,8.87445068,https://api.worldbank.org/v2/,48.24561403508772,43.47826086956522,42.384105960264904,3.2302535284727725,3.6986625965721176,5.262690188904886,46.36363636363637,220.0,,,,
EU_EEA,Cyprus,CYP,2022,Escherichia coli,Blood/invasive,Fluoroquinolones,102,220,EUCAST,EUCAST required; exact version unavailable in Atlas aggregate,ECDC Surveillance Atlas aggregate,https://atlas.ecdc.europa.eu/public/,46.36363636363637,0,J01M_quinolones,,,,,,,,,,,,,,,1331370,14.0779422699926,66.6694829407584,33231.05078125,8.27201366,https://api.worldbank.org/v2/,51.5625,48.24561403508772,43.47826086956522,1.1973012447125655,2.936619291743419,5.3981627015177525,42.90030211480362,331.0,,,,
EU_EEA,Cyprus,CYP,2023,Escherichia coli,Blood/invasive,Fluoroquinolones,142,331,EUCAST,EUCAST required; exact version unavailable in Atlas aggregate,ECDC Surveillance Atlas aggregate,https://atlas.ecdc.europa.eu/public/,42.90030211480362,0,J01M_quinolones,,,,,,,,,,,,,,,1344976,14.3232720596026,66.6739477522639,36623.70703125,8.11912918,https://api.worldbank.org/v2/,46.36363636363637,51.5625,48.24561403508772,-2.1234799397216033,3.1342111389485527,5.805134968916488,,,,,,
EU_EEA,Cyprus,CYP,2013,Escherichia coli,Blood/invasive,Third-generation cephalosporins,63,162,EARS-Net mixed/not reported,Not reported in Atlas aggregate,ECDC Surveillance Atlas aggregate,https://atlas.ecdc.europa.eu/public/,38.888888888888886,0,J01D_other_beta_lactams,,,,,,,,,,,,,,,1183895,12.0174508719101,67.2102333625375,27764.7265625,6.92774534,https://api.worldbank.org/v2/,31.818181818181817,36.231884057971016,20.14388489208633,5.182130975061843,7.172096282351314,5.093750200806762,28.758169934640524,153.0,30.201342281879196,149.0,37.086092715231786,151.0
EU_EEA,Cyprus,CYP,2014,Escherichia coli,Blood/invasive,Third-generation cephalosporins,44,153,EARS-Net mixed/not reported,Not reported in Atlas aggregate,ECDC Surveillance Atlas aggregate,https://atlas.ecdc.europa.eu/public/,28.758169934640524,0,J01D_other_beta_lactams,,,,,,,,,,,,,,,1201801,12.2610616321095,67.1230558819804,26993.095703125,6.93137264,https://api.worldbank.org/v2/,38.888888888888886,31.818181818181817,36.231884057971016,-1.5350435299284484,3.9082195648037654,5.0369526024136295,28.45528455284553,123.0,30.76923076923077,156.0,20.652173913043477,92.0
EU_EEA,Cyprus,CYP,2015,Escherichia coli,Blood/invasive,Third-generation cephalosporins,35,123,EARS-Net mixed/not reported,Not reported in Atlas aggregate,ECDC Surveillance Atlas aggregate,https://atlas.ecdc.europa.eu/public/,28.45528455284553,0,J01D_other_beta_lactams,,,,,,,,,,,,,,,1219502,12.499902624146,67.0402477918073,23088.4296875,6.79382181,https://api.worldbank.org/v2/,28.758169934640524,38.888888888888886,31.818181818181817,-2.02194107502573,4.200081507765222,4.820281565605037,30.201342281879196,149.0,37.086092715231786,151.0,29.82456140350877,114.0
EU_EEA,Cyprus,CYP,2016,Escherichia coli,Blood/invasive,Third-generation cephalosporins,45,149,EARS-Net mixed/not reported,Not reported in Atlas aggregate,ECDC Surveillance Atlas aggregate,https://atlas.ecdc.europa.eu/public/,30.201342281879196,0,J01D_other_beta_lactams,,,,,,,,,,,,,,,1237112,12.7306530327678,66.9625604106231,24280.044921875,6.65254688,https://api.worldbank.org/v2/,28.45528455284553,28.758169934640524,38.888888888888886,-2.636552520282415,4.273378607667277,5.0106352940962555,30.76923076923077,156.0,20.652173913043477,92.0,32.8125,192.0
EU_EEA,Cyprus,CYP,2017,Escherichia coli,Blood/invasive,Third-generation cephalosporins,48,156,EARS-Net mixed/not reported,Not reported in Atlas aggregate,ECDC Surveillance Atlas aggregate,https://atlas.ecdc.europa.eu/public/,30.76923076923077,0,J01D_other_beta_lactams,,,,,,,,,,,,,,,1254275,12.9503446411893,66.8907450570326,26247.46484375,6.62192535,https://api.worldbank.org/v2/,30.201342281879196,28.45528455284553,28.758169934640524,0.7779240232804344,0.9664501305767937,5.056245805348308,37.086092715231786,151.0,29.82456140350877,114.0,32.44444444444444,225.0
EU_EEA,Cyprus,CYP,2018,Escherichia coli,Blood/invasive,Third-generation cephalosporins,56,151,EARS-Net mixed/not reported,Not reported in Atlas aggregate,ECDC Surveillance Atlas aggregate,https://atlas.ecdc.europa.eu/public/,37.086092715231786,0,J01D_other_beta_lactams,,,,,,,,,,,,,,,1270737,13.1664879646662,66.8255530496405,29120.38671875,6.78446245,https://api.worldbank.org/v2/,30.76923076923077,30.201342281879196,28.45528455284553,2.6460312974510316,3.264572568976353,5.0238805208462765,20.652173913043477,92.0,32.8125,192.0,34.74320241691843,331.0
EU_EEA,Cyprus,CYP,2019,Escherichia coli,Blood/invasive,Third-generation cephalosporins,19,92,EARS-Net mixed/not reported,Not reported in Atlas aggregate,ECDC Surveillance Atlas aggregate,https://atlas.ecdc.europa.eu/public/,20.652173913043477,0,J01D_other_beta_lactams,,,,,,,,,,,,,,,1286671,13.3825533556934,66.7677357070518,29227.16796875,6.99843168,https://api.worldbank.org/v2/,37.086092715231786,30.76923076923077,30.201342281879196,-2.23306431605062,5.869626126685307,4.532599493153256,29.82456140350877,114.0,32.44444444444444,225.0,,
EU_EEA,Cyprus,CYP,2020,Escherichia coli,Blood/invasive,Third-generation cephalosporins,34,114,EUCAST,EUCAST required; exact version unavailable in Atlas aggregate,ECDC Surveillance Atlas aggregate,https://atlas.ecdc.europa.eu/public/,29.82456140350877,1,J01D_other_beta_lactams,,,,,,,,,,,,,,,1302247,13.6112758903357,66.7180443478713,28130.330078125,8.64796448,https://api.worldbank.org/v2/,20.652173913043477,37.086092715231786,30.76923076923077,-1.9267926899354357,5.863479134385531,4.74493212836325,32.8125,192.0,34.74320241691843,331.0,,
EU_EEA,Cyprus,CYP,2021,Escherichia coli,Blood/invasive,Third-generation cephalosporins,63,192,EUCAST,EUCAST required; exact version unavailable in Atlas aggregate,ECDC Surveillance Atlas aggregate,https://atlas.ecdc.europa.eu/public/,32.8125,0,J01D_other_beta_lactams,,,,,,,,,,,,,,,1317309,13.8514250837978,66.6718365394971,32937.8359375,8.87445068,https://api.worldbank.org/v2/,29.82456140350877,20.652173913043477,37.086092715231786,-0.3648390655230133,6.031174837648216,5.262690188904886,32.44444444444444,225.0,,,,
EU_EEA,Cyprus,CYP,2022,Escherichia coli,Blood/invasive,Third-generation cephalosporins,73,225,EUCAST,EUCAST required; exact version unavailable in Atlas aggregate,ECDC Surveillance Atlas aggregate,https://atlas.ecdc.europa.eu/public/,32.44444444444444,0,J01D_other_beta_lactams,,,,,,,,,,,,,,,1331370,14.0779422699926,66.6694829407584,33231.05078125,8.27201366,https://api.worldbank.org/v2/,32.8125,29.82456140350877,20.652173913043477,3.8364750190694075,4.918021046357636,5.420534999272286,34.74320241691843,331.0,,,,
EU_EEA,Cyprus,CYP,2023,Escherichia coli,Blood/invasive,Third-generation cephalosporins,115,331,EUCAST,EUCAST required; exact version unavailable in Atlas aggregate,ECDC Surveillance Atlas aggregate,https://atlas.ecdc.europa.eu/public/,34.74320241691843,0,J01D_other_beta_lactams,,,,,,,,,,,,,,,1344976,14.3232720596026,66.6739477522639,36623.70703125,8.11912918,https://api.worldbank.org/v2/,32.44444444444444,32.8125,29.82456140350877,1.4387867484673391,1.7523548184168947,5.805134968916488,,,,,,
EU_EEA,Czechia,CZE,2013,Escherichia coli,Blood/invasive,Aminoglycosides,268,2957,EARS-Net mixed/not reported,Not reported in Atlas aggregate,ECDC Surveillance Atlas aggregate,https://atlas.ecdc.europa.eu/public/,9.0632397700372,0,J01G_aminoglycosides,,,,,8.65,,,,,,,,,,10514272,17.0821590856387,73.1622186934979,20260.4954999375,7.44831276,https://api.worldbank.org/v2/,8.17923186344239,8.202247191011235,7.928075194115243,0.3382478400197008,0.42940048877917036,7.992268643270745,10.67472306143001,2979.0,12.152891212022215,3061.0,9.470216854241011,3643.0
EU_EEA,Czechia,CZE,2014,Escherichia coli,Blood/invasive,Aminoglycosides,318,2979,EARS-Net mixed/not reported,Not reported in Atlas aggregate,ECDC Surveillance Atlas aggregate,https://atlas.ecdc.europa.eu/public/,10.67472306143001,0,J01G_aminoglycosides,,,,,8.9858,,,,,,,,,,10525347,17.6054939584589,73.0995921041469,20038.4163180257,7.53919601,https://api.worldbank.org/v2/,9.0632397700372,8.17923186344239,8.202247191011235,0.8301435517851121,1.014297772871646,7.9996785794994505,11.349306431273645,3172.0,10.69084088777743,3199.0,11.407698791795449,3559.0
EU_EEA,Czechia,CZE,2015,Escherichia coli,Blood/invasive,Aminoglycosides,360,3172,EARS-Net mixed/not reported,Not reported in Atlas aggregate,ECDC Surveillance Atlas aggregate,https://atlas.ecdc.europa.eu/public/,11.349306431273645,0,J01G_aminoglycosides,,,,,9.343800000000002,,,,,,,,,,10546059,18.0968797652582,73.0370442874355,17931.5987670768,7.29346752,https://api.worldbank.org/v2/,10.67472306143001,9.0632397700372,8.17923186344239,1.1121706994886564,1.2583809281347154,8.062432791583195,12.152891212022215,3061.0,9.470216854241011,3643.0,10.170056685561853,2999.0
EU_EEA,Czechia,CZE,2016,Escherichia coli,Blood/invasive,Aminoglycosides,372,3061,EARS-Net mixed/not reported,Not reported in Atlas aggregate,ECDC Surveillance Atlas aggregate,https://atlas.ecdc.europa.eu/public/,12.152891212022215,0,J01G_aminoglycosides,,,,,,,,,,,,,,,10566332,18.5951592241056,72.9745753395623,18753.9686718096,7.32258606,https://api.worldbank.org/v2/,11.349306431273645,10.67472306143001,9.0632397700372,0.9943537695798663,1.136186536048347,8.026823576217629,10.69084088777743,3199.0,11.407698791795449,3559.0,9.608177172061328,2935.0
EU_EEA,Czechia,CZE,2017,Escherichia coli,Blood/invasive,Aminoglycosides,342,3199,EARS-Net mixed/not reported,Not reported in Atlas aggregate,ECDC Surveillance Atlas aggregate,https://atlas.ecdc.europa.eu/public/,10.69084088777743,0,J01G_aminoglycosides,,,,,,,,,,,,,,,10594438,19.085882000882,72.9121853567256,20913.197632212,7.24190664,https://api.worldbank.org/v2/,12.152891212022215,11.349306431273645,10.67472306143001,0.08519382597908123,0.6050423596259527,8.070906088787819,9.470216854241011,3643.0,10.170056685561853,2999.0,9.419680403700589,3567.0
EU_EEA,Czechia,CZE,2018,Escherichia coli,Blood/invasive,Aminoglycosides,345,3643,EARS-Net mixed/not reported,Not reported in Atlas aggregate,ECDC Surveillance Atlas aggregate,https://atlas.ecdc.europa.eu/public/,9.470216854241011,0,J01G_aminoglycosides,,,,,,,,,,,,,,,10629928,19.5315793430182,72.8498744351241,23705.9329811299,7.37173605,https://api.worldbank.org/v2/,10.69084088777743,12.152891212022215,11.349306431273645,-0.7099319055342713,0.9821710295979229,8.200837258379849,11.407698791795449,3559.0,9.608177172061328,2935.0,9.763617677286742,3892.0
EU_EEA,Czechia,CZE,2019,Escherichia coli,Blood/invasive,Aminoglycosides,406,3559,EARS-Net mixed/not reported,Not reported in Atlas aggregate,ECDC Surveillance Atlas aggregate,https://atlas.ecdc.europa.eu/public/,11.407698791795449,0,J01G_aminoglycosides,,,,,,,,,,,,,,,10671870,19.9485877378936,72.7876426709563,24062.7190013343,7.48754358,https://api.worldbank.org/v2/,9.470216854241011,10.69084088777743,12.152891212022215,-0.3456201294216733,0.9889163623581293,8.177515823846075,10.170056685561853,2999.0,9.419680403700589,3567.0,,
EU_EEA,Czechia,CZE,2020,Escherichia coli,Blood/invasive,Aminoglycosides,305,2999,EUCAST,EUCAST required; exact version unavailable in Atlas aggregate,ECDC Surveillance Atlas aggregate,https://atlas.ecdc.europa.eu/public/,10.170056685561853,1,J01G_aminoglycosides,,,,,,,,,,,,,,,10697858,20.2939736426932,72.7254901604208,23472.8915454417,8.96995831,https://api.worldbank.org/v2/,11.407698791795449,9.470216854241011,10.69084088777743,0.03751293309076928,0.7093304282055584,8.006367567650246,9.608177172061328,2935.0,9.763617677286742,3892.0,,
EU_EEA,Czechia,CZE,2021,Escherichia coli,Blood/invasive,Aminoglycosides,282,2935,EUCAST,EUCAST required; exact version unavailable in Atlas aggregate,ECDC Surveillance Atlas aggregate,https://atlas.ecdc.europa.eu/public/,9.608177172061328,0,J01G_aminoglycosides,,,,,5.6958,1.6670000000000003,,,,1.7772719313605323,,,,,10505772,20.5371541683077,72.6810594374316,27696.4619527544,9.15420723,https://api.worldbank.org/v2/,10.170056685561853,11.407698791795449,9.470216854241011,-0.08237611527726546,0.764378412823556,7.984803389734406,9.419680403700589,3567.0,,,,
EU_EEA,Czechia,CZE,2022,Escherichia coli,Blood/invasive,Aminoglycosides,336,3567,EUCAST,EUCAST required; exact version unavailable in Atlas aggregate,ECDC Surveillance Atlas aggregate,https://atlas.ecdc.europa.eu/public/,9.419680403700589,0,J01G_aminoglycosides,,,,,7.276000000000001,2.0047,,,,1.226070122607012,,,,1.7772719313605323,10672118,20.5183106530339,72.6967638379524,28282.2236715857,8.47063065,https://api.worldbank.org/v2/,9.608177172061328,10.170056685561853,11.407698791795449,-0.6525934677785131,0.7760701215970369,8.1797604936999,9.763617677286742,3892.0,,,,
EU_EEA,Czechia,CZE,2023,Escherichia coli,Blood/invasive,Aminoglycosides,380,3892,EUCAST,EUCAST required; exact version unavailable in Atlas aggregate,ECDC Surveillance Atlas aggregate,https://atlas.ecdc.europa.eu/public/,9.763617677286742,0,J01G_aminoglycosides,,,,,,,,,,,,,,,10864042,20.5459005583495,72.7352388396817,31761.5944102491,8.42677402,https://api.worldbank.org/v2/,9.419680403700589,9.608177172061328,10.170056685561853,-0.14078137931860887,0.27635478216736836,8.266935347610456,,,,,,
EU_EEA,Czechia,CZE,2013,Escherichia coli,Blood/invasive,Aminopenicillins,1623,2954,EARS-Net mixed/not reported,Not reported in Atlas aggregate,ECDC Surveillance Atlas aggregate,https://atlas.ecdc.europa.eu/public/,54.9424509140149,0,J01C_penicillins,6.0531,,,,8.65,,,,,,,,,,10514272,17.0821590856387,73.1622186934979,20260.4954999375,7.44831276,https://api.worldbank.org/v2/,56.8125222340804,60.67834513604174,59.33091495364772,-1.7031215020859878,2.2186527808459515,7.991253929840199,54.36534586971121,2978.0,55.05728314238952,3055.0,54.2032967032967,3640.0
EU_EEA,Czechia,CZE,2014,Escherichia coli,Blood/invasive,Aminopenicillins,1619,2978,EARS-Net mixed/not reported,Not reported in Atlas aggregate,ECDC Surveillance Atlas aggregate,https://atlas.ecdc.europa.eu/public/,54.36534586971121,0,J01C_penicillins,6.0808,6.0531,,,8.9858,,,,,,,,,,10525347,17.6054939584589,73.0995921041469,20038.4163180257,7.53919601,https://api.worldbank.org/v2/,54.9424509140149,56.8125222340804,60.67834513604174,-2.0809069119057177,2.468779026473899,7.999342952713282,54.25598991172762,3172.0,53.00187617260788,3198.0,54.61192350956131,3556.0
EU_EEA,Czechia,CZE,2015,Escherichia coli,Blood/invasive,Aminopenicillins,1721,3172,EARS-Net mixed/not reported,Not reported in Atlas aggregate,ECDC Surveillance Atlas aggregate,https://atlas.ecdc.europa.eu/public/,54.25598991172762,0,J01C_penicillins,6.257900000000001,6.0808,6.0531,,9.343800000000002,,,,,,,,,,10546059,18.0968797652582,73.0370442874355,17931.5987670768,7.29346752,https://api.worldbank.org/v2/,54.36534586971121,54.9424509140149,56.8125222340804,-0.8246702011362103,1.0258512952988412,8.062432791583195,55.05728314238952,3055.0,54.2032967032967,3640.0,52.652652652652655,2997.0
EU_EEA,Czechia,CZE,2016,Escherichia coli,Blood/invasive,Aminopenicillins,1682,3055,EARS-Net mixed/not reported,Not reported in Atlas aggregate,ECDC Surveillance Atlas aggregate,https://atlas.ecdc.europa.eu/public/,55.05728314238952,0,J01C_penicillins,,,,,,,,,,,,,,,10566332,18.5951592241056,72.9745753395623,18753.9686718096,7.32258606,https://api.worldbank.org/v2/,54.25598991172762,54.36534586971121,54.9424509140149,0.02351407271402048,0.34913036040167633,8.024862150286411,53.00187617260788,3198.0,54.61192350956131,3556.0,51.43149284253579,2934.0
EU_EEA,Czechia,CZE,2017,Escherichia coli,Blood/invasive,Aminopenicillins,1695,3198,EARS-Net mixed/not reported,Not reported in Atlas aggregate,ECDC Surveillance Atlas aggregate,https://atlas.ecdc.europa.eu/public/,53.00187617260788,0,J01C_penicillins,,,,,,,,,,,,,,,10594438,19.085882000882,72.9121853567256,20913.197632212,7.24190664,https://api.worldbank.org/v2/,55.05728314238952,54.25598991172762,54.36534586971121,-0.3289115860648185,0.7411711784975218,8.070593539949519,54.2032967032967,3640.0,52.652652652652655,2997.0,51.627384960718295,3564.0
EU_EEA,Czechia,CZE,2018,Escherichia coli,Blood/invasive,Aminopenicillins,1973,3640,EARS-Net mixed/not reported,Not reported in Atlas aggregate,ECDC Surveillance Atlas aggregate,https://atlas.ecdc.europa.eu/public/,54.2032967032967,0,J01C_penicillins,,,,,,,,,,,,,,,10629928,19.5315793430182,72.8498744351241,23705.9329811299,7.37173605,https://api.worldbank.org/v2/,53.00187617260788,55.05728314238952,54.25598991172762,-0.22134865950744356,0.7337851621689585,8.200013648175434,54.61192350956131,3556.0,51.43149284253579,2934.0,51.56731757451182,3892.0
EU_EEA,Czechia,CZE,2019,Escherichia coli,Blood/invasive,Aminopenicillins,1942,3556,EARS-Net mixed/not reported,Not reported in Atlas aggregate,ECDC Surveillance Atlas aggregate,https://atlas.ecdc.europa.eu/public/,54.61192350956131,0,J01C_penicillins,,,,,,,,,,,,,,,10671870,19.9485877378936,72.7876426709563,24062.7190013343,7.48754358,https://api.worldbank.org/v2/,54.2032967032967,53.00187617260788,55.05728314238952,-0.013465836779589157,0.7646476082861113,8.176672771948455,52.652652652652655,2997.0,51.627384960718295,3564.0,,
EU_EEA,Czechia,CZE,2020,Escherichia coli,Blood/invasive,Aminopenicillins,1578,2997,EUCAST,EUCAST required; exact version unavailable in Atlas aggregate,ECDC Surveillance Atlas aggregate,https://atlas.ecdc.europa.eu/public/,52.652652652652655,1,J01C_penicillins,,,,,,,,,,,,,,,10697858,20.2939736426932,72.7254901604208,23472.8915454417,8.96995831,https://api.worldbank.org/v2/,54.61192350956131,54.2032967032967,53.00187617260788,-0.06390437536011609,0.8127052015878612,8.005700678662542,51.43149284253579,2934.0,51.56731757451182,3892.0,,
EU_EEA,Czechia,CZE,2021,Escherichia coli,Blood/invasive,Aminopenicillins,1509,2934,EUCAST,EUCAST required; exact version unavailable in Atlas aggregate,ECDC Surveillance Atlas aggregate,https://atlas.ecdc.europa.eu/public/,51.43149284253579,0,J01C_penicillins,4.6641,6.257900000000001,6.0808,6.0531,5.6958,1.6670000000000003,,,,1.7772719313605323,,,,,10505772,20.5371541683077,72.6810594374316,27696.4619527544,9.15420723,https://api.worldbank.org/v2/,52.652652652652655,54.61192350956131,54.2032967032967,-1.0274682439191503,1.2673664200186971,7.984462732262196,51.627384960718295,3564.0,,,,
EU_EEA,Czechia,CZE,2022,Escherichia coli,Blood/invasive,Aminopenicillins,1840,3564,EUCAST,EUCAST required; exact version unavailable in Atlas aggregate,ECDC Surveillance Atlas aggregate,https://atlas.ecdc.europa.eu/public/,51.627384960718295,0,J01C_penicillins,6.0534,4.6641,6.257900000000001,6.0808,7.276000000000001,2.0047,,,,1.226070122607012,,,,1.7772719313605323,10672118,20.5183106530339,72.6967638379524,28282.2236715857,8.47063065,https://api.worldbank.org/v2/,51.43149284253579,52.652652652652655,54.61192350956131,-1.0174775456646,1.2610048253265995,8.178919332848396,51.56731757451182,3892.0,,,,
EU_EEA,Czechia,CZE,2023,Escherichia coli,Blood/invasive,Aminopenicillins,2007,3892,EUCAST,EUCAST required; exact version unavailable in Atlas aggregate,ECDC Surveillance Atlas aggregate,https://atlas.ecdc.europa.eu/public/,51.56731757451182,0,J01C_penicillins,,,,,,,,,,,,,,,10864042,20.5459005583495,72.7352388396817,31761.5944102491,8.42677402,https://api.worldbank.org/v2/,51.627384960718295,51.43149284253579,52.652652652652655,-0.3060113116240074,0.48610618210418083,8.266935347610456,,,,,,
EU_EEA,Czechia,CZE,2013,Escherichia coli,Blood/invasive,Carbapenems,0,1733,EARS-Net mixed/not reported,Not reported in Atlas aggregate,ECDC Surveillance Atlas aggregate,https://atlas.ecdc.europa.eu/public/,0.0,0,J01DH_carbapenems,,,,,8.65,,,,,,,,,,10514272,17.0821590856387,73.1622186934979,20260.4954999375,7.44831276,https://api.worldbank.org/v2/,0.0578368999421631,0.0,0.06071645415907711,-0.012431246253506828,0.029655818815232507,7.458186157340487,0.0,1702.0,0.0,1483.0,0.05707762557077625,1752.0
EU_EEA,Czechia,CZE,2014,Escherichia coli,Blood/invasive,Carbapenems,0,1702,EARS-Net mixed/not reported,Not reported in Atlas aggregate,ECDC Surveillance Atlas aggregate,https://atlas.ecdc.europa.eu/public/,0.0,0,J01DH_carbapenems,,,,,8.9858,,,,,,,,,,10525347,17.6054939584589,73.0995921041469,20038.4163180257,7.53919601,https://api.worldbank.org/v2/,0.0,0.0578368999421631,0.0,-0.005783689994216311,0.02504411231302603,7.440146680662688,0.0,1471.0,0.0,1431.0,0.0,1689.0
EU_EEA,Czechia,CZE,2015,Escherichia coli,Blood/invasive,Carbapenems,0,1471,EARS-Net mixed/not reported,Not reported in Atlas aggregate,ECDC Surveillance Atlas aggregate,https://atlas.ecdc.europa.eu/public/,0.0,0,J01DH_carbapenems,,,,,9.343800000000002,,,,,,,,,,10546059,18.0968797652582,73.0370442874355,17931.5987670768,7.29346752,https://api.worldbank.org/v2/,0.0,0.0,0.0578368999421631,-0.017351069982648945,0.02504411231302603,7.294377299288821,0.0,1483.0,0.05707762557077625,1752.0,0.13333333333333333,1500.0
EU_EEA,Czechia,CZE,2016,Escherichia coli,Blood/invasive,Carbapenems,0,1483,EARS-Net mixed/not reported,Not reported in Atlas aggregate,ECDC Surveillance Atlas aggregate,https://atlas.ecdc.europa.eu/public/,0.0,0,J01DH_carbapenems,,,,,,,,,,,,,,,10566332,18.5951592241056,72.9745753395623,18753.9686718096,7.32258606,https://api.worldbank.org/v2/,0.0,0.0,0.0,0.0,0.0,7.302496423727326,0.0,1431.0,0.0,1689.0,0.0,1342.0
EU_EEA,Czechia,CZE,2017,Escherichia coli,Blood/invasive,Carbapenems,0,1431,EARS-Net mixed/not reported,Not reported in Atlas aggregate,ECDC Surveillance Atlas aggregate,https://atlas.ecdc.europa.eu/public/,0.0,0,J01DH_carbapenems,,,,,,,,,,,,,,,10594438,19.085882000882,72.9121853567256,20913.197632212,7.24190664,https://api.worldbank.org/v2/,0.0,0.0,0.0,0.0,0.0,7.266827347520591,0.05707762557077625,1752.0,0.13333333333333333,1500.0,0.17804154302670624,1685.0
EU_EEA,Czechia,CZE,2018,Escherichia coli,Blood/invasive,Carbapenems,1,1752,EARS-Net mixed/not reported,Not reported in Atlas aggregate,ECDC Surveillance Atlas aggregate,https://atlas.ecdc.europa.eu/public/,0.05707762557077625,0,J01DH_carbapenems,,,,,,,,,,,,,,,10629928,19.5315793430182,72.8498744351241,23705.9329811299,7.37173605,https://api.worldbank.org/v2/,0.0,0.0,0.0,0.01712328767123288,0.02471533686599429,7.469083884921234,0.0,1689.0,0.0,1342.0,0.0,1846.0
EU_EEA,Czechia,CZE,2019,Escherichia coli,Blood/invasive,Carbapenems,0,1689,EARS-Net mixed/not reported,Not reported in Atlas aggregate,ECDC Surveillance Atlas aggregate,https://atlas.ecdc.europa.eu/public/,0.0,0,J01DH_carbapenems,,,,,,,,,,,,,,,10671870,19.9485877378936,72.7876426709563,24062.7190013343,7.48754358,https://api.worldbank.org/v2/,0.05707762557077625,0.0,0.0,0.005707762557077624,0.02471533686599429,7.432483807917119,0.13333333333333333,1500.0,0.17804154302670624,1685.0,,
EU_EEA,Czechia,CZE,2020,Escherichia coli,Blood/invasive,Carbapenems,2,1500,EUCAST,EUCAST required; exact version unavailable in Atlas aggregate,ECDC Surveillance Atlas aggregate,https://atlas.ecdc.europa.eu/public/,0.13333333333333333,1,J01DH_carbapenems,,,,,,,,,,,,,,,10697858,20.2939736426932,72.7254901604208,23472.8915454417,8.96995831,https://api.worldbank.org/v2/,0.0,0.05707762557077625,0.0,0.034292237442922376,0.0547072888216915,7.313886831633462,0.0,1342.0,0.0,1846.0,,
EU_EEA,Czechia,CZE,2021,Escherichia coli,Blood/invasive,Carbapenems,0,1342,EUCAST,EUCAST required; exact version unavailable in Atlas aggregate,ECDC Surveillance Atlas aggregate,https://atlas.ecdc.europa.eu/public/,0.0,0,J01DH_carbapenems,0.0976,,,,5.6958,1.6670000000000003,,,,1.7772719313605323,,,,,10505772,20.5371541683077,72.6810594374316,27696.4619527544,9.15420723,https://api.worldbank.org/v2/,0.13333333333333333,0.0,0.05707762557077625,-0.0037899543378995515,0.0547072888216915,7.202661196523238,0.17804154302670624,1685.0,,,,
EU_EEA,Czechia,CZE,2022,Escherichia coli,Blood/invasive,Carbapenems,3,1685,EUCAST,EUCAST required; exact version unavailable in Atlas aggregate,ECDC Surveillance Atlas aggregate,https://atlas.ecdc.europa.eu/public/,0.17804154302670624,0,J01DH_carbapenems,0.0876,0.0976,,,7.276000000000001,2.0047,,,,1.226070122607012,,,,1.7772719313605323,10672118,20.5183106530339,72.6967638379524,28282.2236715857,8.47063065,https://api.worldbank.org/v2/,0.0,0.13333333333333333,0.0,0.04007912957467854,0.07943234607836216,7.430114138561801,0.0,1846.0,,,,
EU_EEA,Czechia,CZE,2023,Escherichia coli,Blood/invasive,Carbapenems,0,1846,EUCAST,EUCAST required; exact version unavailable in Atlas aggregate,ECDC Surveillance Atlas aggregate,https://atlas.ecdc.europa.eu/public/,0.0,0,J01DH_carbapenems,,,,,,,,,,,,,,,10864042,20.5459005583495,72.7352388396817,31761.5944102491,8.42677402,https://api.worldbank.org/v2/,0.17804154302670624,0.0,0.13333333333333333,-0.02219584569732939,0.07943234607836216,7.52131798019924,,,,,,
EU_EEA,Czechia,CZE,2013,Escherichia coli,Blood/invasive,Fluoroquinolones,613,2953,EARS-Net mixed/not reported,Not reported in Atlas aggregate,ECDC Surveillance Atlas aggregate,https://atlas.ecdc.europa.eu/public/,20.758550626481544,0,J01M_quinolones,0.8526999999999999,,,,8.65,,,,,,,,,,10514272,17.0821590856387,73.1622186934979,20260.4954999375,7.44831276,https://api.worldbank.org/v2/,20.968316126735495,23.48993288590604,22.732769044740024,-0.8444272013946003,1.157776188365558,7.9909154630913255,21.606182795698924,2976.0,27.638026788631166,3061.0,24.271577789994502,3638.0
EU_EEA,Czechia,CZE,2014,Escherichia coli,Blood/invasive,Fluoroquinolones,643,2976,EARS-Net mixed/not reported,Not reported in Atlas aggregate,ECDC Surveillance Atlas aggregate,https://atlas.ecdc.europa.eu/public/,21.606182795698924,0,J01M_quinolones,0.8802999999999999,0.8526999999999999,,,8.9858,,,,,,,,,,10525347,17.6054939584589,73.0995921041469,20038.4163180257,7.53919601,https://api.worldbank.org/v2/,20.758550626481544,20.968316126735495,23.48993288590604,-0.5861015770875342,1.0763616456710634,7.998671361015776,22.59083728278041,3165.0,24.47639887464833,3199.0,23.04445694991559,3554.0
EU_EEA,Czechia,CZE,2015,Escherichia coli,Blood/invasive,Fluoroquinolones,715,3165,EARS-Net mixed/not reported,Not reported in Atlas aggregate,ECDC Surveillance Atlas aggregate,https://atlas.ecdc.europa.eu/public/,22.59083728278041,0,J01M_quinolones,0.8755,0.8802999999999999,0.8526999999999999,,9.343800000000002,,,,,,,,,,10546059,18.0968797652582,73.0370442874355,17931.5987670768,7.29346752,https://api.worldbank.org/v2/,21.606182795698924,20.758550626481544,20.968316126735495,0.5715195637352103,0.712774048101742,8.060224240440958,27.638026788631166,3061.0,24.271577789994502,3638.0,20.186853520186855,2997.0
EU_EEA,Czechia,CZE,2016,Escherichia coli,Blood/invasive,Fluoroquinolones,846,3061,EARS-Net mixed/not reported,Not reported in Atlas aggregate,ECDC Surveillance Atlas aggregate,https://atlas.ecdc.europa.eu/public/,27.638026788631166,0,J01M_quinolones,,,,,,,,,,,,,,,10566332,18.5951592241056,72.9745753395623,18753.9686718096,7.32258606,https://api.worldbank.org/v2/,22.59083728278041,21.606182795698924,20.758550626481544,2.1623082973530314,2.6719580282152195,8.026823576217629,24.47639887464833,3199.0,23.04445694991559,3554.0,19.700068166325835,2934.0
EU_EEA,Czechia,CZE,2017,Escherichia coli,Blood/invasive,Fluoroquinolones,783,3199,EARS-Net mixed/not reported,Not reported in Atlas aggregate,ECDC Surveillance Atlas aggregate,https://atlas.ecdc.europa.eu/public/,24.47639887464833,0,J01M_quinolones,,,,,,,,,,,,,,,10594438,19.085882000882,72.9121853567256,20913.197632212,7.24190664,https://api.worldbank.org/v2/,27.638026788631166,22.59083728278041,21.606182795698924,1.365783774269891,2.299676366429561,8.070906088787819,24.271577789994502,3638.0,20.186853520186855,2997.0,18.23793490460157,3564.0
EU_EEA,Czechia,CZE,2018,Escherichia coli,Blood/invasive,Fluoroquinolones,883,3638,EARS-Net mixed/not reported,Not reported in Atlas aggregate,ECDC Surveillance Atlas aggregate,https://atlas.ecdc.europa.eu/public/,24.271577789994502,0,J01M_quinolones,,,,,,,,,,,,,,,10629928,19.5315793430182,72.8498744351241,23705.9329811299,7.37173605,https://api.worldbank.org/v2/,24.47639887464833,27.638026788631166,22.59083728278041,0.1880593607659385,1.8238896396318645,8.19946419761216,23.04445694991559,3554.0,19.700068166325835,2934.0,17.17665209565441,3889.0
EU_EEA,Czechia,CZE,2019,Escherichia coli,Blood/invasive,Fluoroquinolones,819,3554,EARS-Net mixed/not reported,Not reported in Atlas aggregate,ECDC Surveillance Atlas aggregate,https://atlas.ecdc.europa.eu/public/,23.04445694991559,0,J01M_quinolones,,,,,,,,,,,,,,,10671870,19.9485877378936,72.7876426709563,24062.7190013343,7.48754358,https://api.worldbank.org/v2/,24.271577789994502,24.47639887464833,27.638026788631166,-1.3985530600800613,1.6960982559011757,8.176110342237342,20.186853520186855,2997.0,18.23793490460157,3564.0,,
EU_EEA,Czechia,CZE,2020,Escherichia coli,Blood/invasive,Fluoroquinolones,605,2997,EUCAST,EUCAST required; exact version unavailable in Atlas aggregate,ECDC Surveillance Atlas aggregate,https://atlas.ecdc.europa.eu/public/,20.186853520186855,1,J01M_quinolones,,,,,,,,,,,,,,,10697858,20.2939736426932,72.7254901604208,23472.8915454417,8.96995831,https://api.worldbank.org/v2/,23.04445694991559,24.271577789994502,24.47639887464833,-1.409575690346337,1.7111637848737795,8.005700678662542,19.700068166325835,2934.0,17.17665209565441,3889.0,,
EU_EEA,Czechia,CZE,2021,Escherichia coli,Blood/invasive,Fluoroquinolones,578,2934,EUCAST,EUCAST required; exact version unavailable in Atlas aggregate,ECDC Surveillance Atlas aggregate,https://atlas.ecdc.europa.eu/public/,19.700068166325835,0,J01M_quinolones,0.5959,0.8755,0.8802999999999999,0.8526999999999999,5.6958,1.6670000000000003,,,,1.7772719313605323,,,,,10505772,20.5371541683077,72.6810594374316,27696.4619527544,9.15420723,https://api.worldbank.org/v2/,20.186853520186855,23.04445694991559,24.271577789994502,-1.6572132300734783,1.9150276080571749,7.984462732262196,18.23793490460157,3564.0,,,,
EU_EEA,Czechia,CZE,2022,Escherichia coli,Blood/invasive,Fluoroquinolones,650,3564,EUCAST,EUCAST required; exact version unavailable in Atlas aggregate,ECDC Surveillance Atlas aggregate,https://atlas.ecdc.europa.eu/public/,18.23793490460157,0,J01M_quinolones,0.6274,0.5959,0.8755,0.8802999999999999,7.276000000000001,2.0047,,,,1.226070122607012,,,,1.7772719313605323,10672118,20.5183106530339,72.6967638379524,28282.2236715857,8.47063065,https://api.worldbank.org/v2/,19.700068166325835,20.186853520186855,23.04445694991559,-1.4906351489803114,1.7433187691770093,8.178919332848396,17.17665209565441,3889.0,,,,
EU_EEA,Czechia,CZE,2023,Escherichia coli,Blood/invasive,Fluoroquinolones,668,3889,EUCAST,EUCAST required; exact version unavailable in Atlas aggregate,ECDC Surveillance Atlas aggregate,https://atlas.ecdc.europa.eu/public/,17.17665209565441,0,J01M_quinolones,,,,,,,,,,,,,,,10864042,20.5459005583495,72.7352388396817,31761.5944102491,8.42677402,https://api.worldbank.org/v2/,18.23793490460157,19.700068166325835,20.186853520186855,-1.0492737535321632,1.1918562179562753,8.266164436612492,,,,,,
EU_EEA,Czechia,CZE,2013,Escherichia coli,Blood/invasive,Third-generation cephalosporins,387,2954,EARS-Net mixed/not reported,Not reported in Atlas aggregate,ECDC Surveillance Atlas aggregate,https://atlas.ecdc.europa.eu/public/,13.100880162491537,0,J01D_other_beta_lactams,1.7442000000000002,,,,8.65,,,,,,,,,,10514272,17.0821590856387,73.1622186934979,20260.4954999375,7.44831276,https://api.worldbank.org/v2/,11.450924608819346,11.363636363636363,10.354552780016116,0.8326270392609227,0.9845869546718934,7.991253929840199,13.96910678307589,2978.0,15.060437765436133,3061.0,15.21560010985993,3641.0
EU_EEA,Czechia,CZE,2014,Escherichia coli,Blood/invasive,Third-generation cephalosporins,416,2978,EARS-Net mixed/not reported,Not reported in Atlas aggregate,ECDC Surveillance Atlas aggregate,https://atlas.ecdc.europa.eu/public/,13.96910678307589,0,J01D_other_beta_lactams,2.0247,1.7442000000000002,,,8.9858,,,,,,,,,,10525347,17.6054939584589,73.0995921041469,20038.4163180257,7.53919601,https://api.worldbank.org/v2/,13.100880162491537,11.450924608819346,11.363636363636363,0.9466366811990752,1.107686880889372,7.999342952713282,14.501891551071878,3172.0,14.223194748358862,3199.0,15.912285633961202,3557.0
EU_EEA,Czechia,CZE,2015,Escherichia coli,Blood/invasive,Third-generation cephalosporins,460,3172,EARS-Net mixed/not reported,Not reported in Atlas aggregate,ECDC Surveillance Atlas aggregate,https://atlas.ecdc.europa.eu/public/,14.501891551071878,0,J01D_other_beta_lactams,2.2104,2.0247,1.7442000000000002,,9.343800000000002,,,,,,,,,,10546059,18.0968797652582,73.0370442874355,17931.5987670768,7.29346752,https://api.worldbank.org/v2/,13.96910678307589,13.100880162491537,11.450924608819346,1.0021127447341929,1.1557601410756337,8.062432791583195,15.060437765436133,3061.0,15.21560010985993,3641.0,13.279946613279947,2997.0
EU_EEA,Czechia,CZE,2016,Escherichia coli,Blood/invasive,Third-generation cephalosporins,461,3061,EARS-Net mixed/not reported,Not reported in Atlas aggregate,ECDC Surveillance Atlas aggregate,https://atlas.ecdc.europa.eu/public/,15.060437765436133,0,J01D_other_beta_lactams,,,,,,,,,,,,,,,10566332,18.5951592241056,72.9745753395623,18753.9686718096,7.32258606,https://api.worldbank.org/v2/,14.501891551071878,13.96910678307589,13.100880162491537,0.6411457576829764,0.7221215778233695,8.026823576217629,14.223194748358862,3199.0,15.912285633961202,3557.0,14.417177914110429,2934.0
EU_EEA,Czechia,CZE,2017,Escherichia coli,Blood/invasive,Third-generation cephalosporins,455,3199,EARS-Net mixed/not reported,Not reported in Atlas aggregate,ECDC Surveillance Atlas aggregate,https://atlas.ecdc.europa.eu/public/,14.223194748358862,0,J01D_other_beta_lactams,,,,,,,,,,,,,,,10594438,19.085882000882,72.9121853567256,20913.197632212,7.24190664,https://api.worldbank.org/v2/,15.060437765436133,14.501891551071878,13.96910678307589,0.132081011021314,0.40543535761245647,8.070906088787819,15.21560010985993,3641.0,13.279946613279947,2997.0,14.750420639371844,3566.0
EU_EEA,Czechia,CZE,2018,Escherichia coli,Blood/invasive,Third-generation cephalosporins,554,3641,EARS-Net mixed/not reported,Not reported in Atlas aggregate,ECDC Surveillance Atlas aggregate,https://atlas.ecdc.europa.eu/public/,15.21560010985993,0,J01D_other_beta_lactams,,,,,,,,,,,,,,,10629928,19.5315793430182,72.8498744351241,23705.9329811299,7.37173605,https://api.worldbank.org/v2/,14.223194748358862,15.060437765436133,14.501891551071878,0.13038826592868602,0.40380574790194484,8.200288260287554,15.912285633961202,3557.0,14.417177914110429,2934.0,15.878725590955806,3892.0
EU_EEA,Czechia,CZE,2019,Escherichia coli,Blood/invasive,Third-generation cephalosporins,566,3557,EARS-Net mixed/not reported,Not reported in Atlas aggregate,ECDC Surveillance Atlas aggregate,https://atlas.ecdc.europa.eu/public/,15.912285633961202,0,J01D_other_beta_lactams,,,,,,,,,,,,,,,10671870,19.9485877378936,72.7876426709563,24062.7190013343,7.48754358,https://api.worldbank.org/v2/,15.21560010985993,14.223194748358862,15.060437765436133,0.35479489670762476,0.6007268074349525,8.17695386822578,13.279946613279947,2997.0,14.750420639371844,3566.0,,
EU_EEA,Czechia,CZE,2020,Escherichia coli,Blood/invasive,Third-generation cephalosporins,398,2997,EUCAST,EUCAST required; exact version unavailable in Atlas aggregate,ECDC Surveillance Atlas aggregate,https://atlas.ecdc.europa.eu/public/,13.279946613279947,1,J01D_other_beta_lactams,,,,,,,,,,,,,,,10697858,20.2939736426932,72.7254901604208,23472.8915454417,8.96995831,https://api.worldbank.org/v2/,15.912285633961202,15.21560010985993,14.223194748358862,-0.21330588811355145,0.9965235623094515,8.005700678662542,14.417177914110429,2934.0,15.878725590955806,3892.0,,
EU_EEA,Czechia,CZE,2021,Escherichia coli,Blood/invasive,Third-generation cephalosporins,423,2934,EUCAST,EUCAST required; exact version unavailable in Atlas aggregate,ECDC Surveillance Atlas aggregate,https://atlas.ecdc.europa.eu/public/,14.417177914110429,0,J01D_other_beta_lactams,2.0052000000000003,2.2104,2.0247,1.7442000000000002,5.6958,1.6670000000000003,,,,1.7772719313605323,,,,,10505772,20.5371541683077,72.6810594374316,27696.4619527544,9.15420723,https://api.worldbank.org/v2/,13.279946613279947,15.912285633961202,15.21560010985993,-0.5027605607929772,0.9787573124352418,7.984462732262196,14.750420639371844,3566.0,,,,
EU_EEA,Czechia,CZE,2022,Escherichia coli,Blood/invasive,Third-generation cephalosporins,526,3566,EUCAST,EUCAST required; exact version unavailable in Atlas aggregate,ECDC Surveillance Atlas aggregate,https://atlas.ecdc.europa.eu/public/,14.750420639371844,0,J01D_other_beta_lactams,2.5123,2.0052000000000003,2.2104,2.0247,7.276000000000001,2.0047,,,,1.226070122607012,,,,1.7772719313605323,10672118,20.5183106530339,72.6967638379524,28282.2236715857,8.47063065,https://api.worldbank.org/v2/,14.417177914110429,13.279946613279947,15.912285633961202,-0.2348363682937631,0.9381206507677325,8.17948018535889,15.878725590955806,3892.0,,,,
EU_EEA,Czechia,CZE,2023,Escherichia coli,Blood/invasive,Third-generation cephalosporins,618,3892,EUCAST,EUCAST required; exact version unavailable in Atlas aggregate,ECDC Surveillance Atlas aggregate,https://atlas.ecdc.europa.eu/public/,15.878725590955806,0,J01D_other_beta_lactams,,,,,,,,,,,,,,,10864042,20.5459005583495,72.7352388396817,31761.5944102491,8.42677402,https://api.worldbank.org/v2/,14.750420639371844,14.417177914110429,13.279946613279947,0.8129579658288972,0.9263330076574215,8.266935347610456,,,,,,
EU_EEA,Germany,DEU,2013,Escherichia coli,Blood/invasive,Aminoglycosides,373,5337,EARS-Net mixed/not reported,Not reported in Atlas aggregate,ECDC Surveillance Atlas aggregate,https://atlas.ecdc.europa.eu/public/,6.9889451002435825,0,J01G_aminoglycosides,,,,,8.1722,,,,,,,,,,80645605,20.8129761139965,80.4732318400362,47206.8353514242,10.7432127,https://api.worldbank.org/v2/,7.064439140811456,7.599451303155007,8.672624958622972,-0.5586051737481735,0.6725602376703496,8.58260632996447,6.902626521460602,6244.0,6.955295776302649,17023.0,6.87806230932791,21634.0
EU_EEA,Germany,DEU,2014,Escherichia coli,Blood/invasive,Aminoglycosides,431,6244,EARS-Net mixed/not reported,Not reported in Atlas aggregate,ECDC Surveillance Atlas aggregate,https://atlas.ecdc.europa.eu/public/,6.902626521460602,0,J01G_aminoglycosides,,,,,7.7175,,,,,,,,,,80982500,20.9586686898656,80.57574023743,48959.5991203133,10.76819706,https://api.worldbank.org/v2/,6.9889451002435825,7.064439140811456,7.599451303155007,-0.21659683856511067,0.2720126588297261,8.739536422559677,7.1104219736404914,9029.0,7.002402348963431,22478.0,8.316659417137886,22990.0
EU_EEA,Germany,DEU,2015,Escherichia coli,Blood/invasive,Aminoglycosides,642,9029,EARS-Net mixed/not reported,Not reported in Atlas aggregate,ECDC Surveillance Atlas aggregate,https://atlas.ecdc.europa.eu/public/,7.1104219736404914,0,J01G_aminoglycosides,,,,,7.7412,,,,,,,,,,81686611,21.0533536816501,80.6974371632814,41929.7549110722,10.92317677,https://api.worldbank.org/v2/,6.902626521460602,6.9889451002435825,7.064439140811456,0.005162991970411578,0.07881290052137725,9.108307646411031,6.955295776302649,17023.0,6.87806230932791,21634.0,7.50258074030379,27124.0
EU_EEA,Germany,DEU,2016,Escherichia coli,Blood/invasive,Aminoglycosides,1184,17023,EARS-Net mixed/not reported,Not reported in Atlas aggregate,ECDC Surveillance Atlas aggregate,https://atlas.ecdc.europa.eu/public/,6.955295776302649,0,J01G_aminoglycosides,,,,,7.6879,,,,,,,,,,82348669,21.134996177657,80.8347870684725,42948.9381932694,10.97133732,https://api.worldbank.org/v2/,7.1104219736404914,6.902626521460602,6.9889451002435825,0.010684748035707724,0.07638592076908114,9.742379392141371,7.002402348963431,22478.0,8.316659417137886,22990.0,5.596240026232375,27447.0
EU_EEA,Germany,DEU,2017,Escherichia coli,Blood/invasive,Aminoglycosides,1574,22478,EARS-Net mixed/not reported,Not reported in Atlas aggregate,ECDC Surveillance Atlas aggregate,https://atlas.ecdc.europa.eu/public/,7.002402348963431,0,J01G_aminoglycosides,,,,,7.7351,,,,,,,,,,82657002,21.2936405100178,80.9842544038853,45553.9341495339,11.05091095,https://api.worldbank.org/v2/,6.955295776302649,7.1104219736404914,6.902626521460602,0.014420128517063363,0.07659129426289837,10.020336819032421,6.87806230932791,21634.0,7.50258074030379,27124.0,5.142999719302623,32063.0
EU_EEA,Germany,DEU,2018,Escherichia coli,Blood/invasive,Aminoglycosides,1488,21634,EARS-Net mixed/not reported,Not reported in Atlas aggregate,ECDC Surveillance Atlas aggregate,https://atlas.ecdc.europa.eu/public/,6.87806230932791,0,J01G_aminoglycosides,,,,,7.1881,,,,,,,,,,82905782,21.4497613850113,81.1423036204018,48916.1686612154,11.18380833,https://api.worldbank.org/v2/,7.002402348963431,6.955295776302649,7.1104219736404914,-0.06499724202769688,0.08417536496827457,9.982067652658985,8.316659417137886,22990.0,5.596240026232375,27447.0,5.346322917904241,33668.0
EU_EEA,Germany,DEU,2019,Escherichia coli,Blood/invasive,Aminoglycosides,1912,22990,EARS-Net mixed/not reported,Not reported in Atlas aggregate,ECDC Surveillance Atlas aggregate,https://atlas.ecdc.europa.eu/public/,8.316659417137886,0,J01G_aminoglycosides,,,,,6.9535,,,,,,,,,,83092962,21.6283933065816,81.3053991689039,47656.199739747,11.42805386,https://api.worldbank.org/v2/,6.87806230932791,7.002402348963431,6.955295776302649,0.39597508828701794,0.595492901169867,10.042858113983936,7.50258074030379,27124.0,5.142999719302623,32063.0,,
EU_EEA,Germany,DEU,2020,Escherichia coli,Blood/invasive,Aminoglycosides,2035,27124,EUCAST,EUCAST required; exact version unavailable in Atlas aggregate,ECDC Surveillance Atlas aggregate,https://atlas.ecdc.europa.eu/public/,7.50258074030379,1,J01G_aminoglycosides,,,,,5.219,,,,,,,,,,83160871,21.8447281174981,81.4700055002738,47394.8734504469,12.46780777,https://api.worldbank.org/v2/,8.316659417137886,6.87806230932791,7.002402348963431,0.29391322818310367,0.5654212760837426,10.208211090842761,5.596240026232375,27447.0,5.346322917904241,33668.0,,
EU_EEA,Germany,DEU,2021,Escherichia coli,Blood/invasive,Aminoglycosides,1536,27447,EUCAST,EUCAST required; exact version unavailable in Atlas aggregate,ECDC Surveillance Atlas aggregate,https://atlas.ecdc.europa.eu/public/,5.596240026232375,0,J01G_aminoglycosides,,,,,4.7077,,,,,,,,,,83196078,22.1345373657439,81.6325870653934,52349.2459994422,12.72403336,https://api.worldbank.org/v2/,7.50258074030379,8.316659417137886,6.87806230932791,-0.4659545526120703,0.9937364447907276,10.220048584538286,5.142999719302623,32063.0,,,,
EU_EEA,Germany,DEU,2022,Escherichia coli,Blood/invasive,Aminoglycosides,1649,32063,EUCAST,EUCAST required; exact version unavailable in Atlas aggregate,ECDC Surveillance Atlas aggregate,https://atlas.ecdc.europa.eu/public/,5.142999719302623,0,J01G_aminoglycosides,,,,,6.2352,,,,,,,,,,83177813,22.4589063795192,81.7867852780995,50506.5179638543,12.44708347,https://api.worldbank.org/v2/,5.596240026232375,7.50258074030379,8.316659417137886,-1.142731980757722,1.3120286277549231,10.375489184444536,5.346322917904241,33668.0,,,,
EU_EEA,Germany,DEU,2023,Escherichia coli,Blood/invasive,Aminoglycosides,1800,33668,EUCAST,EUCAST required; exact version unavailable in Atlas aggregate,ECDC Surveillance Atlas aggregate,https://atlas.ecdc.europa.eu/public/,5.346322917904241,0,J01G_aminoglycosides,,,,,,,,,,,,,,,83287273,22.7900439454493,81.9034366692129,54776.7668235491,11.74428654,https://api.worldbank.org/v2/,5.142999719302623,5.596240026232375,7.50258074030379,-0.6922013774128414,0.9407587021058088,10.424332811684366,,,,,,
EU_EEA,Germany,DEU,2013,Escherichia coli,Blood/invasive,Aminopenicillins,2808,5306,EARS-Net mixed/not reported,Not reported in Atlas aggregate,ECDC Surveillance Atlas aggregate,https://atlas.ecdc.europa.eu/public/,52.92122125895213,0,J01C_penicillins,3.5337000000000005,,,,8.1722,,,,,,,,,,80645605,20.8129761139965,80.4732318400362,47206.8353514242,10.7432127,https://api.worldbank.org/v2/,49.59154252763095,52.28147333699835,54.40105890138981,-0.7129443736680511,1.7418699682174752,8.576781982827894,51.72289373985207,5543.0,48.96910446825844,15957.0,49.22988340290773,20841.0
EU_EEA,Germany,DEU,2014,Escherichia coli,Blood/invasive,Aminopenicillins,2867,5543,EARS-Net mixed/not reported,Not reported in Atlas aggregate,ECDC Surveillance Atlas aggregate,https://atlas.ecdc.europa.eu/public/,51.72289373985207,0,J01C_penicillins,3.3605,3.5337000000000005,,,7.7175,,,,,,,,,,80982500,20.9586686898656,80.57574023743,48959.5991203133,10.76819706,https://api.worldbank.org/v2/,52.92122125895213,49.59154252763095,52.28147333699835,0.1653939939882263,1.250560464748139,8.620471540869739,49.36587700406796,8358.0,48.93744802734916,21646.0,48.662322071685814,23324.0
EU_EEA,Germany,DEU,2015,Escherichia coli,Blood/invasive,Aminopenicillins,4126,8358,EARS-Net mixed/not reported,Not reported in Atlas aggregate,ECDC Surveillance Atlas aggregate,https://atlas.ecdc.europa.eu/public/,49.36587700406796,0,J01C_penicillins,3.3015000000000003,3.3605,3.5337000000000005,,7.7412,,,,,,,,,,81686611,21.0533536816501,80.6974371632814,41929.7549110722,10.92317677,https://api.worldbank.org/v2/,51.72289373985207,52.92122125895213,49.59154252763095,-0.18753240897891313,1.4856045250736745,9.031094081699155,48.96910446825844,15957.0,49.22988340290773,20841.0,47.58210224253374,28227.0
EU_EEA,Germany,DEU,2016,Escherichia coli,Blood/invasive,Aminopenicillins,7814,15957,EARS-Net mixed/not reported,Not reported in Atlas aggregate,ECDC Surveillance Atlas aggregate,https://atlas.ecdc.europa.eu/public/,48.96910446825844,0,J01C_penicillins,3.4174,3.3015000000000003,3.3605,3.5337000000000005,7.6879,,,,,,,,,,82348669,21.134996177657,80.8347870684725,42948.9381932694,10.97133732,https://api.worldbank.org/v2/,49.36587700406796,51.72289373985207,52.92122125895213,-1.4213367107865276,1.6392071336345775,9.677715549868227,48.93744802734916,21646.0,48.662322071685814,23324.0,45.61052631578947,28500.0
EU_EEA,Germany,DEU,2017,Escherichia coli,Blood/invasive,Aminopenicillins,10593,21646,EARS-Net mixed/not reported,Not reported in Atlas aggregate,ECDC Surveillance Atlas aggregate,https://atlas.ecdc.europa.eu/public/,48.93744802734916,0,J01C_penicillins,3.8163,3.4174,3.3015000000000003,3.3605,7.7351,,,,,,,,,,82657002,21.2936405100178,80.9842544038853,45553.9341495339,11.05091095,https://api.worldbank.org/v2/,48.96910446825844,49.36587700406796,51.72289373985207,-0.8753109673318341,1.1521602814367435,9.982622155699856,49.22988340290773,20841.0,47.58210224253374,28227.0,45.90717299578059,33180.0
EU_EEA,Germany,DEU,2018,Escherichia coli,Blood/invasive,Aminopenicillins,10260,20841,EARS-Net mixed/not reported,Not reported in Atlas aggregate,ECDC Surveillance Atlas aggregate,https://atlas.ecdc.europa.eu/public/,49.22988340290773,0,J01C_penicillins,3.7387000000000006,3.8163,3.4174,3.3015000000000003,7.1881,,,,,,,,,,82905782,21.4497613850113,81.1423036204018,48916.1686612154,11.18380833,https://api.worldbank.org/v2/,48.93744802734916,48.96910446825844,49.36587700406796,-0.04396372443900489,0.17923453990272886,9.944725460552373,48.662322071685814,23324.0,45.61052631578947,28500.0,46.33612513496951,34267.0
EU_EEA,Germany,DEU,2019,Escherichia coli,Blood/invasive,Aminopenicillins,11350,23324,EARS-Net mixed/not reported,Not reported in Atlas aggregate,ECDC Surveillance Atlas aggregate,https://atlas.ecdc.europa.eu/public/,48.662322071685814,0,J01C_penicillins,3.9564,3.7387000000000006,3.8163,3.4174,6.9535,,,,,,,,,,83092962,21.6283933065816,81.3053991689039,47656.199739747,11.42805386,https://api.worldbank.org/v2/,49.22988340290773,48.93744802734916,48.96910446825844,-0.06279118141594224,0.2010071247042018,10.057281025715545,47.58210224253374,28227.0,45.90717299578059,33180.0,,
EU_EEA,Germany,DEU,2020,Escherichia coli,Blood/invasive,Aminopenicillins,13431,28227,EUCAST,EUCAST required; exact version unavailable in Atlas aggregate,ECDC Surveillance Atlas aggregate,https://atlas.ecdc.europa.eu/public/,47.58210224253374,1,J01C_penicillins,3.0518000000000005,3.9564,3.7387000000000006,3.8163,5.219,,,,,,,,,,83160871,21.8447281174981,81.4700055002738,47394.8734504469,12.46780777,https://api.worldbank.org/v2/,48.662322071685814,49.22988340290773,48.93744802734916,-0.4633598685668231,0.6226133648405202,10.248069672120721,45.61052631578947,28500.0,46.33612513496951,34267.0,,
EU_EEA,Germany,DEU,2021,Escherichia coli,Blood/invasive,Aminopenicillins,12999,28500,EUCAST,EUCAST required; exact version unavailable in Atlas aggregate,ECDC Surveillance Atlas aggregate,https://atlas.ecdc.europa.eu/public/,45.61052631578947,0,J01C_penicillins,2.8357,3.0518000000000005,3.9564,3.7387000000000006,4.7077,,,,,,,,,,83196078,22.1345373657439,81.6325870653934,52349.2459994422,12.72403336,https://api.worldbank.org/v2/,47.58210224253374,48.662322071685814,49.22988340290773,-1.1938291090506903,1.3807719351682277,10.25769445336048,45.90717299578059,33180.0,,,,
EU_EEA,Germany,DEU,2022,Escherichia coli,Blood/invasive,Aminopenicillins,15232,33180,EUCAST,EUCAST required; exact version unavailable in Atlas aggregate,ECDC Surveillance Atlas aggregate,https://atlas.ecdc.europa.eu/public/,45.90717299578059,0,J01C_penicillins,3.8896,2.8357,3.0518000000000005,3.9564,6.2352,,,,,,,,,,83177813,22.4589063795192,81.7867852780995,50506.5179638543,12.44708347,https://api.worldbank.org/v2/,45.61052631578947,47.58210224253374,48.662322071685814,-1.0237023154460017,1.2462864216031089,10.409732701928009,46.33612513496951,34267.0,,,,
EU_EEA,Germany,DEU,2023,Escherichia coli,Blood/invasive,Aminopenicillins,15878,34267,EUCAST,EUCAST required; exact version unavailable in Atlas aggregate,ECDC Surveillance Atlas aggregate,https://atlas.ecdc.europa.eu/public/,46.33612513496951,0,J01C_penicillins,,,,,,,,,,,,,,,83287273,22.7900439454493,81.9034366692129,54776.7668235491,11.74428654,https://api.worldbank.org/v2/,45.90717299578059,45.61052631578947,47.58210224253374,-0.3441284642701693,0.7518082952945477,10.441967253083934,,,,,,
EU_EEA,Germany,DEU,2013,Escherichia coli,Blood/invasive,Carbapenems,5,5333,EARS-Net mixed/not reported,Not reported in Atlas aggregate,ECDC Surveillance Atlas aggregate,https://atlas.ecdc.europa.eu/public/,0.09375585974123382,0,J01DH_carbapenems,,,,,8.1722,,,,,,,,,,80645605,20.8129761139965,80.4732318400362,47206.8353514242,10.7432127,https://api.worldbank.org/v2/,0.02390057361376673,0.027831895352073477,0.03411804844762879,0.017498211214250832,0.028440471185395638,8.58185670474196,0.06403073475268128,6247.0,0.005815305885089556,17196.0,0.01821742496698092,21957.0
EU_EEA,Germany,DEU,2014,Escherichia coli,Blood/invasive,Carbapenems,4,6247,EARS-Net mixed/not reported,Not reported in Atlas aggregate,ECDC Surveillance Atlas aggregate,https://atlas.ecdc.europa.eu/public/,0.06403073475268128,0,J01DH_carbapenems,,,,,7.7175,,,,,,,,,,80982500,20.9586686898656,80.57574023743,48959.5991203133,10.76819706,https://api.worldbank.org/v2/,0.09375585974123382,0.02390057361376673,0.027831895352073477,0.017845180432929045,0.028554284085224643,8.740016691519521,0.033215234720992026,9032.0,0.013077593722755012,22940.0,0.012825445684237527,23391.0
EU_EEA,Germany,DEU,2015,Escherichia coli,Blood/invasive,Carbapenems,3,9032,EARS-Net mixed/not reported,Not reported in Atlas aggregate,ECDC Surveillance Atlas aggregate,https://atlas.ecdc.europa.eu/public/,0.033215234720992026,0,J01DH_carbapenems,,,,,7.7412,,,,,,,,,,81686611,21.0533536816501,80.6974371632814,41929.7549110722,10.92317677,https://api.worldbank.org/v2/,0.06403073475268128,0.09375585974123382,0.02390057361376673,-0.00017811416668767744,0.027471916478649237,9.108639817149843,0.005815305885089556,17196.0,0.01821742496698092,21957.0,0.01756975191510296,28458.0
EU_EEA,Germany,DEU,2016,Escherichia coli,Blood/invasive,Carbapenems,1,17196,EARS-Net mixed/not reported,Not reported in Atlas aggregate,ECDC Surveillance Atlas aggregate,https://atlas.ecdc.europa.eu/public/,0.005815305885089556,0,J01DH_carbapenems,,,,,7.6879,,,,,,,,,,82348669,21.134996177657,80.8347870684725,42948.9381932694,10.97133732,https://api.worldbank.org/v2/,0.033215234720992026,0.06403073475268128,0.09375585974123382,-0.029463716160012223,0.03295041601274334,9.752490228984199,0.013077593722755012,22940.0,0.012825445684237527,23391.0,0.04135791831811132,29015.0
EU_EEA,Germany,DEU,2017,Escherichia coli,Blood/invasive,Carbapenems,3,22940,EARS-Net mixed/not reported,Not reported in Atlas aggregate,ECDC Surveillance Atlas aggregate,https://atlas.ecdc.europa.eu/public/,0.013077593722755012,0,J01DH_carbapenems,,,,,7.7351,,,,,,,,,,82657002,21.2936405100178,80.9842544038853,45553.9341495339,11.05091095,https://api.worldbank.org/v2/,0.005815305885089556,0.033215234720992026,0.06403073475268128,-0.018025935192568142,0.022560855606392958,10.040680981712335,0.01821742496698092,21957.0,0.01756975191510296,28458.0,0.03552187555502931,33782.0
EU_EEA,Germany,DEU,2018,Escherichia coli,Blood/invasive,Carbapenems,4,21957,EARS-Net mixed/not reported,Not reported in Atlas aggregate,ECDC Surveillance Atlas aggregate,https://atlas.ecdc.europa.eu/public/,0.01821742496698092,0,J01DH_carbapenems,,,,,7.1881,,,,,,,,,,82905782,21.4497613850113,81.1423036204018,48916.1686612154,11.18380833,https://api.worldbank.org/v2/,0.013077593722755012,0.005815305885089556,0.033215234720992026,-0.0037731141424367917,0.010044234136377799,9.996886816794678,0.012825445684237527,23391.0,0.04135791831811132,29015.0,0.044914802234511414,35623.0
EU_EEA,Germany,DEU,2019,Escherichia coli,Blood/invasive,Carbapenems,3,23391,EARS-Net mixed/not reported,Not reported in Atlas aggregate,ECDC Surveillance Atlas aggregate,https://atlas.ecdc.europa.eu/public/,0.012825445684237527,0,J01DH_carbapenems,,,,,6.9535,,,,,,,,,,83092962,21.6283933065816,81.3053991689039,47656.199739747,11.42805386,https://api.worldbank.org/v2/,0.01821742496698092,0.013077593722755012,0.005815305885089556,0.0026170250641669806,0.00441057200655846,10.060149362549504,0.01756975191510296,28458.0,0.03552187555502931,33782.0,,
EU_EEA,Germany,DEU,2020,Escherichia coli,Blood/invasive,Carbapenems,5,28458,EUCAST,EUCAST required; exact version unavailable in Atlas aggregate,ECDC Surveillance Atlas aggregate,https://atlas.ecdc.europa.eu/public/,0.01756975191510296,1,J01DH_carbapenems,,,,,5.219,,,,,,,,,,83160871,21.8447281174981,81.4700055002738,47394.8734504469,12.46780777,https://api.worldbank.org/v2/,0.012825445684237527,0.01821742496698092,0.013077593722755012,0.0008084495294300411,0.002483222347801219,10.256219733992088,0.04135791831811132,29015.0,0.044914802234511414,35623.0,,
EU_EEA,Germany,DEU,2021,Escherichia coli,Blood/invasive,Carbapenems,12,29015,EUCAST,EUCAST required; exact version unavailable in Atlas aggregate,ECDC Surveillance Atlas aggregate,https://atlas.ecdc.europa.eu/public/,0.04135791831811132,0,J01DH_carbapenems,,,,,4.7077,,,,,,,,,,83196078,22.1345373657439,81.6325870653934,52349.2459994422,12.72403336,https://api.worldbank.org/v2/,0.01756975191510296,0.012825445684237527,0.01821742496698092,0.007416578628425662,0.011089022303989586,10.275602680962738,0.03552187555502931,33782.0,,,,
EU_EEA,Germany,DEU,2022,Escherichia coli,Blood/invasive,Carbapenems,12,33782,EUCAST,EUCAST required; exact version unavailable in Atlas aggregate,ECDC Surveillance Atlas aggregate,https://atlas.ecdc.europa.eu/public/,0.03552187555502931,0,J01DH_carbapenems,,,,,6.2352,,,,,,,,,,83177813,22.4589063795192,81.7867852780995,50506.5179638543,12.44708347,https://api.worldbank.org/v2/,0.04135791831811132,0.01756975191510296,0.012825445684237527,0.00918774560153837,0.011921496771138289,10.427712996365136,0.044914802234511414,35623.0,,,,
EU_EEA,Germany,DEU,2023,Escherichia coli,Blood/invasive,Carbapenems,16,35623,EUCAST,EUCAST required; exact version unavailable in Atlas aggregate,ECDC Surveillance Atlas aggregate,https://atlas.ecdc.europa.eu/public/,0.044914802234511414,0,J01DH_carbapenems,,,,,,,,,,,,,,,83287273,22.7900439454493,81.9034366692129,54776.7668235491,11.74428654,https://api.worldbank.org/v2/,0.03552187555502931,0.04135791831811132,0.01756975191510296,0.007619910819514334,0.010520353103939934,10.480774847001538,,,,,,
EU_EEA,Germany,DEU,2013,Escherichia coli,Blood/invasive,Fluoroquinolones,1169,5296,EARS-Net mixed/not reported,Not reported in Atlas aggregate,ECDC Surveillance Atlas aggregate,https://atlas.ecdc.europa.eu/public/,22.073262839879153,0,J01M_quinolones,1.4163,,,,8.1722,,,,,,,,,,80645605,20.8129761139965,80.4732318400362,47206.8353514242,10.7432127,https://api.worldbank.org/v2/,21.10792741165234,23.734873487348736,24.759695061319192,-1.0686242740016563,1.4185435405595146,8.574895901544526,20.590621450592245,6163.0,19.446382879739474,17196.0,19.828764004007652,21958.0
EU_EEA,Germany,DEU,2014,Escherichia coli,Blood/invasive,Fluoroquinolones,1269,6163,EARS-Net mixed/not reported,Not reported in Atlas aggregate,ECDC Surveillance Atlas aggregate,https://atlas.ecdc.europa.eu/public/,20.590621450592245,0,J01M_quinolones,1.3426,1.4163,,,7.7175,,,,,,,,,,80982500,20.9586686898656,80.57574023743,48959.5991203133,10.76819706,https://api.worldbank.org/v2/,22.073262839879153,21.10792741165234,23.734873487348736,-0.8467420682042704,1.1975448826299906,8.726481196440007,19.381306131500168,9019.0,20.74978204010462,22940.0,17.532300847095062,23374.0
EU_EEA,Germany,DEU,2015,Escherichia coli,Blood/invasive,Fluoroquinolones,1748,9019,EARS-Net mixed/not reported,Not reported in Atlas aggregate,ECDC Surveillance Atlas aggregate,https://atlas.ecdc.europa.eu/public/,19.381306131500168,0,J01M_quinolones,1.325,1.3426,1.4163,,7.7412,,,,,,,,,,81686611,21.0533536816501,80.6974371632814,41929.7549110722,10.92317677,https://api.worldbank.org/v2/,20.590621450592245,22.073262839879153,21.10792741165234,-0.6662505229743458,0.9710818368389458,9.10719961305667,19.446382879739474,17196.0,19.828764004007652,21958.0,16.536595654925122,28446.0
EU_EEA,Germany,DEU,2016,Escherichia coli,Blood/invasive,Fluoroquinolones,3344,17196,EARS-Net mixed/not reported,Not reported in Atlas aggregate,ECDC Surveillance Atlas aggregate,https://atlas.ecdc.europa.eu/public/,19.446382879739474,0,J01M_quinolones,1.2362,1.325,1.3426,1.4163,7.6879,,,,,,,,,,82348669,21.134996177657,80.8347870684725,42948.9381932694,10.97133732,https://api.worldbank.org/v2/,19.381306131500168,20.590621450592245,22.073262839879153,-0.9089955199511166,1.0931981512166384,9.752490228984199,20.74978204010462,22940.0,17.532300847095062,23374.0,14.660137255578164,28997.0
EU_EEA,Germany,DEU,2017,Escherichia coli,Blood/invasive,Fluoroquinolones,4760,22940,EARS-Net mixed/not reported,Not reported in Atlas aggregate,ECDC Surveillance Atlas aggregate,https://atlas.ecdc.europa.eu/public/,20.74978204010462,0,J01M_quinolones,1.1054,1.2362,1.325,1.3426,7.7351,,,,,,,,,,82657002,21.2936405100178,80.9842544038853,45553.9341495339,11.05091095,https://api.worldbank.org/v2/,19.446382879739474,19.381306131500168,20.590621450592245,0.05425585167763968,0.6311135103977074,10.040680981712335,19.828764004007652,21958.0,16.536595654925122,28446.0,15.193885712592945,33757.0
EU_EEA,Germany,DEU,2018,Escherichia coli,Blood/invasive,Fluoroquinolones,4354,21958,EARS-Net mixed/not reported,Not reported in Atlas aggregate,ECDC Surveillance Atlas aggregate,https://atlas.ecdc.europa.eu/public/,19.828764004007652,0,J01M_quinolones,0.9621,1.1054,1.2362,1.325,7.1881,,,,,,,,,,82905782,21.4497613850113,81.1423036204018,48916.1686612154,11.18380833,https://api.worldbank.org/v2/,20.74978204010462,19.446382879739474,19.381306131500168,0.26457727778875867,0.5460379314613734,9.996932357245992,17.532300847095062,23374.0,14.660137255578164,28997.0,16.589278176445756,35535.0
EU_EEA,Germany,DEU,2019,Escherichia coli,Blood/invasive,Fluoroquinolones,4098,23374,EARS-Net mixed/not reported,Not reported in Atlas aggregate,ECDC Surveillance Atlas aggregate,https://atlas.ecdc.europa.eu/public/,17.532300847095062,0,J01M_quinolones,0.6336999999999999,0.9621,1.1054,1.2362,6.9535,,,,,,,,,,83092962,21.6283933065816,81.3053991689039,47656.199739747,11.42805386,https://api.worldbank.org/v2/,19.828764004007652,20.74978204010462,19.446382879739474,-0.6663264134030253,1.1721501931379186,10.059422354156888,16.536595654925122,28446.0,15.193885712592945,33757.0,,
EU_EEA,Germany,DEU,2020,Escherichia coli,Blood/invasive,Fluoroquinolones,4704,28446,EUCAST,EUCAST required; exact version unavailable in Atlas aggregate,ECDC Surveillance Atlas aggregate,https://atlas.ecdc.europa.eu/public/,16.536595654925122,1,J01M_quinolones,0.4885,0.6336999999999999,0.9621,1.1054,5.219,,,,,,,,,,83160871,21.8447281174981,81.4700055002738,47394.8734504469,12.46780777,https://api.worldbank.org/v2/,17.532300847095062,19.828764004007652,20.74978204010462,-1.4936022312451123,1.6965948114149088,10.255797985839772,14.660137255578164,28997.0,16.589278176445756,35535.0,,
EU_EEA,Germany,DEU,2021,Escherichia coli,Blood/invasive,Fluoroquinolones,4251,28997,EUCAST,EUCAST required; exact version unavailable in Atlas aggregate,ECDC Surveillance Atlas aggregate,https://atlas.ecdc.europa.eu/public/,14.660137255578164,0,J01M_quinolones,0.4342,0.4885,0.6336999999999999,0.9621,4.7077,,,,,,,,,,83196078,22.1345373657439,81.6325870653934,52349.2459994422,12.72403336,https://api.worldbank.org/v2/,16.536595654925122,17.532300847095062,19.828764004007652,-1.6501585437458446,1.86394518738092,10.274982141073139,15.193885712592945,33757.0,,,,
EU_EEA,Germany,DEU,2022,Escherichia coli,Blood/invasive,Fluoroquinolones,5129,33757,EUCAST,EUCAST required; exact version unavailable in Atlas aggregate,ECDC Surveillance Atlas aggregate,https://atlas.ecdc.europa.eu/public/,15.193885712592945,0,J01M_quinolones,0.4773999999999999,0.4342,0.4885,0.6336999999999999,6.2352,,,,,,,,,,83177813,22.4589063795192,81.7867852780995,50506.5179638543,12.44708347,https://api.worldbank.org/v2/,14.660137255578164,16.536595654925122,17.532300847095062,-0.8891703802853342,1.1268815209600984,10.426972705248874,16.589278176445756,35535.0,,,,
EU_EEA,Germany,DEU,2023,Escherichia coli,Blood/invasive,Fluoroquinolones,5895,35535,EUCAST,EUCAST required; exact version unavailable in Atlas aggregate,ECDC Surveillance Atlas aggregate,https://atlas.ecdc.europa.eu/public/,16.589278176445756,0,J01M_quinolones,,,,,,,,,,,,,,,83287273,22.7900439454493,81.9034366692129,54776.7668235491,11.74428654,https://api.worldbank.org/v2/,15.193885712592945,14.660137255578164,16.536595654925122,0.06917960215766593,0.8396552044552438,10.478301546134208,,,,,,
EU_EEA,Germany,DEU,2013,Escherichia coli,Blood/invasive,Third-generation cephalosporins,573,5335,EARS-Net mixed/not reported,Not reported in Atlas aggregate,ECDC Surveillance Atlas aggregate,https://atlas.ecdc.europa.eu/public/,10.740393626991565,0,J01D_other_beta_lactams,3.2222000000000004,,,,8.1722,,,,,,,,,,80645605,20.8129761139965,80.4732318400362,47206.8353514242,10.7432127,https://api.worldbank.org/v2/,8.838987099856665,7.962657880285557,8.35820895522388,0.8022883234874149,1.0654085967564255,8.58223158759546,10.53474223503042,6246.0,11.099476439790577,17190.0,12.197007594706443,21989.0
EU_EEA,Germany,DEU,2014,Escherichia coli,Blood/invasive,Third-generation cephalosporins,658,6246,EARS-Net mixed/not reported,Not reported in Atlas aggregate,ECDC Surveillance Atlas aggregate,https://atlas.ecdc.europa.eu/public/,10.53474223503042,0,J01D_other_beta_lactams,3.0144,3.2222000000000004,,,7.7175,,,,,,,,,,80982500,20.9586686898656,80.57574023743,48959.5991203133,10.76819706,https://api.worldbank.org/v2/,10.740393626991565,8.838987099856665,7.962657880285557,0.9617659591369468,1.1627717817364407,8.73985662749357,10.297862916620529,9031.0,12.281390378996031,22929.0,11.506428052791184,23413.0
EU_EEA,Germany,DEU,2015,Escherichia coli,Blood/invasive,Third-generation cephalosporins,930,9031,EARS-Net mixed/not reported,Not reported in Atlas aggregate,ECDC Surveillance Atlas aggregate,https://atlas.ecdc.europa.eu/public/,10.297862916620529,0,J01D_other_beta_lactams,3.1147,3.0144,3.2222000000000004,,7.7412,,,,,,,,,,81686611,21.0533536816501,80.6974371632814,41929.7549110722,10.92317677,https://api.worldbank.org/v2/,10.53474223503042,10.740393626991565,8.838987099856665,0.41709760583304256,0.7463866560287739,9.108529105829499,11.099476439790577,17190.0,12.197007594706443,21989.0,10.358033800639472,28461.0
EU_EEA,Germany,DEU,2016,Escherichia coli,Blood/invasive,Third-generation cephalosporins,1908,17190,EARS-Net mixed/not reported,Not reported in Atlas aggregate,ECDC Surveillance Atlas aggregate,https://atlas.ecdc.europa.eu/public/,11.099476439790577,0,J01D_other_beta_lactams,3.0343,3.1147,3.0144,3.2222000000000004,7.6879,,,,,,,,,,82348669,21.134996177657,80.8347870684725,42948.9381932694,10.97133732,https://api.worldbank.org/v2/,10.297862916620529,10.53474223503042,10.740393626991565,0.0840369119987129,0.2941818278218928,9.752141270041493,12.281390378996031,22929.0,11.506428052791184,23413.0,9.096860893835498,29021.0
EU_EEA,Germany,DEU,2017,Escherichia coli,Blood/invasive,Third-generation cephalosporins,2816,22929,EARS-Net mixed/not reported,Not reported in Atlas aggregate,ECDC Surveillance Atlas aggregate,https://atlas.ecdc.europa.eu/public/,12.281390378996031,0,J01D_other_beta_lactams,2.8134,3.0343,3.1147,3.0144,7.7351,,,,,,,,,,82657002,21.2936405100178,80.9842544038853,45553.9341495339,11.05091095,https://api.worldbank.org/v2/,11.099476439790577,10.297862916620529,10.53474223503042,0.6041557955066864,0.7664733469986836,10.04020137585195,12.197007594706443,21989.0,10.358033800639472,28461.0,9.44178061919138,33786.0
EU_EEA,Germany,DEU,2018,Escherichia coli,Blood/invasive,Third-generation cephalosporins,2682,21989,EARS-Net mixed/not reported,Not reported in Atlas aggregate,ECDC Surveillance Atlas aggregate,https://atlas.ecdc.europa.eu/public/,12.197007594706443,0,J01D_other_beta_lactams,2.4873,2.8134,3.0343,3.1147,7.1881,,,,,,,,,,82905782,21.4497613850113,81.1423036204018,48916.1686612154,11.18380833,https://api.worldbank.org/v2/,12.281390378996031,11.099476439790577,10.297862916620529,0.6879347973463182,0.8212921067140319,9.998343083548807,11.506428052791184,23413.0,9.096860893835498,29021.0,9.688649316376091,35619.0
EU_EEA,Germany,DEU,2019,Escherichia coli,Blood/invasive,Third-generation cephalosporins,2694,23413,EARS-Net mixed/not reported,Not reported in Atlas aggregate,ECDC Surveillance Atlas aggregate,https://atlas.ecdc.europa.eu/public/,11.506428052791184,0,J01D_other_beta_lactams,2.3634,2.4873,2.8134,3.0343,6.9535,,,,,,,,,,83092962,21.6283933065816,81.3053991689039,47656.199739747,11.42805386,https://api.worldbank.org/v2/,12.197007594706443,12.281390378996031,11.099476439790577,0.11364720547122177,0.4906431987743185,10.061089413039618,10.358033800639472,28461.0,9.44178061919138,33786.0,,
EU_EEA,Germany,DEU,2020,Escherichia coli,Blood/invasive,Third-generation cephalosporins,2948,28461,EUCAST,EUCAST required; exact version unavailable in Atlas aggregate,ECDC Surveillance Atlas aggregate,https://atlas.ecdc.europa.eu/public/,10.358033800639472,1,J01D_other_beta_lactams,1.6787,2.3634,2.4873,2.8134,5.219,,,,,,,,,,83160871,21.8447281174981,81.4700055002738,47394.8734504469,12.46780777,https://api.worldbank.org/v2/,11.506428052791184,12.197007594706443,12.281390378996031,-0.6460649276984949,0.7699237651458031,10.256325143243606,9.096860893835498,29021.0,9.688649316376091,35619.0,,
EU_EEA,Germany,DEU,2021,Escherichia coli,Blood/invasive,Third-generation cephalosporins,2640,29021,EUCAST,EUCAST required; exact version unavailable in Atlas aggregate,ECDC Surveillance Atlas aggregate,https://atlas.ecdc.europa.eu/public/,9.096860893835498,0,J01D_other_beta_lactams,1.4378,1.6787,2.3634,2.4873,4.7077,,,,,,,,,,83196078,22.1345373657439,81.6325870653934,52349.2459994422,12.72403336,https://api.worldbank.org/v2/,10.358033800639472,11.506428052791184,12.197007594706443,-1.0448834354764582,1.1775242735992506,10.275809442051038,9.44178061919138,33786.0,,,,
EU_EEA,Germany,DEU,2022,Escherichia coli,Blood/invasive,Third-generation cephalosporins,3190,33786,EUCAST,EUCAST required; exact version unavailable in Atlas aggregate,ECDC Surveillance Atlas aggregate,https://atlas.ecdc.europa.eu/public/,9.44178061919138,0,J01D_other_beta_lactams,1.8682,1.4378,1.6787,2.3634,6.2352,,,,,,,,,,83177813,22.4589063795192,81.7867852780995,50506.5179638543,12.44708347,https://api.worldbank.org/v2/,9.096860893835498,10.358033800639472,11.506428052791184,-0.7455115207603411,0.9332952000597372,10.427831392103027,9.688649316376091,35619.0,,,,
EU_EEA,Germany,DEU,2023,Escherichia coli,Blood/invasive,Third-generation cephalosporins,3451,35619,EUCAST,EUCAST required; exact version unavailable in Atlas aggregate,ECDC Surveillance Atlas aggregate,https://atlas.ecdc.europa.eu/public/,9.688649316376091,0,J01D_other_beta_lactams,,,,,,,,,,,,,,,83287273,22.7900439454493,81.9034366692129,54776.7668235491,11.74428654,https://api.worldbank.org/v2/,9.44178061919138,9.096860893835498,10.358033800639472,-0.1663233727434269,0.46153818157229076,10.480662556843653,,,,,,
EU_EEA,Denmark,DNK,2013,Escherichia coli,Blood/invasive,Aminoglycosides,253,3887,EARS-Net mixed/not reported,Not reported in Atlas aggregate,ECDC Surveillance Atlas aggregate,https://atlas.ecdc.europa.eu/public/,6.508875739644971,0,J01G_aminoglycosides,,,,,10.3405,1.5332,,,,0.690923551048812,,,,,5614932,18.0533476868912,87.5436524760432,61377.5940590412,10.29778957,https://api.worldbank.org/v2/,7.295904529427719,6.404617921935129,5.832356389214537,0.2920844658783882,0.5215248482368883,8.265650165580329,7.277987981304251,4493.0,6.066859265373504,4846.0,5.7481921008715,5393.0
EU_EEA,Denmark,DNK,2014,Escherichia coli,Blood/invasive,Aminoglycosides,327,4493,EARS-Net mixed/not reported,Not reported in Atlas aggregate,ECDC Surveillance Atlas aggregate,https://atlas.ecdc.europa.eu/public/,7.277987981304251,0,J01G_aminoglycosides,,,,,10.243400000000001,1.6145999999999998,,,,0.6419706120119834,,,,0.690923551048812,5643475,18.4155552098464,87.6823985731907,62520.4509747011,10.31388664,https://api.worldbank.org/v2/,6.508875739644971,7.295904529427719,6.404617921935129,0.18330813883246078,0.4167812472362894,8.410498452745275,6.795905031583533,4591.0,5.993752440452948,5122.0,5.4652616538667615,5599.0
EU_EEA,Denmark,DNK,2015,Escherichia coli,Blood/invasive,Aminoglycosides,312,4591,EARS-Net mixed/not reported,Not reported in Atlas aggregate,ECDC Surveillance Atlas aggregate,https://atlas.ecdc.europa.eu/public/,6.795905031583533,0,J01G_aminoglycosides,,,,,10.3973,1.5174999999999998,,,,0.6046052913682949,,,,0.6419706120119834,5683483,18.7039395633233,87.7254056577329,53094.0133607574,10.3754549,https://api.worldbank.org/v2/,7.277987981304251,6.508875739644971,7.295904529427719,-0.0730886251873293,0.3331720878165213,8.432070937999402,6.066859265373504,4846.0,5.7481921008715,5393.0,5.5366269165247015,5870.0
EU_EEA,Denmark,DNK,2016,Escherichia coli,Blood/invasive,Aminoglycosides,294,4846,EARS-Net mixed/not reported,Not reported in Atlas aggregate,ECDC Surveillance Atlas aggregate,https://atlas.ecdc.europa.eu/public/,6.066859265373504,0,J01G_aminoglycosides,,,,,10.3029,1.4569999999999999,,,,0.6189344424638542,,,,0.6046052913682949,5728010,18.9425702764271,87.6999969482422,54500.9260410217,10.28229332,https://api.worldbank.org/v2/,6.795905031583533,7.277987981304251,6.508875739644971,-0.18081323725351264,0.44017343772231815,8.486115235845377,5.993752440452948,5122.0,5.4652616538667615,5599.0,4.354329400033239,6017.0
EU_EEA,Denmark,DNK,2017,Escherichia coli,Blood/invasive,Aminoglycosides,307,5122,EARS-Net mixed/not reported,Not reported in Atlas aggregate,ECDC Surveillance Atlas aggregate,https://atlas.ecdc.europa.eu/public/,5.993752440452948,0,J01G_aminoglycosides,,,,,9.9922,1.4928,,,,0.6233346022078414,,,,0.6189344424638542,5764980,19.1822684091773,88.0161943799509,57521.5514992225,10.1137991,https://api.worldbank.org/v2/,6.066859265373504,6.795905031583533,7.277987981304251,-0.45817523887639455,0.5320243637445893,8.541495483939203,5.7481921008715,5393.0,5.5366269165247015,5870.0,4.755457776273481,5909.0
EU_EEA,Denmark,DNK,2018,Escherichia coli,Blood/invasive,Aminoglycosides,310,5393,EARS-Net mixed/not reported,Not reported in Atlas aggregate,ECDC Surveillance Atlas aggregate,https://atlas.ecdc.europa.eu/public/,5.7481921008715,0,J01G_aminoglycosides,,,,,9.6006,1.5103,,,,0.8651565189078562,,,,0.6233346022078414,5793636,19.4403886413888,88.1059762310689,61324.7665045565,10.14163208,https://api.worldbank.org/v2/,5.993752440452948,6.066859265373504,6.795905031583533,-0.3216245617056668,0.39050065171396775,8.593042503699674,5.4652616538667615,5599.0,4.354329400033239,6017.0,4.48706970371639,5839.0
EU_EEA,Denmark,DNK,2019,Escherichia coli,Blood/invasive,Aminoglycosides,306,5599,EARS-Net mixed/not reported,Not reported in Atlas aggregate,ECDC Surveillance Atlas aggregate,https://atlas.ecdc.europa.eu/public/,5.4652616538667615,0,J01G_aminoglycosides,,,,,9.323299999999998,1.4106,,,,0.788898393688813,,,,0.8651565189078562,5814422,19.7143802297606,88.2096490810669,59404.2663247723,10.18468761,https://api.worldbank.org/v2/,5.7481921008715,5.993752440452948,6.066859265373504,-0.20503531741016917,0.23564606477146785,8.630521876723241,5.5366269165247015,5870.0,4.755457776273481,5909.0,,
EU_EEA,Denmark,DNK,2020,Escherichia coli,Blood/invasive,Aminoglycosides,325,5870,EUCAST,EUCAST required; exact version unavailable in Atlas aggregate,ECDC Surveillance Atlas aggregate,https://atlas.ecdc.europa.eu/public/,5.5366269165247015,1,J01G_aminoglycosides,,,,,8.4331,1.3507,,,,0.7530120481927712,,,,0.788898393688813,5831404,20.0008145375227,88.2394485473632,60985.4885601514,10.69237614,https://api.worldbank.org/v2/,5.4652616538667615,5.7481921008715,5.993752440452948,-0.16543070187894898,0.2059230138748366,8.677780256064185,4.354329400033239,6017.0,4.48706970371639,5839.0,,
EU_EEA,Denmark,DNK,2021,Escherichia coli,Blood/invasive,Aminoglycosides,262,6017,EUCAST,EUCAST required; exact version unavailable in Atlas aggregate,ECDC Surveillance Atlas aggregate,https://atlas.ecdc.europa.eu/public/,4.354329400033239,0,J01G_aminoglycosides,,,,,8.572099999999999,1.4165,,,,0.730633376881018,,,,0.7530120481927712,5856733,20.2481262517018,88.2616449318149,69340.7334922138,10.65575886,https://api.worldbank.org/v2/,5.5366269165247015,5.4652616538667615,5.7481921008715,-0.4110222839856847,0.5422610985886935,8.70251025718999,4.755457776273481,5909.0,,,,
EU_EEA,Denmark,DNK,2022,Escherichia coli,Blood/invasive,Aminoglycosides,281,5909,EUCAST,EUCAST required; exact version unavailable in Atlas aggregate,ECDC Surveillance Atlas aggregate,https://atlas.ecdc.europa.eu/public/,4.755457776273481,0,J01G_aminoglycosides,,,,,9.204999999999998,1.4274,,,,0.7580814341565745,,,,0.730633376881018,5903037,20.4007400764725,88.3880239837703,67781.0940939514,9.47411346,https://api.worldbank.org/v2/,4.354329400033239,5.5366269165247015,5.4652616538667615,-0.3311709149271309,0.49447204391250515,8.684401110400144,4.48706970371639,5839.0,,,,
EU_EEA,Denmark,DNK,2023,Escherichia coli,Blood/invasive,Aminoglycosides,262,5839,EUCAST,EUCAST required; exact version unavailable in Atlas aggregate,ECDC Surveillance Atlas aggregate,https://atlas.ecdc.europa.eu/public/,4.48706970371639,0,J01G_aminoglycosides,,,,,,,,,,,,,,,5946952,20.6001829312424,88.552638542867,68043.5466971243,9.5572958,https://api.worldbank.org/v2/,4.755457776273481,4.354329400033239,5.5366269165247015,-0.27475432621847,0.45826978312988603,8.672486075822272,,,,,,
EU_EEA,Denmark,DNK,2013,Escherichia coli,Blood/invasive,Aminopenicillins,1836,3965,EARS-Net mixed/not reported,Not reported in Atlas aggregate,ECDC Surveillance Atlas aggregate,https://atlas.ecdc.europa.eu/public/,46.30517023959647,0,J01C_penicillins,10.7281,,,,10.3405,1.5332,,,,0.690923551048812,,,,,5614932,18.0533476868912,87.5436524760432,61377.5940590412,10.29778957,https://api.worldbank.org/v2/,45.226537216828476,47.91094007696537,45.77960140679953,-0.11076963617461606,1.002268421104757,8.285513309079741,44.89977728285078,4490.0,44.95530012771392,4698.0,45.95950213635519,5383.0
EU_EEA,Denmark,DNK,2014,Escherichia coli,Blood/invasive,Aminopenicillins,2016,4490,EARS-Net mixed/not reported,Not reported in Atlas aggregate,ECDC Surveillance Atlas aggregate,https://atlas.ecdc.europa.eu/public/,44.89977728285078,0,J01C_penicillins,10.7041,10.7281,,,10.243400000000001,1.6145999999999998,,,,0.6419706120119834,,,,0.690923551048812,5643475,18.4155552098464,87.6823985731907,62520.4509747011,10.31388664,https://api.worldbank.org/v2/,46.30517023959647,45.226537216828476,47.91094007696537,-0.7954855359575776,1.1751852905474223,8.409830673087738,45.27644754026992,4594.0,45.62947799385875,4885.0,46.30788485607009,5593.0
EU_EEA,Denmark,DNK,2015,Escherichia coli,Blood/invasive,Aminopenicillins,2080,4594,EARS-Net mixed/not reported,Not reported in Atlas aggregate,ECDC Surveillance Atlas aggregate,https://atlas.ecdc.europa.eu/public/,45.27644754026992,0,J01C_penicillins,10.873000000000001,10.7041,10.7281,,10.3973,1.5174999999999998,,,,0.6046052913682949,,,,0.6419706120119834,5683483,18.7039395633233,87.7254056577329,53094.0133607574,10.3754549,https://api.worldbank.org/v2/,44.89977728285078,46.30517023959647,45.226537216828476,-0.1255661986421463,0.5272566103455645,8.432724034789787,44.95530012771392,4698.0,45.95950213635519,5383.0,44.065484311050476,5864.0
EU_EEA,Denmark,DNK,2016,Escherichia coli,Blood/invasive,Aminopenicillins,2112,4698,EARS-Net mixed/not reported,Not reported in Atlas aggregate,ECDC Surveillance Atlas aggregate,https://atlas.ecdc.europa.eu/public/,44.95530012771392,0,J01C_penicillins,10.7873,10.873000000000001,10.7041,10.7281,10.3029,1.4569999999999999,,,,0.6189344424638542,,,,0.6046052913682949,5728010,18.9425702764271,87.6999969482422,54500.9260410217,10.28229332,https://api.worldbank.org/v2/,45.27644754026992,44.89977728285078,46.30517023959647,-0.36729400782286326,0.5647813738325909,8.455104999102815,45.62947799385875,4885.0,46.30788485607009,5593.0,41.50974837527079,6001.0
EU_EEA,Denmark,DNK,2017,Escherichia coli,Blood/invasive,Aminopenicillins,2229,4885,EARS-Net mixed/not reported,Not reported in Atlas aggregate,ECDC Surveillance Atlas aggregate,https://atlas.ecdc.europa.eu/public/,45.62947799385875,0,J01C_penicillins,10.5175,10.7873,10.873000000000001,10.7041,9.9922,1.4928,,,,0.6233346022078414,,,,0.6189344424638542,5764980,19.1822684091773,88.0161943799509,57521.5514992225,10.1137991,https://api.worldbank.org/v2/,44.95530012771392,45.27644754026992,44.89977728285078,0.1867954720467837,0.2915163324888489,8.494129251817686,45.95950213635519,5383.0,44.065484311050476,5864.0,42.172361040285566,5883.0
EU_EEA,Denmark,DNK,2018,Escherichia coli,Blood/invasive,Aminopenicillins,2474,5383,EARS-Net mixed/not reported,Not reported in Atlas aggregate,ECDC Surveillance Atlas aggregate,https://atlas.ecdc.europa.eu/public/,45.95950213635519,0,J01C_penicillins,10.2271,10.5175,10.7873,10.873000000000001,9.6006,1.5103,,,,0.8651565189078562,,,,0.6233346022078414,5793636,19.4403886413888,88.1059762310689,61324.7665045565,10.14163208,https://api.worldbank.org/v2/,45.62947799385875,44.95530012771392,45.27644754026992,0.2723341654400597,0.3763461793162907,8.591186871324563,46.30788485607009,5593.0,41.50974837527079,6001.0,40.455250905328505,5799.0
EU_EEA,Denmark,DNK,2019,Escherichia coli,Blood/invasive,Aminopenicillins,2590,5593,EARS-Net mixed/not reported,Not reported in Atlas aggregate,ECDC Surveillance Atlas aggregate,https://atlas.ecdc.europa.eu/public/,46.30788485607009,0,J01C_penicillins,9.9249,10.2271,10.5175,10.7873,9.323299999999998,1.4106,,,,0.788898393688813,,,,0.8651565189078562,5814422,19.7143802297606,88.2096490810669,59404.2663247723,10.18468761,https://api.worldbank.org/v2/,45.95950213635519,45.62947799385875,44.95530012771392,0.43877783275648313,0.4989329389722364,8.629449873761905,44.065484311050476,5864.0,42.172361040285566,5883.0,,
EU_EEA,Denmark,DNK,2020,Escherichia coli,Blood/invasive,Aminopenicillins,2584,5864,EUCAST,EUCAST required; exact version unavailable in Atlas aggregate,ECDC Surveillance Atlas aggregate,https://atlas.ecdc.europa.eu/public/,44.065484311050476,1,J01C_penicillins,9.0534,9.9249,10.2271,10.5175,8.4331,1.3507,,,,0.7530120481927712,,,,0.788898393688813,5831404,20.0008145375227,88.2394485473632,60985.4885601514,10.69237614,https://api.worldbank.org/v2/,46.30788485607009,45.95950213635519,45.62947799385875,-0.43435983287100327,0.8570393183608493,8.676757761087575,41.50974837527079,6001.0,40.455250905328505,5799.0,,
EU_EEA,Denmark,DNK,2021,Escherichia coli,Blood/invasive,Aminopenicillins,2491,6001,EUCAST,EUCAST required; exact version unavailable in Atlas aggregate,ECDC Surveillance Atlas aggregate,https://atlas.ecdc.europa.eu/public/,41.50974837527079,0,J01C_penicillins,9.290299999999998,9.0534,9.9249,10.2271,8.572099999999999,1.4165,,,,0.730633376881018,,,,0.7530120481927712,5856733,20.2481262517018,88.2616449318149,69340.7334922138,10.65575886,https://api.worldbank.org/v2/,44.065484311050476,46.30788485607009,45.95950213635519,-1.5591661828272847,1.9054402811812605,8.699848026000312,42.172361040285566,5883.0,,,,
EU_EEA,Denmark,DNK,2022,Escherichia coli,Blood/invasive,Aminopenicillins,2481,5883,EUCAST,EUCAST required; exact version unavailable in Atlas aggregate,ECDC Surveillance Atlas aggregate,https://atlas.ecdc.europa.eu/public/,42.172361040285566,0,J01C_penicillins,9.9104,9.290299999999998,9.0534,9.9249,9.204999999999998,1.4274,,,,0.7580814341565745,,,,0.730633376881018,5903037,20.4007400764725,88.3880239837703,67781.0940939514,9.47411346,https://api.worldbank.org/v2/,41.50974837527079,44.065484311050476,46.30788485607009,-1.4962307383133369,1.8659412597799576,8.679992081721329,40.455250905328505,5799.0,,,,
EU_EEA,Denmark,DNK,2023,Escherichia coli,Blood/invasive,Aminopenicillins,2346,5799,EUCAST,EUCAST required; exact version unavailable in Atlas aggregate,ECDC Surveillance Atlas aggregate,https://atlas.ecdc.europa.eu/public/,40.455250905328505,0,J01C_penicillins,,,,,,,,,,,,,,,5946952,20.6001829312424,88.552638542867,68043.5466971243,9.5572958,https://api.worldbank.org/v2/,42.172361040285566,41.50974837527079,44.065484311050476,-1.0168087552151202,1.3145573116324716,8.66561319653451,,,,,,
EU_EEA,Denmark,DNK,2013,Escherichia coli,Blood/invasive,Carbapenems,1,2832,EARS-Net mixed/not reported,Not reported in Atlas aggregate,ECDC Surveillance Atlas aggregate,https://atlas.ecdc.europa.eu/public/,0.03531073446327684,0,J01DH_carbapenems,0.0584,,,,10.3405,1.5332,,,,0.690923551048812,,,,,5614932,18.0533476868912,87.5436524760432,61377.5940590412,10.29778957,https://api.worldbank.org/v2/,0.0,0.0,0.0,0.010593220338983052,0.015289996535742697,7.949091499830517,0.025342118601115054,3946.0,0.0,4671.0,0.0,4640.0
EU_EEA,Denmark,DNK,2014,Escherichia coli,Blood/invasive,Carbapenems,1,3946,EARS-Net mixed/not reported,Not reported in Atlas aggregate,ECDC Surveillance Atlas aggregate,https://atlas.ecdc.europa.eu/public/,0.025342118601115054,0,J01DH_carbapenems,0.0571999999999999,0.0584,,,10.243400000000001,1.6145999999999998,,,,0.6419706120119834,,,,0.690923551048812,5643475,18.4155552098464,87.6823985731907,62520.4509747011,10.31388664,https://api.worldbank.org/v2/,0.03531073446327684,0.0,0.0,0.0111337090266622,0.015567424299771055,8.280711075662847,0.024715768660405337,4046.0,0.019542700801250732,5117.0,0.07172314864622557,5577.0
EU_EEA,Denmark,DNK,2015,Escherichia coli,Blood/invasive,Carbapenems,1,4046,EARS-Net mixed/not reported,Not reported in Atlas aggregate,ECDC Surveillance Atlas aggregate,https://atlas.ecdc.europa.eu/public/,0.024715768660405337,0,J01DH_carbapenems,0.0562999999999999,0.0571999999999999,0.0584,,10.3973,1.5174999999999998,,,,0.6046052913682949,,,,0.6419706120119834,5683483,18.7039395633233,87.7254056577329,53094.0133607574,10.3754549,https://api.worldbank.org/v2/,0.025342118601115054,0.03531073446327684,0.0,0.0064178690119054225,0.013019118347701981,8.305731144875866,0.0,4671.0,0.0,4640.0,0.1541095890410959,5840.0
EU_EEA,Denmark,DNK,2016,Escherichia coli,Blood/invasive,Carbapenems,0,4671,EARS-Net mixed/not reported,Not reported in Atlas aggregate,ECDC Surveillance Atlas aggregate,https://atlas.ecdc.europa.eu/public/,0.0,0,J01DH_carbapenems,0.0528,0.0562999999999999,0.0571999999999999,0.0584,10.3029,1.4569999999999999,,,,0.6189344424638542,,,,0.6046052913682949,5728010,18.9425702764271,87.6999969482422,54500.9260410217,10.28229332,https://api.worldbank.org/v2/,0.024715768660405337,0.025342118601115054,0.03531073446327684,-0.010655855333054033,0.013019118347701981,8.449342524508063,0.019542700801250732,5117.0,0.07172314864622557,5577.0,0.10265183917878529,5845.0
EU_EEA,Denmark,DNK,2017,Escherichia coli,Blood/invasive,Carbapenems,1,5117,EARS-Net mixed/not reported,Not reported in Atlas aggregate,ECDC Surveillance Atlas aggregate,https://atlas.ecdc.europa.eu/public/,0.019542700801250732,0,J01DH_carbapenems,0.0549,0.0528,0.0562999999999999,0.0571999999999999,9.9922,1.4928,,,,0.6233346022078414,,,,0.6189344424638542,5764980,19.1822684091773,88.0161943799509,57521.5514992225,10.1137991,https://api.worldbank.org/v2/,0.0,0.024715768660405337,0.025342118601115054,-0.004211402205999835,0.010295009538655513,8.540519016719735,0.0,4640.0,0.1541095890410959,5840.0,0.017921146953405017,5580.0
EU_EEA,Denmark,DNK,2018,Escherichia coli,Blood/invasive,Carbapenems,0,4640,EARS-Net mixed/not reported,Not reported in Atlas aggregate,ECDC Surveillance Atlas aggregate,https://atlas.ecdc.europa.eu/public/,0.0,0,J01DH_carbapenems,0.0533999999999999,0.0549,0.0528,0.0562999999999999,9.6006,1.5103,,,,0.8651565189078562,,,,0.6233346022078414,5793636,19.4403886413888,88.1059762310689,61324.7665045565,10.14163208,https://api.worldbank.org/v2/,0.019542700801250732,0.0,0.024715768660405337,-0.00546046051799653,0.011214759753443838,8.442685139241176,0.07172314864622557,5577.0,0.10265183917878529,5845.0,0.03683241252302026,5430.0
EU_EEA,Denmark,DNK,2019,Escherichia coli,Blood/invasive,Carbapenems,4,5577,EARS-Net mixed/not reported,Not reported in Atlas aggregate,ECDC Surveillance Atlas aggregate,https://atlas.ecdc.europa.eu/public/,0.07172314864622557,0,J01DH_carbapenems,0.0538,0.0533999999999999,0.0549,0.0528,9.323299999999998,1.4106,,,,0.788898393688813,,,,0.8651565189078562,5814422,19.7143802297606,88.2096490810669,59404.2663247723,10.18468761,https://api.worldbank.org/v2/,0.0,0.019542700801250732,0.0,0.019562674513742603,0.02934179351834803,8.626585568187433,0.1541095890410959,5840.0,0.017921146953405017,5580.0,,
EU_EEA,Denmark,DNK,2020,Escherichia coli,Blood/invasive,Carbapenems,9,5840,EUCAST,EUCAST required; exact version unavailable in Atlas aggregate,ECDC Surveillance Atlas aggregate,https://atlas.ecdc.europa.eu/public/,0.1541095890410959,1,J01DH_carbapenems,0.0529,0.0538,0.0533999999999999,0.0549,8.4331,1.3507,,,,0.7530120481927712,,,,0.788898393688813,5831404,20.0008145375227,88.2394485473632,60985.4885601514,10.69237614,https://api.worldbank.org/v2/,0.07172314864622557,0.0,0.019542700801250732,0.047542381336576116,0.059631401516706206,8.67265729404031,0.10265183917878529,5845.0,0.03683241252302026,5430.0,,
EU_EEA,Denmark,DNK,2021,Escherichia coli,Blood/invasive,Carbapenems,6,5845,EUCAST,EUCAST required; exact version unavailable in Atlas aggregate,ECDC Surveillance Atlas aggregate,https://atlas.ecdc.europa.eu/public/,0.10265183917878529,0,J01DH_carbapenems,0.0509,0.0529,0.0538,0.0533999999999999,8.572099999999999,1.4165,,,,0.730633376881018,,,,0.7530120481927712,5856733,20.2481262517018,88.2616449318149,69340.7334922138,10.65575886,https://api.worldbank.org/v2/,0.1541095890410959,0.07172314864622557,0.0,0.03903419579312263,0.05580288133959792,8.673512945671192,0.017921146953405017,5580.0,,,,
EU_EEA,Denmark,DNK,2022,Escherichia coli,Blood/invasive,Carbapenems,1,5580,EUCAST,EUCAST required; exact version unavailable in Atlas aggregate,ECDC Surveillance Atlas aggregate,https://atlas.ecdc.europa.eu/public/,0.017921146953405017,0,J01DH_carbapenems,0.0493,0.0509,0.0529,0.0538,9.204999999999998,1.4274,,,,0.7580814341565745,,,,0.730633376881018,5903037,20.4007400764725,88.3880239837703,67781.0940939514,9.47411346,https://api.worldbank.org/v2/,0.10265183917878529,0.1541095890410959,0.07172314864622557,-0.02128637549407725,0.049379428174409976,8.627123250788433,0.03683241252302026,5430.0,,,,
EU_EEA,Denmark,DNK,2023,Escherichia coli,Blood/invasive,Carbapenems,2,5430,EUCAST,EUCAST required; exact version unavailable in Atlas aggregate,ECDC Surveillance Atlas aggregate,https://atlas.ecdc.europa.eu/public/,0.03683241252302026,0,J01DH_carbapenems,,,,,,,,,,,,,,,5946952,20.6001829312424,88.552638542867,68043.5466971243,9.5572958,https://api.worldbank.org/v2/,0.017921146953405017,0.10265183917878529,0.1541095890410959,-0.04365622217796076,0.05409381376769598,8.599878558034845,,,,,,
EU_EEA,Denmark,DNK,2013,Escherichia coli,Blood/invasive,Fluoroquinolones,493,3963,EARS-Net mixed/not reported,Not reported in Atlas aggregate,ECDC Surveillance Atlas aggregate,https://atlas.ecdc.europa.eu/public/,12.440070653545295,0,J01M_quinolones,0.7015,,,,10.3405,1.5332,,,,0.690923551048812,,,,,5614932,18.0533476868912,87.5436524760432,61377.5940590412,10.29778957,https://api.worldbank.org/v2/,14.12184552638287,14.066424783700809,13.739734680985471,-0.38435713396384824,0.6809151766146101,8.285008895449879,12.25217197594119,4489.0,11.042055106691526,4827.0,13.256591162272558,5386.0
EU_EEA,Denmark,DNK,2014,Escherichia coli,Blood/invasive,Fluoroquinolones,550,4489,EARS-Net mixed/not reported,Not reported in Atlas aggregate,ECDC Surveillance Atlas aggregate,https://atlas.ecdc.europa.eu/public/,12.25217197594119,0,J01M_quinolones,0.6769000000000001,0.7015,,,10.243400000000001,1.6145999999999998,,,,0.6419706120119834,,,,0.690923551048812,5643475,18.4155552098464,87.6823985731907,62520.4509747011,10.31388664,https://api.worldbank.org/v2/,12.440070653545295,14.12184552638287,14.066424783700809,-0.7124533296116468,0.8767469805704857,8.4096079807363,11.903719912472647,4570.0,12.78547725941831,5123.0,11.471900089206066,5605.0
EU_EEA,Denmark,DNK,2015,Escherichia coli,Blood/invasive,Fluoroquinolones,544,4570,EARS-Net mixed/not reported,Not reported in Atlas aggregate,ECDC Surveillance Atlas aggregate,https://atlas.ecdc.europa.eu/public/,11.903719912472647,0,J01M_quinolones,0.6619,0.6769000000000001,0.7015,,10.3973,1.5174999999999998,,,,0.6046052913682949,,,,0.6419706120119834,5683483,18.7039395633233,87.7254056577329,53094.0133607574,10.3754549,https://api.worldbank.org/v2/,12.25217197594119,12.440070653545295,14.12184552638287,-0.6842275519334792,0.8547120866936598,8.427487278331744,11.042055106691526,4827.0,13.256591162272558,5386.0,11.226575809199318,5870.0
EU_EEA,Denmark,DNK,2016,Escherichia coli,Blood/invasive,Fluoroquinolones,533,4827,EARS-Net mixed/not reported,Not reported in Atlas aggregate,ECDC Surveillance Atlas aggregate,https://atlas.ecdc.europa.eu/public/,11.042055106691526,0,J01M_quinolones,0.6258999999999999,0.6619,0.6769000000000001,0.7015,10.3029,1.4569999999999999,,,,0.6189344424638542,,,,0.6046052913682949,5728010,18.9425702764271,87.6999969482422,54500.9260410217,10.28229332,https://api.worldbank.org/v2/,11.903719912472647,12.25217197594119,12.440070653545295,-0.45424987040298687,0.5365219831842464,8.482187582217422,12.78547725941831,5123.0,11.471900089206066,5605.0,10.472074468085106,6016.0
EU_EEA,Denmark,DNK,2017,Escherichia coli,Blood/invasive,Fluoroquinolones,655,5123,EARS-Net mixed/not reported,Not reported in Atlas aggregate,ECDC Surveillance Atlas aggregate,https://atlas.ecdc.europa.eu/public/,12.78547725941831,0,J01M_quinolones,0.5833999999999999,0.6258999999999999,0.6619,0.6769000000000001,9.9922,1.4928,,,,0.6233346022078414,,,,0.6189344424638542,5764980,19.1822684091773,88.0161943799509,57521.5514992225,10.1137991,https://api.worldbank.org/v2/,11.042055106691526,11.903719912472647,12.25217197594119,0.07382510446502152,0.6339212915553706,8.541690663016626,13.256591162272558,5386.0,11.226575809199318,5870.0,10.709436524100475,5892.0
EU_EEA,Denmark,DNK,2018,Escherichia coli,Blood/invasive,Fluoroquinolones,714,5386,EARS-Net mixed/not reported,Not reported in Atlas aggregate,ECDC Surveillance Atlas aggregate,https://atlas.ecdc.europa.eu/public/,13.256591162272558,0,J01M_quinolones,0.5463,0.5833999999999999,0.6258999999999999,0.6619,9.6006,1.5103,,,,0.8651565189078562,,,,0.6233346022078414,5793636,19.4403886413888,88.1059762310689,61324.7665045565,10.14163208,https://api.worldbank.org/v2/,12.78547725941831,11.042055106691526,11.903719912472647,0.5802035902126499,0.8483757248596834,8.591743922680534,11.471900089206066,5605.0,10.472074468085106,6016.0,10.466712422786548,5828.0
EU_EEA,Denmark,DNK,2019,Escherichia coli,Blood/invasive,Fluoroquinolones,643,5605,EARS-Net mixed/not reported,Not reported in Atlas aggregate,ECDC Surveillance Atlas aggregate,https://atlas.ecdc.europa.eu/public/,11.471900089206066,0,J01M_quinolones,0.49219999999999997,0.5463,0.5833999999999999,0.6258999999999999,9.323299999999998,1.4106,,,,0.788898393688813,,,,0.8651565189078562,5814422,19.7143802297606,88.2096490810669,59404.2663247723,10.18468761,https://api.worldbank.org/v2/,13.256591162272558,12.78547725941831,11.042055106691526,0.17606488503978565,0.9103918445828837,8.631592731724734,11.226575809199318,5870.0,10.709436524100475,5892.0,,
EU_EEA,Denmark,DNK,2020,Escherichia coli,Blood/invasive,Fluoroquinolones,659,5870,EUCAST,EUCAST required; exact version unavailable in Atlas aggregate,ECDC Surveillance Atlas aggregate,https://atlas.ecdc.europa.eu/public/,11.226575809199318,1,J01M_quinolones,0.4376,0.49219999999999997,0.5463,0.5833999999999999,8.4331,1.3507,,,,0.7530120481927712,,,,0.788898393688813,5831404,20.0008145375227,88.2394485473632,60985.4885601514,10.69237614,https://api.worldbank.org/v2/,11.471900089206066,13.256591162272558,12.78547725941831,-0.6461395423723476,0.8567334615203177,8.677780256064185,10.472074468085106,6016.0,10.466712422786548,5828.0,,
EU_EEA,Denmark,DNK,2021,Escherichia coli,Blood/invasive,Fluoroquinolones,630,6016,EUCAST,EUCAST required; exact version unavailable in Atlas aggregate,ECDC Surveillance Atlas aggregate,https://atlas.ecdc.europa.eu/public/,10.472074468085106,0,J01M_quinolones,0.41669999999999996,0.4376,0.49219999999999997,0.5463,8.572099999999999,1.4165,,,,0.730633376881018,,,,0.7530120481927712,5856733,20.2481262517018,88.2616449318149,69340.7334922138,10.65575886,https://api.worldbank.org/v2/,11.226575809199318,11.471900089206066,13.256591162272558,-0.8598874362569122,1.0212959086669868,8.702344075220351,10.709436524100475,5892.0,,,,
EU_EEA,Denmark,DNK,2022,Escherichia coli,Blood/invasive,Fluoroquinolones,631,5892,EUCAST,EUCAST required; exact version unavailable in Atlas aggregate,ECDC Surveillance Atlas aggregate,https://atlas.ecdc.europa.eu/public/,10.709436524100475,0,J01M_quinolones,0.4411,0.41669999999999996,0.4376,0.49219999999999997,9.204999999999998,1.4274,,,,0.7580814341565745,,,,0.730633376881018,5903037,20.4007400764725,88.3880239837703,67781.0940939514,9.47411346,https://api.worldbank.org/v2/,10.472074468085106,11.226575809199318,11.471900089206066,-0.30418920364310054,0.39798178528481665,8.681520484837913,10.466712422786548,5828.0,,,,
EU_EEA,Denmark,DNK,2023,Escherichia coli,Blood/invasive,Fluoroquinolones,610,5828,EUCAST,EUCAST required; exact version unavailable in Atlas aggregate,ECDC Surveillance Atlas aggregate,https://atlas.ecdc.europa.eu/public/,10.466712422786548,0,J01M_quinolones,,,,,,,,,,,,,,,5946952,20.6001829312424,88.552638542867,68043.5466971243,9.5572958,https://api.worldbank.org/v2/,10.709436524100475,10.472074468085106,11.226575809199318,-0.204222810322296,0.3091704795164287,8.67060073804555,,,,,,
EU_EEA,Denmark,DNK,2013,Escherichia coli,Blood/invasive,Third-generation cephalosporins,198,2451,EARS-Net mixed/not reported,Not reported in Atlas aggregate,ECDC Surveillance Atlas aggregate,https://atlas.ecdc.europa.eu/public/,8.078335373317014,0,J01D_other_beta_lactams,0.3856999999999999,,,,10.3405,1.5332,,,,0.690923551048812,,,,,5614932,18.0533476868912,87.5436524760432,61377.5940590412,10.29778957,https://api.worldbank.org/v2/,7.860262008733624,8.4913112164297,7.599667774086379,0.08049535899958099,0.3267633122601519,7.804659297056102,7.006802721088436,4410.0,6.567933032839665,4659.0,7.6557003931305605,4833.0
EU_EEA,Denmark,DNK,2014,Escherichia coli,Blood/invasive,Third-generation cephalosporins,309,4410,EARS-Net mixed/not reported,Not reported in Atlas aggregate,ECDC Surveillance Atlas aggregate,https://atlas.ecdc.europa.eu/public/,7.006802721088436,0,J01D_other_beta_lactams,0.4198,0.3856999999999999,,,10.243400000000001,1.6145999999999998,,,,0.6419706120119834,,,,0.690923551048812,5643475,18.4155552098464,87.6823985731907,62520.4509747011,10.31388664,https://api.worldbank.org/v2/,8.078335373317014,7.860262008733624,8.4913112164297,-0.42354521214404195,0.5417949678539263,8.39185670010494,7.476430607322955,4561.0,6.901494982592668,4883.0,7.542722451384797,5091.0
EU_EEA,Denmark,DNK,2015,Escherichia coli,Blood/invasive,Third-generation cephalosporins,341,4561,EARS-Net mixed/not reported,Not reported in Atlas aggregate,ECDC Surveillance Atlas aggregate,https://atlas.ecdc.europa.eu/public/,7.476430607322955,0,J01D_other_beta_lactams,0.3236,0.4198,0.3856999999999999,,10.3973,1.5174999999999998,,,,0.6046052913682949,,,,0.6419706120119834,5683483,18.7039395633233,87.7254056577329,53094.0133607574,10.3754549,https://api.worldbank.org/v2/,7.006802721088436,8.078335373317014,7.860262008733624,-0.2223026856460604,0.40730035112040486,8.425516402844334,6.567933032839665,4659.0,7.6557003931305605,4833.0,6.696935300794552,5286.0
EU_EEA,Denmark,DNK,2016,Escherichia coli,Blood/invasive,Third-generation cephalosporins,306,4659,EARS-Net mixed/not reported,Not reported in Atlas aggregate,ECDC Surveillance Atlas aggregate,https://atlas.ecdc.europa.eu/public/,6.567933032839665,0,J01D_other_beta_lactams,0.2939,0.3236,0.4198,0.3856999999999999,10.3029,1.4569999999999999,,,,0.6189344424638542,,,,0.6046052913682949,5728010,18.9425702764271,87.6999969482422,54500.9260410217,10.28229332,https://api.worldbank.org/v2/,7.476430607322955,7.006802721088436,8.078335373317014,-0.4061579135197537,0.560708903970707,8.446770727119691,6.901494982592668,4883.0,7.542722451384797,5091.0,6.166912850812408,5416.0
EU_EEA,Denmark,DNK,2017,Escherichia coli,Blood/invasive,Third-generation cephalosporins,337,4883,EARS-Net mixed/not reported,Not reported in Atlas aggregate,ECDC Surveillance Atlas aggregate,https://atlas.ecdc.europa.eu/public/,6.901494982592668,0,J01D_other_beta_lactams,0.3292,0.2939,0.3236,0.4198,9.9922,1.4928,,,,0.6233346022078414,,,,0.6189344424638542,5764980,19.1822684091773,88.0161943799509,57521.5514992225,10.1137991,https://api.worldbank.org/v2/,6.567933032839665,7.476430607322955,7.006802721088436,-0.12244207899706053,0.3251373809954042,8.493719835230594,7.6557003931305605,4833.0,6.696935300794552,5286.0,6.627863312054075,5326.0
EU_EEA,Denmark,DNK,2018,Escherichia coli,Blood/invasive,Third-generation cephalosporins,370,4833,EARS-Net mixed/not reported,Not reported in Atlas aggregate,ECDC Surveillance Atlas aggregate,https://atlas.ecdc.europa.eu/public/,7.6557003931305605,0,J01D_other_beta_lactams,0.28409999999999996,0.3292,0.2939,0.3236,9.6006,1.5103,,,,0.8651565189078562,,,,0.6233346022078414,5793636,19.4403886413888,88.1059762310689,61324.7665045565,10.14163208,https://api.worldbank.org/v2/,6.901494982592668,6.567933032839665,7.476430607322955,0.08713713071758028,0.4367052550957137,8.483429561263428,7.542722451384797,5091.0,6.166912850812408,5416.0,6.316388467374811,5272.0
EU_EEA,Denmark,DNK,2019,Escherichia coli,Blood/invasive,Third-generation cephalosporins,384,5091,EARS-Net mixed/not reported,Not reported in Atlas aggregate,ECDC Surveillance Atlas aggregate,https://atlas.ecdc.europa.eu/public/,7.542722451384797,0,J01D_other_beta_lactams,0.263,0.28409999999999996,0.3292,0.2939,9.323299999999998,1.4106,,,,0.788898393688813,,,,0.8651565189078562,5814422,19.7143802297606,88.2096490810669,59404.2663247723,10.18468761,https://api.worldbank.org/v2/,7.6557003931305605,6.901494982592668,6.567933032839665,0.36785736661732704,0.4498248477382677,8.535425959677298,6.696935300794552,5286.0,6.627863312054075,5326.0,,
EU_EEA,Denmark,DNK,2020,Escherichia coli,Blood/invasive,Third-generation cephalosporins,354,5286,EUCAST,EUCAST required; exact version unavailable in Atlas aggregate,ECDC Surveillance Atlas aggregate,https://atlas.ecdc.europa.eu/public/,6.696935300794552,1,J01D_other_beta_lactams,0.2399,0.263,0.28409999999999996,0.3292,8.4331,1.3507,,,,0.7530120481927712,,,,0.788898393688813,5831404,20.0008145375227,88.2394485473632,60985.4885601514,10.69237614,https://api.worldbank.org/v2/,7.542722451384797,7.6557003931305605,6.901494982592668,-0.07266569871401275,0.40844166911738106,8.57300625623545,6.166912850812408,5416.0,6.316388467374811,5272.0,,
EU_EEA,Denmark,DNK,2021,Escherichia coli,Blood/invasive,Third-generation cephalosporins,334,5416,EUCAST,EUCAST required; exact version unavailable in Atlas aggregate,ECDC Surveillance Atlas aggregate,https://atlas.ecdc.europa.eu/public/,6.166912850812408,0,J01D_other_beta_lactams,0.23070000000000002,0.2399,0.263,0.28409999999999996,8.572099999999999,1.4165,,,,0.730633376881018,,,,0.7530120481927712,5856733,20.2481262517018,88.2616449318149,69340.7334922138,10.65575886,https://api.worldbank.org/v2/,6.696935300794552,7.542722451384797,7.6557003931305605,-0.531214977754472,0.614288949842656,8.597297435657898,6.627863312054075,5326.0,,,,
EU_EEA,Denmark,DNK,2022,Escherichia coli,Blood/invasive,Third-generation cephalosporins,353,5326,EUCAST,EUCAST required; exact version unavailable in Atlas aggregate,ECDC Surveillance Atlas aggregate,https://atlas.ecdc.europa.eu/public/,6.627863312054075,0,J01D_other_beta_lactams,0.2316,0.23070000000000002,0.2399,0.263,9.204999999999998,1.4274,,,,0.7580814341565745,,,,0.730633376881018,5903037,20.4007400764725,88.3880239837703,67781.0940939514,9.47411346,https://api.worldbank.org/v2/,6.166912850812408,6.696935300794552,7.542722451384797,-0.3274599867974324,0.4964464517183724,8.580543506917,6.316388467374811,5272.0,,,,
EU_EEA,Denmark,DNK,2023,Escherichia coli,Blood/invasive,Third-generation cephalosporins,333,5272,EUCAST,EUCAST required; exact version unavailable in Atlas aggregate,ECDC Surveillance Atlas aggregate,https://atlas.ecdc.europa.eu/public/,6.316388467374811,0,J01D_other_beta_lactams,,,,,,,,,,,,,,,5946952,20.6001829312424,88.552638542867,68043.5466971243,9.5572958,https://api.worldbank.org/v2/,6.627863312054075,6.166912850812408,6.696935300794552,-0.06806900390175724,0.21828099666384587,8.57035473953047,,,,,,
EU_EEA,Spain,ESP,2013,Escherichia coli,Blood/invasive,Aminoglycosides,909,5929,EARS-Net mixed/not reported,Not reported in Atlas aggregate,ECDC Surveillance Atlas aggregate,https://atlas.ecdc.europa.eu/public/,15.331421824928318,0,J01G_aminoglycosides,,,,,12.549599999999998,,,,,,,,,,46604197,17.850818523935,78.9858086902112,29228.846559842,9.13714981,https://api.worldbank.org/v2/,15.559471365638766,14.81349277172943,14.097612359550562,0.4447406990042594,0.561724102363371,8.68777949199177,15.06872852233677,5820.0,14.529411764705882,6800.0,14.12165572942958,7924.0
EU_EEA,Spain,ESP,2014,Escherichia coli,Blood/invasive,Aminoglycosides,877,5820,EARS-Net mixed/not reported,Not reported in Atlas aggregate,ECDC Surveillance Atlas aggregate,https://atlas.ecdc.europa.eu/public/,15.06872852233677,0,J01G_aminoglycosides,,,,,13.393899999999999,,,,,,,,,,46460733,18.2556448430349,79.1196713833488,29707.765509467,9.1512289,https://api.worldbank.org/v2/,15.331421824928318,15.559471365638766,14.81349277172943,0.05376577111115355,0.27970104102453064,8.669227347271736,14.701803051317615,6489.0,13.700447835461935,6029.0,13.559730250481696,8304.0
EU_EEA,Spain,ESP,2015,Escherichia coli,Blood/invasive,Aminoglycosides,954,6489,EARS-Net mixed/not reported,Not reported in Atlas aggregate,ECDC Surveillance Atlas aggregate,https://atlas.ecdc.europa.eu/public/,14.701803051317615,0,J01G_aminoglycosides,,,,,13.753999999999998,,,,,,,,,,46422303,18.5417546078088,79.2454892743023,25982.4416197775,9.17553329,https://api.worldbank.org/v2/,15.06872852233677,15.331421824928318,15.559471365638766,-0.28356982455550234,0.3190309488565452,8.778017809698136,14.529411764705882,6800.0,14.12165572942958,7924.0,13.61604291735854,7829.0
EU_EEA,Spain,ESP,2016,Escherichia coli,Blood/invasive,Aminoglycosides,988,6800,EARS-Net mixed/not reported,Not reported in Atlas aggregate,ECDC Surveillance Atlas aggregate,https://atlas.ecdc.europa.eu/public/,14.529411764705882,0,J01G_aminoglycosides,,,,,19.9319,1.5172999999999999,,,,7.097791798107257,,,,,46458139,18.7673388766097,79.3615955277997,26755.6061149398,8.88084984,https://api.worldbank.org/v2/,14.701803051317615,15.06872852233677,15.331421824928318,-0.27729556516865056,0.3126363032793866,8.824824939175638,13.700447835461935,6029.0,13.559730250481696,8304.0,12.395929694727105,7567.0
EU_EEA,Spain,ESP,2017,Escherichia coli,Blood/invasive,Aminoglycosides,826,6029,EARS-Net mixed/not reported,Not reported in Atlas aggregate,ECDC Surveillance Atlas aggregate,https://atlas.ecdc.europa.eu/public/,13.700447835461935,0,J01G_aminoglycosides,,,,,19.3241,1.4018999999999997,,,,7.539659976118723,,,,7.097791798107257,46571232,18.9928200430073,79.4663233085683,28381.3425596906,9.0217495,https://api.worldbank.org/v2/,14.529411764705882,14.701803051317615,15.06872852233677,-0.4277233347236267,0.5010801535450284,8.704502289721232,14.12165572942958,7924.0,13.61604291735854,7829.0,12.47998291875734,9367.0
EU_EEA,Spain,ESP,2018,Escherichia coli,Blood/invasive,Aminoglycosides,1119,7924,EARS-Net mixed/not reported,Not reported in Atlas aggregate,ECDC Surveillance Atlas aggregate,https://atlas.ecdc.europa.eu/public/,14.12165572942958,0,J01G_aminoglycosides,,,,,18.8201,1.3745999999999998,,,,8.032198285846654,,,,7.539659976118723,46782011,19.2023408408683,79.5580057813361,30602.4212881113,9.07122517,https://api.worldbank.org/v2/,13.700447835461935,14.529411764705882,14.701803051317615,-0.256940589490809,0.38728737790458495,8.977777598745481,13.559730250481696,8304.0,12.395929694727105,7567.0,12.300967842647518,9609.0
EU_EEA,Spain,ESP,2019,Escherichia coli,Blood/invasive,Aminoglycosides,1126,8304,EARS-Net mixed/not reported,Not reported in Atlas aggregate,ECDC Surveillance Atlas aggregate,https://atlas.ecdc.europa.eu/public/,13.559730250481696,0,J01G_aminoglycosides,,,,,17.8159,1.292,,,,9.559184675834974,,,,8.032198285846654,47118501,19.3818276285973,79.6349761108307,29786.5245689007,9.21539497,https://api.worldbank.org/v2/,14.12165572942958,13.700447835461935,14.529411764705882,-0.24878366487049605,0.37969611137346343,9.024613022047395,13.61604291735854,7829.0,12.47998291875734,9367.0,,
EU_EEA,Spain,ESP,2020,Escherichia coli,Blood/invasive,Aminoglycosides,1066,7829,EUCAST,EUCAST required; exact version unavailable in Atlas aggregate,ECDC Surveillance Atlas aggregate,https://atlas.ecdc.europa.eu/public/,13.61604291735854,1,J01G_aminoglycosides,,,,,13.5965,1.1725999999999999,,,,10.933692445812497,,,,9.559184675834974,47359424,19.5596160856506,79.6955674617799,27233.9426461608,10.79479218,https://api.worldbank.org/v2/,13.559730250481696,14.12165572942958,13.700447835461935,-0.08151402332580977,0.22064074234705855,8.965717788984849,12.395929694727105,7567.0,12.300967842647518,9609.0,,
EU_EEA,Spain,ESP,2021,Escherichia coli,Blood/invasive,Aminoglycosides,938,7567,EUCAST,EUCAST required; exact version unavailable in Atlas aggregate,ECDC Surveillance Atlas aggregate,https://atlas.ecdc.europa.eu/public/,12.395929694727105,0,J01G_aminoglycosides,,,,,13.6073,1.15,,,,11.80938298158355,,,,10.933692445812497,47443821,19.8133822943511,79.7846242983598,30799.4775937775,10.34419918,https://api.worldbank.org/v2/,13.61604291735854,13.559730250481696,14.12165572942958,-0.5120865437230613,0.6322486670872034,8.931684110731714,12.47998291875734,9367.0,,,,
EU_EEA,Spain,ESP,2022,Escherichia coli,Blood/invasive,Aminoglycosides,1169,9367,EUCAST,EUCAST required; exact version unavailable in Atlas aggregate,ECDC Surveillance Atlas aggregate,https://atlas.ecdc.europa.eu/public/,12.47998291875734,0,J01G_aminoglycosides,,,,,16.116,1.1706999999999999,,,,12.486869747899162,,,,11.80938298158355,47786102,20.1879992491906,79.9548794567814,30319.4987196616,9.6799593,https://api.worldbank.org/v2/,12.395929694727105,13.61604291735854,13.559730250481696,-0.44593552178045265,0.5760767468034935,9.145054905277552,12.300967842647518,9609.0,,,,
EU_EEA,Spain,ESP,2023,Escherichia coli,Blood/invasive,Aminoglycosides,1182,9609,EUCAST,EUCAST required; exact version unavailable in Atlas aggregate,ECDC Surveillance Atlas aggregate,https://atlas.ecdc.europa.eu/public/,12.300967842647518,0,J01G_aminoglycosides,,,,,,,,,,,,,,,48352528,20.6537075238774,80.128491001856,33493.2225409111,9.2206583,https://api.worldbank.org/v2/,12.47998291875734,12.395929694727105,13.61604291735854,-0.3861172000102856,0.5336700844086059,9.170559501964338,,,,,,
EU_EEA,Spain,ESP,2013,Escherichia coli,Blood/invasive,Aminopenicillins,3725,5720,EARS-Net mixed/not reported,Not reported in Atlas aggregate,ECDC Surveillance Atlas aggregate,https://atlas.ecdc.europa.eu/public/,65.12237762237763,0,J01C_penicillins,8.623899999999999,,,,12.549599999999998,,,,,,,,,,46604197,17.850818523935,78.9858086902112,29228.846559842,9.13714981,https://api.worldbank.org/v2/,65.39139633286318,65.64735336194563,64.53651685393258,0.15016252762525648,0.41242378883079295,8.651898894268529,64.91318549080282,5817.0,64.10596026490066,6795.0,62.92933280694828,7599.0
EU_EEA,Spain,ESP,2014,Escherichia coli,Blood/invasive,Aminopenicillins,3776,5817,EARS-Net mixed/not reported,Not reported in Atlas aggregate,ECDC Surveillance Atlas aggregate,https://atlas.ecdc.europa.eu/public/,64.91318549080282,0,J01C_penicillins,9.4416,8.623899999999999,,,13.393899999999999,,,,,,,,,,46460733,18.2556448430349,79.1196713833488,29707.765509467,9.1512289,https://api.worldbank.org/v2/,65.12237762237763,65.39139633286318,65.64735336194563,-0.24715223239140896,0.27669184290218624,8.668711839055147,63.85560914890306,6427.0,62.38439549352615,5947.0,61.20546545779594,7831.0
EU_EEA,Spain,ESP,2015,Escherichia coli,Blood/invasive,Aminopenicillins,4104,6427,EARS-Net mixed/not reported,Not reported in Atlas aggregate,ECDC Surveillance Atlas aggregate,https://atlas.ecdc.europa.eu/public/,63.85560914890306,0,J01C_penicillins,9.762199999999998,9.4416,8.623899999999999,,13.753999999999998,,,,,,,,,,46422303,18.5417546078088,79.2454892743023,25982.4416197775,9.17553329,https://api.worldbank.org/v2/,64.91318549080282,65.12237762237763,65.39139633286318,-0.48165536834552536,0.5823782266877195,8.768418726857403,64.10596026490066,6795.0,62.92933280694828,7599.0,57.62406431937899,7214.0
EU_EEA,Spain,ESP,2016,Escherichia coli,Blood/invasive,Aminopenicillins,4356,6795,EARS-Net mixed/not reported,Not reported in Atlas aggregate,ECDC Surveillance Atlas aggregate,https://atlas.ecdc.europa.eu/public/,64.10596026490066,0,J01C_penicillins,15.426999999999998,9.762199999999998,9.4416,8.623899999999999,19.9319,1.5172999999999999,,,,7.097791798107257,,,,,46458139,18.7673388766097,79.3615955277997,26755.6061149398,8.88084984,https://api.worldbank.org/v2/,63.85560914890306,64.91318549080282,65.12237762237763,-0.4106828414330755,0.5311734605711345,8.824089482791823,62.38439549352615,5947.0,61.20546545779594,7831.0,56.21201413427562,7075.0
EU_EEA,Spain,ESP,2017,Escherichia coli,Blood/invasive,Aminopenicillins,3710,5947,EARS-Net mixed/not reported,Not reported in Atlas aggregate,ECDC Surveillance Atlas aggregate,https://atlas.ecdc.europa.eu/public/,62.38439549352615,0,J01C_penicillins,14.843699999999998,15.426999999999998,9.762199999999998,9.4416,19.3241,1.4018999999999997,,,,7.539659976118723,,,,7.097791798107257,46571232,18.9928200430073,79.4663233085683,28381.3425596906,9.0217495,https://api.worldbank.org/v2/,64.10596026490066,63.85560914890306,64.91318549080282,-0.7336018875832548,0.9136393468462813,8.690810307580046,62.92933280694828,7599.0,57.62406431937899,7214.0,57.228070175438596,8550.0
EU_EEA,Spain,ESP,2018,Escherichia coli,Blood/invasive,Aminopenicillins,4782,7599,EARS-Net mixed/not reported,Not reported in Atlas aggregate,ECDC Surveillance Atlas aggregate,https://atlas.ecdc.europa.eu/public/,62.92933280694828,0,J01C_penicillins,14.3912,14.843699999999998,15.426999999999998,9.762199999999998,18.8201,1.3745999999999998,,,,8.032198285846654,,,,7.539659976118723,46782011,19.2023408408683,79.5580057813361,30602.4212881113,9.07122517,https://api.worldbank.org/v2/,62.38439549352615,64.10596026490066,63.85560914890306,-0.4500393797238956,0.6950866526519414,8.935903526274423,61.20546545779594,7831.0,56.21201413427562,7075.0,57.420675537359266,8793.0
EU_EEA,Spain,ESP,2019,Escherichia coli,Blood/invasive,Aminopenicillins,4793,7831,EARS-Net mixed/not reported,Not reported in Atlas aggregate,ECDC Surveillance Atlas aggregate,https://atlas.ecdc.europa.eu/public/,61.20546545779594,0,J01C_penicillins,13.7359,14.3912,14.843699999999998,15.426999999999998,17.8159,1.292,,,,9.559184675834974,,,,8.032198285846654,47118501,19.3818276285973,79.6349761108307,29786.5245689007,9.21539497,https://api.worldbank.org/v2/,62.92933280694828,62.38439549352615,64.10596026490066,-0.8156547107892161,1.043421622148315,8.965973184210347,57.62406431937899,7214.0,57.228070175438596,8550.0,,
EU_EEA,Spain,ESP,2020,Escherichia coli,Blood/invasive,Aminopenicillins,4157,7214,EUCAST,EUCAST required; exact version unavailable in Atlas aggregate,ECDC Surveillance Atlas aggregate,https://atlas.ecdc.europa.eu/public/,57.62406431937899,1,J01C_penicillins,10.3788,13.7359,14.3912,14.843699999999998,13.5965,1.1725999999999999,,,,10.933692445812497,,,,9.559184675834974,47359424,19.5596160856506,79.6955674617799,27233.9426461608,10.79479218,https://api.worldbank.org/v2/,61.20546545779594,62.92933280694828,62.38439549352615,-1.6004860871593918,2.065968478540788,8.88391747120797,56.21201413427562,7075.0,57.420675537359266,8793.0,,
EU_EEA,Spain,ESP,2021,Escherichia coli,Blood/invasive,Aminopenicillins,3977,7075,EUCAST,EUCAST required; exact version unavailable in Atlas aggregate,ECDC Surveillance Atlas aggregate,https://atlas.ecdc.europa.eu/public/,56.21201413427562,0,J01C_penicillins,10.3813,10.3788,13.7359,14.3912,13.6073,1.15,,,,11.80938298158355,,,,10.933692445812497,47443821,19.8133822943511,79.7846242983598,30799.4775937775,10.34419918,https://api.worldbank.org/v2/,57.62406431937899,61.20546545779594,62.92933280694828,-2.3733357156435098,2.6925224984294025,8.864464055279676,57.228070175438596,8550.0,,,,
EU_EEA,Spain,ESP,2022,Escherichia coli,Blood/invasive,Aminopenicillins,4893,8550,EUCAST,EUCAST required; exact version unavailable in Atlas aggregate,ECDC Surveillance Atlas aggregate,https://atlas.ecdc.europa.eu/public/,57.228070175438596,0,J01C_penicillins,12.2549,10.3813,10.3788,13.7359,16.116,1.1706999999999999,,,,12.486869747899162,,,,11.80938298158355,47786102,20.1879992491906,79.9548794567814,30319.4987196616,9.6799593,https://api.worldbank.org/v2/,56.21201413427562,57.62406431937899,61.20546545779594,-1.3344236032175485,1.883542713094252,9.053803514155955,57.420675537359266,8793.0,,,,
EU_EEA,Spain,ESP,2023,Escherichia coli,Blood/invasive,Aminopenicillins,5049,8793,EUCAST,EUCAST required; exact version unavailable in Atlas aggregate,ECDC Surveillance Atlas aggregate,https://atlas.ecdc.europa.eu/public/,57.420675537359266,0,J01C_penicillins,,,,,,,,,,,,,,,48352528,20.6537075238774,80.128491001856,33493.2225409111,9.2206583,https://api.worldbank.org/v2/,57.228070175438596,56.21201413427562,57.62406431937899,0.04058896951036888,0.5432767006475572,9.081824949740755,,,,,,
EU_EEA,Spain,ESP,2013,Escherichia coli,Blood/invasive,Carbapenems,44,5921,EARS-Net mixed/not reported,Not reported in Atlas aggregate,ECDC Surveillance Atlas aggregate,https://atlas.ecdc.europa.eu/public/,0.7431177166019254,0,J01DH_carbapenems,,,,,12.549599999999998,,,,,,,,,,46604197,17.850818523935,78.9858086902112,29228.846559842,9.13714981,https://api.worldbank.org/v2/,0.05291005291005291,0.017879492222420884,0.0175561797752809,0.22117151711675656,0.3093616194986287,8.686429508661536,0.05157297576070139,5817.0,0.0588754783632617,6794.0,0.03785966683493185,7924.0
EU_EEA,Spain,ESP,2014,Escherichia coli,Blood/invasive,Carbapenems,3,5817,EARS-Net mixed/not reported,Not reported in Atlas aggregate,ECDC Surveillance Atlas aggregate,https://atlas.ecdc.europa.eu/public/,0.05157297576070139,0,J01DH_carbapenems,,,,,13.393899999999999,,,,,,,,,,46460733,18.2556448430349,79.1196713833488,29707.765509467,9.1512289,https://api.worldbank.org/v2/,0.7431177166019254,0.05291005291005291,0.017879492222420884,0.07912881143067141,0.3044416414207761,8.668711839055147,0.01562744178777934,6399.0,0.01659475605708596,6026.0,1.9410496046010064,8346.0
EU_EEA,Spain,ESP,2015,Escherichia coli,Blood/invasive,Carbapenems,1,6399,EARS-Net mixed/not reported,Not reported in Atlas aggregate,ECDC Surveillance Atlas aggregate,https://atlas.ecdc.europa.eu/public/,0.01562744178777934,0,J01DH_carbapenems,,,,,13.753999999999998,,,,,,,,,,46422303,18.5417546078088,79.2454892743023,25982.4416197775,9.17553329,https://api.worldbank.org/v2/,0.05157297576070139,0.7431177166019254,0.05291005291005291,-0.08033925742080447,0.30481005456608823,8.764053269347762,0.0588754783632617,6794.0,0.03785966683493185,7924.0,0.36952089704383284,7848.0
EU_EEA,Spain,ESP,2016,Escherichia coli,Blood/invasive,Carbapenems,4,6794,EARS-Net mixed/not reported,Not reported in Atlas aggregate,ECDC Surveillance Atlas aggregate,https://atlas.ecdc.europa.eu/public/,0.0588754783632617,0,J01DH_carbapenems,0.1114,,,,19.9319,1.5172999999999999,,,,7.097791798107257,,,,,46458139,18.7673388766097,79.3615955277997,26755.6061149398,8.88084984,https://api.worldbank.org/v2/,0.01562744178777934,0.05157297576070139,0.7431177166019254,-0.20886722486889145,0.30402297094017694,8.823942326585245,0.01659475605708596,6026.0,1.9410496046010064,8346.0,0.14453187730849526,6227.0
EU_EEA,Spain,ESP,2017,Escherichia coli,Blood/invasive,Carbapenems,1,6026,EARS-Net mixed/not reported,Not reported in Atlas aggregate,ECDC Surveillance Atlas aggregate,https://atlas.ecdc.europa.eu/public/,0.01659475605708596,0,J01DH_carbapenems,0.0881,0.1114,,,19.3241,1.4018999999999997,,,,7.539659976118723,,,,7.097791798107257,46571232,18.9928200430073,79.4663233085683,28381.3425596906,9.0217495,https://api.worldbank.org/v2/,0.0588754783632617,0.01562744178777934,0.05157297576070139,-0.0061686622535363994,0.019729216364562444,8.704004653483045,0.03785966683493185,7924.0,0.36952089704383284,7848.0,0.5655042412818096,9549.0
EU_EEA,Spain,ESP,2018,Escherichia coli,Blood/invasive,Carbapenems,3,7924,EARS-Net mixed/not reported,Not reported in Atlas aggregate,ECDC Surveillance Atlas aggregate,https://atlas.ecdc.europa.eu/public/,0.03785966683493185,0,J01DH_carbapenems,0.0872999999999999,0.0881,0.1114,,18.8201,1.3745999999999998,,,,8.032198285846654,,,,7.539659976118723,46782011,19.2023408408683,79.5580057813361,30602.4212881113,9.07122517,https://api.worldbank.org/v2/,0.01659475605708596,0.0588754783632617,0.01562744178777934,0.0024415952835281744,0.017760772150995925,8.977777598745481,1.9410496046010064,8346.0,0.14453187730849526,6227.0,0.054507794614629894,9173.0
EU_EEA,Spain,ESP,2019,Escherichia coli,Blood/invasive,Carbapenems,162,8346,EARS-Net mixed/not reported,Not reported in Atlas aggregate,ECDC Surveillance Atlas aggregate,https://atlas.ecdc.europa.eu/public/,1.9410496046010064,0,J01DH_carbapenems,0.0859,0.0872999999999999,0.0881,0.1114,17.8159,1.292,,,,9.559184675834974,,,,8.032198285846654,47118501,19.3818276285973,79.6349761108307,29786.5245689007,9.21539497,https://api.worldbank.org/v2/,0.03785966683493185,0.01659475605708596,0.0588754783632617,0.5667787289491081,0.8242769318097972,9.029657471850737,0.36952089704383284,7848.0,0.5655042412818096,9549.0,,
EU_EEA,Spain,ESP,2020,Escherichia coli,Blood/invasive,Carbapenems,29,7848,EUCAST,EUCAST required; exact version unavailable in Atlas aggregate,ECDC Surveillance Atlas aggregate,https://atlas.ecdc.europa.eu/public/,0.36952089704383284,1,J01DH_carbapenems,0.0887,0.0859,0.0872999999999999,0.0881,13.5965,1.1725999999999999,,,,10.933692445812497,,,,9.559184675834974,47359424,19.5596160856506,79.6955674617799,27233.9426461608,10.79479218,https://api.worldbank.org/v2/,1.9410496046010064,0.03785966683493185,0.01659475605708596,0.2961968360726316,0.7917689495293286,8.968141414126814,0.14453187730849526,6227.0,0.054507794614629894,9173.0,,
EU_EEA,Spain,ESP,2021,Escherichia coli,Blood/invasive,Carbapenems,9,6227,EUCAST,EUCAST required; exact version unavailable in Atlas aggregate,ECDC Surveillance Atlas aggregate,https://atlas.ecdc.europa.eu/public/,0.14453187730849526,0,J01DH_carbapenems,0.0991,0.0887,0.0859,0.0872999999999999,13.6073,1.15,,,,11.80938298158355,,,,10.933692445812497,47443821,19.8133822943511,79.7846242983598,30799.4775937775,10.34419918,https://api.worldbank.org/v2/,0.36952089704383284,1.9410496046010064,0.03785966683493185,-0.12515120761364815,0.7701991850115409,8.73681053295389,0.5655042412818096,9549.0,,,,
EU_EEA,Spain,ESP,2022,Escherichia coli,Blood/invasive,Carbapenems,54,9549,EUCAST,EUCAST required; exact version unavailable in Atlas aggregate,ECDC Surveillance Atlas aggregate,https://atlas.ecdc.europa.eu/public/,0.5655042412818096,0,J01DH_carbapenems,0.0996,0.0991,0.0887,0.0859,16.116,1.1706999999999999,,,,12.486869747899162,,,,11.80938298158355,47786102,20.1879992491906,79.9548794567814,30319.4987196616,9.6799593,https://api.worldbank.org/v2/,0.14453187730849526,0.36952089704383284,1.9410496046010064,-0.435162510969293,0.7006938851573739,9.164296433474776,0.054507794614629894,9173.0,,,,
EU_EEA,Spain,ESP,2023,Escherichia coli,Blood/invasive,Carbapenems,5,9173,EUCAST,EUCAST required; exact version unavailable in Atlas aggregate,ECDC Surveillance Atlas aggregate,https://atlas.ecdc.europa.eu/public/,0.054507794614629894,0,J01DH_carbapenems,,,,,,,,,,,,,,,48352528,20.6537075238774,80.128491001856,33493.2225409111,9.2206583,https://api.worldbank.org/v2/,0.5655042412818096,0.14453187730849526,0.36952089704383284,-0.05240669433142949,0.19917050172573225,9.124128675157117,,,,,,
EU_EEA,Spain,ESP,2013,Escherichia coli,Blood/invasive,Fluoroquinolones,2068,5926,EARS-Net mixed/not reported,Not reported in Atlas aggregate,ECDC Surveillance Atlas aggregate,https://atlas.ecdc.europa.eu/public/,34.89706378670267,0,J01M_quinolones,2.3589999999999995,,,,12.549599999999998,,,,,,,,,,46604197,17.850818523935,78.9858086902112,29228.846559842,9.13714981,https://api.worldbank.org/v2/,33.85214007782101,34.48275862068966,32.75983146067416,0.5781078435216819,0.8058602625382398,8.687273461787838,34.032313509797184,5818.0,32.82330439899956,6797.0,32.11659663865546,7616.0
EU_EEA,Spain,ESP,2014,Escherichia coli,Blood/invasive,Fluoroquinolones,1980,5818,EARS-Net mixed/not reported,Not reported in Atlas aggregate,ECDC Surveillance Atlas aggregate,https://atlas.ecdc.europa.eu/public/,34.032313509797184,0,J01M_quinolones,2.3112,2.3589999999999995,,,13.393899999999999,,,,,,,,,,46460733,18.2556448430349,79.1196713833488,29707.765509467,9.1512289,https://api.worldbank.org/v2/,34.89706378670267,33.85214007782101,34.48275862068966,-0.03064116237958724,0.40653646665326243,8.66888370465667,31.554595928439234,6484.0,32.50302715793115,5781.0,29.52880859375,8192.0
EU_EEA,Spain,ESP,2015,Escherichia coli,Blood/invasive,Fluoroquinolones,2046,6484,EARS-Net mixed/not reported,Not reported in Atlas aggregate,ECDC Surveillance Atlas aggregate,https://atlas.ecdc.europa.eu/public/,31.554595928439234,0,J01M_quinolones,2.3484,2.3112,2.3589999999999995,,13.753999999999998,,,,,,,,,,46422303,18.5417546078088,79.2454892743023,25982.4416197775,9.17553329,https://api.worldbank.org/v2/,34.032313509797184,34.89706378670267,33.85214007782101,-0.7757382725050848,1.2364770008787545,8.777247096750544,32.82330439899956,6797.0,32.11659663865546,7616.0,28.606231568149763,7799.0
EU_EEA,Spain,ESP,2016,Escherichia coli,Blood/invasive,Fluoroquinolones,2231,6797,EARS-Net mixed/not reported,Not reported in Atlas aggregate,ECDC Surveillance Atlas aggregate,https://atlas.ecdc.europa.eu/public/,32.82330439899956,0,J01M_quinolones,3.2411000000000003,2.3484,2.3112,2.3589999999999995,19.9319,1.5172999999999999,,,,7.097791798107257,,,,,46458139,18.7673388766097,79.3615955277997,26755.6061149398,8.88084984,https://api.worldbank.org/v2/,31.554595928439234,34.032313509797184,34.89706378670267,-0.8698995744467346,1.260723280731451,8.824383730256061,32.50302715793115,5781.0,29.52880859375,8192.0,26.614714040417383,7571.0
EU_EEA,Spain,ESP,2017,Escherichia coli,Blood/invasive,Fluoroquinolones,1879,5781,EARS-Net mixed/not reported,Not reported in Atlas aggregate,ECDC Surveillance Atlas aggregate,https://atlas.ecdc.europa.eu/public/,32.50302715793115,0,J01M_quinolones,3.1189,3.2411000000000003,2.3484,2.3112,19.3241,1.4018999999999997,,,,7.539659976118723,,,,7.097791798107257,46571232,18.9928200430073,79.4663233085683,28381.3425596906,9.0217495,https://api.worldbank.org/v2/,32.82330439899956,31.554595928439234,34.032313509797184,-0.33191505850378555,0.8856926907955672,8.662504922576291,32.11659663865546,7616.0,28.606231568149763,7799.0,28.609654286631702,9343.0
EU_EEA,Spain,ESP,2018,Escherichia coli,Blood/invasive,Fluoroquinolones,2446,7616,EARS-Net mixed/not reported,Not reported in Atlas aggregate,ECDC Surveillance Atlas aggregate,https://atlas.ecdc.europa.eu/public/,32.11659663865546,0,J01M_quinolones,2.9655,3.1189,3.2411000000000003,2.3484,18.8201,1.3745999999999998,,,,8.032198285846654,,,,7.539659976118723,46782011,19.2023408408683,79.5580057813361,30602.4212881113,9.07122517,https://api.worldbank.org/v2/,32.50302715793115,32.82330439899956,31.554595928439234,0.13657248895801993,0.47277965894109103,8.938137870372788,29.52880859375,8192.0,26.614714040417383,7571.0,27.555370697722783,9617.0
EU_EEA,Spain,ESP,2019,Escherichia coli,Blood/invasive,Fluoroquinolones,2419,8192,EARS-Net mixed/not reported,Not reported in Atlas aggregate,ECDC Surveillance Atlas aggregate,https://atlas.ecdc.europa.eu/public/,29.52880859375,0,J01M_quinolones,2.5265,2.9655,3.1189,3.2411000000000003,17.8159,1.292,,,,9.559184675834974,,,,8.032198285846654,47118501,19.3818276285973,79.6349761108307,29786.5245689007,9.21539497,https://api.worldbank.org/v2/,32.11659663865546,32.50302715793115,32.82330439899956,-1.0269917935024404,1.3025855912277688,9.011035410141815,28.606231568149763,7799.0,28.609654286631702,9343.0,,
EU_EEA,Spain,ESP,2020,Escherichia coli,Blood/invasive,Fluoroquinolones,2231,7799,EUCAST,EUCAST required; exact version unavailable in Atlas aggregate,ECDC Surveillance Atlas aggregate,https://atlas.ecdc.europa.eu/public/,28.606231568149763,1,J01M_quinolones,1.9729999999999999,2.5265,2.9655,3.1189,13.5965,1.1725999999999999,,,,10.933692445812497,,,,9.559184675834974,47359424,19.5596160856506,79.6955674617799,27233.9426461608,10.79479218,https://api.worldbank.org/v2/,29.52880859375,32.11659663865546,32.50302715793115,-1.42781748142497,1.6592690172187834,8.961879012677683,26.614714040417383,7571.0,27.555370697722783,9617.0,,
EU_EEA,Spain,ESP,2021,Escherichia coli,Blood/invasive,Fluoroquinolones,2015,7571,EUCAST,EUCAST required; exact version unavailable in Atlas aggregate,ECDC Surveillance Atlas aggregate,https://atlas.ecdc.europa.eu/public/,26.614714040417383,0,J01M_quinolones,1.8936000000000002,1.9729999999999999,2.5265,2.9655,13.6073,1.15,,,,11.80938298158355,,,,10.933692445812497,47443821,19.8133822943511,79.7846242983598,30799.4775937775,10.34419918,https://api.worldbank.org/v2/,28.606231568149763,29.52880859375,32.11659663865546,-1.7428224820314502,1.9779923457190638,8.932212512329214,28.609654286631702,9343.0,,,,
EU_EEA,Spain,ESP,2022,Escherichia coli,Blood/invasive,Fluoroquinolones,2673,9343,EUCAST,EUCAST required; exact version unavailable in Atlas aggregate,ECDC Surveillance Atlas aggregate,https://atlas.ecdc.europa.eu/public/,28.609654286631702,0,J01M_quinolones,2.1624,1.8936000000000002,1.9729999999999999,2.5265,16.116,1.1706999999999999,,,,12.486869747899162,,,,11.80938298158355,47786102,20.1879992491906,79.9548794567814,30319.4987196616,9.6799593,https://api.worldbank.org/v2/,26.614714040417383,28.606231568149763,29.52880859375,-0.47489804490872994,1.0645973545916316,9.142489705068009,27.555370697722783,9617.0,,,,
EU_EEA,Spain,ESP,2023,Escherichia coli,Blood/invasive,Fluoroquinolones,2650,9617,EUCAST,EUCAST required; exact version unavailable in Atlas aggregate,ECDC Surveillance Atlas aggregate,https://atlas.ecdc.europa.eu/public/,27.555370697722783,0,J01M_quinolones,,,,,,,,,,,,,,,48352528,20.6537075238774,80.128491001856,33493.2225409111,9.2206583,https://api.worldbank.org/v2/,28.609654286631702,26.614714040417383,28.606231568149763,-0.11576423650667009,0.8309105609963376,9.171391621837609,,,,,,
EU_EEA,Spain,ESP,2013,Escherichia coli,Blood/invasive,Third-generation cephalosporins,789,5932,EARS-Net mixed/not reported,Not reported in Atlas aggregate,ECDC Surveillance Atlas aggregate,https://atlas.ecdc.europa.eu/public/,13.30074173971679,0,J01D_other_beta_lactams,1.5667,,,,12.549599999999998,,,,,,,,,,46604197,17.850818523935,78.9858086902112,29228.846559842,9.13714981,https://api.worldbank.org/v2/,13.5049365303244,11.982142857142858,12.11376404494382,0.5083726757500434,0.682866209707532,8.688285266258644,12.334650403710702,5821.0,14.970588235294118,6800.0,13.757415120535152,7923.0
EU_EEA,Spain,ESP,2014,Escherichia coli,Blood/invasive,Third-generation cephalosporins,718,5821,EARS-Net mixed/not reported,Not reported in Atlas aggregate,ECDC Surveillance Atlas aggregate,https://atlas.ecdc.europa.eu/public/,12.334650403710702,0,J01D_other_beta_lactams,1.6410999999999998,1.5667,,,13.393899999999999,,,,,,,,,,46460733,18.2556448430349,79.1196713833488,29707.765509467,9.1512289,https://api.worldbank.org/v2/,13.30074173971679,13.5049365303244,11.982142857142858,0.0853327849095905,0.6386735646418107,8.669399124305569,11.621032980709396,6428.0,12.809026049444167,6027.0,14.116237267825046,8345.0
EU_EEA,Spain,ESP,2015,Escherichia coli,Blood/invasive,Third-generation cephalosporins,747,6428,EARS-Net mixed/not reported,Not reported in Atlas aggregate,ECDC Surveillance Atlas aggregate,https://atlas.ecdc.europa.eu/public/,11.621032980709396,0,J01D_other_beta_lactams,1.6434000000000002,1.6410999999999998,1.5667,,13.753999999999998,,,,,,,,,,46422303,18.5417546078088,79.2454892743023,25982.4416197775,9.17553329,https://api.worldbank.org/v2/,12.334650403710702,13.30074173971679,13.5049365303244,-0.6617801984851125,0.7592908503132785,8.768574284141687,14.970588235294118,6800.0,13.757415120535152,7923.0,14.075413223140496,7744.0
EU_EEA,Spain,ESP,2016,Escherichia coli,Blood/invasive,Third-generation cephalosporins,1018,6800,EARS-Net mixed/not reported,Not reported in Atlas aggregate,ECDC Surveillance Atlas aggregate,https://atlas.ecdc.europa.eu/public/,14.970588235294118,0,J01D_other_beta_lactams,2.6696999999999997,1.6434000000000002,1.6410999999999998,1.5667,19.9319,1.5172999999999999,,,,7.097791798107257,,,,,46458139,18.7673388766097,79.3615955277997,26755.6061149398,8.88084984,https://api.worldbank.org/v2/,11.621032980709396,12.334650403710702,13.30074173971679,0.42959220637306555,1.25548993886063,8.824824939175638,12.809026049444167,6027.0,14.116237267825046,8345.0,13.158249158249157,7425.0
EU_EEA,Spain,ESP,2017,Escherichia coli,Blood/invasive,Third-generation cephalosporins,772,6027,EARS-Net mixed/not reported,Not reported in Atlas aggregate,ECDC Surveillance Atlas aggregate,https://atlas.ecdc.europa.eu/public/,12.809026049444167,0,J01D_other_beta_lactams,2.6753,2.6696999999999997,1.6434000000000002,1.6410999999999998,19.3241,1.4018999999999997,,,,7.539659976118723,,,,7.097791798107257,46571232,18.9928200430073,79.4663233085683,28381.3425596906,9.0217495,https://api.worldbank.org/v2/,14.970588235294118,11.621032980709396,12.334650403710702,0.47726821917850915,1.249641182245516,8.704170559746386,13.757415120535152,7923.0,14.075413223140496,7744.0,14.877412623891496,9585.0
EU_EEA,Spain,ESP,2018,Escherichia coli,Blood/invasive,Third-generation cephalosporins,1090,7923,EARS-Net mixed/not reported,Not reported in Atlas aggregate,ECDC Surveillance Atlas aggregate,https://atlas.ecdc.europa.eu/public/,13.757415120535152,0,J01D_other_beta_lactams,2.7506999999999993,2.6753,2.6696999999999997,1.6434000000000002,18.8201,1.3745999999999998,,,,8.032198285846654,,,,7.539659976118723,46782011,19.2023408408683,79.5580057813361,30602.4212881113,9.07122517,https://api.worldbank.org/v2/,12.809026049444167,14.970588235294118,11.621032980709396,0.42475842336272884,1.2308167639336103,8.977651407818442,14.116237267825046,8345.0,13.158249158249157,7425.0,16.215341460783257,9269.0
EU_EEA,Spain,ESP,2019,Escherichia coli,Blood/invasive,Third-generation cephalosporins,1178,8345,EARS-Net mixed/not reported,Not reported in Atlas aggregate,ECDC Surveillance Atlas aggregate,https://atlas.ecdc.europa.eu/public/,14.116237267825046,0,J01D_other_beta_lactams,2.7596,2.7506999999999993,2.6753,2.6696999999999997,17.8159,1.292,,,,9.559184675834974,,,,8.032198285846654,47118501,19.3818276285973,79.6349761108307,29786.5245689007,9.21539497,https://api.worldbank.org/v2/,13.757415120535152,12.809026049444167,14.970588235294118,-0.1614663831316245,0.7750424181253529,9.029537661151497,14.075413223140496,7744.0,14.877412623891496,9585.0,,
EU_EEA,Spain,ESP,2020,Escherichia coli,Blood/invasive,Third-generation cephalosporins,1090,7744,EUCAST,EUCAST required; exact version unavailable in Atlas aggregate,ECDC Surveillance Atlas aggregate,https://atlas.ecdc.europa.eu/public/,14.075413223140496,1,J01D_other_beta_lactams,2.3286,2.7596,2.7506999999999993,2.6753,13.5965,1.1725999999999999,,,,10.933692445812497,,,,9.559184675834974,47359424,19.5596160856506,79.6955674617799,27233.9426461608,10.79479218,https://api.worldbank.org/v2/,14.116237267825046,13.757415120535152,12.809026049444167,0.4157983668378845,0.526991591643036,8.954802752850968,13.158249158249157,7425.0,16.215341460783257,9269.0,,
EU_EEA,Spain,ESP,2021,Escherichia coli,Blood/invasive,Third-generation cephalosporins,977,7425,EUCAST,EUCAST required; exact version unavailable in Atlas aggregate,ECDC Surveillance Atlas aggregate,https://atlas.ecdc.europa.eu/public/,13.158249158249157,0,J01D_other_beta_lactams,2.3833,2.3286,2.7596,2.7506999999999993,13.6073,1.15,,,,11.80938298158355,,,,10.933692445812497,47443821,19.8133822943511,79.7846242983598,30799.4775937775,10.34419918,https://api.worldbank.org/v2/,14.075413223140496,14.116237267825046,13.757415120535152,-0.18383219315425567,0.3831998270852003,8.912742634737025,14.877412623891496,9585.0,,,,
EU_EEA,Spain,ESP,2022,Escherichia coli,Blood/invasive,Third-generation cephalosporins,1426,9585,EUCAST,EUCAST required; exact version unavailable in Atlas aggregate,ECDC Surveillance Atlas aggregate,https://atlas.ecdc.europa.eu/public/,14.877412623891496,0,J01D_other_beta_lactams,2.7698000000000005,2.3833,2.3286,2.7596,16.116,1.1706999999999999,,,,12.486869747899162,,,,11.80938298158355,47786102,20.1879992491906,79.9548794567814,30319.4987196616,9.6799593,https://api.worldbank.org/v2/,13.158249158249157,14.075413223140496,14.116237267825046,0.13663620033079843,0.6092368035977896,9.168058979719577,16.215341460783257,9269.0,,,,
EU_EEA,Spain,ESP,2023,Escherichia coli,Blood/invasive,Third-generation cephalosporins,1503,9269,EUCAST,EUCAST required; exact version unavailable in Atlas aggregate,ECDC Surveillance Atlas aggregate,https://atlas.ecdc.europa.eu/public/,16.215341460783257,0,J01D_other_beta_lactams,,,,,,,,,,,,,,,48352528,20.6537075238774,80.128491001856,33493.2225409111,9.2206583,https://api.worldbank.org/v2/,14.877412623891496,13.158249158249157,14.075413223140496,0.8138948178570612,1.1223601183274843,9.1345386585599,,,,,,
EU_EEA,Estonia,EST,2013,Escherichia coli,Blood/invasive,Aminoglycosides,25,341,EARS-Net mixed/not reported,Not reported in Atlas aggregate,ECDC Surveillance Atlas aggregate,https://atlas.ecdc.europa.eu/public/,7.331378299120234,0,J01G_aminoglycosides,,,,,5.0788,1.2191,,,,0.2068680182043857,,,,,1317997,18.1984559754977,68.0923458296768,19310.3874900757,6.19788504,https://api.worldbank.org/v2/,7.565789473684211,4.838709677419355,4.90566037735849,1.000423356155008,1.2910796429942275,5.834810737062605,6.81265206812652,411.0,7.407407407407407,702.0,6.24263839811543,849.0
EU_EEA,Estonia,EST,2014,Escherichia coli,Blood/invasive,Aminoglycosides,28,411,EARS-Net mixed/not reported,Not reported in Atlas aggregate,ECDC Surveillance Atlas aggregate,https://atlas.ecdc.europa.eu/public/,6.81265206812652,0,J01G_aminoglycosides,,,,,5.2216000000000005,1.2308999999999999,,,,0.3969167050161068,,,,0.2068680182043857,1314545,18.5609288129198,68.2668382808032,20581.7898991695,6.26286125,https://api.worldbank.org/v2/,7.331378299120234,7.565789473684211,4.838709677419355,0.5687415997557508,1.0734887949977139,6.021023349349527,9.33852140077821,257.0,5.7251908396946565,786.0,5.2921719955898565,907.0
EU_EEA,Estonia,EST,2015,Escherichia coli,Blood/invasive,Aminoglycosides,24,257,EARS-Net mixed/not reported,Not reported in Atlas aggregate,ECDC Surveillance Atlas aggregate,https://atlas.ecdc.europa.eu/public/,9.33852140077821,0,J01G_aminoglycosides,,,,,5.417,1.2269999999999999,,,,0.4631886884446613,,,,0.3969167050161068,1315407,18.88875196261,68.4796609690553,17722.1557669523,6.52138662,https://api.worldbank.org/v2/,6.81265206812652,7.331378299120234,7.565789473684211,0.47994695502882756,0.950080893089942,5.552959584921617,7.407407407407407,702.0,6.24263839811543,849.0,5.475206611570248,968.0
EU_EEA,Estonia,EST,2016,Escherichia coli,Blood/invasive,Aminoglycosides,52,702,EARS-Net mixed/not reported,Not reported in Atlas aggregate,ECDC Surveillance Atlas aggregate,https://atlas.ecdc.europa.eu/public/,7.407407407407407,0,J01G_aminoglycosides,,,,,5.372199999999999,1.2344,,,,0.5824996834240851,,,,0.4631886884446613,1315790,19.186016024635,68.724038178078,18666.3736521706,6.56918621,https://api.worldbank.org/v2/,9.33852140077821,6.81265206812652,7.331378299120234,0.27539566575131996,0.9606778795851288,6.555356891810665,5.7251908396946565,786.0,5.2921719955898565,907.0,5.50755939524838,926.0
EU_EEA,Estonia,EST,2017,Escherichia coli,Blood/invasive,Aminoglycosides,45,786,EARS-Net mixed/not reported,Not reported in Atlas aggregate,ECDC Surveillance Atlas aggregate,https://atlas.ecdc.europa.eu/public/,5.7251908396946565,0,J01G_aminoglycosides,,,,,5.4365,1.319,,,,0.8617698091382303,,,,0.5824996834240851,1317384,19.4674154002753,68.9931941915158,20851.5223496861,6.46636105,https://api.worldbank.org/v2/,7.407407407407407,9.33852140077821,6.81265206812652,-0.5193497678666409,1.3117624904664522,6.668228248417403,6.24263839811543,849.0,5.475206611570248,968.0,5.594405594405594,1001.0
EU_EEA,Estonia,EST,2018,Escherichia coli,Blood/invasive,Aminoglycosides,53,849,EARS-Net mixed/not reported,Not reported in Atlas aggregate,ECDC Surveillance Atlas aggregate,https://atlas.ecdc.europa.eu/public/,6.24263839811543,0,J01G_aminoglycosides,,,,,5.659000000000001,1.2227999999999999,,,,1.041212045638756,,,,0.8617698091382303,1321977,19.6754905294355,69.2803532930133,23618.1361254581,6.56314421,https://api.worldbank.org/v2/,5.7251908396946565,7.407407407407407,9.33852140077821,-1.0969865575701119,1.387987346093233,6.745236349484363,5.2921719955898565,907.0,5.50755939524838,926.0,4.934823091247672,1074.0
EU_EEA,Estonia,EST,2019,Escherichia coli,Blood/invasive,Aminoglycosides,48,907,EARS-Net mixed/not reported,Not reported in Atlas aggregate,ECDC Surveillance Atlas aggregate,https://atlas.ecdc.europa.eu/public/,5.2921719955898565,0,J01G_aminoglycosides,,,,,5.580699999999999,1.2405000000000002,,,,1.3374746450304258,,,,1.041212045638756,1326898,19.8965346883511,69.5787397662154,24021.2501413306,6.64763546,https://api.worldbank.org/v2/,6.24263839811543,5.7251908396946565,7.407407407407407,-0.5828258677031892,0.7913360518174504,6.811244378601294,5.475206611570248,968.0,5.594405594405594,1001.0,,
EU_EEA,Estonia,EST,2020,Escherichia coli,Blood/invasive,Aminoglycosides,53,968,EUCAST,EUCAST required; exact version unavailable in Atlas aggregate,ECDC Surveillance Atlas aggregate,https://atlas.ecdc.europa.eu/public/,5.475206611570248,1,J01G_aminoglycosides,,,,,4.9121,1.3392,,,,1.1016553975285617,,,,1.3374746450304258,1329522,20.2000948355964,69.8815778947665,23933.9939421065,7.47179365,https://api.worldbank.org/v2/,5.2921719955898565,6.24263839811543,5.7251908396946565,-0.17004190868988028,0.3573853845424801,6.876264611890766,5.50755939524838,926.0,4.934823091247672,1074.0,,
EU_EEA,Estonia,EST,2021,Escherichia coli,Blood/invasive,Aminoglycosides,51,926,EUCAST,EUCAST required; exact version unavailable in Atlas aggregate,ECDC Surveillance Atlas aggregate,https://atlas.ecdc.europa.eu/public/,5.50755939524838,0,J01G_aminoglycosides,,,,,4.7325,1.1832,,,,1.2745912995289552,,,,1.1016553975285617,1330932,20.4337977975588,70.1777274135822,27951.1659277744,7.47591066,https://api.worldbank.org/v2/,5.475206611570248,5.2921719955898565,6.24263839811543,-0.2022202392620773,0.363457285572888,6.831953565565855,5.594405594405594,1001.0,,,,
EU_EEA,Estonia,EST,2022,Escherichia coli,Blood/invasive,Aminoglycosides,56,1001,EUCAST,EUCAST required; exact version unavailable in Atlas aggregate,ECDC Surveillance Atlas aggregate,https://atlas.ecdc.europa.eu/public/,5.594405594405594,0,J01G_aminoglycosides,,,,,6.014,1.3428,,,,1.3382809173307375,,,,1.2745912995289552,1348840,20.6300461857585,70.4892333736738,28340.3826549406,6.93641424,https://api.worldbank.org/v2/,5.50755939524838,5.475206611570248,5.2921719955898565,0.09390535801253315,0.11012376936329613,6.90975328164481,4.934823091247672,1074.0,,,,
EU_EEA,Estonia,EST,2023,Escherichia coli,Blood/invasive,Aminoglycosides,53,1074,EUCAST,EUCAST required; exact version unavailable in Atlas aggregate,ECDC Surveillance Atlas aggregate,https://atlas.ecdc.europa.eu/public/,4.934823091247672,0,J01G_aminoglycosides,,,,,,,,,,,,,,,1370286,20.9140825455897,70.6770085523126,30264.0064885057,7.47082138,https://api.worldbank.org/v2/,5.594405594405594,5.50755939524838,5.475206611570248,-0.15343043618105195,0.25955342222957034,6.980075940561763,,,,,,
EU_EEA,Estonia,EST,2013,Escherichia coli,Blood/invasive,Aminopenicillins,109,235,EARS-Net mixed/not reported,Not reported in Atlas aggregate,ECDC Surveillance Atlas aggregate,https://atlas.ecdc.europa.eu/public/,46.38297872340426,0,J01C_penicillins,3.5426,,,,5.0788,1.2191,,,,0.2068680182043857,,,,,1317997,18.1984559754977,68.0923458296768,19310.3874900757,6.19788504,https://api.worldbank.org/v2/,48.148148148148145,37.45173745173745,38.244514106583075,3.5111804546874184,4.758158545527545,5.4638318050256105,47.12643678160919,261.0,46.70912951167728,471.0,43.544857768052516,457.0
EU_EEA,Estonia,EST,2014,Escherichia coli,Blood/invasive,Aminopenicillins,123,261,EARS-Net mixed/not reported,Not reported in Atlas aggregate,ECDC Surveillance Atlas aggregate,https://atlas.ecdc.europa.eu/public/,47.12643678160919,0,J01C_penicillins,3.6243000000000003,3.5426,,,5.2216000000000005,1.2308999999999999,,,,0.3969167050161068,,,,0.2068680182043857,1314545,18.5609288129198,68.2668382808032,20581.7898991695,6.26286125,https://api.worldbank.org/v2/,46.38297872340426,48.148148148148145,37.45173745173745,2.7258928564871323,4.275603222509292,5.568344503761097,47.44897959183673,196.0,47.83599088838269,439.0,42.08416833667334,499.0
EU_EEA,Estonia,EST,2015,Escherichia coli,Blood/invasive,Aminopenicillins,93,196,EARS-Net mixed/not reported,Not reported in Atlas aggregate,ECDC Surveillance Atlas aggregate,https://atlas.ecdc.europa.eu/public/,47.44897959183673,0,J01C_penicillins,3.7409,3.6243000000000003,3.5426,,5.417,1.2269999999999999,,,,0.4631886884446613,,,,0.3969167050161068,1315407,18.88875196261,68.4796609690553,17722.1557669523,6.52138662,https://api.worldbank.org/v2/,47.12643678160919,46.38297872340426,48.148148148148145,-0.13540476107293858,0.6345114008500027,5.2832037287379885,46.70912951167728,471.0,43.544857768052516,457.0,45.7345971563981,422.0
EU_EEA,Estonia,EST,2016,Escherichia coli,Blood/invasive,Aminopenicillins,220,471,EARS-Net mixed/not reported,Not reported in Atlas aggregate,ECDC Surveillance Atlas aggregate,https://atlas.ecdc.europa.eu/public/,46.70912951167728,0,J01C_penicillins,3.8566,3.7409,3.6243000000000003,3.5426,5.372199999999999,1.2344,,,,0.5824996834240851,,,,0.4631886884446613,1315790,19.186016024635,68.724038178078,18666.3736521706,6.56918621,https://api.worldbank.org/v2/,47.44897959183673,47.12643678160919,46.38297872340426,0.13009951750464735,0.40473906992491815,6.156978985585555,47.83599088838269,439.0,42.08416833667334,499.0,41.124260355029584,338.0
EU_EEA,Estonia,EST,2017,Escherichia coli,Blood/invasive,Aminopenicillins,210,439,EARS-Net mixed/not reported,Not reported in Atlas aggregate,ECDC Surveillance Atlas aggregate,https://atlas.ecdc.europa.eu/public/,47.83599088838269,0,J01C_penicillins,3.9816,3.8566,3.7409,3.6243000000000003,5.4365,1.319,,,,0.8617698091382303,,,,0.5824996834240851,1317384,19.4674154002753,68.9931941915158,20851.5223496861,6.46636105,https://api.worldbank.org/v2/,46.70912951167728,47.44897959183673,47.12643678160919,0.13888122401609587,0.41447396627253574,6.0867747269123065,43.544857768052516,457.0,45.7345971563981,422.0,43.43065693430657,274.0
EU_EEA,Estonia,EST,2018,Escherichia coli,Blood/invasive,Aminopenicillins,199,457,EARS-Net mixed/not reported,Not reported in Atlas aggregate,ECDC Surveillance Atlas aggregate,https://atlas.ecdc.europa.eu/public/,43.544857768052516,0,J01C_penicillins,4.2771,3.9816,3.8566,3.7409,5.659000000000001,1.2227999999999999,,,,1.041212045638756,,,,0.8617698091382303,1321977,19.6754905294355,69.2803532930133,23618.1361254581,6.56314421,https://api.worldbank.org/v2/,47.83599088838269,46.70912951167728,47.44897959183673,-1.0585504094647298,1.6888527686332127,6.126869184114185,42.08416833667334,499.0,41.124260355029584,338.0,38.07692307692308,520.0
EU_EEA,Estonia,EST,2019,Escherichia coli,Blood/invasive,Aminopenicillins,210,499,EARS-Net mixed/not reported,Not reported in Atlas aggregate,ECDC Surveillance Atlas aggregate,https://atlas.ecdc.europa.eu/public/,42.08416833667334,0,J01C_penicillins,4.2875,4.2771,3.9816,3.8566,5.580699999999999,1.2405000000000002,,,,1.3374746450304258,,,,1.041212045638756,1326898,19.8965346883511,69.5787397662154,24021.2501413306,6.64763546,https://api.worldbank.org/v2/,43.544857768052516,47.83599088838269,46.70912951167728,-1.8166016645342027,2.3224932432328447,6.214608098422191,45.7345971563981,422.0,43.43065693430657,274.0,,
EU_EEA,Estonia,EST,2020,Escherichia coli,Blood/invasive,Aminopenicillins,193,422,EUCAST,EUCAST required; exact version unavailable in Atlas aggregate,ECDC Surveillance Atlas aggregate,https://atlas.ecdc.europa.eu/public/,45.7345971563981,1,J01C_penicillins,3.7567,4.2875,4.2771,3.9816,4.9121,1.3392,,,,1.1016553975285617,,,,1.3374746450304258,1329522,20.2000948355964,69.8815778947665,23933.9939421065,7.47179365,https://api.worldbank.org/v2/,42.08416833667334,43.544857768052516,47.83599088838269,-0.7764870627333001,2.181847618866611,6.0473721790462776,41.124260355029584,338.0,38.07692307692308,520.0,,
EU_EEA,Estonia,EST,2021,Escherichia coli,Blood/invasive,Aminopenicillins,139,338,EUCAST,EUCAST required; exact version unavailable in Atlas aggregate,ECDC Surveillance Atlas aggregate,https://atlas.ecdc.europa.eu/public/,41.124260355029584,0,J01C_penicillins,3.7399,3.7567,4.2875,4.2771,4.7325,1.1832,,,,1.2745912995289552,,,,1.1016553975285617,1330932,20.4337977975588,70.1777274135822,27951.1659277744,7.47591066,https://api.worldbank.org/v2/,45.7345971563981,42.08416833667334,43.544857768052516,-0.3611363419344088,1.7372773843521157,5.82600010738045,43.43065693430657,274.0,,,,
EU_EEA,Estonia,EST,2022,Escherichia coli,Blood/invasive,Aminopenicillins,119,274,EUCAST,EUCAST required; exact version unavailable in Atlas aggregate,ECDC Surveillance Atlas aggregate,https://atlas.ecdc.europa.eu/public/,43.43065693430657,0,J01C_penicillins,4.8799,3.7399,3.7567,4.2875,6.014,1.3428,,,,1.3382809173307375,,,,1.2745912995289552,1348840,20.6300461857585,70.4892333736738,28340.3826549406,6.93641424,https://api.worldbank.org/v2/,41.124260355029584,45.7345971563981,42.08416833667334,-0.05708710084689061,1.7310202301421314,5.616771097666572,38.07692307692308,520.0,,,,
EU_EEA,Estonia,EST,2023,Escherichia coli,Blood/invasive,Aminopenicillins,198,520,EUCAST,EUCAST required; exact version unavailable in Atlas aggregate,ECDC Surveillance Atlas aggregate,https://atlas.ecdc.europa.eu/public/,38.07692307692308,0,J01C_penicillins,,,,,,,,,,,,,,,1370286,20.9140825455897,70.6770085523126,30264.0064885057,7.47082138,https://api.worldbank.org/v2/,43.43065693430657,41.124260355029584,45.7345971563981,-2.0666625659148217,2.833631880639446,6.255750041753367,,,,,,
EU_EEA,Estonia,EST,2013,Escherichia coli,Blood/invasive,Carbapenems,0,283,EARS-Net mixed/not reported,Not reported in Atlas aggregate,ECDC Surveillance Atlas aggregate,https://atlas.ecdc.europa.eu/public/,0.0,0,J01DH_carbapenems,0.0300999999999999,,,,5.0788,1.2191,,,,0.2068680182043857,,,,,1317997,18.1984559754977,68.0923458296768,19310.3874900757,6.19788504,https://api.worldbank.org/v2/,0.0,0.0,0.0,0.0,0.0,5.648974238161206,0.0,254.0,0.0,602.0,0.0,758.0
EU_EEA,Estonia,EST,2014,Escherichia coli,Blood/invasive,Carbapenems,0,254,EARS-Net mixed/not reported,Not reported in Atlas aggregate,ECDC Surveillance Atlas aggregate,https://atlas.ecdc.europa.eu/public/,0.0,0,J01DH_carbapenems,0.0396,0.0300999999999999,,,5.2216000000000005,1.2308999999999999,,,,0.3969167050161068,,,,0.2068680182043857,1314545,18.5609288129198,68.2668382808032,20581.7898991695,6.26286125,https://api.worldbank.org/v2/,0.0,0.0,0.0,0.0,0.0,5.541263545158426,0.0,219.0,0.0,687.0,0.0,800.0
EU_EEA,Estonia,EST,2015,Escherichia coli,Blood/invasive,Carbapenems,0,219,EARS-Net mixed/not reported,Not reported in Atlas aggregate,ECDC Surveillance Atlas aggregate,https://atlas.ecdc.europa.eu/public/,0.0,0,J01DH_carbapenems,0.0435,0.0396,0.0300999999999999,,5.417,1.2269999999999999,,,,0.4631886884446613,,,,0.3969167050161068,1315407,18.88875196261,68.4796609690553,17722.1557669523,6.52138662,https://api.worldbank.org/v2/,0.0,0.0,0.0,0.0,0.0,5.393627546352362,0.0,602.0,0.0,758.0,0.0,861.0
EU_EEA,Estonia,EST,2016,Escherichia coli,Blood/invasive,Carbapenems,0,602,EARS-Net mixed/not reported,Not reported in Atlas aggregate,ECDC Surveillance Atlas aggregate,https://atlas.ecdc.europa.eu/public/,0.0,0,J01DH_carbapenems,0.0551,0.0435,0.0396,0.0300999999999999,5.372199999999999,1.2344,,,,0.5824996834240851,,,,0.4631886884446613,1315790,19.186016024635,68.724038178078,18666.3736521706,6.56918621,https://api.worldbank.org/v2/,0.0,0.0,0.0,0.0,0.0,6.401917196727186,0.0,687.0,0.0,800.0,0.0,826.0
EU_EEA,Estonia,EST,2017,Escherichia coli,Blood/invasive,Carbapenems,0,687,EARS-Net mixed/not reported,Not reported in Atlas aggregate,ECDC Surveillance Atlas aggregate,https://atlas.ecdc.europa.eu/public/,0.0,0,J01DH_carbapenems,0.0549,0.0551,0.0435,0.0396,5.4365,1.319,,,,0.8617698091382303,,,,0.5824996834240851,1317384,19.4674154002753,68.9931941915158,20851.5223496861,6.46636105,https://api.worldbank.org/v2/,0.0,0.0,0.0,0.0,0.0,6.5337888379333435,0.0,758.0,0.0,861.0,0.117096018735363,854.0
EU_EEA,Estonia,EST,2018,Escherichia coli,Blood/invasive,Carbapenems,0,758,EARS-Net mixed/not reported,Not reported in Atlas aggregate,ECDC Surveillance Atlas aggregate,https://atlas.ecdc.europa.eu/public/,0.0,0,J01DH_carbapenems,0.0576,0.0549,0.0551,0.0435,5.659000000000001,1.2227999999999999,,,,1.041212045638756,,,,0.8617698091382303,1321977,19.6754905294355,69.2803532930133,23618.1361254581,6.56314421,https://api.worldbank.org/v2/,0.0,0.0,0.0,0.0,0.0,6.63200177739563,0.0,800.0,0.0,826.0,0.0,894.0
EU_EEA,Estonia,EST,2019,Escherichia coli,Blood/invasive,Carbapenems,0,800,EARS-Net mixed/not reported,Not reported in Atlas aggregate,ECDC Surveillance Atlas aggregate,https://atlas.ecdc.europa.eu/public/,0.0,0,J01DH_carbapenems,0.0662,0.0576,0.0549,0.0551,5.580699999999999,1.2405000000000002,,,,1.3374746450304258,,,,1.041212045638756,1326898,19.8965346883511,69.5787397662154,24021.2501413306,6.64763546,https://api.worldbank.org/v2/,0.0,0.0,0.0,0.0,0.0,6.68586094706836,0.0,861.0,0.117096018735363,854.0,,
EU_EEA,Estonia,EST,2020,Escherichia coli,Blood/invasive,Carbapenems,0,861,EUCAST,EUCAST required; exact version unavailable in Atlas aggregate,ECDC Surveillance Atlas aggregate,https://atlas.ecdc.europa.eu/public/,0.0,1,J01DH_carbapenems,0.0778,0.0662,0.0576,0.0549,4.9121,1.3392,,,,1.1016553975285617,,,,1.3374746450304258,1329522,20.2000948355964,69.8815778947665,23933.9939421065,7.47179365,https://api.worldbank.org/v2/,0.0,0.0,0.0,0.0,0.0,6.759255270663693,0.0,826.0,0.0,894.0,,
EU_EEA,Estonia,EST,2021,Escherichia coli,Blood/invasive,Carbapenems,0,826,EUCAST,EUCAST required; exact version unavailable in Atlas aggregate,ECDC Surveillance Atlas aggregate,https://atlas.ecdc.europa.eu/public/,0.0,0,J01DH_carbapenems,0.0807,0.0778,0.0662,0.0576,4.7325,1.1832,,,,1.2745912995289552,,,,1.1016553975285617,1330932,20.4337977975588,70.1777274135822,27951.1659277744,7.47591066,https://api.worldbank.org/v2/,0.0,0.0,0.0,0.0,0.0,6.717804695023691,0.117096018735363,854.0,,,,
EU_EEA,Estonia,EST,2022,Escherichia coli,Blood/invasive,Carbapenems,1,854,EUCAST,EUCAST required; exact version unavailable in Atlas aggregate,ECDC Surveillance Atlas aggregate,https://atlas.ecdc.europa.eu/public/,0.117096018735363,0,J01DH_carbapenems,0.087,0.0807,0.0778,0.0662,6.014,1.3428,,,,1.3382809173307375,,,,1.2745912995289552,1348840,20.6300461857585,70.4892333736738,28340.3826549406,6.93641424,https://api.worldbank.org/v2/,0.0,0.0,0.0,0.03512880562060891,0.05070406345342147,6.75110146893676,0.0,894.0,,,,
EU_EEA,Estonia,EST,2023,Escherichia coli,Blood/invasive,Carbapenems,0,894,EUCAST,EUCAST required; exact version unavailable in Atlas aggregate,ECDC Surveillance Atlas aggregate,https://atlas.ecdc.europa.eu/public/,0.0,0,J01DH_carbapenems,,,,,,,,,,,,,,,1370286,20.9140825455897,70.6770085523126,30264.0064885057,7.47082138,https://api.worldbank.org/v2/,0.117096018735363,0.0,0.0,0.0117096018735363,0.05070406345342147,6.796823718274855,,,,,,
EU_EEA,Estonia,EST,2013,Escherichia coli,Blood/invasive,Fluoroquinolones,40,338,EARS-Net mixed/not reported,Not reported in Atlas aggregate,ECDC Surveillance Atlas aggregate,https://atlas.ecdc.europa.eu/public/,11.834319526627219,0,J01M_quinolones,1.0845,,,,5.0788,1.2191,,,,0.2068680182043857,,,,,1317997,18.1984559754977,68.0923458296768,19310.3874900757,6.19788504,https://api.worldbank.org/v2/,14.144736842105264,9.935897435897436,8.365019011406844,1.4616740951868945,2.158778691839023,5.82600010738045,12.285012285012286,407.0,13.876967095851215,699.0,17.61158021712907,829.0
EU_EEA,Estonia,EST,2014,Escherichia coli,Blood/invasive,Fluoroquinolones,50,407,EARS-Net mixed/not reported,Not reported in Atlas aggregate,ECDC Surveillance Atlas aggregate,https://atlas.ecdc.europa.eu/public/,12.285012285012286,0,J01M_quinolones,1.0864,1.0845,,,5.2216000000000005,1.2308999999999999,,,,0.3969167050161068,,,,0.2068680182043857,1314545,18.5609288129198,68.2668382808032,20581.7898991695,6.26286125,https://api.worldbank.org/v2/,11.834319526627219,14.144736842105264,9.935897435897436,0.4736927231866481,1.4965878632435616,6.0112671744041615,15.234375,256.0,17.41357234314981,781.0,17.05685618729097,897.0
EU_EEA,Estonia,EST,2015,Escherichia coli,Blood/invasive,Fluoroquinolones,39,256,EARS-Net mixed/not reported,Not reported in Atlas aggregate,ECDC Surveillance Atlas aggregate,https://atlas.ecdc.europa.eu/public/,15.234375,0,J01M_quinolones,1.0776,1.0864,1.0845,,5.417,1.2269999999999999,,,,0.4631886884446613,,,,0.3969167050161068,1315407,18.88875196261,68.4796609690553,17722.1557669523,6.52138662,https://api.worldbank.org/v2/,12.285012285012286,11.834319526627219,14.144736842105264,0.3719607232069245,1.3794508990013123,5.54907608489522,13.876967095851215,699.0,17.61158021712907,829.0,14.077163712200209,959.0
EU_EEA,Estonia,EST,2016,Escherichia coli,Blood/invasive,Fluoroquinolones,97,699,EARS-Net mixed/not reported,Not reported in Atlas aggregate,ECDC Surveillance Atlas aggregate,https://atlas.ecdc.europa.eu/public/,13.876967095851215,0,J01M_quinolones,0.9894,1.0776,1.0864,1.0845,5.372199999999999,1.2344,,,,0.5824996834240851,,,,0.4631886884446613,1315790,19.186016024635,68.724038178078,18666.3736521706,6.56918621,https://api.worldbank.org/v2/,15.234375,12.285012285012286,11.834319526627219,0.9077305422659688,1.3465587398784422,6.551080335043404,17.41357234314981,781.0,17.05685618729097,897.0,13.449023861171366,922.0
EU_EEA,Estonia,EST,2017,Escherichia coli,Blood/invasive,Fluoroquinolones,136,781,EARS-Net mixed/not reported,Not reported in Atlas aggregate,ECDC Surveillance Atlas aggregate,https://atlas.ecdc.europa.eu/public/,17.41357234314981,0,J01M_quinolones,0.9870000000000001,0.9894,1.0776,1.0864,5.4365,1.319,,,,0.8617698091382303,,,,0.5824996834240851,1317384,19.4674154002753,68.9931941915158,20851.5223496861,6.46636105,https://api.worldbank.org/v2/,13.876967095851215,15.234375,12.285012285012286,1.4028272270263764,1.881392814647127,6.661854740545311,17.61158021712907,829.0,14.077163712200209,959.0,16.31205673758865,987.0
EU_EEA,Estonia,EST,2018,Escherichia coli,Blood/invasive,Fluoroquinolones,146,829,EARS-Net mixed/not reported,Not reported in Atlas aggregate,ECDC Surveillance Atlas aggregate,https://atlas.ecdc.europa.eu/public/,17.61158021712907,0,J01M_quinolones,0.8606,0.9870000000000001,0.9894,1.0776,5.659000000000001,1.2227999999999999,,,,1.041212045638756,,,,0.8617698091382303,1321977,19.6754905294355,69.2803532930133,23618.1361254581,6.56314421,https://api.worldbank.org/v2/,17.41357234314981,13.876967095851215,15.234375,1.0668220898685787,1.5559699724364309,6.721425700790643,17.05685618729097,897.0,13.449023861171366,922.0,13.282732447817837,1054.0
EU_EEA,Estonia,EST,2019,Escherichia coli,Blood/invasive,Fluoroquinolones,153,897,EARS-Net mixed/not reported,Not reported in Atlas aggregate,ECDC Surveillance Atlas aggregate,https://atlas.ecdc.europa.eu/public/,17.05685618729097,0,J01M_quinolones,0.7742,0.8606,0.9870000000000001,0.9894,5.580699999999999,1.2405000000000002,,,,1.3374746450304258,,,,1.041212045638756,1326898,19.8965346883511,69.5787397662154,24021.2501413306,6.64763546,https://api.worldbank.org/v2/,17.61158021712907,17.41357234314981,13.876967095851215,0.9737675148298524,1.5215284001208065,6.8001700683022,14.077163712200209,959.0,16.31205673758865,987.0,,
EU_EEA,Estonia,EST,2020,Escherichia coli,Blood/invasive,Fluoroquinolones,135,959,EUCAST,EUCAST required; exact version unavailable in Atlas aggregate,ECDC Surveillance Atlas aggregate,https://atlas.ecdc.europa.eu/public/,14.077163712200209,1,J01M_quinolones,0.8825999999999999,0.7742,0.8606,0.9870000000000001,4.9121,1.3392,,,,1.1016553975285617,,,,1.3374746450304258,1329522,20.2000948355964,69.8815778947665,23933.9939421065,7.47179365,https://api.worldbank.org/v2/,17.05685618729097,17.61158021712907,17.41357234314981,-1.0563949922686948,1.4356283927341216,6.866933284461882,13.449023861171366,922.0,13.282732447817837,1054.0,,
EU_EEA,Estonia,EST,2021,Escherichia coli,Blood/invasive,Fluoroquinolones,124,922,EUCAST,EUCAST required; exact version unavailable in Atlas aggregate,ECDC Surveillance Atlas aggregate,https://atlas.ecdc.europa.eu/public/,13.449023861171366,0,J01M_quinolones,0.7031999999999999,0.8825999999999999,0.7742,0.8606,4.7325,1.1832,,,,1.2745912995289552,,,,1.1016553975285617,1330932,20.4337977975588,70.1777274135822,27951.1659277744,7.47591066,https://api.worldbank.org/v2/,14.077163712200209,17.05685618729097,17.61158021712907,-1.5467361542963889,1.8099771270667033,6.827629234502852,16.31205673758865,987.0,,,,
EU_EEA,Estonia,EST,2022,Escherichia coli,Blood/invasive,Fluoroquinolones,161,987,EUCAST,EUCAST required; exact version unavailable in Atlas aggregate,ECDC Surveillance Atlas aggregate,https://atlas.ecdc.europa.eu/public/,16.31205673758865,0,J01M_quinolones,0.7185999999999999,0.7031999999999999,0.8825999999999999,0.7742,6.014,1.3428,,,,1.3382809173307375,,,,1.2745912995289552,1348840,20.6300461857585,70.4892333736738,28340.3826549406,6.93641424,https://api.worldbank.org/v2/,13.449023861171366,14.077163712200209,17.05685618729097,-0.28625382001358196,1.5007500482802327,6.895682697747868,13.282732447817837,1054.0,,,,
EU_EEA,Estonia,EST,2023,Escherichia coli,Blood/invasive,Fluoroquinolones,140,1054,EUCAST,EUCAST required; exact version unavailable in Atlas aggregate,ECDC Surveillance Atlas aggregate,https://atlas.ecdc.europa.eu/public/,13.282732447817837,0,J01M_quinolones,,,,,,,,,,,,,,,1370286,20.9140825455897,70.6770085523126,30264.0064885057,7.47082138,https://api.worldbank.org/v2/,16.31205673758865,13.449023861171366,14.077163712200209,0.04797390832701479,1.2099029733672264,6.961296045910167,,,,,,
EU_EEA,Estonia,EST,2013,Escherichia coli,Blood/invasive,Third-generation cephalosporins,25,340,EARS-Net mixed/not reported,Not reported in Atlas aggregate,ECDC Surveillance Atlas aggregate,https://atlas.ecdc.europa.eu/public/,7.352941176470588,0,J01D_other_beta_lactams,1.6407000000000003,,,,5.0788,1.2191,,,,0.2068680182043857,,,,,1317997,18.1984559754977,68.0923458296768,19310.3874900757,6.19788504,https://api.worldbank.org/v2/,7.868852459016393,12.222222222222221,5.501618122977346,0.12005993972738896,2.463808098732451,5.831882477283517,9.268292682926829,410.0,8.98716119828816,701.0,9.764705882352942,850.0
EU_EEA,Estonia,EST,2014,Escherichia coli,Blood/invasive,Third-generation cephalosporins,38,410,EARS-Net mixed/not reported,Not reported in Atlas aggregate,ECDC Surveillance Atlas aggregate,https://atlas.ecdc.europa.eu/public/,9.268292682926829,0,J01D_other_beta_lactams,1.7022,1.6407000000000003,,,5.2216000000000005,1.2308999999999999,,,,0.3969167050161068,,,,0.2068680182043857,1314545,18.5609288129198,68.2668382808032,20581.7898991695,6.26286125,https://api.worldbank.org/v2/,7.352941176470588,7.868852459016393,12.222222222222221,-0.9377699900432005,1.8920986150613563,6.018593214496234,11.382113821138212,246.0,8.756345177664974,788.0,11.538461538461538,910.0
EU_EEA,Estonia,EST,2015,Escherichia coli,Blood/invasive,Third-generation cephalosporins,28,246,EARS-Net mixed/not reported,Not reported in Atlas aggregate,ECDC Surveillance Atlas aggregate,https://atlas.ecdc.europa.eu/public/,11.382113821138212,0,J01D_other_beta_lactams,1.782,1.7022,1.6407000000000003,,5.417,1.2269999999999999,,,,0.4631886884446613,,,,0.3969167050161068,1315407,18.88875196261,68.4796609690553,17722.1557669523,6.52138662,https://api.worldbank.org/v2/,9.268292682926829,7.352941176470588,7.868852459016393,1.2455135592821691,1.5600209571610344,5.5093883366279774,8.98716119828816,701.0,9.764705882352942,850.0,8.273748723186925,979.0
EU_EEA,Estonia,EST,2016,Escherichia coli,Blood/invasive,Third-generation cephalosporins,63,701,EARS-Net mixed/not reported,Not reported in Atlas aggregate,ECDC Surveillance Atlas aggregate,https://atlas.ecdc.europa.eu/public/,8.98716119828816,0,J01D_other_beta_lactams,1.7054999999999998,1.782,1.7022,1.6407000000000003,5.372199999999999,1.2344,,,,0.5824996834240851,,,,0.4631886884446613,1315790,19.186016024635,68.724038178078,18666.3736521706,6.56918621,https://api.worldbank.org/v2/,11.382113821138212,9.268292682926829,7.352941176470588,0.701648120366409,1.4330158638172936,6.553933404025811,8.756345177664974,788.0,11.538461538461538,910.0,8.073196986006458,929.0
EU_EEA,Estonia,EST,2017,Escherichia coli,Blood/invasive,Third-generation cephalosporins,69,788,EARS-Net mixed/not reported,Not reported in Atlas aggregate,ECDC Surveillance Atlas aggregate,https://atlas.ecdc.europa.eu/public/,8.756345177664974,0,J01D_other_beta_lactams,1.732,1.7054999999999998,1.782,1.7022,5.4365,1.319,,,,0.8617698091382303,,,,0.5824996834240851,1317384,19.4674154002753,68.9931941915158,20851.5223496861,6.46636105,https://api.worldbank.org/v2/,8.98716119828816,11.382113821138212,9.268292682926829,-0.39307951386356443,1.0456188369294859,6.670766320845874,9.764705882352942,850.0,8.273748723186925,979.0,11.764705882352942,1003.0
EU_EEA,Estonia,EST,2018,Escherichia coli,Blood/invasive,Third-generation cephalosporins,83,850,EARS-Net mixed/not reported,Not reported in Atlas aggregate,ECDC Surveillance Atlas aggregate,https://atlas.ecdc.europa.eu/public/,9.764705882352942,0,J01D_other_beta_lactams,1.6865,1.732,1.7054999999999998,1.782,5.659000000000001,1.2227999999999999,,,,1.041212045638756,,,,0.8617698091382303,1321977,19.6754905294355,69.2803532930133,23618.1361254581,6.56314421,https://api.worldbank.org/v2/,8.756345177664974,8.98716119828816,11.382113821138212,-0.5083039836979018,1.0283819377133767,6.7464121285733745,11.538461538461538,910.0,8.073196986006458,929.0,11.439114391143912,1084.0
EU_EEA,Estonia,EST,2019,Escherichia coli,Blood/invasive,Third-generation cephalosporins,105,910,EARS-Net mixed/not reported,Not reported in Atlas aggregate,ECDC Surveillance Atlas aggregate,https://atlas.ecdc.europa.eu/public/,11.538461538461538,0,J01D_other_beta_lactams,1.6932999999999998,1.6865,1.732,1.7054999999999998,5.580699999999999,1.2405000000000002,,,,1.3374746450304258,,,,1.041212045638756,1326898,19.8965346883511,69.5787397662154,24021.2501413306,6.64763546,https://api.worldbank.org/v2/,9.764705882352942,8.756345177664974,8.98716119828816,0.8662261725208084,1.0917347743445582,6.814542897259958,8.273748723186925,979.0,11.764705882352942,1003.0,,
EU_EEA,Estonia,EST,2020,Escherichia coli,Blood/invasive,Third-generation cephalosporins,81,979,EUCAST,EUCAST required; exact version unavailable in Atlas aggregate,ECDC Surveillance Atlas aggregate,https://atlas.ecdc.europa.eu/public/,8.273748723186925,1,J01D_other_beta_lactams,1.5342,1.6932999999999998,1.6865,1.732,4.9121,1.3392,,,,1.1016553975285617,,,,1.3374746450304258,1329522,20.2000948355964,69.8815778947665,23933.9939421065,7.47179365,https://api.worldbank.org/v2/,11.538461538461538,9.764705882352942,8.756345177664974,0.032596629267443014,1.2504342805079154,6.887552571664617,8.073196986006458,929.0,11.439114391143912,1084.0,,
EU_EEA,Estonia,EST,2021,Escherichia coli,Blood/invasive,Third-generation cephalosporins,75,929,EUCAST,EUCAST required; exact version unavailable in Atlas aggregate,ECDC Surveillance Atlas aggregate,https://atlas.ecdc.europa.eu/public/,8.073196986006458,0,J01D_other_beta_lactams,1.3919000000000001,1.5342,1.6932999999999998,1.6865,4.7325,1.1832,,,,1.2745912995289552,,,,1.1016553975285617,1330932,20.4337977975588,70.1777274135822,27951.1659277744,7.47591066,https://api.worldbank.org/v2/,8.273748723186925,11.538461538461538,9.764705882352942,-0.833923950431408,1.3905258427226184,6.835184586147301,11.764705882352942,1003.0,,,,
EU_EEA,Estonia,EST,2022,Escherichia coli,Blood/invasive,Third-generation cephalosporins,118,1003,EUCAST,EUCAST required; exact version unavailable in Atlas aggregate,ECDC Surveillance Atlas aggregate,https://atlas.ecdc.europa.eu/public/,11.764705882352942,0,J01D_other_beta_lactams,1.6713,1.3919000000000001,1.5342,1.6932999999999998,6.014,1.3428,,,,1.3382809173307375,,,,1.2745912995289552,1348840,20.6300461857585,70.4892333736738,28340.3826549406,6.93641424,https://api.worldbank.org/v2/,8.073196986006458,8.273748723186925,11.538461538461538,0.04781812944937247,1.7423374297564818,6.911747300251674,11.439114391143912,1084.0,,,,
EU_EEA,Estonia,EST,2023,Escherichia coli,Blood/invasive,Third-generation cephalosporins,124,1084,EUCAST,EUCAST required; exact version unavailable in Atlas aggregate,ECDC Surveillance Atlas aggregate,https://atlas.ecdc.europa.eu/public/,11.439114391143912,0,J01D_other_beta_lactams,,,,,,,,,,,,,,,1370286,20.9140825455897,70.6770085523126,30264.0064885057,7.47082138,https://api.worldbank.org/v2/,11.764705882352942,8.073196986006458,8.273748723186925,1.3187605900217436,1.7195419162428784,6.98933526597456,,,,,,
EU_EEA,Finland,FIN,2013,Escherichia coli,Blood/invasive,Aminoglycosides,231,3561,EARS-Net mixed/not reported,Not reported in Atlas aggregate,ECDC Surveillance Atlas aggregate,https://atlas.ecdc.europa.eu/public/,6.4869418702611625,0,J01G_aminoglycosides,,,,,7.9365,1.8129999999999997,,,,0.5085479333477603,,,,,5438972,19.0733570715343,70.6742118159277,49691.0145200739,9.84504986,https://api.worldbank.org/v2/,6.080855329101237,5.264900662251655,3.7775891341256367,0.8944012875256151,1.0362732508476329,8.178077463849608,4.558553838092743,3817.0,4.934720070812126,4519.0,4.257528556593977,4815.0
EU_EEA,Finland,FIN,2014,Escherichia coli,Blood/invasive,Aminoglycosides,174,3817,EARS-Net mixed/not reported,Not reported in Atlas aggregate,ECDC Surveillance Atlas aggregate,https://atlas.ecdc.europa.eu/public/,4.558553838092743,0,J01G_aminoglycosides,,,,,8.0199,1.7839,,,,0.48782346888219824,,,,0.5085479333477603,5461512,19.6661048130943,70.9879168940753,50073.7760815871,9.83066177,https://api.worldbank.org/v2/,6.4869418702611625,6.080855329101237,5.264900662251655,-0.1712953931316822,0.7441052126327046,8.247482004285693,5.417170495767835,4135.0,4.957848253713368,4982.0,4.787749563868966,5159.0
EU_EEA,Finland,FIN,2015,Escherichia coli,Blood/invasive,Aminoglycosides,224,4135,EARS-Net mixed/not reported,Not reported in Atlas aggregate,ECDC Surveillance Atlas aggregate,https://atlas.ecdc.europa.eu/public/,5.417170495767835,0,J01G_aminoglycosides,,,,,7.6994,1.713,,,,0.500961846745752,,,,0.48782346888219824,5479531,20.2090618722589,71.3054930040604,42560.3456767103,9.69998264,https://api.worldbank.org/v2/,4.558553838092743,6.4869418702611625,6.080855329101237,-0.3919442532168639,0.7298586946957415,8.327484416188264,4.934720070812126,4519.0,4.257528556593977,4815.0,5.713753954959985,5373.0
EU_EEA,Finland,FIN,2016,Escherichia coli,Blood/invasive,Aminoglycosides,223,4519,EARS-Net mixed/not reported,Not reported in Atlas aggregate,ECDC Surveillance Atlas aggregate,https://atlas.ecdc.europa.eu/public/,4.934720070812126,0,J01G_aminoglycosides,,,,,7.5556,1.8209,,,,0.5126574732742518,,,,0.500961846745752,5495303,20.6838033296157,71.6158383428171,43451.2562442158,9.45625591,https://api.worldbank.org/v2/,5.417170495767835,4.558553838092743,6.4869418702611625,-0.37980487406720215,0.7238769630864371,8.416267272826277,4.957848253713368,4982.0,4.787749563868966,5159.0,4.1365046535677354,5802.0
EU_EEA,Finland,FIN,2017,Escherichia coli,Blood/invasive,Aminoglycosides,247,4982,EARS-Net mixed/not reported,Not reported in Atlas aggregate,ECDC Surveillance Atlas aggregate,https://atlas.ecdc.europa.eu/public/,4.957848253713368,0,J01G_aminoglycosides,,,,,7.0061,1.6551999999999998,,,,0.5093302082394302,,,,0.5126574732742518,5508214,21.1457473282604,71.9563038312956,46085.0174739036,9.19148445,https://api.worldbank.org/v2/,4.934720070812126,5.417170495767835,4.558553838092743,0.07154328219061573,0.30438769247164765,8.513787398281405,4.257528556593977,4815.0,5.713753954959985,5373.0,4.442408976414014,4367.0
EU_EEA,Finland,FIN,2018,Escherichia coli,Blood/invasive,Aminoglycosides,205,4815,EARS-Net mixed/not reported,Not reported in Atlas aggregate,ECDC Surveillance Atlas aggregate,https://atlas.ecdc.europa.eu/public/,4.257528556593977,0,J01G_aminoglycosides,,,,,6.938899999999999,1.7909,,,,0.5657944002995383,,,,0.5093302082394302,5515525,21.6154814502107,72.3423467740343,49654.2497035329,9.10587025,https://api.worldbank.org/v2/,4.957848253713368,4.934720070812126,5.417170495767835,-0.3455797634620345,0.41367829436226355,8.479698986988657,4.787749563868966,5159.0,4.1365046535677354,5802.0,4.833765621315727,4241.0
EU_EEA,Finland,FIN,2019,Escherichia coli,Blood/invasive,Aminoglycosides,247,5159,EARS-Net mixed/not reported,Not reported in Atlas aggregate,ECDC Surveillance Atlas aggregate,https://atlas.ecdc.europa.eu/public/,4.787749563868966,0,J01G_aminoglycosides,,,,,6.5771,1.6400000000000001,,,,0.5511633160153602,,,,0.5657944002995383,5521606,22.061393842071,72.7431214358314,48358.1807773701,9.22295189,https://api.worldbank.org/v2/,4.257528556593977,4.957848253713368,4.934720070812126,-0.11412312179488784,0.282979587238679,8.548691858475609,5.713753954959985,5373.0,4.442408976414014,4367.0,,
EU_EEA,Finland,FIN,2020,Escherichia coli,Blood/invasive,Aminoglycosides,307,5373,EUCAST,EUCAST required; exact version unavailable in Atlas aggregate,ECDC Surveillance Atlas aggregate,https://atlas.ecdc.europa.eu/public/,5.713753954959985,1,J01G_aminoglycosides,,,,,4.9645,1.5219,,,,0.5545467929528392,,,,0.5511633160153602,5529543,22.4906828905898,73.0849439791673,48828.6846862799,9.69977188,https://api.worldbank.org/v2/,4.787749563868966,4.257528556593977,4.957848253713368,0.2797938111014828,0.5214154732168412,8.589327789175437,4.1365046535677354,5802.0,4.833765621315727,4241.0,,
EU_EEA,Finland,FIN,2021,Escherichia coli,Blood/invasive,Aminoglycosides,240,5802,EUCAST,EUCAST required; exact version unavailable in Atlas aggregate,ECDC Surveillance Atlas aggregate,https://atlas.ecdc.europa.eu/public/,4.1365046535677354,0,J01G_aminoglycosides,,,,,4.7585999999999995,1.4606000000000001,,,,0.6053394039735099,,,,0.5545467929528392,5541017,22.8749565743109,73.3710215780329,53099.1351400148,9.90969753,https://api.worldbank.org/v2/,5.713753954959985,4.787749563868966,4.257528556593977,0.05629326820122867,0.6217763332160265,8.666130304190608,4.442408976414014,4367.0,,,,
EU_EEA,Finland,FIN,2022,Escherichia coli,Blood/invasive,Aminoglycosides,194,4367,EUCAST,EUCAST required; exact version unavailable in Atlas aggregate,ECDC Surveillance Atlas aggregate,https://atlas.ecdc.europa.eu/public/,4.442408976414014,0,J01G_aminoglycosides,,,,,5.5428999999999995,1.588,,,,0.5659008464328897,,,,0.6053394039735099,5556106,23.2287672110978,73.6967597835949,50440.560224974,9.74152565,https://api.worldbank.org/v2/,4.1365046535677354,5.713753954959985,4.787749563868966,-0.2613271063757116,0.5915274219557182,8.38206051742474,4.833765621315727,4241.0,,,,
EU_EEA,Finland,FIN,2023,Escherichia coli,Blood/invasive,Aminoglycosides,205,4241,EUCAST,EUCAST required; exact version unavailable in Atlas aggregate,ECDC Surveillance Atlas aggregate,https://atlas.ecdc.europa.eu/public/,4.833765621315727,0,J01G_aminoglycosides,,,,,,,,,,,,,,,5583911,23.5778747195571,74.0062548602828,52864.6931581216,10.47389507,https://api.worldbank.org/v2/,4.442408976414014,4.1365046535677354,5.713753954959985,-0.2334060678086505,0.5922057927758307,8.352790135124629,,,,,,
EU_EEA,Finland,FIN,2013,Escherichia coli,Blood/invasive,Aminopenicillins,792,2124,EARS-Net mixed/not reported,Not reported in Atlas aggregate,ECDC Surveillance Atlas aggregate,https://atlas.ecdc.europa.eu/public/,37.28813559322034,0,J01C_penicillins,5.366,,,,7.9365,1.8129999999999997,,,,0.5085479333477603,,,,,5438972,19.0733570715343,70.6742118159277,49691.0145200739,9.84504986,https://api.worldbank.org/v2/,39.71291866028708,37.32332155477032,33.81062355658199,1.2822133215431741,2.104462668705187,7.661527081358517,34.6723044397463,2365.0,35.8364312267658,2690.0,35.34675615212528,3129.0
EU_EEA,Finland,FIN,2014,Escherichia coli,Blood/invasive,Aminopenicillins,820,2365,EARS-Net mixed/not reported,Not reported in Atlas aggregate,ECDC Surveillance Atlas aggregate,https://atlas.ecdc.europa.eu/public/,34.6723044397463,0,J01C_penicillins,5.4936,5.366,,,8.0199,1.7839,,,,0.48782346888219824,,,,0.5085479333477603,5461512,19.6661048130943,70.9879168940753,50073.7760815871,9.83066177,https://api.worldbank.org/v2/,37.28813559322034,39.71291866028708,37.32332155477032,-1.0377834412138882,1.7830669047471206,7.768956044538332,35.96278317152104,2472.0,35.21224773834377,2874.0,35.5,3000.0
EU_EEA,Finland,FIN,2015,Escherichia coli,Blood/invasive,Aminopenicillins,889,2472,EARS-Net mixed/not reported,Not reported in Atlas aggregate,ECDC Surveillance Atlas aggregate,https://atlas.ecdc.europa.eu/public/,35.96278317152104,0,J01C_penicillins,5.3868,5.4936,5.366,,7.6994,1.713,,,,0.500961846745752,,,,0.48782346888219824,5479531,20.2090618722589,71.3054930040604,42560.3456767103,9.69998264,https://api.worldbank.org/v2/,34.6723044397463,37.28813559322034,39.71291866028708,-1.3866237619772224,1.8643924588372387,7.813187267521416,35.8364312267658,2690.0,35.34675615212528,3129.0,34.118852459016395,2928.0
EU_EEA,Finland,FIN,2016,Escherichia coli,Blood/invasive,Aminopenicillins,964,2690,EARS-Net mixed/not reported,Not reported in Atlas aggregate,ECDC Surveillance Atlas aggregate,https://atlas.ecdc.europa.eu/public/,35.8364312267658,0,J01C_penicillins,5.3012999999999995,5.3868,5.4936,5.366,7.5556,1.8209,,,,0.5126574732742518,,,,0.500961846745752,5495303,20.6838033296157,71.6158383428171,43451.2562442158,9.45625591,https://api.worldbank.org/v2/,35.96278317152104,34.6723044397463,37.28813559322034,-0.3064634367588951,0.9267911233166036,7.897668150726906,35.21224773834377,2874.0,35.5,3000.0,31.728045325779036,3177.0
EU_EEA,Finland,FIN,2017,Escherichia coli,Blood/invasive,Aminopenicillins,1012,2874,EARS-Net mixed/not reported,Not reported in Atlas aggregate,ECDC Surveillance Atlas aggregate,https://atlas.ecdc.europa.eu/public/,35.21224773834377,0,J01C_penicillins,4.941199999999999,5.3012999999999995,5.3868,5.4936,7.0061,1.6551999999999998,,,,0.5093302082394302,,,,0.5126574732742518,5508214,21.1457473282604,71.9563038312956,46085.0174739036,9.19148445,https://api.worldbank.org/v2/,35.8364312267658,35.96278317152104,34.6723044397463,0.1493477951037087,0.5172607283043996,7.963807953231451,35.34675615212528,3129.0,34.118852459016395,2928.0,32.504780114722756,2615.0
EU_EEA,Finland,FIN,2018,Escherichia coli,Blood/invasive,Aminopenicillins,1106,3129,EARS-Net mixed/not reported,Not reported in Atlas aggregate,ECDC Surveillance Atlas aggregate,https://atlas.ecdc.europa.eu/public/,35.34675615212528,0,J01C_penicillins,4.9529,4.941199999999999,5.3012999999999995,5.3868,6.938899999999999,1.7909,,,,0.5657944002995383,,,,0.5093302082394302,5515525,21.6154814502107,72.3423467740343,49654.2497035329,9.10587025,https://api.worldbank.org/v2/,35.21224773834377,35.8364312267658,35.96278317152104,-0.24722645466093385,0.3168434903805301,8.048788283534199,35.5,3000.0,31.728045325779036,3177.0,32.549019607843135,2550.0
EU_EEA,Finland,FIN,2019,Escherichia coli,Blood/invasive,Aminopenicillins,1065,3000,EARS-Net mixed/not reported,Not reported in Atlas aggregate,ECDC Surveillance Atlas aggregate,https://atlas.ecdc.europa.eu/public/,35.5,0,J01C_penicillins,4.9262,4.9529,4.941199999999999,5.3012999999999995,6.5771,1.6400000000000001,,,,0.5511633160153602,,,,0.5657944002995383,5521606,22.061393842071,72.7431214358314,48358.1807773701,9.22295189,https://api.worldbank.org/v2/,35.34675615212528,35.21224773834377,35.8364312267658,-0.08747852665159252,0.23277540552314668,8.006700845440367,34.118852459016395,2928.0,32.504780114722756,2615.0,,
EU_EEA,Finland,FIN,2020,Escherichia coli,Blood/invasive,Aminopenicillins,999,2928,EUCAST,EUCAST required; exact version unavailable in Atlas aggregate,ECDC Surveillance Atlas aggregate,https://atlas.ecdc.europa.eu/public/,34.118852459016395,1,J01C_penicillins,3.6164,4.9262,4.9529,4.941199999999999,4.9645,1.5219,,,,0.5545467929528392,,,,0.5511633160153602,5529543,22.4906828905898,73.0849439791673,48828.6846862799,9.69977188,https://api.worldbank.org/v2/,35.5,35.34675615212528,35.21224773834377,-0.31269419901074613,0.5440132581534759,7.982416346827733,31.728045325779036,3177.0,32.549019607843135,2550.0,,
EU_EEA,Finland,FIN,2021,Escherichia coli,Blood/invasive,Aminopenicillins,1008,3177,EUCAST,EUCAST required; exact version unavailable in Atlas aggregate,ECDC Surveillance Atlas aggregate,https://atlas.ecdc.europa.eu/public/,31.728045325779036,0,J01C_penicillins,3.4959,3.6164,4.9262,4.9529,4.7585999999999995,1.4606000000000001,,,,0.6053394039735099,,,,0.5545467929528392,5541017,22.8749565743109,73.3710215780329,53099.1351400148,9.90969753,https://api.worldbank.org/v2/,34.118852459016395,35.5,35.34675615212528,-1.2237280020022423,1.5099144955894384,8.064007347096661,32.504780114722756,2615.0,,,,
EU_EEA,Finland,FIN,2022,Escherichia coli,Blood/invasive,Aminopenicillins,850,2615,EUCAST,EUCAST required; exact version unavailable in Atlas aggregate,ECDC Surveillance Atlas aggregate,https://atlas.ecdc.europa.eu/public/,32.504780114722756,0,J01C_penicillins,4.3431999999999995,3.4959,3.6164,4.9262,5.5428999999999995,1.588,,,,0.5659008464328897,,,,0.6053394039735099,5556106,23.2287672110978,73.6967597835949,50440.560224974,9.74152565,https://api.worldbank.org/v2/,31.728045325779036,34.118852459016395,35.5,-1.1376466789069117,1.4584036214472935,7.86940171257709,32.549019607843135,2550.0,,,,
EU_EEA,Finland,FIN,2023,Escherichia coli,Blood/invasive,Aminopenicillins,830,2550,EUCAST,EUCAST required; exact version unavailable in Atlas aggregate,ECDC Surveillance Atlas aggregate,https://atlas.ecdc.europa.eu/public/,32.549019607843135,0,J01C_penicillins,,,,,,,,,,,,,,,5583911,23.5778747195571,74.0062548602828,52864.6931581216,10.47389507,https://api.worldbank.org/v2/,32.504780114722756,31.728045325779036,34.118852459016395,-0.39327637645760827,0.8683618304921665,7.844240718141811,,,,,,
EU_EEA,Finland,FIN,2013,Escherichia coli,Blood/invasive,Carbapenems,0,3721,EARS-Net mixed/not reported,Not reported in Atlas aggregate,ECDC Surveillance Atlas aggregate,https://atlas.ecdc.europa.eu/public/,0.0,0,J01DH_carbapenems,0.0634,,,,7.9365,1.8129999999999997,,,,0.5085479333477603,,,,,5438972,19.0733570715343,70.6742118159277,49691.0145200739,9.84504986,https://api.worldbank.org/v2/,0.0,0.0,0.0,0.0,0.0,8.222016437202196,0.0,4013.0,0.020695364238410598,4832.0,0.019774569903104607,5057.0
EU_EEA,Finland,FIN,2014,Escherichia coli,Blood/invasive,Carbapenems,0,4013,EARS-Net mixed/not reported,Not reported in Atlas aggregate,ECDC Surveillance Atlas aggregate,https://atlas.ecdc.europa.eu/public/,0.0,0,J01DH_carbapenems,0.0582,0.0634,,,8.0199,1.7839,,,,0.48782346888219824,,,,0.5085479333477603,5461512,19.6661048130943,70.9879168940753,50073.7760815871,9.83066177,https://api.worldbank.org/v2/,0.0,0.0,0.0,0.0,0.0,8.297543529356284,0.0,4425.0,0.0,5315.0,0.018758206715438003,5331.0
EU_EEA,Finland,FIN,2015,Escherichia coli,Blood/invasive,Carbapenems,0,4425,EARS-Net mixed/not reported,Not reported in Atlas aggregate,ECDC Surveillance Atlas aggregate,https://atlas.ecdc.europa.eu/public/,0.0,0,J01DH_carbapenems,0.0479,0.0582,0.0634,,7.6994,1.713,,,,0.500961846745752,,,,0.48782346888219824,5479531,20.2090618722589,71.3054930040604,42560.3456767103,9.69998264,https://api.worldbank.org/v2/,0.0,0.0,0.0,0.0,0.0,8.395251520610994,0.020695364238410598,4832.0,0.019774569903104607,5057.0,0.018604651162790697,5375.0
EU_EEA,Finland,FIN,2016,Escherichia coli,Blood/invasive,Carbapenems,1,4832,EARS-Net mixed/not reported,Not reported in Atlas aggregate,ECDC Surveillance Atlas aggregate,https://atlas.ecdc.europa.eu/public/,0.020695364238410598,0,J01DH_carbapenems,0.0674,0.0479,0.0582,0.0634,7.5556,1.8209,,,,0.5126574732742518,,,,0.500961846745752,5495303,20.6838033296157,71.6158383428171,43451.2562442158,9.45625591,https://api.worldbank.org/v2/,0.0,0.0,0.0,0.006208609271523178,0.008961355585517784,8.483222671845084,0.0,5315.0,0.018758206715438003,5331.0,0.0,5801.0
EU_EEA,Finland,FIN,2017,Escherichia coli,Blood/invasive,Carbapenems,0,5315,EARS-Net mixed/not reported,Not reported in Atlas aggregate,ECDC Surveillance Atlas aggregate,https://atlas.ecdc.europa.eu/public/,0.0,0,J01DH_carbapenems,0.0548,0.0674,0.0479,0.0582,7.0061,1.6551999999999998,,,,0.5093302082394302,,,,0.5126574732742518,5508214,21.1457473282604,71.9563038312956,46085.0174739036,9.19148445,https://api.worldbank.org/v2/,0.020695364238410598,0.0,0.0,0.00206953642384106,0.008961355585517784,8.578476419833136,0.019774569903104607,5057.0,0.018604651162790697,5375.0,0.0,4575.0
EU_EEA,Finland,FIN,2018,Escherichia coli,Blood/invasive,Carbapenems,1,5057,EARS-Net mixed/not reported,Not reported in Atlas aggregate,ECDC Surveillance Atlas aggregate,https://atlas.ecdc.europa.eu/public/,0.019774569903104607,0,J01DH_carbapenems,0.0536,0.0548,0.0674,0.0479,6.938899999999999,1.7909,,,,0.5657944002995383,,,,0.5093302082394302,5515525,21.6154814502107,72.3423467740343,49654.2497035329,9.10587025,https://api.worldbank.org/v2/,0.0,0.020695364238410598,0.0,0.0038628345470903213,0.010122719785939574,8.52872642722991,0.018758206715438003,5331.0,0.0,5801.0,0.023430178069353328,4268.0
EU_EEA,Finland,FIN,2019,Escherichia coli,Blood/invasive,Carbapenems,1,5331,EARS-Net mixed/not reported,Not reported in Atlas aggregate,ECDC Surveillance Atlas aggregate,https://atlas.ecdc.europa.eu/public/,0.018758206715438003,0,J01DH_carbapenems,0.0398,0.0536,0.0548,0.0674,6.5771,1.6400000000000001,,,,0.5511633160153602,,,,0.5657944002995383,5521606,22.061393842071,72.7431214358314,48358.1807773701,9.22295189,https://api.worldbank.org/v2/,0.019774569903104607,0.0,0.020695364238410598,0.0013963097334186803,0.008576258911226757,8.5814816812986,0.018604651162790697,5375.0,0.0,4575.0,,
EU_EEA,Finland,FIN,2020,Escherichia coli,Blood/invasive,Carbapenems,1,5375,EUCAST,EUCAST required; exact version unavailable in Atlas aggregate,ECDC Surveillance Atlas aggregate,https://atlas.ecdc.europa.eu/public/,0.018604651162790697,1,J01DH_carbapenems,0.0427,0.0398,0.0536,0.0548,4.9645,1.5219,,,,0.5545467929528392,,,,0.5511633160153602,5529543,22.4906828905898,73.0849439791673,48828.6846862799,9.69977188,https://api.worldbank.org/v2/,0.018758206715438003,0.019774569903104607,0.0,0.00547975903007055,0.008259321484756377,8.589699882202986,0.0,5801.0,0.023430178069353328,4268.0,,
EU_EEA,Finland,FIN,2021,Escherichia coli,Blood/invasive,Carbapenems,0,5801,EUCAST,EUCAST required; exact version unavailable in Atlas aggregate,ECDC Surveillance Atlas aggregate,https://atlas.ecdc.europa.eu/public/,0.0,0,J01DH_carbapenems,0.0416,0.0427,0.0398,0.0536,4.7585999999999995,1.4606000000000001,,,,0.6053394039735099,,,,0.5545467929528392,5541017,22.8749565743109,73.3710215780329,53099.1351400148,9.90969753,https://api.worldbank.org/v2/,0.018604651162790697,0.018758206715438003,0.019774569903104607,-0.0059477265261961175,0.008259321484756377,8.665957964681349,0.0,4575.0,,,,
EU_EEA,Finland,FIN,2022,Escherichia coli,Blood/invasive,Carbapenems,0,4575,EUCAST,EUCAST required; exact version unavailable in Atlas aggregate,ECDC Surveillance Atlas aggregate,https://atlas.ecdc.europa.eu/public/,0.0,0,J01DH_carbapenems,0.0422,0.0416,0.0427,0.0398,5.5428999999999995,1.588,,,,0.5659008464328897,,,,0.6053394039735099,5556106,23.2287672110978,73.6967597835949,50440.560224974,9.74152565,https://api.worldbank.org/v2/,0.0,0.018604651162790697,0.018758206715438003,-0.007487927130910476,0.009340872240602765,8.428580533059634,0.023430178069353328,4268.0,,,,
EU_EEA,Finland,FIN,2023,Escherichia coli,Blood/invasive,Carbapenems,1,4268,EUCAST,EUCAST required; exact version unavailable in Atlas aggregate,ECDC Surveillance Atlas aggregate,https://atlas.ecdc.europa.eu/public/,0.023430178069353328,0,J01DH_carbapenems,,,,,,,,,,,,,,,5583911,23.5778747195571,74.0062548602828,52864.6931581216,10.47389507,https://api.worldbank.org/v2/,0.0,0.0,0.018604651162790697,0.0014476580719687872,0.010646297150968232,8.359134886757962,,,,,,
EU_EEA,Finland,FIN,2013,Escherichia coli,Blood/invasive,Fluoroquinolones,479,3618,EARS-Net mixed/not reported,Not reported in Atlas aggregate,ECDC Surveillance Atlas aggregate,https://atlas.ecdc.europa.eu/public/,13.239358761746821,0,J01M_quinolones,1.1309,,,,7.9365,1.8129999999999997,,,,0.5085479333477603,,,,,5438972,19.0733570715343,70.6742118159277,49691.0145200739,9.84504986,https://api.worldbank.org/v2/,11.733080328905755,10.960264900662251,9.215686274509803,1.2843832889954547,1.4498093608189215,8.193953023563742,11.035866566340607,3987.0,11.460066555740433,4808.0,11.481261154074955,5043.0
EU_EEA,Finland,FIN,2014,Escherichia coli,Blood/invasive,Fluoroquinolones,440,3987,EARS-Net mixed/not reported,Not reported in Atlas aggregate,ECDC Surveillance Atlas aggregate,https://atlas.ecdc.europa.eu/public/,11.035866566340607,0,J01M_quinolones,1.1088,1.1309,,,8.0199,1.7839,,,,0.48782346888219824,,,,0.5085479333477603,5461512,19.6661048130943,70.9879168940753,50073.7760815871,9.83066177,https://api.worldbank.org/v2/,13.239358761746821,11.733080328905755,10.960264900662251,0.17330834298761175,0.9154093254108443,8.291045131081729,11.1716621253406,4404.0,12.007540056550424,5305.0,11.44177449168207,5410.0
EU_EEA,Finland,FIN,2015,Escherichia coli,Blood/invasive,Fluoroquinolones,492,4404,EARS-Net mixed/not reported,Not reported in Atlas aggregate,ECDC Surveillance Atlas aggregate,https://atlas.ecdc.europa.eu/public/,11.1716621253406,0,J01M_quinolones,0.9873000000000001,1.1088,1.1309,,7.6994,1.713,,,,0.500961846745752,,,,0.48782346888219824,5479531,20.2090618722589,71.3054930040604,42560.3456767103,9.69998264,https://api.worldbank.org/v2/,11.035866566340607,13.239358761746821,11.733080328905755,-0.38877468061016984,0.8739050226037273,8.39049553837028,11.460066555740433,4808.0,11.481261154074955,5043.0,10.534180052297348,5354.0
EU_EEA,Finland,FIN,2016,Escherichia coli,Blood/invasive,Fluoroquinolones,551,4808,EARS-Net mixed/not reported,Not reported in Atlas aggregate,ECDC Surveillance Atlas aggregate,https://atlas.ecdc.europa.eu/public/,11.460066555740433,0,J01M_quinolones,0.9937,0.9873000000000001,1.1088,1.1309,7.5556,1.8209,,,,0.5126574732742518,,,,0.500961846745752,5495303,20.6838033296157,71.6158383428171,43451.2562442158,9.45625591,https://api.worldbank.org/v2/,11.1716621253406,11.035866566340607,13.239358761746821,-0.5202081059019201,0.8866436421310202,8.478244441277663,12.007540056550424,5305.0,11.44177449168207,5410.0,9.565667011375387,5802.0
EU_EEA,Finland,FIN,2017,Escherichia coli,Blood/invasive,Fluoroquinolones,637,5305,EARS-Net mixed/not reported,Not reported in Atlas aggregate,ECDC Surveillance Atlas aggregate,https://atlas.ecdc.europa.eu/public/,12.007540056550424,0,J01M_quinolones,0.8874,0.9937,0.9873000000000001,1.1088,7.0061,1.6551999999999998,,,,0.5093302082394302,,,,0.5126574732742518,5508214,21.1457473282604,71.9563038312956,46085.0174739036,9.19148445,https://api.worldbank.org/v2/,11.460066555740433,11.1716621253406,11.035866566340607,0.320342490102927,0.3728380766058412,8.576593534697684,11.481261154074955,5043.0,10.534180052297348,5354.0,9.908136482939632,4572.0
EU_EEA,Finland,FIN,2018,Escherichia coli,Blood/invasive,Fluoroquinolones,579,5043,EARS-Net mixed/not reported,Not reported in Atlas aggregate,ECDC Surveillance Atlas aggregate,https://atlas.ecdc.europa.eu/public/,11.481261154074955,0,J01M_quinolones,0.8207,0.8874,0.9937,0.9873000000000001,6.938899999999999,1.7909,,,,0.5657944002995383,,,,0.5093302082394302,5515525,21.6154814502107,72.3423467740343,49654.2497035329,9.10587025,https://api.worldbank.org/v2/,12.007540056550424,11.460066555740433,11.1716621253406,0.14762705870130433,0.3015446192345985,8.52595469708481,11.44177449168207,5410.0,9.565667011375387,5802.0,10.302745834311194,4261.0
EU_EEA,Finland,FIN,2019,Escherichia coli,Blood/invasive,Fluoroquinolones,619,5410,EARS-Net mixed/not reported,Not reported in Atlas aggregate,ECDC Surveillance Atlas aggregate,https://atlas.ecdc.europa.eu/public/,11.44177449168207,0,J01M_quinolones,0.6194,0.8207,0.8874,0.9937,6.5771,1.6400000000000001,,,,0.5511633160153602,,,,0.5657944002995383,5521606,22.061393842071,72.7431214358314,48358.1807773701,9.22295189,https://api.worldbank.org/v2/,11.481261154074955,12.007540056550424,11.460066555740433,-0.05811550946505793,0.2370562168009348,8.596189197642735,10.534180052297348,5354.0,9.908136482939632,4572.0,,
EU_EEA,Finland,FIN,2020,Escherichia coli,Blood/invasive,Fluoroquinolones,564,5354,EUCAST,EUCAST required; exact version unavailable in Atlas aggregate,ECDC Surveillance Atlas aggregate,https://atlas.ecdc.europa.eu/public/,10.534180052297348,1,J01M_quinolones,0.5483,0.6194,0.8207,0.8874,4.9645,1.5219,,,,0.5545467929528392,,,,0.5511633160153602,5529543,22.4906828905898,73.0849439791673,48828.6846862799,9.69977188,https://api.worldbank.org/v2/,11.44177449168207,11.481261154074955,12.007540056550424,-0.445956667515215,0.5297463624206938,8.585785982881848,9.565667011375387,5802.0,10.302745834311194,4261.0,,
EU_EEA,Finland,FIN,2021,Escherichia coli,Blood/invasive,Fluoroquinolones,555,5802,EUCAST,EUCAST required; exact version unavailable in Atlas aggregate,ECDC Surveillance Atlas aggregate,https://atlas.ecdc.europa.eu/public/,9.565667011375387,0,J01M_quinolones,0.4873,0.5483,0.6194,0.8207,4.7585999999999995,1.4606000000000001,,,,0.6053394039735099,,,,0.5545467929528392,5541017,22.8749565743109,73.3710215780329,53099.1351400148,9.90969753,https://api.worldbank.org/v2/,10.534180052297348,11.44177449168207,11.481261154074955,-0.6654376867483444,0.7845997062155567,8.666130304190608,9.908136482939632,4572.0,,,,
EU_EEA,Finland,FIN,2022,Escherichia coli,Blood/invasive,Fluoroquinolones,453,4572,EUCAST,EUCAST required; exact version unavailable in Atlas aggregate,ECDC Surveillance Atlas aggregate,https://atlas.ecdc.europa.eu/public/,9.908136482939632,0,J01M_quinolones,0.5235000000000001,0.4873,0.5483,0.6194,5.5428999999999995,1.588,,,,0.5659008464328897,,,,0.6053394039735099,5556106,23.2287672110978,73.6967597835949,50440.560224974,9.74152565,https://api.worldbank.org/v2/,9.565667011375387,10.534180052297348,11.44177449168207,-0.5569427067149288,0.7133891770120825,8.427924723658055,10.302745834311194,4261.0,,,,
EU_EEA,Finland,FIN,2023,Escherichia coli,Blood/invasive,Fluoroquinolones,439,4261,EUCAST,EUCAST required; exact version unavailable in Atlas aggregate,ECDC Surveillance Atlas aggregate,https://atlas.ecdc.europa.eu/public/,10.302745834311194,0,J01M_quinolones,,,,,,,,,,,,,,,5583911,23.5778747195571,74.0062548602828,52864.6931581216,10.47389507,https://api.worldbank.org/v2/,9.908136482939632,9.565667011375387,10.534180052297348,-0.03518331823942304,0.3707928101369909,8.357493812658563,,,,,,
EU_EEA,Finland,FIN,2013,Escherichia coli,Blood/invasive,Third-generation cephalosporins,263,3720,EARS-Net mixed/not reported,Not reported in Atlas aggregate,ECDC Surveillance Atlas aggregate,https://atlas.ecdc.europa.eu/public/,7.06989247311828,0,J01D_other_beta_lactams,3.1891999999999996,,,,7.9365,1.8129999999999997,,,,0.5085479333477603,,,,,5438972,19.0733570715343,70.6742118159277,49691.0145200739,9.84504986,https://api.worldbank.org/v2/,6.1986084756483235,5.0,3.74651255480271,1.1168748230595027,1.2527248349640951,8.221747728346623,5.462708904963831,4009.0,6.895824546604808,4742.0,7.609561752988048,5020.0
EU_EEA,Finland,FIN,2014,Escherichia coli,Blood/invasive,Third-generation cephalosporins,219,4009,EARS-Net mixed/not reported,Not reported in Atlas aggregate,ECDC Surveillance Atlas aggregate,https://atlas.ecdc.europa.eu/public/,5.462708904963831,0,J01D_other_beta_lactams,3.1432,3.1891999999999996,,,8.0199,1.7839,,,,0.48782346888219824,,,,0.5085479333477603,5461512,19.6661048130943,70.9879168940753,50073.7760815871,9.83066177,https://api.worldbank.org/v2/,7.06989247311828,6.1986084756483235,5.0,0.22594107123614404,0.7833796837671974,8.296546520300614,6.0571165361584525,4342.0,6.854298295998468,5223.0,7.8514686864954735,5413.0
EU_EEA,Finland,FIN,2015,Escherichia coli,Blood/invasive,Third-generation cephalosporins,263,4342,EARS-Net mixed/not reported,Not reported in Atlas aggregate,ECDC Surveillance Atlas aggregate,https://atlas.ecdc.europa.eu/public/,6.0571165361584525,0,J01D_other_beta_lactams,2.9904,3.1432,3.1891999999999996,,7.6994,1.713,,,,0.500961846745752,,,,0.48782346888219824,5479531,20.2090618722589,71.3054930040604,42560.3456767103,9.69998264,https://api.worldbank.org/v2/,5.462708904963831,7.06989247311828,6.1986084756483235,-0.20316593866240734,0.5746073933333983,8.376320632534823,6.895824546604808,4742.0,7.609561752988048,5020.0,7.173467486491522,5367.0
EU_EEA,Finland,FIN,2016,Escherichia coli,Blood/invasive,Third-generation cephalosporins,327,4742,EARS-Net mixed/not reported,Not reported in Atlas aggregate,ECDC Surveillance Atlas aggregate,https://atlas.ecdc.europa.eu/public/,6.895824546604808,0,J01D_other_beta_lactams,3.0141,2.9904,3.1432,3.1891999999999996,7.5556,1.8209,,,,0.5126574732742518,,,,0.500961846745752,5495303,20.6838033296157,71.6158383428171,43451.2562442158,9.45625591,https://api.worldbank.org/v2/,6.0571165361584525,5.462708904963831,7.06989247311828,0.007220385165419134,0.6495010471698933,8.464425125877582,6.854298295998468,5223.0,7.8514686864954735,5413.0,6.6045869977582345,5799.0
EU_EEA,Finland,FIN,2017,Escherichia coli,Blood/invasive,Third-generation cephalosporins,358,5223,EARS-Net mixed/not reported,Not reported in Atlas aggregate,ECDC Surveillance Atlas aggregate,https://atlas.ecdc.europa.eu/public/,6.854298295998468,0,J01D_other_beta_lactams,2.7779,3.0141,2.9904,3.1432,7.0061,1.6551999999999998,,,,0.5093302082394302,,,,0.5126574732742518,5508214,21.1457473282604,71.9563038312956,46085.0174739036,9.19148445,https://api.worldbank.org/v2/,6.895824546604808,6.0571165361584525,5.462708904963831,0.5013476183550255,0.5960451022194431,8.561018670956267,7.609561752988048,5020.0,7.173467486491522,5367.0,6.107705779334501,4568.0
EU_EEA,Finland,FIN,2018,Escherichia coli,Blood/invasive,Third-generation cephalosporins,382,5020,EARS-Net mixed/not reported,Not reported in Atlas aggregate,ECDC Surveillance Atlas aggregate,https://atlas.ecdc.europa.eu/public/,7.609561752988048,0,J01D_other_beta_lactams,2.9026,2.7779,3.0141,2.9904,6.938899999999999,1.7909,,,,0.5657944002995383,,,,0.5093302082394302,5515525,21.6154814502107,72.3423467740343,49654.2497035329,9.10587025,https://api.worldbank.org/v2/,6.854298295998468,6.895824546604808,6.0571165361584525,0.46158093998824384,0.549464748357135,8.521384396034705,7.8514686864954735,5413.0,6.6045869977582345,5799.0,7.0858751759737215,4262.0
EU_EEA,Finland,FIN,2019,Escherichia coli,Blood/invasive,Third-generation cephalosporins,425,5413,EARS-Net mixed/not reported,Not reported in Atlas aggregate,ECDC Surveillance Atlas aggregate,https://atlas.ecdc.europa.eu/public/,7.8514686864954735,0,J01D_other_beta_lactams,2.6317,2.9026,2.7779,3.0141,6.5771,1.6400000000000001,,,,0.5511633160153602,,,,0.5657944002995383,5521606,22.061393842071,72.7431214358314,48358.1807773701,9.22295189,https://api.worldbank.org/v2/,7.609561752988048,6.854298295998468,6.895824546604808,0.3622195876661568,0.43644097488946176,8.596743470174246,7.173467486491522,5367.0,6.107705779334501,4568.0,,
EU_EEA,Finland,FIN,2020,Escherichia coli,Blood/invasive,Third-generation cephalosporins,385,5367,EUCAST,EUCAST required; exact version unavailable in Atlas aggregate,ECDC Surveillance Atlas aggregate,https://atlas.ecdc.europa.eu/public/,7.173467486491522,1,J01D_other_beta_lactams,2.279,2.6317,2.9026,2.7779,4.9645,1.5219,,,,0.5545467929528392,,,,0.5511633160153602,5529543,22.4906828905898,73.0849439791673,48828.6846862799,9.69977188,https://api.worldbank.org/v2/,7.8514686864954735,7.609561752988048,6.854298295998468,0.11994145049865748,0.3852777772485079,8.588210678651517,6.6045869977582345,5799.0,7.0858751759737215,4262.0,,
EU_EEA,Finland,FIN,2021,Escherichia coli,Blood/invasive,Third-generation cephalosporins,383,5799,EUCAST,EUCAST required; exact version unavailable in Atlas aggregate,ECDC Surveillance Atlas aggregate,https://atlas.ecdc.europa.eu/public/,6.6045869977582345,0,J01D_other_beta_lactams,2.1944,2.279,2.6317,2.9026,4.7585999999999995,1.4606000000000001,,,,0.6053394039735099,,,,0.5545467929528392,5541017,22.8749565743109,73.3710215780329,53099.1351400148,9.90969753,https://api.worldbank.org/v2/,7.173467486491522,7.8514686864954735,7.609561752988048,-0.36929254656934024,0.4741239299866582,8.66561319653451,6.107705779334501,4568.0,,,,
EU_EEA,Finland,FIN,2022,Escherichia coli,Blood/invasive,Third-generation cephalosporins,279,4568,EUCAST,EUCAST required; exact version unavailable in Atlas aggregate,ECDC Surveillance Atlas aggregate,https://atlas.ecdc.europa.eu/public/,6.107705779334501,0,J01D_other_beta_lactams,2.222,2.1944,2.279,2.6317,5.5428999999999995,1.588,,,,0.5659008464328897,,,,0.6053394039735099,5556106,23.2287672110978,73.6967597835949,50440.560224974,9.74152565,https://api.worldbank.org/v2/,6.6045869977582345,7.173467486491522,7.8514686864954735,-0.5800169210216215,0.6500707952519257,8.427049641563272,7.0858751759737215,4262.0,,,,
EU_EEA,Finland,FIN,2023,Escherichia coli,Blood/invasive,Third-generation cephalosporins,302,4262,EUCAST,EUCAST required; exact version unavailable in Atlas aggregate,ECDC Surveillance Atlas aggregate,https://atlas.ecdc.europa.eu/public/,7.0858751759737215,0,J01D_other_beta_lactams,,,,,,,,,,,,,,,5583911,23.5778747195571,74.0062548602828,52864.6931581216,10.47389507,https://api.worldbank.org/v2/,6.107705779334501,6.6045869977582345,7.173467486491522,-0.07596581499771393,0.4259173969210008,8.35772841676521,,,,,,
EU_EEA,France,FRA,2013,Escherichia coli,Blood/invasive,Aminoglycosides,789,10156,EARS-Net mixed/not reported,Not reported in Atlas aggregate,ECDC Surveillance Atlas aggregate,https://atlas.ecdc.europa.eu/public/,7.768806616778259,0,J01G_aminoglycosides,,,,,16.506199999999996,1.4376,,,,1.301800824473856,,,,,65997932,17.9295780155891,77.2440721470918,42669.1795111893,11.37891197,https://api.worldbank.org/v2/,8.123151852496086,7.767101349805537,7.070035460992908,0.24523639700465946,0.3820644194728472,9.2259184019395,7.726525481094671,10341.0,7.911989223170184,11135.0,7.39233086379549,12283.0
EU_EEA,France,FRA,2014,Escherichia coli,Blood/invasive,Aminoglycosides,799,10341,EARS-Net mixed/not reported,Not reported in Atlas aggregate,ECDC Surveillance Atlas aggregate,https://atlas.ecdc.europa.eu/public/,7.726525481094671,0,J01G_aminoglycosides,,,,,15.9748,1.4444000000000001,,,,1.5915689859124644,,,,1.301800824473856,66312067,18.387873214191,77.3524296788613,43148.0459288416,11.57935429,https://api.worldbank.org/v2/,7.768806616778259,8.123151852496086,7.767101349805537,-0.04760728418504369,0.16067863667211543,9.243968552956167,8.15015829941203,11055.0,7.044188353812104,13103.0,7.0128683469123585,13133.0
EU_EEA,France,FRA,2015,Escherichia coli,Blood/invasive,Aminoglycosides,901,11055,EARS-Net mixed/not reported,Not reported in Atlas aggregate,ECDC Surveillance Atlas aggregate,https://atlas.ecdc.europa.eu/public/,8.15015829941203,0,J01G_aminoglycosides,,,,,16.401600000000002,1.4426999999999996,,,,1.610017889087657,,,,1.5915689859124644,66548272,18.8516269618174,77.7610919150066,36702.4323733379,11.50032997,https://api.worldbank.org/v2/,7.726525481094671,7.768806616778259,8.123151852496086,0.0038738205064237207,0.19530167974505047,9.310728546007452,7.911989223170184,11135.0,7.39233086379549,12283.0,6.662543573597211,17786.0
EU_EEA,France,FRA,2016,Escherichia coli,Blood/invasive,Aminoglycosides,881,11135,EARS-Net mixed/not reported,Not reported in Atlas aggregate,ECDC Surveillance Atlas aggregate,https://atlas.ecdc.europa.eu/public/,7.911989223170184,0,J01G_aminoglycosides,,,,,16.7635,1.4394,,,,1.570054870429728,,,,1.610017889087657,66724104,19.2846641669454,78.5999114705779,37024.2157133669,11.57036018,https://api.worldbank.org/v2/,8.15015829941203,7.726525481094671,7.768806616778259,0.0853180637493121,0.16551135389935206,9.317938382574201,7.044188353812104,13103.0,7.0128683469123585,13133.0,5.8233727978247325,17653.0
EU_EEA,France,FRA,2017,Escherichia coli,Blood/invasive,Aminoglycosides,923,13103,EARS-Net mixed/not reported,Not reported in Atlas aggregate,ECDC Surveillance Atlas aggregate,https://atlas.ecdc.europa.eu/public/,7.044188353812104,0,J01G_aminoglycosides,,,,,15.9759,1.3720999999999997,,,,1.8669778296382733,,,,1.570054870429728,66918020,19.6708486830069,78.6467804026368,38687.1626407164,11.44944572,https://api.worldbank.org/v2/,7.911989223170184,8.15015829941203,7.726525481094671,-0.2285180458089565,0.4117354959463685,9.480672806092851,7.39233086379549,12283.0,6.662543573597211,17786.0,6.150943396226415,15900.0
EU_EEA,France,FRA,2018,Escherichia coli,Blood/invasive,Aminoglycosides,908,12283,EARS-Net mixed/not reported,Not reported in Atlas aggregate,ECDC Surveillance Atlas aggregate,https://atlas.ecdc.europa.eu/public/,7.39233086379549,0,J01G_aminoglycosides,,,,,16.0341,1.4181,,,,2.343282770619257,,,,1.8669778296382733,67158348,20.0394210628073,78.6714432536599,41418.1766484844,11.30847645,https://api.worldbank.org/v2/,7.044188353812104,7.911989223170184,8.15015829941203,-0.31412831762077204,0.43290608235256417,9.416052881560713,7.0128683469123585,13133.0,5.8233727978247325,17653.0,,
EU_EEA,France,FRA,2019,Escherichia coli,Blood/invasive,Aminoglycosides,921,13133,EARS-Net mixed/not reported,Not reported in Atlas aggregate,ECDC Surveillance Atlas aggregate,https://atlas.ecdc.europa.eu/public/,7.0128683469123585,0,J01G_aminoglycosides,,,,,15.831,1.3665999999999998,,,,3.118790019871937,,,,2.343282770619257,67382061,20.4100888765873,78.6890784549356,40408.2848574751,11.17058277,https://api.worldbank.org/v2/,7.39233086379549,7.044188353812104,7.911989223170184,-0.2349220118790114,0.3620874774535076,9.482959566750917,6.662543573597211,17786.0,6.150943396226415,15900.0,,
EU_EEA,France,FRA,2020,Escherichia coli,Blood/invasive,Aminoglycosides,1185,17786,EUCAST,EUCAST required; exact version unavailable in Atlas aggregate,ECDC Surveillance Atlas aggregate,https://atlas.ecdc.europa.eu/public/,6.662543573597211,1,J01G_aminoglycosides,,,,,12.061200000000001,1.2142,,,,3.830942683430731,,,,3.118790019871937,67601110,20.747440901072,78.7119131765249,39169.8606000707,12.12949371,https://api.worldbank.org/v2/,7.0128683469123585,7.39233086379549,7.044188353812104,-0.1524396857527815,0.25825685201553394,9.786223132375477,5.8233727978247325,17653.0,,,,
EU_EEA,France,FRA,2021,Escherichia coli,Blood/invasive,Aminoglycosides,1028,17653,EUCAST,EUCAST required; exact version unavailable in Atlas aggregate,ECDC Surveillance Atlas aggregate,https://atlas.ecdc.europa.eu/public/,5.8233727978247325,0,J01G_aminoglycosides,,,,,12.9132,1.285,,,,4.059718633362046,,,,3.830942683430731,67842811,21.0507539717053,78.7364603392338,43725.0999521245,12.24894238,https://api.worldbank.org/v2/,6.662543573597211,7.0128683469123585,7.39233086379549,-0.5057198971227436,0.5798731220295702,9.778717665580178,6.150943396226415,15900.0,,,,
EU_EEA,France,FRA,2022,Escherichia coli,Blood/invasive,Aminoglycosides,978,15900,EUCAST,EUCAST required; exact version unavailable in Atlas aggregate,ECDC Surveillance Atlas aggregate,https://atlas.ecdc.europa.eu/public/,6.150943396226415,0,J01G_aminoglycosides,,,,,15.2576,1.3884999999999996,,,,4.603183406355725,,,,4.059718633362046,68184457,21.3773491158756,78.7591921123356,40988.6396406579,11.82888794,https://api.worldbank.org/v2/,5.8233727978247325,6.662543573597211,7.0128683469123585,-0.3424945627830328,0.45783365961655853,9.674137279312397,,,,,,
EU_EEA,France,FRA,2013,Escherichia coli,Blood/invasive,Aminopenicillins,5591,10146,EARS-Net mixed/not reported,Not reported in Atlas aggregate,ECDC Surveillance Atlas aggregate,https://atlas.ecdc.europa.eu/public/,55.10546027991327,0,J01C_penicillins,13.274499999999998,,,,16.506199999999996,1.4376,,,,1.301800824473856,,,,,65997932,17.9295780155891,77.2440721470918,42669.1795111893,11.37891197,https://api.worldbank.org/v2/,55.2245025523492,55.066029143898,54.574692247976046,0.17507775042627682,0.2482714969279896,9.224933374279082,55.87409200968523,10325.0,57.19238975817923,11248.0,55.6122042539632,12553.0
EU_EEA,France,FRA,2014,Escherichia coli,Blood/invasive,Aminopenicillins,5769,10325,EARS-Net mixed/not reported,Not reported in Atlas aggregate,ECDC Surveillance Atlas aggregate,https://atlas.ecdc.europa.eu/public/,55.87409200968523,0,J01C_penicillins,13.0309,13.274499999999998,,,15.9748,1.4444000000000001,,,,1.5915689859124644,,,,1.301800824473856,66312067,18.387873214191,77.3524296788613,43148.0459288416,11.57935429,https://api.worldbank.org/v2/,55.10546027991327,55.2245025523492,55.066029143898,0.2305146324925614,0.3265890472423023,9.242420265439595,56.99799013338206,10946.0,55.593169337245165,13293.0,54.468878121505774,13415.0
EU_EEA,France,FRA,2015,Escherichia coli,Blood/invasive,Aminopenicillins,6239,10946,EARS-Net mixed/not reported,Not reported in Atlas aggregate,ECDC Surveillance Atlas aggregate,https://atlas.ecdc.europa.eu/public/,56.99799013338206,0,J01C_penicillins,13.5452,13.0309,13.274499999999998,,16.401600000000002,1.4426999999999996,,,,1.610017889087657,,,,1.5915689859124644,66548272,18.8516269618174,77.7610919150066,36702.4323733379,11.50032997,https://api.worldbank.org/v2/,55.87409200968523,55.10546027991327,55.2245025523492,0.6089094472870401,0.7507082780830164,9.300820725104558,57.19238975817923,11248.0,55.6122042539632,12553.0,53.89272377503678,17674.0
EU_EEA,France,FRA,2016,Escherichia coli,Blood/invasive,Aminopenicillins,6433,11248,EARS-Net mixed/not reported,Not reported in Atlas aggregate,ECDC Surveillance Atlas aggregate,https://atlas.ecdc.europa.eu/public/,57.19238975817923,0,J01C_penicillins,14.1734,13.5452,13.0309,13.274499999999998,16.7635,1.4394,,,,1.570054870429728,,,,1.610017889087657,66724104,19.2846641669454,78.5999114705779,37024.2157133669,11.57036018,https://api.worldbank.org/v2/,56.99799013338206,55.87409200968523,55.10546027991327,0.7384686558494601,0.8502420901496321,9.328034514792826,55.593169337245165,13293.0,54.468878121505774,13415.0,52.26476900485711,17706.0
EU_EEA,France,FRA,2017,Escherichia coli,Blood/invasive,Aminopenicillins,7390,13293,EARS-Net mixed/not reported,Not reported in Atlas aggregate,ECDC Surveillance Atlas aggregate,https://atlas.ecdc.europa.eu/public/,55.593169337245165,0,J01C_penicillins,13.842600000000001,14.1734,13.5452,13.0309,15.9759,1.3720999999999997,,,,1.8669778296382733,,,,1.570054870429728,66918020,19.6708486830069,78.6467804026368,38687.1626407164,11.44944572,https://api.worldbank.org/v2/,57.19238975817923,56.99799013338206,55.87409200968523,-0.06483683925231262,0.6914112439485638,9.495068084601527,55.6122042539632,12553.0,53.89272377503678,17674.0,52.818335175382465,17191.0
EU_EEA,France,FRA,2018,Escherichia coli,Blood/invasive,Aminopenicillins,6981,12553,EARS-Net mixed/not reported,Not reported in Atlas aggregate,ECDC Surveillance Atlas aggregate,https://atlas.ecdc.europa.eu/public/,55.6122042539632,0,J01C_penicillins,14.167399999999999,13.842600000000001,14.1734,13.5452,16.0341,1.4181,,,,2.343282770619257,,,,1.8669778296382733,67158348,20.0394210628073,78.6714432536599,41418.1766484844,11.30847645,https://api.worldbank.org/v2/,55.593169337245165,57.19238975817923,56.99799013338206,-0.5756578059190727,0.7494401951413961,9.437794618877478,54.468878121505774,13415.0,52.26476900485711,17706.0,,
EU_EEA,France,FRA,2019,Escherichia coli,Blood/invasive,Aminopenicillins,7307,13415,EARS-Net mixed/not reported,Not reported in Atlas aggregate,ECDC Surveillance Atlas aggregate,https://atlas.ecdc.europa.eu/public/,54.468878121505774,0,J01C_penicillins,14.1851,14.167399999999999,13.842600000000001,14.1734,15.831,1.3665999999999998,,,,3.118790019871937,,,,2.343282770619257,67382061,20.4100888765873,78.6890784549356,40408.2848574751,11.17058277,https://api.worldbank.org/v2/,55.6122042539632,55.593169337245165,57.19238975817923,-0.8151499993302435,0.9696518553250569,9.504203303503045,53.89272377503678,17674.0,52.818335175382465,17191.0,,
EU_EEA,France,FRA,2020,Escherichia coli,Blood/invasive,Aminopenicillins,9525,17674,EUCAST,EUCAST required; exact version unavailable in Atlas aggregate,ECDC Surveillance Atlas aggregate,https://atlas.ecdc.europa.eu/public/,53.89272377503678,1,J01C_penicillins,10.8026,14.1851,14.167399999999999,13.842600000000001,12.061200000000001,1.2142,,,,3.830942683430731,,,,3.118790019871937,67601110,20.747440901072,78.7119131765249,39169.8606000707,12.12949371,https://api.worldbank.org/v2/,54.468878121505774,55.6122042539632,55.593169337245165,-0.6244662819082665,0.7395805301571715,9.779906490764773,52.26476900485711,17706.0,,,,
EU_EEA,France,FRA,2021,Escherichia coli,Blood/invasive,Aminopenicillins,9254,17706,EUCAST,EUCAST required; exact version unavailable in Atlas aggregate,ECDC Surveillance Atlas aggregate,https://atlas.ecdc.europa.eu/public/,52.26476900485711,0,J01C_penicillins,11.775500000000001,10.8026,14.1851,14.167399999999999,12.9132,1.285,,,,4.059718633362046,,,,3.830942683430731,67842811,21.0507539717053,78.7364603392338,43725.0999521245,12.24894238,https://api.worldbank.org/v2/,53.89272377503678,54.468878121505774,55.6122042539632,-1.0618460093787332,1.2069957040190258,9.781715320606217,52.818335175382465,17191.0,,,,
EU_EEA,France,FRA,2022,Escherichia coli,Blood/invasive,Aminopenicillins,9080,17191,EUCAST,EUCAST required; exact version unavailable in Atlas aggregate,ECDC Surveillance Atlas aggregate,https://atlas.ecdc.europa.eu/public/,52.818335175382465,0,J01C_penicillins,13.8865,11.775500000000001,10.8026,14.1851,15.2576,1.3884999999999996,,,,4.603183406355725,,,,4.059718633362046,68184457,21.3773491158756,78.7591921123356,40988.6396406579,11.82888794,https://api.worldbank.org/v2/,52.26476900485711,53.89272377503678,54.468878121505774,-0.6579583608549732,0.8669387935436175,9.752199438322346,,,,,,
EU_EEA,France,FRA,2013,Escherichia coli,Blood/invasive,Carbapenems,11,9585,EARS-Net mixed/not reported,Not reported in Atlas aggregate,ECDC Surveillance Atlas aggregate,https://atlas.ecdc.europa.eu/public/,0.11476264997391758,0,J01DH_carbapenems,0.0315,,,,16.506199999999996,1.4376,,,,1.301800824473856,,,,,65997932,17.9295780155891,77.2440721470918,42669.1795111893,11.37891197,https://api.worldbank.org/v2/,0.0,0.02352111019640127,0.0,0.03207668397253515,0.04728400594333302,9.168058979719577,0.010316723408645414,9693.0,0.009149967975112087,10929.0,0.04839099927413501,12399.0
EU_EEA,France,FRA,2014,Escherichia coli,Blood/invasive,Carbapenems,1,9693,EARS-Net mixed/not reported,Not reported in Atlas aggregate,ECDC Surveillance Atlas aggregate,https://atlas.ecdc.europa.eu/public/,0.010316723408645414,0,J01DH_carbapenems,0.0308,0.0315,,,15.9748,1.4444000000000001,,,,1.5915689859124644,,,,1.301800824473856,66312067,18.387873214191,77.3524296788613,43148.0459288416,11.57935429,https://api.worldbank.org/v2/,0.11476264997391758,0.0,0.02352111019640127,0.007514948961064999,0.04557855116670055,9.17926241640532,0.028623222974906975,10481.0,0.015572685509616133,12843.0,0.04748338081671415,12636.0
EU_EEA,France,FRA,2015,Escherichia coli,Blood/invasive,Carbapenems,3,10481,EARS-Net mixed/not reported,Not reported in Atlas aggregate,ECDC Surveillance Atlas aggregate,https://atlas.ecdc.europa.eu/public/,0.028623222974906975,0,J01DH_carbapenems,0.0332999999999999,0.0308,0.0315,,16.401600000000002,1.4426999999999996,,,,1.610017889087657,,,,1.5915689859124644,66548272,18.8516269618174,77.7610919150066,36702.4323733379,11.50032997,https://api.worldbank.org/v2/,0.010316723408645414,0.11476264997391758,0.0,-0.00185762576405513,0.04524949577796648,9.257414779362112,0.009149967975112087,10929.0,0.04839099927413501,12399.0,0.039242067496356094,17838.0
EU_EEA,France,FRA,2016,Escherichia coli,Blood/invasive,Carbapenems,1,10929,EARS-Net mixed/not reported,Not reported in Atlas aggregate,ECDC Surveillance Atlas aggregate,https://atlas.ecdc.europa.eu/public/,0.009149967975112087,0,J01DH_carbapenems,0.0315,0.0332999999999999,0.0308,0.0315,16.7635,1.4394,,,,1.570054870429728,,,,1.610017889087657,66724104,19.2846641669454,78.5999114705779,37024.2157133669,11.57036018,https://api.worldbank.org/v2/,0.028623222974906975,0.010316723408645414,0.11476264997391758,-0.029853154643015523,0.04344442424212453,9.299266581170585,0.015572685509616133,12843.0,0.04748338081671415,12636.0,0.05129374216345606,17546.0
EU_EEA,France,FRA,2017,Escherichia coli,Blood/invasive,Carbapenems,2,12843,EARS-Net mixed/not reported,Not reported in Atlas aggregate,ECDC Surveillance Atlas aggregate,https://atlas.ecdc.europa.eu/public/,0.015572685509616133,0,J01DH_carbapenems,0.0293,0.0315,0.0332999999999999,0.0308,15.9759,1.3720999999999997,,,,1.8669778296382733,,,,1.570054870429728,66918020,19.6708486830069,78.6467804026368,38687.1626407164,11.44944572,https://api.worldbank.org/v2/,0.009149967975112087,0.028623222974906975,0.010316723408645414,-0.0003705368696882748,0.0077253230966658855,9.460632055209405,0.04839099927413501,12399.0,0.039242067496356094,17838.0,0.10595090941197245,16989.0
EU_EEA,France,FRA,2018,Escherichia coli,Blood/invasive,Carbapenems,6,12399,EARS-Net mixed/not reported,Not reported in Atlas aggregate,ECDC Surveillance Atlas aggregate,https://atlas.ecdc.europa.eu/public/,0.04839099927413501,0,J01DH_carbapenems,0.0301,0.0293,0.0315,0.0332999999999999,16.0341,1.4181,,,,2.343282770619257,,,,1.8669778296382733,67158348,20.0394210628073,78.6714432536599,41418.1766484844,11.30847645,https://api.worldbank.org/v2/,0.015572685509616133,0.009149967975112087,0.028623222974906975,0.006572604643218811,0.014996751157587524,9.425451751593128,0.04748338081671415,12636.0,0.05129374216345606,17546.0,,
EU_EEA,France,FRA,2019,Escherichia coli,Blood/invasive,Carbapenems,6,12636,EARS-Net mixed/not reported,Not reported in Atlas aggregate,ECDC Surveillance Atlas aggregate,https://atlas.ecdc.europa.eu/public/,0.04748338081671415,0,J01DH_carbapenems,0.028,0.0301,0.0293,0.0315,15.831,1.3665999999999998,,,,3.118790019871937,,,,2.343282770619257,67382061,20.4100888765873,78.6890784549356,40408.2848574751,11.17058277,https://api.worldbank.org/v2/,0.04839099927413501,0.015572685509616133,0.009149967975112087,0.014781855228932512,0.017935158109521798,9.444384297758681,0.039242067496356094,17838.0,0.10595090941197245,16989.0,,
EU_EEA,France,FRA,2020,Escherichia coli,Blood/invasive,Carbapenems,7,17838,EUCAST,EUCAST required; exact version unavailable in Atlas aggregate,ECDC Surveillance Atlas aggregate,https://atlas.ecdc.europa.eu/public/,0.039242067496356094,1,J01DH_carbapenems,0.0284,0.028,0.0301,0.0293,12.061200000000001,1.2142,,,,3.830942683430731,,,,3.118790019871937,67601110,20.747440901072,78.7119131765249,39169.8606000707,12.12949371,https://api.worldbank.org/v2/,0.04748338081671415,0.04839099927413501,0.015572685509616133,0.007010052750279901,0.01324768802033509,9.789142350751268,0.05129374216345606,17546.0,,,,
EU_EEA,France,FRA,2021,Escherichia coli,Blood/invasive,Carbapenems,9,17546,EUCAST,EUCAST required; exact version unavailable in Atlas aggregate,ECDC Surveillance Atlas aggregate,https://atlas.ecdc.europa.eu/public/,0.05129374216345606,0,J01DH_carbapenems,0.0338,0.0284,0.028,0.0301,12.9132,1.285,,,,4.059718633362046,,,,3.830942683430731,67842811,21.0507539717053,78.7364603392338,43725.0999521245,12.24894238,https://api.worldbank.org/v2/,0.039242067496356094,0.04748338081671415,0.04839099927413501,4.669153476050062e-05,0.004476561189538243,9.772638274111136,0.10595090941197245,16989.0,,,,
EU_EEA,France,FRA,2022,Escherichia coli,Blood/invasive,Carbapenems,18,16989,EUCAST,EUCAST required; exact version unavailable in Atlas aggregate,ECDC Surveillance Atlas aggregate,https://atlas.ecdc.europa.eu/public/,0.10595090941197245,0,J01DH_carbapenems,0.0303999999999999,0.0338,0.0284,0.028,15.2576,1.3884999999999996,,,,4.603183406355725,,,,4.059718633362046,68184457,21.3773491158756,78.7591921123356,40988.6396406579,11.82888794,https://api.worldbank.org/v2/,0.05129374216345606,0.039242067496356094,0.04748338081671415,0.018745426045287474,0.026319679403574395,9.740380214665977,,,,,,
EU_EEA,France,FRA,2013,Escherichia coli,Blood/invasive,Fluoroquinolones,1685,10069,EARS-Net mixed/not reported,Not reported in Atlas aggregate,ECDC Surveillance Atlas aggregate,https://atlas.ecdc.europa.eu/public/,16.734531731055714,0,J01M_quinolones,2.0901,,,,16.506199999999996,1.4376,,,,1.301800824473856,,,,,65997932,17.9295780155891,77.2440721470918,42669.1795111893,11.37891197,https://api.worldbank.org/v2/,17.845828933474127,17.920404876926614,17.541911846341733,-0.2496716289310567,0.4699949057007262,9.217315985712608,17.648200252255748,10307.0,16.656297218025063,11251.0,16.322430282086312,12443.0
EU_EEA,France,FRA,2014,Escherichia coli,Blood/invasive,Fluoroquinolones,1819,10307,EARS-Net mixed/not reported,Not reported in Atlas aggregate,ECDC Surveillance Atlas aggregate,https://atlas.ecdc.europa.eu/public/,17.648200252255748,0,J01M_quinolones,1.9901999999999997,2.0901,,,15.9748,1.4444000000000001,,,,1.5915689859124644,,,,1.301800824473856,66312067,18.387873214191,77.3524296788613,43148.0459288416,11.57935429,https://api.worldbank.org/v2/,16.734531731055714,17.845828933474127,17.920404876926614,-0.19279110764310572,0.4739976780999763,9.240675571772256,17.748681578468812,10998.0,15.021008403361344,13328.0,15.97051597051597,13431.0
EU_EEA,France,FRA,2015,Escherichia coli,Blood/invasive,Fluoroquinolones,1952,10998,EARS-Net mixed/not reported,Not reported in Atlas aggregate,ECDC Surveillance Atlas aggregate,https://atlas.ecdc.europa.eu/public/,17.748681578468812,0,J01M_quinolones,1.8258,1.9901999999999997,2.0901,,16.401600000000002,1.4426999999999996,,,,1.610017889087657,,,,1.5915689859124644,66548272,18.8516269618174,77.7610919150066,36702.4323733379,11.50032997,https://api.worldbank.org/v2/,17.648200252255748,16.734531731055714,17.845828933474127,0.06222264561840541,0.44418906116124945,9.305559638557117,16.656297218025063,11251.0,16.322430282086312,12443.0,15.92439011255318,18569.0
EU_EEA,France,FRA,2016,Escherichia coli,Blood/invasive,Fluoroquinolones,1874,11251,EARS-Net mixed/not reported,Not reported in Atlas aggregate,ECDC Surveillance Atlas aggregate,https://atlas.ecdc.europa.eu/public/,16.656297218025063,0,J01M_quinolones,1.7299,1.8258,1.9901999999999997,2.0901,16.7635,1.4394,,,,1.570054870429728,,,,1.610017889087657,66724104,19.2846641669454,78.5999114705779,37024.2157133669,11.57036018,https://api.worldbank.org/v2/,17.748681578468812,17.648200252255748,16.734531731055714,-0.013422221287891603,0.5035301899988619,9.328301169609748,15.021008403361344,13328.0,15.97051597051597,13431.0,14.756586793884853,18446.0
EU_EEA,France,FRA,2017,Escherichia coli,Blood/invasive,Fluoroquinolones,2002,13328,EARS-Net mixed/not reported,Not reported in Atlas aggregate,ECDC Surveillance Atlas aggregate,https://atlas.ecdc.europa.eu/public/,15.021008403361344,0,J01M_quinolones,1.5592,1.7299,1.8258,1.9901999999999997,15.9759,1.3720999999999997,,,,1.8669778296382733,,,,1.570054870429728,66918020,19.6708486830069,78.6467804026368,38687.1626407164,11.44944572,https://api.worldbank.org/v2/,16.656297218025063,17.748681578468812,17.648200252255748,-0.8973959907126988,1.0955529193527684,9.497697391604019,16.322430282086312,12443.0,15.92439011255318,18569.0,14.705714448821146,17517.0
EU_EEA,France,FRA,2018,Escherichia coli,Blood/invasive,Fluoroquinolones,2031,12443,EARS-Net mixed/not reported,Not reported in Atlas aggregate,ECDC Surveillance Atlas aggregate,https://atlas.ecdc.europa.eu/public/,16.322430282086312,0,J01M_quinolones,1.5275999999999998,1.5592,1.7299,1.8258,16.0341,1.4181,,,,2.343282770619257,,,,1.8669778296382733,67158348,20.0394210628073,78.6714432536599,41418.1766484844,11.30847645,https://api.worldbank.org/v2/,15.021008403361344,16.656297218025063,17.748681578468812,-0.5914042703811236,0.9729797289215854,9.428993858017527,15.97051597051597,13431.0,14.756586793884853,18446.0,,
EU_EEA,France,FRA,2019,Escherichia coli,Blood/invasive,Fluoroquinolones,2145,13431,EARS-Net mixed/not reported,Not reported in Atlas aggregate,ECDC Surveillance Atlas aggregate,https://atlas.ecdc.europa.eu/public/,15.97051597051597,0,J01M_quinolones,1.3772,1.5275999999999998,1.5592,1.7299,15.831,1.3665999999999998,,,,3.118790019871937,,,,2.343282770619257,67382061,20.4100888765873,78.6890784549356,40408.2848574751,11.17058277,https://api.worldbank.org/v2/,16.322430282086312,15.021008403361344,16.656297218025063,-0.07559218638023302,0.6110973616632487,9.505395198757377,15.92439011255318,18569.0,14.705714448821146,17517.0,,
EU_EEA,France,FRA,2020,Escherichia coli,Blood/invasive,Fluoroquinolones,2957,18569,EUCAST,EUCAST required; exact version unavailable in Atlas aggregate,ECDC Surveillance Atlas aggregate,https://atlas.ecdc.europa.eu/public/,15.92439011255318,1,J01M_quinolones,1.2456999999999998,1.3772,1.5275999999999998,1.5592,12.061200000000001,1.2142,,,,3.830942683430731,,,,3.118790019871937,67601110,20.747440901072,78.7119131765249,39169.8606000707,12.12949371,https://api.worldbank.org/v2/,15.97051597051597,16.322430282086312,15.021008403361344,0.23582308160051488,0.4806095929281604,9.829302654346751,14.756586793884853,18446.0,,,,
EU_EEA,France,FRA,2021,Escherichia coli,Blood/invasive,Fluoroquinolones,2722,18446,EUCAST,EUCAST required; exact version unavailable in Atlas aggregate,ECDC Surveillance Atlas aggregate,https://atlas.ecdc.europa.eu/public/,14.756586793884853,0,J01M_quinolones,1.164,1.2456999999999998,1.3772,1.5275999999999998,12.9132,1.285,,,,4.059718633362046,,,,3.830942683430731,67842811,21.0507539717053,78.7364603392338,43725.0999521245,12.24894238,https://api.worldbank.org/v2/,15.92439011255318,15.97051597051597,16.322430282086312,-0.4743656322567195,0.5902150942948069,9.82265703462158,14.705714448821146,17517.0,,,,
EU_EEA,France,FRA,2022,Escherichia coli,Blood/invasive,Fluoroquinolones,2576,17517,EUCAST,EUCAST required; exact version unavailable in Atlas aggregate,ECDC Surveillance Atlas aggregate,https://atlas.ecdc.europa.eu/public/,14.705714448821146,0,J01M_quinolones,1.3104999999999998,1.164,1.2456999999999998,1.3772,15.2576,1.3884999999999996,,,,4.603183406355725,,,,4.059718633362046,68184457,21.3773491158756,78.7591921123356,40988.6396406579,11.82888794,https://api.worldbank.org/v2/,14.756586793884853,15.92439011255318,15.97051597051597,-0.496220788375283,0.6086356406899216,9.770984202723035,,,,,,
EU_EEA,France,FRA,2013,Escherichia coli,Blood/invasive,Third-generation cephalosporins,967,10154,EARS-Net mixed/not reported,Not reported in Atlas aggregate,ECDC Surveillance Atlas aggregate,https://atlas.ecdc.europa.eu/public/,9.52334055544613,0,J01D_other_beta_lactams,2.5477,,,,16.506199999999996,1.4376,,,,1.301800824473856,,,,,65997932,17.9295780155891,77.2440721470918,42669.1795111893,11.37891197,https://api.worldbank.org/v2/,9.95503503084806,8.173133624248143,7.248947018399468,0.8605082017739893,1.076292556501777,9.225721474014485,9.942989660836796,10349.0,11.226023159197384,11313.0,9.592516251783733,12614.0
EU_EEA,France,FRA,2014,Escherichia coli,Blood/invasive,Third-generation cephalosporins,1029,10349,EARS-Net mixed/not reported,Not reported in Atlas aggregate,ECDC Surveillance Atlas aggregate,https://atlas.ecdc.europa.eu/public/,9.942989660836796,0,J01D_other_beta_lactams,2.3673000000000006,2.5477,,,15.9748,1.4444000000000001,,,,1.5915689859124644,,,,1.301800824473856,66312067,18.387873214191,77.3524296788613,43148.0459288416,11.57935429,https://api.worldbank.org/v2/,9.52334055544613,9.95503503084806,8.173133624248143,0.4877873634364018,0.7285787685982207,9.244741798693514,10.976382227852683,11051.0,10.223187537447574,13352.0,8.848605883708426,13019.0
EU_EEA,France,FRA,2015,Escherichia coli,Blood/invasive,Third-generation cephalosporins,1213,11051,EARS-Net mixed/not reported,Not reported in Atlas aggregate,ECDC Surveillance Atlas aggregate,https://atlas.ecdc.europa.eu/public/,10.976382227852683,0,J01D_other_beta_lactams,2.440000000000001,2.3673000000000006,2.5477,,16.401600000000002,1.4426999999999996,,,,1.610017889087657,,,,1.5915689859124644,66548272,18.8516269618174,77.7610919150066,36702.4323733379,11.50032997,https://api.worldbank.org/v2/,9.942989660836796,9.52334055544613,9.95503503084806,0.34836906964045145,0.5353148010066922,9.310366686043308,11.226023159197384,11313.0,9.592516251783733,12614.0,9.46598080288487,18857.0
EU_EEA,France,FRA,2016,Escherichia coli,Blood/invasive,Third-generation cephalosporins,1270,11313,EARS-Net mixed/not reported,Not reported in Atlas aggregate,ECDC Surveillance Atlas aggregate,https://atlas.ecdc.europa.eu/public/,11.226023159197384,0,J01D_other_beta_lactams,2.2681,2.440000000000001,2.3673000000000006,2.5477,16.7635,1.4394,,,,1.570054870429728,,,,1.610017889087657,66724104,19.2846641669454,78.5999114705779,37024.2157133669,11.57036018,https://api.worldbank.org/v2/,10.976382227852683,9.942989660836796,9.52334055544613,0.6141440378269644,0.705467897595458,9.333796175903101,10.223187537447574,13352.0,8.848605883708426,13019.0,8.342674139311448,18735.0
EU_EEA,France,FRA,2017,Escherichia coli,Blood/invasive,Third-generation cephalosporins,1365,13352,EARS-Net mixed/not reported,Not reported in Atlas aggregate,ECDC Surveillance Atlas aggregate,https://atlas.ecdc.europa.eu/public/,10.223187537447574,0,J01D_other_beta_lactams,1.9168999999999996,2.2681,2.440000000000001,2.3673000000000006,15.9759,1.3720999999999997,,,,1.8669778296382733,,,,1.570054870429728,66918020,19.6708486830069,78.6467804026368,38687.1626407164,11.44944572,https://api.worldbank.org/v2/,11.226023159197384,10.976382227852683,9.942989660836796,0.10902345611770164,0.5260636918451316,9.499496357683965,9.592516251783733,12614.0,9.46598080288487,18857.0,8.441485159688522,17722.0
EU_EEA,France,FRA,2018,Escherichia coli,Blood/invasive,Third-generation cephalosporins,1210,12614,EARS-Net mixed/not reported,Not reported in Atlas aggregate,ECDC Surveillance Atlas aggregate,https://atlas.ecdc.europa.eu/public/,9.592516251783733,0,J01D_other_beta_lactams,1.7270999999999999,1.9168999999999996,2.2681,2.440000000000001,16.0341,1.4181,,,,2.343282770619257,,,,1.8669778296382733,67158348,20.0394210628073,78.6714432536599,41418.1766484844,11.30847645,https://api.worldbank.org/v2/,10.223187537447574,11.226023159197384,10.976382227852683,-0.5154433549956674,0.6430628977478429,9.442641861075158,8.848605883708426,13019.0,8.342674139311448,18735.0,,
EU_EEA,France,FRA,2019,Escherichia coli,Blood/invasive,Third-generation cephalosporins,1152,13019,EARS-Net mixed/not reported,Not reported in Atlas aggregate,ECDC Surveillance Atlas aggregate,https://atlas.ecdc.europa.eu/public/,8.848605883708426,0,J01D_other_beta_lactams,1.6072999999999995,1.7270999999999999,1.9168999999999996,2.2681,15.831,1.3665999999999998,,,,3.118790019871937,,,,2.343282770619257,67382061,20.4100888765873,78.6890784549356,40408.2848574751,11.17058277,https://api.worldbank.org/v2/,9.592516251783733,10.223187537447574,11.226023159197384,-0.7762923112130721,0.8720220980463596,9.47424191576256,9.46598080288487,18857.0,8.441485159688522,17722.0,,
EU_EEA,France,FRA,2020,Escherichia coli,Blood/invasive,Third-generation cephalosporins,1785,18857,EUCAST,EUCAST required; exact version unavailable in Atlas aggregate,ECDC Surveillance Atlas aggregate,https://atlas.ecdc.europa.eu/public/,9.46598080288487,1,J01D_other_beta_lactams,1.1986999999999999,1.6072999999999995,1.7270999999999999,1.9168999999999996,12.061200000000001,1.2142,,,,3.830942683430731,,,,3.118790019871937,67601110,20.747440901072,78.7119131765249,39169.8606000707,12.12949371,https://api.worldbank.org/v2/,8.848605883708426,9.592516251783733,10.223187537447574,-0.30155305717634356,0.4880540875898325,9.844692506025623,8.342674139311448,18735.0,,,,
EU_EEA,France,FRA,2021,Escherichia coli,Blood/invasive,Third-generation cephalosporins,1563,18735,EUCAST,EUCAST required; exact version unavailable in Atlas aggregate,ECDC Surveillance Atlas aggregate,https://atlas.ecdc.europa.eu/public/,8.342674139311448,0,J01D_other_beta_lactams,1.2249000000000003,1.1986999999999999,1.6072999999999995,1.7270999999999999,12.9132,1.285,,,,4.059718633362046,,,,3.830942683430731,67842811,21.0507539717053,78.7364603392338,43725.0999521245,12.24894238,https://api.worldbank.org/v2/,9.46598080288487,8.848605883708426,9.592516251783733,-0.31321514182404253,0.5018998744092462,9.838202085837498,8.441485159688522,17722.0,,,,
EU_EEA,France,FRA,2022,Escherichia coli,Blood/invasive,Third-generation cephalosporins,1496,17722,EUCAST,EUCAST required; exact version unavailable in Atlas aggregate,ECDC Surveillance Atlas aggregate,https://atlas.ecdc.europa.eu/public/,8.441485159688522,0,J01D_other_beta_lactams,1.4186999999999996,1.2249000000000003,1.1986999999999999,1.6072999999999995,15.2576,1.3884999999999996,,,,4.603183406355725,,,,4.059718633362046,68184457,21.3773491158756,78.7591921123356,40988.6396406579,11.82888794,https://api.worldbank.org/v2/,8.342674139311448,9.46598080288487,8.848605883708426,-0.23446688356331588,0.44187376632415204,9.782618510055139,,,,,,
EU_EEA,Greece,GRC,2013,Escherichia coli,Blood/invasive,Aminoglycosides,210,1239,EARS-Net mixed/not reported,Not reported in Atlas aggregate,ECDC Surveillance Atlas aggregate,https://atlas.ecdc.europa.eu/public/,16.949152542372882,0,J01G_aminoglycosides,,,,,17.909000000000002,1.2868,,,,6.335465372739304,,,,,10965211,20.2915184129021,77.0951999650171,21573.3449762805,8.52183914,https://api.worldbank.org/v2/,17.784256559766764,16.736401673640167,16.589861751152075,0.21257272597889879,0.46218261371845787,7.122866658599083,15.585585585585585,1110.0,16.833205226748653,1301.0,15.492957746478874,1633.0
EU_EEA,Greece,GRC,2014,Escherichia coli,Blood/invasive,Aminoglycosides,173,1110,EARS-Net mixed/not reported,Not reported in Atlas aggregate,ECDC Surveillance Atlas aggregate,https://atlas.ecdc.europa.eu/public/,15.585585585585585,0,J01G_aminoglycosides,,,,,17.8639,1.3264999999999998,,,,6.4698128130767225,,,,6.335465372739304,10892413,20.6970672852563,77.3130486275866,21474.7257123892,7.94358587,https://api.worldbank.org/v2/,16.949152542372882,17.784256559766764,16.736401673640167,-0.4287552281557662,0.7849565306940409,7.01301578963963,16.083333333333332,1200.0,16.973415132924334,1467.0,12.935323383084578,201.0
EU_EEA,Greece,GRC,2015,Escherichia coli,Blood/invasive,Aminoglycosides,193,1200,EARS-Net mixed/not reported,Not reported in Atlas aggregate,ECDC Surveillance Atlas aggregate,https://atlas.ecdc.europa.eu/public/,16.083333333333332,0,J01G_aminoglycosides,,,,,19.9493,1.4184999999999999,,,,6.116129032258065,,,,6.4698128130767225,10820883,21.0794802004731,77.5194426317545,17980.7298238137,8.26719952,https://api.worldbank.org/v2/,15.585585585585585,16.949152542372882,17.784256559766764,-0.6466336636087615,0.8396950027974057,7.0909098220799835,16.833205226748653,1301.0,15.492957746478874,1633.0,18.683274021352315,562.0
EU_EEA,Greece,GRC,2016,Escherichia coli,Blood/invasive,Aminoglycosides,219,1301,EARS-Net mixed/not reported,Not reported in Atlas aggregate,ECDC Surveillance Atlas aggregate,https://atlas.ecdc.europa.eu/public/,16.833205226748653,0,J01G_aminoglycosides,,,,,20.9222,1.6530999999999998,,,,6.00174897592857,,,,6.116129032258065,10775971,21.3988876993596,77.7122988766348,17919.2426377048,8.45097542,https://api.worldbank.org/v2/,16.083333333333332,15.585585585585585,16.949152542372882,0.01499058008750387,0.5584026870414966,7.171656822768514,16.973415132924334,1467.0,12.935323383084578,201.0,18.636995827538247,719.0
EU_EEA,Greece,GRC,2017,Escherichia coli,Blood/invasive,Aminoglycosides,249,1467,EARS-Net mixed/not reported,Not reported in Atlas aggregate,ECDC Surveillance Atlas aggregate,https://atlas.ecdc.europa.eu/public/,16.973415132924334,0,J01G_aminoglycosides,,,,,21.0665,1.6051,,,,6.886560100449124,,,,6.00174897592857,10754679,21.6563374262051,77.8895342613411,18631.9930129293,8.11336899,https://api.worldbank.org/v2/,16.833205226748653,16.083333333333332,15.585585585585585,0.4913360535431549,0.5648335333395545,7.291656209174461,15.492957746478874,1633.0,18.683274021352315,562.0,19.047619047619047,1239.0
EU_EEA,Greece,GRC,2018,Escherichia coli,Blood/invasive,Aminoglycosides,253,1633,EARS-Net mixed/not reported,Not reported in Atlas aggregate,ECDC Surveillance Atlas aggregate,https://atlas.ecdc.europa.eu/public/,15.492957746478874,0,J01G_aminoglycosides,,,,,21.9093,1.1636,,,,9.668622917778176,,,,6.886560100449124,10732882,21.8966337548395,78.0490656849874,19873.4015238771,8.07267761,https://api.worldbank.org/v2/,16.973415132924334,16.833205226748653,16.083333333333332,-0.16309168543877242,0.5974305921659121,7.3987862754199485,12.935323383084578,201.0,18.636995827538247,719.0,20.62363238512035,1828.0
EU_EEA,Greece,GRC,2019,Escherichia coli,Blood/invasive,Aminoglycosides,26,201,EARS-Net mixed/not reported,Not reported in Atlas aggregate,ECDC Surveillance Atlas aggregate,https://atlas.ecdc.europa.eu/public/,12.935323383084578,0,J01G_aminoglycosides,,,,,21.588,1.1451,,,,11.29439389492222,,,,9.668622917778176,10721582,22.1273853041386,78.1888100466875,19335.3602002969,8.11709499,https://api.worldbank.org/v2/,15.492957746478874,16.973415132924334,16.833205226748653,-1.3174102917437716,1.6211268762682003,5.308267697401205,18.683274021352315,562.0,19.047619047619047,1239.0,,
EU_EEA,Greece,GRC,2020,Escherichia coli,Blood/invasive,Aminoglycosides,105,562,EUCAST,EUCAST required; exact version unavailable in Atlas aggregate,ECDC Surveillance Atlas aggregate,https://atlas.ecdc.europa.eu/public/,18.683274021352315,1,J01G_aminoglycosides,,,,,17.0681,1.1562000000000001,,,,12.104335966357906,,,,11.29439389492222,10698599,22.3934327342108,78.3066842455552,17886.733165236,9.38074493,https://api.worldbank.org/v2/,12.935323383084578,15.492957746478874,16.973415132924334,0.25719423018896126,2.1092075597549838,6.333279628139691,18.636995827538247,719.0,20.62363238512035,1828.0,,
EU_EEA,Greece,GRC,2021,Escherichia coli,Blood/invasive,Aminoglycosides,134,719,EUCAST,EUCAST required; exact version unavailable in Atlas aggregate,ECDC Surveillance Atlas aggregate,https://atlas.ecdc.europa.eu/public/,18.636995827538247,0,J01G_aminoglycosides,,,,,13.992899999999999,1.2775999999999996,,,,15.579160343955492,,,,12.104335966357906,10570130,22.8389533365326,78.3884898647442,20652.89659591,9.03178692,https://api.worldbank.org/v2/,18.683274021352315,12.935323383084578,15.492957746478874,1.5180064881445843,2.399931428717244,6.579251212010101,19.047619047619047,1239.0,,,,
EU_EEA,Greece,GRC,2022,Escherichia coli,Blood/invasive,Aminoglycosides,236,1239,EUCAST,EUCAST required; exact version unavailable in Atlas aggregate,ECDC Surveillance Atlas aggregate,https://atlas.ecdc.europa.eu/public/,19.047619047619047,0,J01G_aminoglycosides,,,,,19.8883,1.237,,,,15.436471663619747,,,,15.579160343955492,10437805,23.2281742678017,78.5502190980809,20884.6773436263,8.44938278,https://api.worldbank.org/v2/,18.636995827538247,18.683274021352315,12.935323383084578,1.829060879978932,2.5398285362001953,7.122866658599083,20.62363238512035,1828.0,,,,
EU_EEA,Greece,GRC,2023,Escherichia coli,Blood/invasive,Aminoglycosides,377,1828,EUCAST,EUCAST required; exact version unavailable in Atlas aggregate,ECDC Surveillance Atlas aggregate,https://atlas.ecdc.europa.eu/public/,20.62363238512035,0,J01G_aminoglycosides,,,,,,,,,,,,,,,10407351,23.4829980176041,78.7746303842088,23343.7103964562,8.39367008,https://api.worldbank.org/v2/,19.047619047619047,18.636995827538247,18.683274021352315,0.6231698311384876,0.8100553156268857,7.511524648390866,,,,,,
EU_EEA,Greece,GRC,2013,Escherichia coli,Blood/invasive,Aminopenicillins,648,1149,EARS-Net mixed/not reported,Not reported in Atlas aggregate,ECDC Surveillance Atlas aggregate,https://atlas.ecdc.europa.eu/public/,56.39686684073107,0,J01C_penicillins,8.945400000000001,,,,17.909000000000002,1.2868,,,,6.335465372739304,,,,,10965211,20.2915184129021,77.0951999650171,21573.3449762805,8.52183914,https://api.worldbank.org/v2/,54.960629921259844,54.51040863531226,52.30664857530529,1.2720876082224843,1.4674438043231808,7.047517221357296,55.723746452223274,1057.0,56.92307692307692,1170.0,57.54847645429363,1444.0
EU_EEA,Greece,GRC,2014,Escherichia coli,Blood/invasive,Aminopenicillins,589,1057,EARS-Net mixed/not reported,Not reported in Atlas aggregate,ECDC Surveillance Atlas aggregate,https://atlas.ecdc.europa.eu/public/,55.723746452223274,0,J01C_penicillins,8.522,8.945400000000001,,,17.8639,1.3264999999999998,,,,6.4698128130767225,,,,6.335465372739304,10892413,20.6970672852563,77.3130486275866,21474.7257123892,7.94358587,https://api.worldbank.org/v2/,56.39686684073107,54.960629921259844,54.51040863531226,0.5076250370204147,0.7216225992150157,6.964135612418245,56.07043558850788,1079.0,57.503828483920365,1306.0,57.142857142857146,154.0
EU_EEA,Greece,GRC,2015,Escherichia coli,Blood/invasive,Aminopenicillins,605,1079,EARS-Net mixed/not reported,Not reported in Atlas aggregate,ECDC Surveillance Atlas aggregate,https://atlas.ecdc.europa.eu/public/,56.07043558850788,0,J01C_penicillins,10.335299999999998,8.522,8.945400000000001,,19.9493,1.4184999999999999,,,,6.116129032258065,,,,6.4698128130767225,10820883,21.0794802004731,77.5194426317545,17980.7298238137,8.26719952,https://api.worldbank.org/v2/,55.723746452223274,56.39686684073107,54.960629921259844,0.2656296613236127,0.5336568258726968,6.984716320118266,56.92307692307692,1170.0,57.54847645429363,1444.0,55.530973451327434,452.0
EU_EEA,Greece,GRC,2016,Escherichia coli,Blood/invasive,Aminopenicillins,666,1170,EARS-Net mixed/not reported,Not reported in Atlas aggregate,ECDC Surveillance Atlas aggregate,https://atlas.ecdc.europa.eu/public/,56.92307692307692,0,J01C_penicillins,11.68,10.335299999999998,8.522,8.945400000000001,20.9222,1.6530999999999998,,,,6.00174897592857,,,,6.116129032258065,10775971,21.3988876993596,77.7122988766348,17919.2426377048,8.45097542,https://api.worldbank.org/v2/,56.07043558850788,55.723746452223274,56.39686684073107,0.19253193833221216,0.4417387273297646,7.065613363597717,57.503828483920365,1306.0,57.142857142857146,154.0,59.78456014362657,557.0
EU_EEA,Greece,GRC,2017,Escherichia coli,Blood/invasive,Aminopenicillins,751,1306,EARS-Net mixed/not reported,Not reported in Atlas aggregate,ECDC Surveillance Atlas aggregate,https://atlas.ecdc.europa.eu/public/,57.503828483920365,0,J01C_penicillins,11.5414,11.68,10.335299999999998,8.522,21.0665,1.6051,,,,6.886560100449124,,,,6.00174897592857,10754679,21.6563374262051,77.8895342613411,18631.9930129293,8.11336899,https://api.worldbank.org/v2/,56.92307692307692,56.07043558850788,55.723746452223274,0.6192887429660211,0.7002751150692185,7.175489713624222,57.54847645429363,1444.0,55.530973451327434,452.0,57.053941908713696,964.0
EU_EEA,Greece,GRC,2018,Escherichia coli,Blood/invasive,Aminopenicillins,831,1444,EARS-Net mixed/not reported,Not reported in Atlas aggregate,ECDC Surveillance Atlas aggregate,https://atlas.ecdc.europa.eu/public/,57.54847645429363,0,J01C_penicillins,11.375300000000001,11.5414,11.68,10.335299999999998,21.9093,1.1636,,,,9.668622917778176,,,,6.886560100449124,10732882,21.8966337548395,78.0490656849874,19873.4015238771,8.07267761,https://api.worldbank.org/v2/,57.503828483920365,56.92307692307692,56.07043558850788,0.5014874158200591,0.5966891794149337,7.275864600546533,57.142857142857146,154.0,59.78456014362657,557.0,57.82140595313489,1579.0
EU_EEA,Greece,GRC,2019,Escherichia coli,Blood/invasive,Aminopenicillins,88,154,EARS-Net mixed/not reported,Not reported in Atlas aggregate,ECDC Surveillance Atlas aggregate,https://atlas.ecdc.europa.eu/public/,57.142857142857146,0,J01C_penicillins,11.2574,11.375300000000001,11.5414,11.68,21.588,1.1451,,,,11.29439389492222,,,,9.668622917778176,10721582,22.1273853041386,78.1888100466875,19335.3602002969,8.11709499,https://api.worldbank.org/v2/,57.54847645429363,57.503828483920365,56.92307692307692,0.07039886297138338,0.2590271547314513,5.043425116919247,55.530973451327434,452.0,57.053941908713696,964.0,,
EU_EEA,Greece,GRC,2020,Escherichia coli,Blood/invasive,Aminopenicillins,251,452,EUCAST,EUCAST required; exact version unavailable in Atlas aggregate,ECDC Surveillance Atlas aggregate,https://atlas.ecdc.europa.eu/public/,55.530973451327434,1,J01C_penicillins,8.989200000000002,11.2574,11.375300000000001,11.5414,17.0681,1.1562000000000001,,,,12.104335966357906,,,,11.29439389492222,10698599,22.3934327342108,78.3066842455552,17886.733165236,9.38074493,https://api.worldbank.org/v2/,57.142857142857146,57.54847645429363,57.503828483920365,-0.6324184409215335,0.8237666977731695,6.115892125483034,59.78456014362657,557.0,57.82140595313489,1579.0,,
EU_EEA,Greece,GRC,2021,Escherichia coli,Blood/invasive,Aminopenicillins,333,557,EUCAST,EUCAST required; exact version unavailable in Atlas aggregate,ECDC Surveillance Atlas aggregate,https://atlas.ecdc.europa.eu/public/,59.78456014362657,0,J01C_penicillins,7.7804,8.989200000000002,11.2574,11.375300000000001,13.992899999999999,1.2775999999999996,,,,15.579160343955492,,,,12.104335966357906,10570130,22.8389533365326,78.3884898647442,20652.89659591,9.03178692,https://api.worldbank.org/v2/,55.530973451327434,57.142857142857146,57.54847645429363,0.509636737646909,1.5187305386960201,6.324358962381311,57.053941908713696,964.0,,,,
EU_EEA,Greece,GRC,2022,Escherichia coli,Blood/invasive,Aminopenicillins,550,964,EUCAST,EUCAST required; exact version unavailable in Atlas aggregate,ECDC Surveillance Atlas aggregate,https://atlas.ecdc.europa.eu/public/,57.053941908713696,0,J01C_penicillins,10.1384,7.7804,8.989200000000002,11.2574,19.8883,1.237,,,,15.436471663619747,,,,15.579160343955492,10437805,23.2281742678017,78.5502190980809,20884.6773436263,8.44938278,https://api.worldbank.org/v2/,59.78456014362657,55.530973451327434,57.142857142857146,0.3986840989868643,1.529979132089977,6.872128101338986,57.82140595313489,1579.0,,,,
EU_EEA,Greece,GRC,2023,Escherichia coli,Blood/invasive,Aminopenicillins,913,1579,EUCAST,EUCAST required; exact version unavailable in Atlas aggregate,ECDC Surveillance Atlas aggregate,https://atlas.ecdc.europa.eu/public/,57.82140595313489,0,J01C_penicillins,,,,,,,,,,,,,,,10407351,23.4829980176041,78.7746303842088,23343.7103964562,8.39367008,https://api.worldbank.org/v2/,57.053941908713696,59.78456014362657,55.530973451327434,0.4140679270509415,1.5321097605996756,7.365180126021013,,,,,,
EU_EEA,Greece,GRC,2013,Escherichia coli,Blood/invasive,Carbapenems,17,1256,EARS-Net mixed/not reported,Not reported in Atlas aggregate,ECDC Surveillance Atlas aggregate,https://atlas.ecdc.europa.eu/public/,1.3535031847133758,0,J01DH_carbapenems,0.096,,,,17.909000000000002,1.2868,,,,6.335465372739304,,,,,10965211,20.2915184129021,77.0951999650171,21573.3449762805,8.52183914,https://api.worldbank.org/v2/,1.4326647564469914,0.8873114463176575,0.39499670836076367,0.34208727391871707,0.4152465358596721,7.136483208590247,1.1586452762923352,1122.0,0.920951650038373,1303.0,1.0365853658536586,1640.0
EU_EEA,Greece,GRC,2014,Escherichia coli,Blood/invasive,Carbapenems,13,1122,EARS-Net mixed/not reported,Not reported in Atlas aggregate,ECDC Surveillance Atlas aggregate,https://atlas.ecdc.europa.eu/public/,1.1586452762923352,0,J01DH_carbapenems,0.1007,0.096,,,17.8639,1.3264999999999998,,,,6.4698128130767225,,,,6.335465372739304,10892413,20.6970672852563,77.3130486275866,21474.7257123892,7.94358587,https://api.worldbank.org/v2/,1.3535031847133758,1.4326647564469914,0.8873114463176575,0.07348399181904161,0.21031075987749032,7.023758954738443,1.1522633744855968,1215.0,1.5678254942058623,1467.0,0.9852216748768473,203.0
EU_EEA,Greece,GRC,2015,Escherichia coli,Blood/invasive,Carbapenems,14,1215,EARS-Net mixed/not reported,Not reported in Atlas aggregate,ECDC Surveillance Atlas aggregate,https://atlas.ecdc.europa.eu/public/,1.1522633744855968,0,J01DH_carbapenems,0.096,0.1007,0.096,,19.9493,1.4184999999999999,,,,6.116129032258065,,,,6.4698128130767225,10820883,21.0794802004731,77.5194426317545,17980.7298238137,8.26719952,https://api.worldbank.org/v2/,1.1586452762923352,1.3535031847133758,1.4326647564469914,-0.10360620543052271,0.12208756061604689,7.103322062526113,0.920951650038373,1303.0,1.0365853658536586,1640.0,0.5300353356890459,566.0
EU_EEA,Greece,GRC,2016,Escherichia coli,Blood/invasive,Carbapenems,12,1303,EARS-Net mixed/not reported,Not reported in Atlas aggregate,ECDC Surveillance Atlas aggregate,https://atlas.ecdc.europa.eu/public/,0.920951650038373,0,J01DH_carbapenems,0.1245999999999999,0.096,0.1007,0.096,20.9222,1.6530999999999998,,,,6.00174897592857,,,,6.116129032258065,10775971,21.3988876993596,77.7122988766348,17919.2426377048,8.45097542,https://api.worldbank.org/v2/,1.1522633744855968,1.1586452762923352,1.3535031847133758,-0.13040365058317496,0.1532179816355632,7.1731917424865985,1.5678254942058623,1467.0,0.9852216748768473,203.0,1.098901098901099,728.0
EU_EEA,Greece,GRC,2017,Escherichia coli,Blood/invasive,Carbapenems,23,1467,EARS-Net mixed/not reported,Not reported in Atlas aggregate,ECDC Surveillance Atlas aggregate,https://atlas.ecdc.europa.eu/public/,1.5678254942058623,0,J01DH_carbapenems,0.1243,0.1245999999999999,0.096,0.1007,21.0665,1.6051,,,,6.886560100449124,,,,6.00174897592857,10754679,21.6563374262051,77.8895342613411,18631.9930129293,8.11336899,https://api.worldbank.org/v2/,0.920951650038373,1.1522633744855968,1.1586452762923352,0.09962289292933554,0.23299814897941842,7.291656209174461,1.0365853658536586,1640.0,0.5300353356890459,566.0,1.532258064516129,1240.0
EU_EEA,Greece,GRC,2018,Escherichia coli,Blood/invasive,Carbapenems,17,1640,EARS-Net mixed/not reported,Not reported in Atlas aggregate,ECDC Surveillance Atlas aggregate,https://atlas.ecdc.europa.eu/public/,1.0365853658536586,0,J01DH_carbapenems,0.121,0.1243,0.1245999999999999,0.096,21.9093,1.1636,,,,9.668622917778176,,,,6.886560100449124,10732882,21.8966337548395,78.0490656849874,19873.4015238771,8.07267761,https://api.worldbank.org/v2/,1.5678254942058623,0.920951650038373,1.1522633744855968,0.029983981827167307,0.24413257046212877,7.403061091090091,0.9852216748768473,203.0,1.098901098901099,728.0,1.5532940546331013,1867.0
EU_EEA,Greece,GRC,2019,Escherichia coli,Blood/invasive,Carbapenems,2,203,EARS-Net mixed/not reported,Not reported in Atlas aggregate,ECDC Surveillance Atlas aggregate,https://atlas.ecdc.europa.eu/public/,0.9852216748768473,0,J01DH_carbapenems,0.1256,0.121,0.1243,0.1245999999999999,21.588,1.1451,,,,11.29439389492222,,,,9.668622917778176,10721582,22.1273853041386,78.1888100466875,19335.3602002969,8.11709499,https://api.worldbank.org/v2/,1.0365853658536586,1.5678254942058623,0.920951650038373,-0.0338430053836782,0.25741856426028165,5.318119993844216,0.5300353356890459,566.0,1.532258064516129,1240.0,,
EU_EEA,Greece,GRC,2020,Escherichia coli,Blood/invasive,Carbapenems,3,566,EUCAST,EUCAST required; exact version unavailable in Atlas aggregate,ECDC Surveillance Atlas aggregate,https://atlas.ecdc.europa.eu/public/,0.5300353356890459,1,J01DH_carbapenems,0.135,0.1256,0.121,0.1243,17.0681,1.1562000000000001,,,,12.104335966357906,,,,11.29439389492222,10698599,22.3934327342108,78.3066842455552,17886.733165236,9.38074493,https://api.worldbank.org/v2/,0.9852216748768473,1.0365853658536586,1.5678254942058623,-0.31647341665272627,0.36785505489395065,6.340359303727752,1.098901098901099,728.0,1.5532940546331013,1867.0,,
EU_EEA,Greece,GRC,2021,Escherichia coli,Blood/invasive,Carbapenems,8,728,EUCAST,EUCAST required; exact version unavailable in Atlas aggregate,ECDC Surveillance Atlas aggregate,https://atlas.ecdc.europa.eu/public/,1.098901098901099,0,J01DH_carbapenems,0.1699,0.135,0.1256,0.121,13.992899999999999,1.2775999999999996,,,,15.579160343955492,,,,12.104335966357906,10570130,22.8389533365326,78.3884898647442,20652.89659591,9.03178692,https://api.worldbank.org/v2/,0.5300353356890459,0.9852216748768473,1.0365853658536586,-0.026823914004548206,0.2245607217130091,6.591673732008658,1.532258064516129,1240.0,,,,
EU_EEA,Greece,GRC,2022,Escherichia coli,Blood/invasive,Carbapenems,19,1240,EUCAST,EUCAST required; exact version unavailable in Atlas aggregate,ECDC Surveillance Atlas aggregate,https://atlas.ecdc.europa.eu/public/,1.532258064516129,0,J01DH_carbapenems,0.1898,0.1699,0.135,0.1256,19.8883,1.237,,,,15.436471663619747,,,,15.579160343955492,10437805,23.2281742678017,78.5502190980809,20884.6773436263,8.44938278,https://api.worldbank.org/v2/,1.098901098901099,0.5300353356890459,0.9852216748768473,0.22099749321298962,0.3566531351326138,7.123672785204607,1.5532940546331013,1867.0,,,,
EU_EEA,Greece,GRC,2023,Escherichia coli,Blood/invasive,Carbapenems,29,1867,EUCAST,EUCAST required; exact version unavailable in Atlas aggregate,ECDC Surveillance Atlas aggregate,https://atlas.ecdc.europa.eu/public/,1.5532940546331013,0,J01DH_carbapenems,,,,,,,,,,,,,,,10407351,23.4829980176041,78.7746303842088,23343.7103964562,8.39367008,https://api.worldbank.org/v2/,1.532258064516129,1.098901098901099,0.5300353356890459,0.3503133122447195,0.4160702157819638,7.532623618788788,,,,,,
EU_EEA,Greece,GRC,2013,Escherichia coli,Blood/invasive,Fluoroquinolones,383,1240,EARS-Net mixed/not reported,Not reported in Atlas aggregate,ECDC Surveillance Atlas aggregate,https://atlas.ecdc.europa.eu/public/,30.887096774193548,0,J01M_quinolones,2.2332,,,,17.909000000000002,1.2868,,,,6.335465372739304,,,,,10965211,20.2915184129021,77.0951999650171,21573.3449762805,8.52183914,https://api.worldbank.org/v2/,29.081632653061224,26.58757850662945,24.406332453825858,2.193634710753482,2.456909092019124,7.123672785204607,32.76018099547511,1105.0,32.1319018404908,1304.0,30.778663396689147,1631.0
EU_EEA,Greece,GRC,2014,Escherichia coli,Blood/invasive,Fluoroquinolones,362,1105,EARS-Net mixed/not reported,Not reported in Atlas aggregate,ECDC Surveillance Atlas aggregate,https://atlas.ecdc.europa.eu/public/,32.76018099547511,0,J01M_quinolones,2.7747,2.2332,,,17.8639,1.3264999999999998,,,,6.4698128130767225,,,,6.335465372739304,10892413,20.6970672852563,77.3130486275866,21474.7257123892,7.94358587,https://api.worldbank.org/v2/,30.887096774193548,29.081632653061224,26.58757850662945,2.0323271587669245,2.279076677131839,7.00850518208228,30.56255247691016,1191.0,32.923497267759565,1464.0,29.55665024630542,203.0
EU_EEA,Greece,GRC,2015,Escherichia coli,Blood/invasive,Fluoroquinolones,364,1191,EARS-Net mixed/not reported,Not reported in Atlas aggregate,ECDC Surveillance Atlas aggregate,https://atlas.ecdc.europa.eu/public/,30.56255247691016,0,J01M_quinolones,2.8971999999999998,2.7747,2.2332,,19.9493,1.4184999999999999,,,,6.116129032258065,,,,6.4698128130767225,10820883,21.0794802004731,77.5194426317545,17980.7298238137,8.26719952,https://api.worldbank.org/v2/,32.76018099547511,30.887096774193548,29.081632653061224,0.6315843692828355,1.3092909992474013,7.083387847625295,32.1319018404908,1304.0,30.778663396689147,1631.0,32.743362831858406,565.0
EU_EEA,Greece,GRC,2016,Escherichia coli,Blood/invasive,Fluoroquinolones,419,1304,EARS-Net mixed/not reported,Not reported in Atlas aggregate,ECDC Surveillance Atlas aggregate,https://atlas.ecdc.europa.eu/public/,32.1319018404908,0,J01M_quinolones,2.8206,2.8971999999999998,2.7747,2.2332,20.9222,1.6530999999999998,,,,6.00174897592857,,,,6.116129032258065,10775971,21.3988876993596,77.7122988766348,17919.2426377048,8.45097542,https://api.worldbank.org/v2/,30.56255247691016,32.76018099547511,30.887096774193548,0.15367866803267563,0.8961890279525785,7.173958319756794,32.923497267759565,1464.0,29.55665024630542,203.0,33.92857142857143,728.0
EU_EEA,Greece,GRC,2017,Escherichia coli,Blood/invasive,Fluoroquinolones,482,1464,EARS-Net mixed/not reported,Not reported in Atlas aggregate,ECDC Surveillance Atlas aggregate,https://atlas.ecdc.europa.eu/public/,32.923497267759565,0,J01M_quinolones,2.8020000000000005,2.8206,2.8971999999999998,2.7747,21.0665,1.6051,,,,6.886560100449124,,,,6.00174897592857,10754679,21.6563374262051,77.8895342613411,18631.9930129293,8.11336899,https://api.worldbank.org/v2/,32.1319018404908,30.56255247691016,32.76018099547511,0.205929818043394,0.9325542563932169,7.289610521451167,30.778663396689147,1631.0,32.743362831858406,565.0,37.77239709443099,1239.0
EU_EEA,Greece,GRC,2018,Escherichia coli,Blood/invasive,Fluoroquinolones,502,1631,EARS-Net mixed/not reported,Not reported in Atlas aggregate,ECDC Surveillance Atlas aggregate,https://atlas.ecdc.europa.eu/public/,30.778663396689147,0,J01M_quinolones,3.1555,2.8020000000000005,2.8206,2.8971999999999998,21.9093,1.1636,,,,9.668622917778176,,,,6.886560100449124,10732882,21.8966337548395,78.0490656849874,19873.4015238771,8.07267761,https://api.worldbank.org/v2/,32.923497267759565,32.1319018404908,30.56255247691016,0.14399281866056834,0.9728120193800398,7.397561535524052,29.55665024630542,203.0,33.92857142857143,728.0,37.775389575497044,1861.0
EU_EEA,Greece,GRC,2019,Escherichia coli,Blood/invasive,Fluoroquinolones,60,203,EARS-Net mixed/not reported,Not reported in Atlas aggregate,ECDC Surveillance Atlas aggregate,https://atlas.ecdc.europa.eu/public/,29.55665024630542,0,J01M_quinolones,3.2379,3.1555,2.8020000000000005,2.8206,21.588,1.1451,,,,11.29439389492222,,,,9.668622917778176,10721582,22.1273853041386,78.1888100466875,19335.3602002969,8.11709499,https://api.worldbank.org/v2/,30.778663396689147,32.923497267759565,32.1319018404908,-0.9870588653626581,1.2874171264514096,5.318119993844216,32.743362831858406,565.0,37.77239709443099,1239.0,,
EU_EEA,Greece,GRC,2020,Escherichia coli,Blood/invasive,Fluoroquinolones,185,565,EUCAST,EUCAST required; exact version unavailable in Atlas aggregate,ECDC Surveillance Atlas aggregate,https://atlas.ecdc.europa.eu/public/,32.743362831858406,1,J01M_quinolones,2.799,3.2379,3.1555,2.8020000000000005,17.0681,1.1562000000000001,,,,12.104335966357906,,,,11.29439389492222,10698599,22.3934327342108,78.3066842455552,17886.733165236,9.38074493,https://api.worldbank.org/v2/,29.55665024630542,30.778663396689147,32.923497267759565,-0.1762416458087264,1.4026073205050618,6.338594078203183,33.92857142857143,728.0,37.775389575497044,1861.0,,
EU_EEA,Greece,GRC,2021,Escherichia coli,Blood/invasive,Fluoroquinolones,247,728,EUCAST,EUCAST required; exact version unavailable in Atlas aggregate,ECDC Surveillance Atlas aggregate,https://atlas.ecdc.europa.eu/public/,33.92857142857143,0,J01M_quinolones,2.3649999999999998,2.799,3.2379,3.1555,13.992899999999999,1.2775999999999996,,,,15.579160343955492,,,,12.104335966357906,10570130,22.8389533365326,78.3884898647442,20652.89659591,9.03178692,https://api.worldbank.org/v2/,32.743362831858406,29.55665024630542,30.778663396689147,1.2636436681199803,1.6946391939763397,6.591673732008658,37.77239709443099,1239.0,,,,
EU_EEA,Greece,GRC,2022,Escherichia coli,Blood/invasive,Fluoroquinolones,468,1239,EUCAST,EUCAST required; exact version unavailable in Atlas aggregate,ECDC Surveillance Atlas aggregate,https://atlas.ecdc.europa.eu/public/,37.77239709443099,0,J01M_quinolones,3.3375,2.3649999999999998,2.799,3.2379,19.8883,1.237,,,,15.436471663619747,,,,15.579160343955492,10437805,23.2281742678017,78.5502190980809,20884.6773436263,8.44938278,https://api.worldbank.org/v2/,33.92857142857143,32.743362831858406,29.55665024630542,2.583244914108971,2.9393688627484913,7.122866658599083,37.775389575497044,1861.0,,,,
EU_EEA,Greece,GRC,2023,Escherichia coli,Blood/invasive,Fluoroquinolones,703,1861,EUCAST,EUCAST required; exact version unavailable in Atlas aggregate,ECDC Surveillance Atlas aggregate,https://atlas.ecdc.europa.eu/public/,37.775389575497044,0,J01M_quinolones,,,,,,,,,,,,,,,10407351,23.4829980176041,78.7746303842088,23343.7103964562,8.39367008,https://api.worldbank.org/v2/,37.77239709443099,33.92857142857143,32.743362831858406,1.8939905896775429,2.2581825205866073,7.529406457837013,,,,,,
EU_EEA,Greece,GRC,2013,Escherichia coli,Blood/invasive,Third-generation cephalosporins,216,1255,EARS-Net mixed/not reported,Not reported in Atlas aggregate,ECDC Surveillance Atlas aggregate,https://atlas.ecdc.europa.eu/public/,17.211155378486055,0,J01D_other_beta_lactams,7.9212000000000025,,,,17.909000000000002,1.2868,,,,6.335465372739304,,,,,10965211,20.2915184129021,77.0951999650171,21573.3449762805,8.52183914,https://api.worldbank.org/v2/,16.22397702799713,14.912891986062718,14.200398142003982,1.034335675138059,1.1630417508224722,7.135687347028144,21.033868092691623,1122.0,17.63803680981595,1304.0,19.329268292682926,1640.0
EU_EEA,Greece,GRC,2014,Escherichia coli,Blood/invasive,Third-generation cephalosporins,236,1122,EARS-Net mixed/not reported,Not reported in Atlas aggregate,ECDC Surveillance Atlas aggregate,https://atlas.ecdc.europa.eu/public/,21.033868092691623,0,J01D_other_beta_lactams,7.793,7.9212000000000025,,,17.8639,1.3264999999999998,,,,6.4698128130767225,,,,6.335465372739304,10892413,20.6970672852563,77.3130486275866,21474.7257123892,7.94358587,https://api.worldbank.org/v2/,17.211155378486055,16.22397702799713,14.912891986062718,1.935010667037562,2.2802139805195623,7.023758954738443,19.83539094650206,1215.0,18.299319727891156,1470.0,18.94736842105263,190.0
EU_EEA,Greece,GRC,2015,Escherichia coli,Blood/invasive,Third-generation cephalosporins,241,1215,EARS-Net mixed/not reported,Not reported in Atlas aggregate,ECDC Surveillance Atlas aggregate,https://atlas.ecdc.europa.eu/public/,19.83539094650206,0,J01D_other_beta_lactams,8.0393,7.793,7.9212000000000025,,19.9493,1.4184999999999999,,,,6.116129032258065,,,,6.4698128130767225,10820883,21.0794802004731,77.5194426317545,17980.7298238137,8.26719952,https://api.worldbank.org/v2/,21.033868092691623,17.211155378486055,16.22397702799713,1.4656954469720336,1.9379108584117166,7.103322062526113,17.63803680981595,1304.0,19.329268292682926,1640.0,21.869488536155202,567.0
EU_EEA,Greece,GRC,2016,Escherichia coli,Blood/invasive,Third-generation cephalosporins,230,1304,EARS-Net mixed/not reported,Not reported in Atlas aggregate,ECDC Surveillance Atlas aggregate,https://atlas.ecdc.europa.eu/public/,17.63803680981595,0,J01D_other_beta_lactams,7.950100000000001,8.0393,7.793,7.9212000000000025,20.9222,1.6530999999999998,,,,6.00174897592857,,,,6.116129032258065,10775971,21.3988876993596,77.7122988766348,17919.2426377048,8.45097542,https://api.worldbank.org/v2/,19.83539094650206,21.033868092691623,17.211155378486055,0.008216714780009514,1.57079508812238,7.173958319756794,18.299319727891156,1470.0,18.94736842105263,190.0,21.733149931224208,727.0
EU_EEA,Greece,GRC,2017,Escherichia coli,Blood/invasive,Third-generation cephalosporins,269,1470,EARS-Net mixed/not reported,Not reported in Atlas aggregate,ECDC Surveillance Atlas aggregate,https://atlas.ecdc.europa.eu/public/,18.299319727891156,0,J01D_other_beta_lactams,8.2039,7.950100000000001,8.0393,7.793,21.0665,1.6051,,,,6.886560100449124,,,,6.00174897592857,10754679,21.6563374262051,77.8895342613411,18631.9930129293,8.11336899,https://api.worldbank.org/v2/,17.63803680981595,19.83539094650206,21.033868092691623,-1.0400999231087538,1.3245505704653802,7.293697720601438,19.329268292682926,1640.0,21.869488536155202,567.0,23.31983805668016,1235.0
EU_EEA,Greece,GRC,2018,Escherichia coli,Blood/invasive,Third-generation cephalosporins,317,1640,EARS-Net mixed/not reported,Not reported in Atlas aggregate,ECDC Surveillance Atlas aggregate,https://atlas.ecdc.europa.eu/public/,19.329268292682926,0,J01D_other_beta_lactams,8.421100000000001,8.2039,7.950100000000001,8.0393,21.9093,1.1636,,,,9.668622917778176,,,,6.886560100449124,10732882,21.8966337548395,78.0490656849874,19873.4015238771,8.07267761,https://api.worldbank.org/v2/,18.299319727891156,17.63803680981595,19.83539094650206,-0.08570850433822463,0.8588652835231206,7.403061091090091,18.94736842105263,190.0,21.733149931224208,727.0,22.82921219091432,1739.0
EU_EEA,Greece,GRC,2019,Escherichia coli,Blood/invasive,Third-generation cephalosporins,36,190,EARS-Net mixed/not reported,Not reported in Atlas aggregate,ECDC Surveillance Atlas aggregate,https://atlas.ecdc.europa.eu/public/,18.94736842105263,0,J01D_other_beta_lactams,8.112200000000001,8.421100000000001,8.2039,7.950100000000001,21.588,1.1451,,,,11.29439389492222,,,,9.668622917778176,10721582,22.1273853041386,78.1888100466875,19335.3602002969,8.11709499,https://api.worldbank.org/v2/,19.329268292682926,18.299319727891156,17.63803680981595,0.495794339850178,0.6441329909914728,5.25227342804663,21.869488536155202,567.0,23.31983805668016,1235.0,,
EU_EEA,Greece,GRC,2020,Escherichia coli,Blood/invasive,Third-generation cephalosporins,124,567,EUCAST,EUCAST required; exact version unavailable in Atlas aggregate,ECDC Surveillance Atlas aggregate,https://atlas.ecdc.europa.eu/public/,21.869488536155202,1,J01D_other_beta_lactams,6.301099999999999,8.112200000000001,8.421100000000001,8.2039,17.0681,1.1562000000000001,,,,12.104335966357906,,,,11.29439389492222,10698599,22.3934327342108,78.3066842455552,17886.733165236,9.38074493,https://api.worldbank.org/v2/,18.94736842105263,19.329268292682926,18.299319727891156,1.032860655316181,1.3547190400298563,6.342121418721152,21.733149931224208,727.0,22.82921219091432,1739.0,,
EU_EEA,Greece,GRC,2021,Escherichia coli,Blood/invasive,Third-generation cephalosporins,158,727,EUCAST,EUCAST required; exact version unavailable in Atlas aggregate,ECDC Surveillance Atlas aggregate,https://atlas.ecdc.europa.eu/public/,21.733149931224208,0,J01D_other_beta_lactams,4.9552,6.301099999999999,8.112200000000001,8.421100000000001,13.992899999999999,1.2775999999999996,,,,15.579160343955492,,,,12.104335966357906,10570130,22.8389533365326,78.3884898647442,20652.89659591,9.03178692,https://api.worldbank.org/v2/,21.869488536155202,18.94736842105263,19.329268292682926,1.0133765030726385,1.3391967306492993,6.590301048196686,23.31983805668016,1235.0,,,,
EU_EEA,Greece,GRC,2022,Escherichia coli,Blood/invasive,Third-generation cephalosporins,288,1235,EUCAST,EUCAST required; exact version unavailable in Atlas aggregate,ECDC Surveillance Atlas aggregate,https://atlas.ecdc.europa.eu/public/,23.31983805668016,0,J01D_other_beta_lactams,7.459599999999999,4.9552,6.301099999999999,8.112200000000001,19.8883,1.237,,,,15.436471663619747,,,,15.579160343955492,10437805,23.2281742678017,78.5502190980809,20884.6773436263,8.44938278,https://api.worldbank.org/v2/,21.733149931224208,21.869488536155202,18.94736842105263,1.2981070301951576,1.5822755855556832,7.119635638017636,22.82921219091432,1739.0,,,,
EU_EEA,Greece,GRC,2023,Escherichia coli,Blood/invasive,Third-generation cephalosporins,397,1739,EUCAST,EUCAST required; exact version unavailable in Atlas aggregate,ECDC Surveillance Atlas aggregate,https://atlas.ecdc.europa.eu/public/,22.82921219091432,0,J01D_other_beta_lactams,,,,,,,,,,,,,,,10407351,23.4829980176041,78.7746303842088,23343.7103964562,8.39367008,https://api.worldbank.org/v2/,23.31983805668016,21.733149931224208,21.869488536155202,0.44658590897332723,0.6615708987479652,7.461640392208575,,,,,,
EU_EEA,Croatia,HRV,2013,Escherichia coli,Blood/invasive,Aminoglycosides,78,1016,EARS-Net mixed/not reported,Not reported in Atlas aggregate,ECDC Surveillance Atlas aggregate,https://atlas.ecdc.europa.eu/public/,7.677165354330708,0,J01G_aminoglycosides,,,,,12.2369,1.1601,,,,0.4178620431582886,,,,,4233922,18.4765925399494,55.3659479687433,14135.0903485872,6.37271595,https://api.worldbank.org/v2/,6.992230854605993,7.106076210092688,6.370875995449374,0.38050227211572984,0.46376394522707126,6.92461239604856,10.86350974930362,1077.0,15.676728334956183,1027.0,14.87603305785124,1210.0
EU_EEA,Croatia,HRV,2014,Escherichia coli,Blood/invasive,Aminoglycosides,117,1077,EARS-Net mixed/not reported,Not reported in Atlas aggregate,ECDC Surveillance Atlas aggregate,https://atlas.ecdc.europa.eu/public/,10.86350974930362,0,J01G_aminoglycosides,,,,,12.256700000000002,1.2233,,,,0.9110680068183156,,,,0.4178620431582886,4201598,18.8122396153648,55.4591834926844,14186.7712230471,6.56612396,https://api.worldbank.org/v2/,7.677165354330708,6.992230854605993,7.106076210092688,1.195723511735751,1.5824454281672569,6.982862751468942,12.698412698412698,1008.0,16.63778162911612,1154.0,14.838129496402878,1112.0
EU_EEA,Croatia,HRV,2015,Escherichia coli,Blood/invasive,Aminoglycosides,128,1008,EARS-Net mixed/not reported,Not reported in Atlas aggregate,ECDC Surveillance Atlas aggregate,https://atlas.ecdc.europa.eu/public/,12.698412698412698,0,J01G_aminoglycosides,,,,,12.3246,1.2671,,,,0.8613264427217916,,,,0.9110680068183156,4151725,19.2311236257324,55.5812594509004,12283.8750299177,6.65548038,https://api.worldbank.org/v2/,10.86350974930362,7.677165354330708,6.992230854605993,2.0304889926393015,2.32847899806006,6.9167150203536085,15.676728334956183,1027.0,14.87603305785124,1210.0,14.855072463768115,828.0
EU_EEA,Croatia,HRV,2016,Escherichia coli,Blood/invasive,Aminoglycosides,161,1027,EARS-Net mixed/not reported,Not reported in Atlas aggregate,ECDC Surveillance Atlas aggregate,https://atlas.ecdc.europa.eu/public/,15.676728334956183,0,J01G_aminoglycosides,,,,,11.8555,1.2276,,,,1.0359933696424346,,,,0.8613264427217916,4106867,19.6581193481792,55.7294398599808,12820.1872746645,6.69167471,https://api.worldbank.org/v2/,12.698412698412698,10.86350974930362,7.677165354330708,2.5833591890985494,2.9021869920761794,6.93537044601511,16.63778162911612,1154.0,14.838129496402878,1112.0,11.724137931034482,725.0
EU_EEA,Croatia,HRV,2017,Escherichia coli,Blood/invasive,Aminoglycosides,192,1154,EARS-Net mixed/not reported,Not reported in Atlas aggregate,ECDC Surveillance Atlas aggregate,https://atlas.ecdc.europa.eu/public/,16.63778162911612,0,J01G_aminoglycosides,,,,,11.7995,1.3054000000000001,,,,1.448383849681244,,,,1.0359933696424346,4041407,20.1354432241616,55.9009887365155,13901.6498657787,6.62803125,https://api.worldbank.org/v2/,15.676728334956183,12.698412698412698,10.86350974930362,2.0301131275980966,2.3074441050272503,7.051855622955894,14.87603305785124,1210.0,14.855072463768115,828.0,16.04060913705584,985.0
EU_EEA,Croatia,HRV,2018,Escherichia coli,Blood/invasive,Aminoglycosides,180,1210,EARS-Net mixed/not reported,Not reported in Atlas aggregate,ECDC Surveillance Atlas aggregate,https://atlas.ecdc.europa.eu/public/,14.87603305785124,0,J01G_aminoglycosides,,,,,11.8401,1.3157999999999999,,,,1.570054870429728,,,,1.448383849681244,3988775,20.6682803013664,56.093170097094,15460.4560798984,6.7136178,https://api.worldbank.org/v2/,16.63778162911612,15.676728334956183,12.698412698412698,0.7493914372475546,1.4534337881001742,7.099201743553092,14.838129496402878,1112.0,11.724137931034482,725.0,17.755572636433513,1301.0
EU_EEA,Croatia,HRV,2019,Escherichia coli,Blood/invasive,Aminoglycosides,165,1112,EARS-Net mixed/not reported,Not reported in Atlas aggregate,ECDC Surveillance Atlas aggregate,https://atlas.ecdc.europa.eu/public/,14.838129496402878,0,J01G_aminoglycosides,,,,,11.8017,1.3782999999999999,,,,1.947640662936768,,,,1.570054870429728,3949390,21.1822163945349,56.303247958306,15563.7354996625,6.78699923,https://api.worldbank.org/v2/,14.87603305785124,16.63778162911612,15.676728334956183,-0.4277545086924813,0.7336521178375431,7.014814351275545,14.855072463768115,828.0,16.04060913705584,985.0,,
EU_EEA,Croatia,HRV,2020,Escherichia coli,Blood/invasive,Aminoglycosides,123,828,EUCAST,EUCAST required; exact version unavailable in Atlas aggregate,ECDC Surveillance Atlas aggregate,https://atlas.ecdc.europa.eu/public/,14.855072463768115,1,J01G_aminoglycosides,,,,,9.4688,1.1793,,,,2.559882976778206,,,,1.947640662936768,3914206,21.6661760190675,56.5284863367411,14807.5559227544,7.68352938,https://api.worldbank.org/v2/,14.838129496402878,14.87603305785124,16.63778162911612,-0.5386031057492411,0.7714726536779615,6.720220155135295,11.724137931034482,725.0,17.755572636433513,1301.0,,
EU_EEA,Croatia,HRV,2021,Escherichia coli,Blood/invasive,Aminoglycosides,85,725,EUCAST,EUCAST required; exact version unavailable in Atlas aggregate,ECDC Surveillance Atlas aggregate,https://atlas.ecdc.europa.eu/public/,11.724137931034482,0,J01G_aminoglycosides,,,,,10.6696,1.4217,,,,3.602597929774712,,,,2.559882976778206,3878981,22.1006673274542,56.7683502560171,17788.7601163765,8.08265686,https://api.worldbank.org/v2/,14.855072463768115,14.838129496402878,14.87603305785124,-0.9438742413085052,1.3563807655512525,6.587550014824796,16.04060913705584,985.0,,,,
EU_EEA,Croatia,HRV,2022,Escherichia coli,Blood/invasive,Aminoglycosides,158,985,EUCAST,EUCAST required; exact version unavailable in Atlas aggregate,ECDC Surveillance Atlas aggregate,https://atlas.ecdc.europa.eu/public/,16.04060913705584,0,J01G_aminoglycosides,,,,,12.0217,1.4685999999999997,,,,3.885227216413104,,,,3.602597929774712,3855641,22.4847051223347,56.9977571733605,18465.531473659,7.29636335,https://api.worldbank.org/v2/,11.724137931034482,14.855072463768115,14.838129496402878,0.047650438922523713,1.6004561799667245,6.893656354602635,17.755572636433513,1301.0,,,,
EU_EEA,Croatia,HRV,2023,Escherichia coli,Blood/invasive,Aminoglycosides,231,1301,EUCAST,EUCAST required; exact version unavailable in Atlas aggregate,ECDC Surveillance Atlas aggregate,https://atlas.ecdc.europa.eu/public/,17.755572636433513,0,J01G_aminoglycosides,,,,,,,,,,,,,,,3859686,22.815365461733,57.2431560672198,22183.4982258492,7.14699411,https://api.worldbank.org/v2/,16.04060913705584,11.724137931034482,14.855072463768115,1.3017971724017512,2.2018795605361086,7.171656822768514,,,,,,
EU_EEA,Croatia,HRV,2013,Escherichia coli,Blood/invasive,Aminopenicillins,556,1036,EARS-Net mixed/not reported,Not reported in Atlas aggregate,ECDC Surveillance Atlas aggregate,https://atlas.ecdc.europa.eu/public/,53.66795366795367,0,J01C_penicillins,8.2197,,,,12.2369,1.1601,,,,0.4178620431582886,,,,,4233922,18.4765925399494,55.3659479687433,14135.0903485872,6.37271595,https://api.worldbank.org/v2/,51.43805309734513,55.282051282051285,52.96,-0.17201371808452484,1.3821073726741941,6.9440872082295275,54.03899721448468,1077.0,57.3346116970278,1043.0,57.74299835255354,1214.0
EU_EEA,Croatia,HRV,2014,Escherichia coli,Blood/invasive,Aminopenicillins,582,1077,EARS-Net mixed/not reported,Not reported in Atlas aggregate,ECDC Surveillance Atlas aggregate,https://atlas.ecdc.europa.eu/public/,54.03899721448468,0,J01C_penicillins,8.398900000000001,8.2197,,,12.256700000000002,1.2233,,,,0.9110680068183156,,,,0.4178620431582886,4201598,18.8122396153648,55.4591834926844,14186.7712230471,6.56612396,https://api.worldbank.org/v2/,53.66795366795367,51.43805309734513,55.282051282051285,-0.14992616320913923,1.3874855119842473,6.982862751468942,55.27831094049904,1042.0,58.76651982378855,1135.0,57.12996389891697,1108.0
EU_EEA,Croatia,HRV,2015,Escherichia coli,Blood/invasive,Aminopenicillins,576,1042,EARS-Net mixed/not reported,Not reported in Atlas aggregate,ECDC Surveillance Atlas aggregate,https://atlas.ecdc.europa.eu/public/,55.27831094049904,0,J01C_penicillins,8.5455,8.398900000000001,8.2197,,12.3246,1.2671,,,,0.8613264427217916,,,,0.9110680068183156,4151725,19.2311236257324,55.5812594509004,12283.8750299177,6.65548038,https://api.worldbank.org/v2/,54.03899721448468,53.66795366795367,51.43805309734513,1.1891817075992623,1.3863569509540514,6.949856455000773,57.3346116970278,1043.0,57.74299835255354,1214.0,57.67835550181378,827.0
EU_EEA,Croatia,HRV,2016,Escherichia coli,Blood/invasive,Aminopenicillins,598,1043,EARS-Net mixed/not reported,Not reported in Atlas aggregate,ECDC Surveillance Atlas aggregate,https://atlas.ecdc.europa.eu/public/,57.3346116970278,0,J01C_penicillins,8.3285,8.5455,8.398900000000001,8.2197,11.8555,1.2276,,,,1.0359933696424346,,,,0.8613264427217916,4106867,19.6581193481792,55.7294398599808,12820.1872746645,6.69167471,https://api.worldbank.org/v2/,55.27831094049904,54.03899721448468,53.66795366795367,1.2239287813236694,1.4317963169383683,6.950814768442584,58.76651982378855,1135.0,57.12996389891697,1108.0,55.76923076923077,728.0
EU_EEA,Croatia,HRV,2017,Escherichia coli,Blood/invasive,Aminopenicillins,667,1135,EARS-Net mixed/not reported,Not reported in Atlas aggregate,ECDC Surveillance Atlas aggregate,https://atlas.ecdc.europa.eu/public/,58.76651982378855,0,J01C_penicillins,8.278599999999999,8.3285,8.5455,8.398900000000001,11.7995,1.3054000000000001,,,,1.448383849681244,,,,1.0359933696424346,4041407,20.1354432241616,55.9009887365155,13901.6498657787,6.62803125,https://api.worldbank.org/v2/,57.3346116970278,55.27831094049904,54.03899721448468,1.6238868584440262,1.8233344840010728,7.035268599281097,57.74299835255354,1214.0,57.67835550181378,827.0,55.759429153924565,981.0
EU_EEA,Croatia,HRV,2018,Escherichia coli,Blood/invasive,Aminopenicillins,701,1214,EARS-Net mixed/not reported,Not reported in Atlas aggregate,ECDC Surveillance Atlas aggregate,https://atlas.ecdc.europa.eu/public/,57.74299835255354,0,J01C_penicillins,8.3065,8.278599999999999,8.3285,8.5455,11.8401,1.3157999999999999,,,,1.570054870429728,,,,1.448383849681244,3988775,20.6682803013664,56.093170097094,15460.4560798984,6.7136178,https://api.worldbank.org/v2/,58.76651982378855,57.3346116970278,55.27831094049904,0.8825970362924153,1.268251621324492,7.102499355774649,57.12996389891697,1108.0,55.76923076923077,728.0,57.19844357976654,1285.0
EU_EEA,Croatia,HRV,2019,Escherichia coli,Blood/invasive,Aminopenicillins,633,1108,EARS-Net mixed/not reported,Not reported in Atlas aggregate,ECDC Surveillance Atlas aggregate,https://atlas.ecdc.europa.eu/public/,57.12996389891697,0,J01C_penicillins,8.3875,8.3065,8.278599999999999,8.3285,11.8017,1.3782999999999999,,,,1.947640662936768,,,,1.570054870429728,3949390,21.1822163945349,56.303247958306,15563.7354996625,6.78699923,https://api.worldbank.org/v2/,57.74299835255354,58.76651982378855,57.3346116970278,-0.1637464865567709,0.6305128866557855,7.011213987350367,57.67835550181378,827.0,55.759429153924565,981.0,,
EU_EEA,Croatia,HRV,2020,Escherichia coli,Blood/invasive,Aminopenicillins,477,827,EUCAST,EUCAST required; exact version unavailable in Atlas aggregate,ECDC Surveillance Atlas aggregate,https://atlas.ecdc.europa.eu/public/,57.67835550181378,1,J01C_penicillins,6.5509,8.3875,8.3065,8.278599999999999,9.4688,1.1793,,,,2.559882976778206,,,,1.947640662936768,3914206,21.6661760190675,56.5284863367411,14807.5559227544,7.68352938,https://api.worldbank.org/v2/,57.12996389891697,57.74299835255354,58.76651982378855,-0.3877527419561001,0.5911184514627718,6.71901315438526,55.76923076923077,728.0,57.19844357976654,1285.0,,
EU_EEA,Croatia,HRV,2021,Escherichia coli,Blood/invasive,Aminopenicillins,406,728,EUCAST,EUCAST required; exact version unavailable in Atlas aggregate,ECDC Surveillance Atlas aggregate,https://atlas.ecdc.europa.eu/public/,55.76923076923077,0,J01C_penicillins,7.3363000000000005,6.5509,8.3875,8.3065,10.6696,1.4217,,,,3.602597929774712,,,,2.559882976778206,3878981,22.1006673274542,56.7683502560171,17788.7601163765,8.08265686,https://api.worldbank.org/v2/,57.67835550181378,57.12996389891697,57.74299835255354,-0.5372911147071621,0.7934431949337585,6.591673732008658,55.759429153924565,981.0,,,,
EU_EEA,Croatia,HRV,2022,Escherichia coli,Blood/invasive,Aminopenicillins,547,981,EUCAST,EUCAST required; exact version unavailable in Atlas aggregate,ECDC Surveillance Atlas aggregate,https://atlas.ecdc.europa.eu/public/,55.759429153924565,0,J01C_penicillins,8.295399999999999,7.3363000000000005,6.5509,8.3875,12.0217,1.4685999999999997,,,,3.885227216413104,,,,3.602597929774712,3855641,22.4847051223347,56.9977571733605,18465.531473659,7.29636335,https://api.worldbank.org/v2/,55.76923076923077,57.67835550181378,57.12996389891697,-0.6020728967560355,0.8425343143023604,6.889591308354466,57.19844357976654,1285.0,,,,
EU_EEA,Croatia,HRV,2023,Escherichia coli,Blood/invasive,Aminopenicillins,735,1285,EUCAST,EUCAST required; exact version unavailable in Atlas aggregate,ECDC Surveillance Atlas aggregate,https://atlas.ecdc.europa.eu/public/,57.19844357976654,0,J01C_penicillins,,,,,,,,,,,,,,,3859686,22.815365461733,57.2431560672198,22183.4982258492,7.14699411,https://api.worldbank.org/v2/,55.759429153924565,55.76923076923077,57.67835550181378,-0.1449537381448061,0.8540659691056663,7.1592919047975645,,,,,,
EU_EEA,Croatia,HRV,2013,Escherichia coli,Blood/invasive,Carbapenems,0,1038,EARS-Net mixed/not reported,Not reported in Atlas aggregate,ECDC Surveillance Atlas aggregate,https://atlas.ecdc.europa.eu/public/,0.0,0,J01DH_carbapenems,0.0453,,,,12.2369,1.1601,,,,0.4178620431582886,,,,,4233922,18.4765925399494,55.3659479687433,14135.0903485872,6.37271595,https://api.worldbank.org/v2/,0.0,0.0,0.3440366972477064,-0.10321100917431197,0.14897225982530482,6.946013991099227,0.0,1079.0,0.0,1045.0,0.0,1190.0
EU_EEA,Croatia,HRV,2014,Escherichia coli,Blood/invasive,Carbapenems,0,1079,EARS-Net mixed/not reported,Not reported in Atlas aggregate,ECDC Surveillance Atlas aggregate,https://atlas.ecdc.europa.eu/public/,0.0,0,J01DH_carbapenems,0.0547,0.0453,,,12.256700000000002,1.2233,,,,0.9110680068183156,,,,0.4178620431582886,4201598,18.8122396153648,55.4591834926844,14186.7712230471,6.56612396,https://api.worldbank.org/v2/,0.0,0.0,0.0,0.0,0.0,6.984716320118266,0.0,1046.0,0.0,1132.0,0.1834862385321101,1090.0
EU_EEA,Croatia,HRV,2015,Escherichia coli,Blood/invasive,Carbapenems,0,1046,EARS-Net mixed/not reported,Not reported in Atlas aggregate,ECDC Surveillance Atlas aggregate,https://atlas.ecdc.europa.eu/public/,0.0,0,J01DH_carbapenems,0.0588,0.0547,0.0453,,12.3246,1.2671,,,,0.8613264427217916,,,,0.9110680068183156,4151725,19.2311236257324,55.5812594509004,12283.8750299177,6.65548038,https://api.worldbank.org/v2/,0.0,0.0,0.0,0.0,0.0,6.953684210870537,0.0,1045.0,0.0,1190.0,0.0,820.0
EU_EEA,Croatia,HRV,2016,Escherichia coli,Blood/invasive,Carbapenems,0,1045,EARS-Net mixed/not reported,Not reported in Atlas aggregate,ECDC Surveillance Atlas aggregate,https://atlas.ecdc.europa.eu/public/,0.0,0,J01DH_carbapenems,0.0607,0.0588,0.0547,0.0453,11.8555,1.2276,,,,1.0359933696424346,,,,0.8613264427217916,4106867,19.6581193481792,55.7294398599808,12820.1872746645,6.69167471,https://api.worldbank.org/v2/,0.0,0.0,0.0,0.0,0.0,6.952728644624869,0.0,1132.0,0.1834862385321101,1090.0,0.0,686.0
EU_EEA,Croatia,HRV,2017,Escherichia coli,Blood/invasive,Carbapenems,0,1132,EARS-Net mixed/not reported,Not reported in Atlas aggregate,ECDC Surveillance Atlas aggregate,https://atlas.ecdc.europa.eu/public/,0.0,0,J01DH_carbapenems,0.0754,0.0607,0.0588,0.0547,11.7995,1.3054000000000001,,,,1.448383849681244,,,,1.0359933696424346,4041407,20.1354432241616,55.9009887365155,13901.6498657787,6.62803125,https://api.worldbank.org/v2/,0.0,0.0,0.0,0.0,0.0,7.0326242610280065,0.0,1190.0,0.0,820.0,0.10204081632653061,980.0
EU_EEA,Croatia,HRV,2018,Escherichia coli,Blood/invasive,Carbapenems,0,1190,EARS-Net mixed/not reported,Not reported in Atlas aggregate,ECDC Surveillance Atlas aggregate,https://atlas.ecdc.europa.eu/public/,0.0,0,J01DH_carbapenems,0.0747999999999999,0.0754,0.0607,0.0588,11.8401,1.3157999999999999,,,,1.570054870429728,,,,1.448383849681244,3988775,20.6682803013664,56.093170097094,15460.4560798984,6.7136178,https://api.worldbank.org/v2/,0.0,0.0,0.0,0.0,0.0,7.0825485693553,0.1834862385321101,1090.0,0.0,686.0,0.15360983102918588,1302.0
EU_EEA,Croatia,HRV,2019,Escherichia coli,Blood/invasive,Carbapenems,2,1090,EARS-Net mixed/not reported,Not reported in Atlas aggregate,ECDC Surveillance Atlas aggregate,https://atlas.ecdc.europa.eu/public/,0.1834862385321101,0,J01DH_carbapenems,0.0818,0.0747999999999999,0.0754,0.0607,11.8017,1.3782999999999999,,,,1.947640662936768,,,,1.570054870429728,3949390,21.1822163945349,56.303247958306,15563.7354996625,6.78699923,https://api.worldbank.org/v2/,0.0,0.0,0.0,0.05504587155963303,0.07945187190682927,6.994849985833071,0.0,820.0,0.10204081632653061,980.0,,
EU_EEA,Croatia,HRV,2020,Escherichia coli,Blood/invasive,Carbapenems,0,820,EUCAST,EUCAST required; exact version unavailable in Atlas aggregate,ECDC Surveillance Atlas aggregate,https://atlas.ecdc.europa.eu/public/,0.0,1,J01DH_carbapenems,0.0887,0.0818,0.0747999999999999,0.0754,9.4688,1.1793,,,,2.559882976778206,,,,1.947640662936768,3914206,21.6661760190675,56.5284863367411,14807.5559227544,7.68352938,https://api.worldbank.org/v2/,0.1834862385321101,0.0,0.0,0.018348623853211014,0.07945187190682927,6.710523109452428,0.0,686.0,0.15360983102918588,1302.0,,
EU_EEA,Croatia,HRV,2021,Escherichia coli,Blood/invasive,Carbapenems,0,686,EUCAST,EUCAST required; exact version unavailable in Atlas aggregate,ECDC Surveillance Atlas aggregate,https://atlas.ecdc.europa.eu/public/,0.0,0,J01DH_carbapenems,0.1171,0.0887,0.0818,0.0747999999999999,10.6696,1.4217,,,,3.602597929774712,,,,2.559882976778206,3878981,22.1006673274542,56.7683502560171,17788.7601163765,8.08265686,https://api.worldbank.org/v2/,0.0,0.1834862385321101,0.0,-0.018348623853211017,0.07945187190682927,6.532334292222349,0.10204081632653061,980.0,,,,
EU_EEA,Croatia,HRV,2022,Escherichia coli,Blood/invasive,Carbapenems,1,980,EUCAST,EUCAST required; exact version unavailable in Atlas aggregate,ECDC Surveillance Atlas aggregate,https://atlas.ecdc.europa.eu/public/,0.10204081632653061,0,J01DH_carbapenems,0.1231,0.1171,0.0887,0.0818,12.0217,1.4685999999999997,,,,3.885227216413104,,,,3.602597929774712,3855641,22.4847051223347,56.9977571733605,18465.531473659,7.29636335,https://api.worldbank.org/v2/,0.0,0.0,0.1834862385321101,-0.024433626661673875,0.07697094121027898,6.8885724595653635,0.15360983102918588,1302.0,,,,
EU_EEA,Croatia,HRV,2023,Escherichia coli,Blood/invasive,Carbapenems,2,1302,EUCAST,EUCAST required; exact version unavailable in Atlas aggregate,ECDC Surveillance Atlas aggregate,https://atlas.ecdc.europa.eu/public/,0.15360983102918588,0,J01DH_carbapenems,,,,,,,,,,,,,,,3859686,22.815365461733,57.2431560672198,22183.4982258492,7.14699411,https://api.worldbank.org/v2/,0.10204081632653061,0.0,0.0,0.05628703094140885,0.066462386001502,7.172424577124845,,,,,,
EU_EEA,Croatia,HRV,2013,Escherichia coli,Blood/invasive,Fluoroquinolones,207,1026,EARS-Net mixed/not reported,Not reported in Atlas aggregate,ECDC Surveillance Atlas aggregate,https://atlas.ecdc.europa.eu/public/,20.17543859649123,0,J01M_quinolones,1.6614,,,,12.2369,1.1601,,,,0.4178620431582886,,,,,4233922,18.4765925399494,55.3659479687433,14135.0903485872,6.37271595,https://api.worldbank.org/v2/,17.04035874439462,20.27310924369748,17.009132420091323,0.6266168029896808,1.6001749048183527,6.934397209928558,20.05597014925373,1072.0,27.857829010566764,1041.0,30.025020850708923,1199.0
EU_EEA,Croatia,HRV,2014,Escherichia coli,Blood/invasive,Fluoroquinolones,215,1072,EARS-Net mixed/not reported,Not reported in Atlas aggregate,ECDC Surveillance Atlas aggregate,https://atlas.ecdc.europa.eu/public/,20.05597014925373,0,J01M_quinolones,1.6961000000000002,1.6614,,,12.256700000000002,1.2233,,,,0.9110680068183156,,,,0.4178620431582886,4201598,18.8122396153648,55.4591834926844,14186.7712230471,6.56612396,https://api.worldbank.org/v2/,20.17543859649123,17.04035874439462,20.27310924369748,0.24836625687653366,1.3565644858066206,6.9782137426306985,23.98843930635838,1038.0,28.17391304347826,1150.0,27.256317689530686,1108.0
EU_EEA,Croatia,HRV,2015,Escherichia coli,Blood/invasive,Fluoroquinolones,249,1038,EARS-Net mixed/not reported,Not reported in Atlas aggregate,ECDC Surveillance Atlas aggregate,https://atlas.ecdc.europa.eu/public/,23.98843930635838,0,J01M_quinolones,1.705,1.6961000000000002,1.6614,,12.3246,1.2671,,,,0.8613264427217916,,,,0.9110680068183156,4151725,19.2311236257324,55.5812594509004,12283.8750299177,6.65548038,https://api.worldbank.org/v2/,20.05597014925373,20.17543859649123,17.04035874439462,2.072477323865375,2.464954640994808,6.946013991099227,27.857829010566764,1041.0,30.025020850708923,1199.0,29.661016949152543,826.0
EU_EEA,Croatia,HRV,2016,Escherichia coli,Blood/invasive,Fluoroquinolones,290,1041,EARS-Net mixed/not reported,Not reported in Atlas aggregate,ECDC Surveillance Atlas aggregate,https://atlas.ecdc.europa.eu/public/,27.857829010566764,0,J01M_quinolones,1.7003,1.705,1.6961000000000002,1.6614,11.8555,1.2276,,,,1.0359933696424346,,,,0.8613264427217916,4106867,19.6581193481792,55.7294398599808,12820.1872746645,6.69167471,https://api.worldbank.org/v2/,23.98843930635838,20.05597014925373,20.17543859649123,2.697964039933124,3.2101193673685526,6.948897222313312,28.17391304347826,1150.0,27.256317689530686,1108.0,28.9875173370319,721.0
EU_EEA,Croatia,HRV,2017,Escherichia coli,Blood/invasive,Fluoroquinolones,324,1150,EARS-Net mixed/not reported,Not reported in Atlas aggregate,ECDC Surveillance Atlas aggregate,https://atlas.ecdc.europa.eu/public/,28.17391304347826,0,J01M_quinolones,1.7304000000000002,1.7003,1.705,1.6961000000000002,11.7995,1.3054000000000001,,,,1.448383849681244,,,,1.0359933696424346,4041407,20.1354432241616,55.9009887365155,13901.6498657787,6.62803125,https://api.worldbank.org/v2/,27.857829010566764,23.98843930635838,20.05597014925373,2.822321838688193,3.3055312394562146,7.048386408721883,30.025020850708923,1199.0,29.661016949152543,826.0,30.256410256410255,975.0
EU_EEA,Croatia,HRV,2018,Escherichia coli,Blood/invasive,Fluoroquinolones,360,1199,EARS-Net mixed/not reported,Not reported in Atlas aggregate,ECDC Surveillance Atlas aggregate,https://atlas.ecdc.europa.eu/public/,30.025020850708923,0,J01M_quinolones,1.7227999999999999,1.7304000000000002,1.7003,1.705,11.8401,1.3157999999999999,,,,1.570054870429728,,,,1.448383849681244,3988775,20.6682803013664,56.093170097094,15460.4560798984,6.7136178,https://api.worldbank.org/v2/,28.17391304347826,27.857829010566764,23.98843930635838,1.8425828665963089,2.195932511636277,7.090076835776092,27.256317689530686,1108.0,28.9875173370319,721.0,29.638183217859893,1299.0
EU_EEA,Croatia,HRV,2019,Escherichia coli,Blood/invasive,Fluoroquinolones,302,1108,EARS-Net mixed/not reported,Not reported in Atlas aggregate,ECDC Surveillance Atlas aggregate,https://atlas.ecdc.europa.eu/public/,27.256317689530686,0,J01M_quinolones,1.6008,1.7227999999999999,1.7304000000000002,1.7003,11.8017,1.3782999999999999,,,,1.947640662936768,,,,1.570054870429728,3949390,21.1822163945349,56.303247958306,15563.7354996625,6.78699923,https://api.worldbank.org/v2/,30.025020850708923,28.17391304347826,27.857829010566764,0.004657384412237476,1.0335842974653398,7.011213987350367,29.661016949152543,826.0,30.256410256410255,975.0,,
EU_EEA,Croatia,HRV,2020,Escherichia coli,Blood/invasive,Fluoroquinolones,245,826,EUCAST,EUCAST required; exact version unavailable in Atlas aggregate,ECDC Surveillance Atlas aggregate,https://atlas.ecdc.europa.eu/public/,29.661016949152543,1,J01M_quinolones,1.4161,1.6008,1.7227999999999999,1.7304000000000002,9.4688,1.1793,,,,2.559882976778206,,,,1.947640662936768,3914206,21.6661760190675,56.5284863367411,14807.5559227544,7.68352938,https://api.worldbank.org/v2/,27.256317689530686,30.025020850708923,28.17391304347826,0.16926085558445572,1.1197336161488838,6.717804695023691,28.9875173370319,721.0,29.638183217859893,1299.0,,
EU_EEA,Croatia,HRV,2021,Escherichia coli,Blood/invasive,Fluoroquinolones,209,721,EUCAST,EUCAST required; exact version unavailable in Atlas aggregate,ECDC Surveillance Atlas aggregate,https://atlas.ecdc.europa.eu/public/,28.9875173370319,0,J01M_quinolones,1.6773,1.4161,1.6008,1.7227999999999999,10.6696,1.4217,,,,3.602597929774712,,,,2.559882976778206,3878981,22.1006673274542,56.7683502560171,17788.7601163765,8.08265686,https://api.worldbank.org/v2/,29.661016949152543,27.256317689530686,30.025020850708923,-0.07078112814092491,1.0638333413950662,6.582025138892826,30.256410256410255,975.0,,,,
EU_EEA,Croatia,HRV,2022,Escherichia coli,Blood/invasive,Fluoroquinolones,295,975,EUCAST,EUCAST required; exact version unavailable in Atlas aggregate,ECDC Surveillance Atlas aggregate,https://atlas.ecdc.europa.eu/public/,30.256410256410255,0,J01M_quinolones,1.7438999999999996,1.6773,1.4161,1.6008,12.0217,1.4685999999999997,,,,3.885227216413104,,,,3.602597929774712,3855641,22.4847051223347,56.9977571733605,18465.531473659,7.29636335,https://api.worldbank.org/v2/,28.9875173370319,29.661016949152543,27.256317689530686,0.8326778088518033,1.1235649268423396,6.883462586413092,29.638183217859893,1299.0,,,,
EU_EEA,Croatia,HRV,2023,Escherichia coli,Blood/invasive,Fluoroquinolones,385,1299,EUCAST,EUCAST required; exact version unavailable in Atlas aggregate,ECDC Surveillance Atlas aggregate,https://atlas.ecdc.europa.eu/public/,29.638183217859893,0,J01M_quinolones,,,,,,,,,,,,,,,3859686,22.815365461733,57.2431560672198,22183.4982258492,7.14699411,https://api.worldbank.org/v2/,30.256410256410255,28.9875173370319,29.661016949152543,0.12003917255003856,0.44890674822677684,7.170119543449628,,,,,,
EU_EEA,Croatia,HRV,2013,Escherichia coli,Blood/invasive,Third-generation cephalosporins,91,1040,EARS-Net mixed/not reported,Not reported in Atlas aggregate,ECDC Surveillance Atlas aggregate,https://atlas.ecdc.europa.eu/public/,8.75,0,J01D_other_beta_lactams,3.4705999999999997,,,,12.2369,1.1601,,,,0.4178620431582886,,,,,4233922,18.4765925399494,55.3659479687433,14135.0903485872,6.37271595,https://api.worldbank.org/v2/,7.6158940397351,9.562563580874873,8.73015873015873,-0.1887145731615982,0.6924077337578766,6.947937068614969,10.843373493975903,1079.0,14.736842105263158,1045.0,14.811643835616438,1168.0
EU_EEA,Croatia,HRV,2014,Escherichia coli,Blood/invasive,Third-generation cephalosporins,117,1079,EARS-Net mixed/not reported,Not reported in Atlas aggregate,ECDC Surveillance Atlas aggregate,https://atlas.ecdc.europa.eu/public/,10.843373493975903,0,J01D_other_beta_lactams,3.3303000000000003,3.4705999999999997,,,12.256700000000002,1.2233,,,,0.9110680068183156,,,,0.4178620431582886,4201598,18.8122396153648,55.4591834926844,14186.7712230471,6.56612396,https://api.worldbank.org/v2/,8.75,7.6158940397351,9.562563580874873,0.4976535699567974,1.1772661246187928,6.984716320118266,12.523900573613767,1046.0,16.463414634146343,1148.0,15.944700460829493,1085.0
EU_EEA,Croatia,HRV,2015,Escherichia coli,Blood/invasive,Third-generation cephalosporins,131,1046,EARS-Net mixed/not reported,Not reported in Atlas aggregate,ECDC Surveillance Atlas aggregate,https://atlas.ecdc.europa.eu/public/,12.523900573613767,0,J01D_other_beta_lactams,3.2824,3.3303000000000003,3.4705999999999997,,12.3246,1.2671,,,,0.8613264427217916,,,,0.9110680068183156,4151725,19.2311236257324,55.5812594509004,12283.8750299177,6.65548038,https://api.worldbank.org/v2/,10.843373493975903,8.75,7.6158940397351,1.6817393095611892,1.8914289816738092,6.953684210870537,14.736842105263158,1045.0,14.811643835616438,1168.0,16.56590084643289,827.0
EU_EEA,Croatia,HRV,2016,Escherichia coli,Blood/invasive,Third-generation cephalosporins,154,1045,EARS-Net mixed/not reported,Not reported in Atlas aggregate,ECDC Surveillance Atlas aggregate,https://atlas.ecdc.europa.eu/public/,14.736842105263158,0,J01D_other_beta_lactams,2.9936,3.2824,3.3303000000000003,3.4705999999999997,11.8555,1.2276,,,,1.0359933696424346,,,,0.8613264427217916,4106867,19.6581193481792,55.7294398599808,12820.1872746645,6.69167471,https://api.worldbank.org/v2/,12.523900573613767,10.843373493975903,8.75,1.9641053395427333,2.198681363811174,6.952728644624869,16.463414634146343,1148.0,15.944700460829493,1085.0,18.59504132231405,726.0
EU_EEA,Croatia,HRV,2017,Escherichia coli,Blood/invasive,Third-generation cephalosporins,189,1148,EARS-Net mixed/not reported,Not reported in Atlas aggregate,ECDC Surveillance Atlas aggregate,https://atlas.ecdc.europa.eu/public/,16.463414634146343,0,J01D_other_beta_lactams,3.0205,2.9936,3.2824,3.3303000000000003,11.7995,1.3054000000000001,,,,1.448383849681244,,,,1.0359933696424346,4041407,20.1354432241616,55.9009887365155,13901.6498657787,6.62803125,https://api.worldbank.org/v2/,14.736842105263158,12.523900573613767,10.843373493975903,1.907306495216069,2.1355044114741695,7.046647277848756,14.811643835616438,1168.0,16.56590084643289,827.0,17.426545086119553,987.0
EU_EEA,Croatia,HRV,2018,Escherichia coli,Blood/invasive,Third-generation cephalosporins,173,1168,EARS-Net mixed/not reported,Not reported in Atlas aggregate,ECDC Surveillance Atlas aggregate,https://atlas.ecdc.europa.eu/public/,14.811643835616438,0,J01D_other_beta_lactams,3.0518,3.0205,2.9936,3.2824,11.8401,1.3157999999999999,,,,1.570054870429728,,,,1.448383849681244,3988775,20.6682803013664,56.093170097094,15460.4560798984,6.7136178,https://api.worldbank.org/v2/,16.463414634146343,14.736842105263158,12.523900573613767,0.8589802314891171,1.4001260045015875,7.063903961472068,15.944700460829493,1085.0,18.59504132231405,726.0,20.0,1310.0
EU_EEA,Croatia,HRV,2019,Escherichia coli,Blood/invasive,Third-generation cephalosporins,173,1085,EARS-Net mixed/not reported,Not reported in Atlas aggregate,ECDC Surveillance Atlas aggregate,https://atlas.ecdc.europa.eu/public/,15.944700460829493,0,J01D_other_beta_lactams,3.1099,3.0518,3.0205,2.9936,11.8017,1.3782999999999999,,,,1.947640662936768,,,,1.570054870429728,3949390,21.1822163945349,56.303247958306,15563.7354996625,6.78699923,https://api.worldbank.org/v2/,14.811643835616438,16.463414634146343,14.736842105263158,0.1971804268169084,0.738528870622386,6.990256500493881,16.56590084643289,827.0,17.426545086119553,987.0,,
EU_EEA,Croatia,HRV,2020,Escherichia coli,Blood/invasive,Third-generation cephalosporins,137,827,EUCAST,EUCAST required; exact version unavailable in Atlas aggregate,ECDC Surveillance Atlas aggregate,https://atlas.ecdc.europa.eu/public/,16.56590084643289,1,J01D_other_beta_lactams,2.5923999999999996,3.1099,3.0518,3.0205,9.4688,1.1793,,,,2.559882976778206,,,,1.947640662936768,3914206,21.6661760190675,56.5284863367411,14807.5559227544,7.68352938,https://api.worldbank.org/v2/,15.944700460829493,14.811643835616438,16.463414634146343,0.1440515262072672,0.6961967880562056,6.71901315438526,18.59504132231405,726.0,20.0,1310.0,,
EU_EEA,Croatia,HRV,2021,Escherichia coli,Blood/invasive,Third-generation cephalosporins,135,726,EUCAST,EUCAST required; exact version unavailable in Atlas aggregate,ECDC Surveillance Atlas aggregate,https://atlas.ecdc.europa.eu/public/,18.59504132231405,0,J01D_other_beta_lactams,2.9606000000000003,2.5923999999999996,3.1099,3.0518,10.6696,1.4217,,,,3.602597929774712,,,,2.559882976778206,3878981,22.1006673274542,56.7683502560171,17788.7601163765,8.08265686,https://api.worldbank.org/v2/,16.56590084643289,15.944700460829493,14.811643835616438,1.1971392845696218,1.373930019830783,6.588926477533519,17.426545086119553,987.0,,,,
EU_EEA,Croatia,HRV,2022,Escherichia coli,Blood/invasive,Third-generation cephalosporins,172,987,EUCAST,EUCAST required; exact version unavailable in Atlas aggregate,ECDC Surveillance Atlas aggregate,https://atlas.ecdc.europa.eu/public/,17.426545086119553,0,J01D_other_beta_lactams,3.3278999999999996,2.9606000000000003,2.5923999999999996,3.1099,12.0217,1.4685999999999997,,,,3.885227216413104,,,,3.602597929774712,3855641,22.4847051223347,56.9977571733605,18465.531473659,7.29636335,https://api.worldbank.org/v2/,18.59504132231405,16.56590084643289,15.944700460829493,0.6474674351751333,0.9946595877106466,6.895682697747868,20.0,1310.0,,,,
EU_EEA,Croatia,HRV,2023,Escherichia coli,Blood/invasive,Third-generation cephalosporins,262,1310,EUCAST,EUCAST required; exact version unavailable in Atlas aggregate,ECDC Surveillance Atlas aggregate,https://atlas.ecdc.europa.eu/public/,20.0,0,J01D_other_beta_lactams,,,,,,,,,,,,,,,3859686,22.815365461733,57.2431560672198,22183.4982258492,7.14699411,https://api.worldbank.org/v2/,17.426545086119553,18.59504132231405,16.56590084643289,0.9133801224506817,1.2896976173816068,7.1785454837637,,,,,,
EU_EEA,Hungary,HUN,2013,Escherichia coli,Blood/invasive,Aminoglycosides,242,1427,EARS-Net mixed/not reported,Not reported in Atlas aggregate,ECDC Surveillance Atlas aggregate,https://atlas.ecdc.europa.eu/public/,16.95865451997197,0,J01G_aminoglycosides,,,,,8.578,0.8492999999999999,,,,0.3723764387271498,,,,,9872734,17.3215490022521,69.9277636266638,13739.4620151401,7.23645353,https://api.worldbank.org/v2/,17.094017094017094,14.55437448896157,19.86947063089195,-0.6192805727704462,1.8820685066617273,7.2640301428995295,14.720496894409937,1610.0,13.25301204819277,1992.0,17.402826855123674,2264.0
EU_EEA,Hungary,HUN,2014,Escherichia coli,Blood/invasive,Aminoglycosides,237,1610,EARS-Net mixed/not reported,Not reported in Atlas aggregate,ECDC Surveillance Atlas aggregate,https://atlas.ecdc.europa.eu/public/,14.720496894409937,0,J01G_aminoglycosides,,,,,8.9362,0.8753,,,,0.4206439087526292,,,,0.3723764387271498,9833038,17.6863017779257,70.3071053512008,14352.501883174,7.04192352,https://api.worldbank.org/v2/,16.95865451997197,17.094017094017094,14.55437448896157,0.03630046422999352,1.1968504084621783,7.384610383176974,13.564356435643564,2020.0,15.097087378640778,2060.0,15.719618415595189,2411.0
EU_EEA,Hungary,HUN,2015,Escherichia coli,Blood/invasive,Aminoglycosides,274,2020,EARS-Net mixed/not reported,Not reported in Atlas aggregate,ECDC Surveillance Atlas aggregate,https://atlas.ecdc.europa.eu/public/,13.564356435643564,0,J01G_aminoglycosides,,,,,9.465,0.8614999999999997,,,,0.5198448716890833,,,,0.4206439087526292,9797755,18.0559904650891,70.4847717285156,12782.9412577973,6.8501935,https://api.worldbank.org/v2/,14.720496894409937,16.95865451997197,17.094017094017094,-1.2827139600682649,1.499535247380806,7.611347717403621,13.25301204819277,1992.0,17.402826855123674,2264.0,16.68372569089048,1954.0
EU_EEA,Hungary,HUN,2016,Escherichia coli,Blood/invasive,Aminoglycosides,264,1992,EARS-Net mixed/not reported,Not reported in Atlas aggregate,ECDC Surveillance Atlas aggregate,https://atlas.ecdc.europa.eu/public/,13.25301204819277,0,J01G_aminoglycosides,,,,,8.8282,0.8556999999999999,,,,0.6695853721349472,,,,0.5198448716890833,9759755,18.4382661409188,70.4733810424805,13215.8605277789,6.96752644,https://api.worldbank.org/v2/,13.564356435643564,14.720496894409937,16.95865451997197,-1.2273067874104,1.4545081435115224,7.597396320212795,15.097087378640778,2060.0,15.719618415595189,2411.0,17.496962332928312,2469.0
EU_EEA,Hungary,HUN,2017,Escherichia coli,Blood/invasive,Aminoglycosides,311,2060,EARS-Net mixed/not reported,Not reported in Atlas aggregate,ECDC Surveillance Atlas aggregate,https://atlas.ecdc.europa.eu/public/,15.097087378640778,0,J01G_aminoglycosides,,,,,9.0142,0.8913999999999997,,,,0.7595557007513883,,,,0.6695853721349472,9726756,18.7797493757284,70.4542541503906,14736.1668157258,6.73338366,https://api.worldbank.org/v2/,13.25301204819277,13.564356435643564,14.720496894409937,0.08184270652416997,0.7696917492847303,7.630946580890459,17.402826855123674,2264.0,16.68372569089048,1954.0,16.321749316673174,2561.0
EU_EEA,Hungary,HUN,2018,Escherichia coli,Blood/invasive,Aminoglycosides,394,2264,EARS-Net mixed/not reported,Not reported in Atlas aggregate,ECDC Surveillance Atlas aggregate,https://atlas.ecdc.europa.eu/public/,17.402826855123674,0,J01G_aminoglycosides,,,,,9.0642,0.8815,,,,0.8173037232725172,,,,0.7595557007513883,9706964,19.1292329288769,70.4711761474609,16605.0570511887,6.55460501,https://api.worldbank.org/v2/,15.097087378640778,13.25301204819277,13.564356435643564,1.3359486588888316,1.6416086988462628,7.725330037917135,15.719618415595189,2411.0,17.496962332928312,2469.0,14.778503994190269,2754.0
EU_EEA,Hungary,HUN,2019,Escherichia coli,Blood/invasive,Aminoglycosides,379,2411,EARS-Net mixed/not reported,Not reported in Atlas aggregate,ECDC Surveillance Atlas aggregate,https://atlas.ecdc.europa.eu/public/,15.719618415595189,0,J01G_aminoglycosides,,,,,8.5989,0.8508999999999998,,,,0.865662071176659,,,,0.8173037232725172,9694824,19.6029229874294,70.4565277099609,17012.8598553199,6.24677849,https://api.worldbank.org/v2/,17.402826855123674,15.097087378640778,13.25301204819277,0.9705558578690127,1.484143140927264,7.788211557847076,16.68372569089048,1954.0,16.321749316673174,2561.0,,
EU_EEA,Hungary,HUN,2020,Escherichia coli,Blood/invasive,Aminoglycosides,326,1954,EUCAST,EUCAST required; exact version unavailable in Atlas aggregate,ECDC Surveillance Atlas aggregate,https://atlas.ecdc.europa.eu/public/,16.68372569089048,1,J01G_aminoglycosides,,,,,5.9449000000000005,0.8619999999999999,,,,0.9356725146198832,,,,0.865662071176659,9670419,20.0906737724303,70.2917327880859,16386.9308821258,7.230515,https://api.worldbank.org/v2/,15.719618415595189,17.402826855123674,15.097087378640778,0.30767064972205915,0.8839259207104326,7.578145472419466,17.496962332928312,2469.0,14.778503994190269,2754.0,,
EU_EEA,Hungary,HUN,2021,Escherichia coli,Blood/invasive,Aminoglycosides,432,2469,EUCAST,EUCAST required; exact version unavailable in Atlas aggregate,ECDC Surveillance Atlas aggregate,https://atlas.ecdc.europa.eu/public/,17.496962332928312,0,J01G_aminoglycosides,,,,,6.01,0.816,,,,1.3425071320691393,,,,0.9356725146198832,9630932,20.4050134893418,70.2059275331413,19030.628130329,7.33524847,https://api.worldbank.org/v2/,16.68372569089048,15.719618415595189,17.402826855123674,0.12465137087091788,0.7119061866827343,7.8119734296220225,16.321749316673174,2561.0,,,,
EU_EEA,Hungary,HUN,2022,Escherichia coli,Blood/invasive,Aminoglycosides,418,2561,EUCAST,EUCAST required; exact version unavailable in Atlas aggregate,ECDC Surveillance Atlas aggregate,https://atlas.ecdc.europa.eu/public/,16.321749316673174,0,J01G_aminoglycosides,,,,,7.6384,0.7525999999999997,,,,1.610291471752429,,,,1.3425071320691393,9605074,20.6075593133653,70.1585064243445,18428.028825614,6.6474123,https://api.worldbank.org/v2/,17.496962332928312,16.68372569089048,15.719618415595189,0.26196293452717617,0.6434536806276077,7.848543482456679,14.778503994190269,2754.0,,,,
EU_EEA,Hungary,HUN,2023,Escherichia coli,Blood/invasive,Aminoglycosides,407,2754,EUCAST,EUCAST required; exact version unavailable in Atlas aggregate,ECDC Surveillance Atlas aggregate,https://atlas.ecdc.europa.eu/public/,14.778503994190269,0,J01G_aminoglycosides,,,,,,,,,,,,,,,9592186,20.819084281895,70.2923026891431,22208.6509820466,6.36868954,https://api.worldbank.org/v2/,16.321749316673174,17.496962332928312,16.68372569089048,-0.6890878106355811,0.9866292978943854,7.9211727215870145,,,,,,
EU_EEA,Hungary,HUN,2013,Escherichia coli,Blood/invasive,Aminopenicillins,860,1411,EARS-Net mixed/not reported,Not reported in Atlas aggregate,ECDC Surveillance Atlas aggregate,https://atlas.ecdc.europa.eu/public/,60.949681077250176,0,J01C_penicillins,4.959300000000001,,,,8.578,0.8492999999999999,,,,0.3723764387271498,,,,,9872734,17.3215490022521,69.9277636266638,13739.4620151401,7.23645353,https://api.worldbank.org/v2/,63.93072289156626,64.68213925327952,65.28614457831326,-1.3760806864902575,1.6656340189396333,7.252762418053187,59.076731129132874,1603.0,57.38953783646521,1969.0,62.71626297577855,2312.0
EU_EEA,Hungary,HUN,2014,Escherichia coli,Blood/invasive,Aminopenicillins,947,1603,EARS-Net mixed/not reported,Not reported in Atlas aggregate,ECDC Surveillance Atlas aggregate,https://atlas.ecdc.europa.eu/public/,59.076731129132874,0,J01C_penicillins,4.949700000000001,4.959300000000001,,,8.9362,0.8753,,,,0.4206439087526292,,,,0.3723764387271498,9833038,17.6863017779257,70.3071053512008,14352.501883174,7.04192352,https://api.worldbank.org/v2/,60.949681077250176,63.93072289156626,64.68213925327952,-1.9797266186756126,2.262082263360075,7.38025578842646,60.558375634517766,1970.0,60.26719445818902,2021.0,59.289039356749896,2363.0
EU_EEA,Hungary,HUN,2015,Escherichia coli,Blood/invasive,Aminopenicillins,1193,1970,EARS-Net mixed/not reported,Not reported in Atlas aggregate,ECDC Surveillance Atlas aggregate,https://atlas.ecdc.europa.eu/public/,60.558375634517766,0,J01C_penicillins,5.0611,4.949700000000001,4.959300000000001,,9.465,0.8614999999999997,,,,0.5198448716890833,,,,0.4206439087526292,9797755,18.0559904650891,70.4847717285156,12782.9412577973,6.8501935,https://api.worldbank.org/v2/,59.076731129132874,60.949681077250176,63.93072289156626,-1.1989991719262898,1.7620461161777956,7.58629630715272,57.38953783646521,1969.0,62.71626297577855,2312.0,58.5920177383592,1804.0
EU_EEA,Hungary,HUN,2016,Escherichia coli,Blood/invasive,Aminopenicillins,1130,1969,EARS-Net mixed/not reported,Not reported in Atlas aggregate,ECDC Surveillance Atlas aggregate,https://atlas.ecdc.europa.eu/public/,57.38953783646521,0,J01C_penicillins,4.674900000000001,5.0611,4.949700000000001,4.959300000000001,8.8282,0.8556999999999999,,,,0.6695853721349472,,,,0.5198448716890833,9759755,18.4382661409188,70.4733810424805,13215.8605277789,6.96752644,https://api.worldbank.org/v2/,60.558375634517766,59.076731129132874,60.949681077250176,-0.9198785216970131,1.4013187090669703,7.585788821732034,60.26719445818902,2021.0,59.289039356749896,2363.0,58.50640742377375,2263.0
EU_EEA,Hungary,HUN,2017,Escherichia coli,Blood/invasive,Aminopenicillins,1218,2021,EARS-Net mixed/not reported,Not reported in Atlas aggregate,ECDC Surveillance Atlas aggregate,https://atlas.ecdc.europa.eu/public/,60.26719445818902,0,J01C_penicillins,4.7956,4.674900000000001,5.0611,4.949700000000001,9.0142,0.8913999999999997,,,,0.7595557007513883,,,,0.6695853721349472,9726756,18.7797493757284,70.4542541503906,14736.1668157258,6.73338366,https://api.worldbank.org/v2/,57.38953783646521,60.558375634517766,59.076731129132874,0.04025521891158018,1.2466535626767206,7.611842399580417,62.71626297577855,2312.0,58.5920177383592,1804.0,58.41541755888651,2335.0
EU_EEA,Hungary,HUN,2018,Escherichia coli,Blood/invasive,Aminopenicillins,1450,2312,EARS-Net mixed/not reported,Not reported in Atlas aggregate,ECDC Surveillance Atlas aggregate,https://atlas.ecdc.europa.eu/public/,62.71626297577855,0,J01C_penicillins,4.900199999999999,4.7956,4.674900000000001,5.0611,9.0642,0.8815,,,,0.8173037232725172,,,,0.7595557007513883,9706964,19.1292329288769,70.4711761474609,16605.0570511887,6.55460501,https://api.worldbank.org/v2/,60.26719445818902,57.38953783646521,60.558375634517766,0.935131864550607,1.89465765693271,7.746300662231439,59.289039356749896,2363.0,58.50640742377375,2263.0,57.364033346566096,2519.0
EU_EEA,Hungary,HUN,2019,Escherichia coli,Blood/invasive,Aminopenicillins,1401,2363,EARS-Net mixed/not reported,Not reported in Atlas aggregate,ECDC Surveillance Atlas aggregate,https://atlas.ecdc.europa.eu/public/,59.289039356749896,0,J01C_penicillins,4.8858,4.900199999999999,4.7956,4.674900000000001,8.5989,0.8508999999999998,,,,0.865662071176659,,,,0.8173037232725172,9694824,19.6029229874294,70.4565277099609,17012.8598553199,6.24677849,https://api.worldbank.org/v2/,62.71626297577855,60.26719445818902,57.38953783646521,0.8147573078443465,1.9196939878053272,7.768110378525988,58.5920177383592,1804.0,58.41541755888651,2335.0,,
EU_EEA,Hungary,HUN,2020,Escherichia coli,Blood/invasive,Aminopenicillins,1057,1804,EUCAST,EUCAST required; exact version unavailable in Atlas aggregate,ECDC Surveillance Atlas aggregate,https://atlas.ecdc.europa.eu/public/,58.5920177383592,1,J01C_penicillins,3.3917,4.8858,4.900199999999999,4.7956,5.9449000000000005,0.8619999999999999,,,,0.9356725146198832,,,,0.865662071176659,9670419,20.0906737724303,70.2917327880859,16386.9308821258,7.230515,https://api.worldbank.org/v2/,59.289039356749896,62.71626297577855,60.26719445818902,-0.8452753778518206,1.561290345729438,7.498315870766981,58.50640742377375,2263.0,57.364033346566096,2519.0,,
EU_EEA,Hungary,HUN,2021,Escherichia coli,Blood/invasive,Aminopenicillins,1324,2263,EUCAST,EUCAST required; exact version unavailable in Atlas aggregate,ECDC Surveillance Atlas aggregate,https://atlas.ecdc.europa.eu/public/,58.50640742377375,0,J01C_penicillins,3.5073999999999996,3.3917,4.8858,4.900199999999999,6.01,0.816,,,,1.3425071320691393,,,,0.9356725146198832,9630932,20.4050134893418,70.2059275331413,19030.628130329,7.33524847,https://api.worldbank.org/v2/,58.5920177383592,59.289039356749896,62.71626297577855,-1.3326588274405162,1.7245257552246567,7.724888439323074,58.41541755888651,2335.0,,,,
EU_EEA,Hungary,HUN,2022,Escherichia coli,Blood/invasive,Aminopenicillins,1364,2335,EUCAST,EUCAST required; exact version unavailable in Atlas aggregate,ECDC Surveillance Atlas aggregate,https://atlas.ecdc.europa.eu/public/,58.41541755888651,0,J01C_penicillins,4.6442,3.5073999999999996,3.3917,4.8858,7.6384,0.7525999999999997,,,,1.610291471752429,,,,1.3425071320691393,9605074,20.6075593133653,70.1585064243445,18428.028825614,6.6474123,https://api.worldbank.org/v2/,58.50640742377375,58.5920177383592,59.289039356749896,-0.2706475708175702,0.3453587654151248,7.756195343948118,57.364033346566096,2519.0,,,,
EU_EEA,Hungary,HUN,2023,Escherichia coli,Blood/invasive,Aminopenicillins,1445,2519,EUCAST,EUCAST required; exact version unavailable in Atlas aggregate,ECDC Surveillance Atlas aggregate,https://atlas.ecdc.europa.eu/public/,57.364033346566096,0,J01C_penicillins,,,,,,,,,,,,,,,9592186,20.819084281895,70.2923026891431,22208.6509820466,6.36868954,https://api.worldbank.org/v2/,58.41541755888651,58.50640742377375,58.5920177383592,-0.3774943040266695,0.4978182942566105,7.832014180505469,,,,,,
EU_EEA,Hungary,HUN,2013,Escherichia coli,Blood/invasive,Carbapenems,2,1355,EARS-Net mixed/not reported,Not reported in Atlas aggregate,ECDC Surveillance Atlas aggregate,https://atlas.ecdc.europa.eu/public/,0.14760147601476015,0,J01DH_carbapenems,0.0319,,,,8.578,0.8492999999999999,,,,0.3723764387271498,,,,,9872734,17.3215490022521,69.9277636266638,13739.4620151401,7.23645353,https://api.worldbank.org/v2/,0.0,0.08688097306689835,0.15255530129672007,-0.010174244891277847,0.06155904503407877,7.212294468500341,0.0,1517.0,0.0,1905.0,0.0,2279.0
EU_EEA,Hungary,HUN,2014,Escherichia coli,Blood/invasive,Carbapenems,0,1517,EARS-Net mixed/not reported,Not reported in Atlas aggregate,ECDC Surveillance Atlas aggregate,https://atlas.ecdc.europa.eu/public/,0.0,0,J01DH_carbapenems,0.0358,0.0319,,,8.9362,0.8753,,,,0.4206439087526292,,,,0.3723764387271498,9833038,17.6863017779257,70.3071053512008,14352.501883174,7.04192352,https://api.worldbank.org/v2/,0.14760147601476015,0.0,0.08688097306689835,-0.011304144318593504,0.062427947409300966,7.325148957955575,0.0,1922.0,0.050327126321087066,1987.0,0.0,2326.0
EU_EEA,Hungary,HUN,2015,Escherichia coli,Blood/invasive,Carbapenems,0,1922,EARS-Net mixed/not reported,Not reported in Atlas aggregate,ECDC Surveillance Atlas aggregate,https://atlas.ecdc.europa.eu/public/,0.0,0,J01DH_carbapenems,0.0390999999999999,0.0358,0.0319,,9.465,0.8614999999999997,,,,0.5198448716890833,,,,0.4206439087526292,9797755,18.0559904650891,70.4847717285156,12782.9412577973,6.8501935,https://api.worldbank.org/v2/,0.0,0.14760147601476015,0.0,-0.014760147601476014,0.0639133139324309,7.56164174558878,0.0,1905.0,0.0,2279.0,0.0,1917.0
EU_EEA,Hungary,HUN,2016,Escherichia coli,Blood/invasive,Carbapenems,0,1905,EARS-Net mixed/not reported,Not reported in Atlas aggregate,ECDC Surveillance Atlas aggregate,https://atlas.ecdc.europa.eu/public/,0.0,0,J01DH_carbapenems,0.0409,0.0390999999999999,0.0358,0.0319,8.8282,0.8556999999999999,,,,0.6695853721349472,,,,0.5198448716890833,9759755,18.4382661409188,70.4733810424805,13215.8605277789,6.96752644,https://api.worldbank.org/v2/,0.0,0.0,0.14760147601476015,-0.04428044280442807,0.0639133139324309,7.552762084214147,0.050327126321087066,1987.0,0.0,2326.0,0.0,2391.0
EU_EEA,Hungary,HUN,2017,Escherichia coli,Blood/invasive,Carbapenems,1,1987,EARS-Net mixed/not reported,Not reported in Atlas aggregate,ECDC Surveillance Atlas aggregate,https://atlas.ecdc.europa.eu/public/,0.050327126321087066,0,J01DH_carbapenems,0.0448,0.0409,0.0390999999999999,0.0358,9.0142,0.8913999999999997,,,,0.7595557007513883,,,,0.6695853721349472,9726756,18.7797493757284,70.4542541503906,14736.1668157258,6.73338366,https://api.worldbank.org/v2/,0.0,0.0,0.0,0.015098137896326125,0.02179228494676494,7.59488438721652,0.0,2279.0,0.0,1917.0,0.1988071570576541,2515.0
EU_EEA,Hungary,HUN,2018,Escherichia coli,Blood/invasive,Carbapenems,0,2279,EARS-Net mixed/not reported,Not reported in Atlas aggregate,ECDC Surveillance Atlas aggregate,https://atlas.ecdc.europa.eu/public/,0.0,0,J01DH_carbapenems,0.0493,0.0448,0.0409,0.0390999999999999,9.0642,0.8815,,,,0.8173037232725172,,,,0.7595557007513883,9706964,19.1292329288769,70.4711761474609,16605.0570511887,6.55460501,https://api.worldbank.org/v2/,0.050327126321087066,0.0,0.0,0.005032712632108707,0.02179228494676494,7.731930721948486,0.0,2326.0,0.0,2391.0,0.22321428571428573,2688.0
EU_EEA,Hungary,HUN,2019,Escherichia coli,Blood/invasive,Carbapenems,0,2326,EARS-Net mixed/not reported,Not reported in Atlas aggregate,ECDC Surveillance Atlas aggregate,https://atlas.ecdc.europa.eu/public/,0.0,0,J01DH_carbapenems,0.0506999999999999,0.0493,0.0448,0.0409,8.5989,0.8508999999999998,,,,0.865662071176659,,,,0.8173037232725172,9694824,19.6029229874294,70.4565277099609,17012.8598553199,6.24677849,https://api.worldbank.org/v2/,0.0,0.050327126321087066,0.0,-0.005032712632108711,0.02179228494676494,7.752335163302292,0.0,1917.0,0.1988071570576541,2515.0,,
EU_EEA,Hungary,HUN,2020,Escherichia coli,Blood/invasive,Carbapenems,0,1917,EUCAST,EUCAST required; exact version unavailable in Atlas aggregate,ECDC Surveillance Atlas aggregate,https://atlas.ecdc.europa.eu/public/,0.0,1,J01DH_carbapenems,0.0652,0.0506999999999999,0.0493,0.0448,5.9449000000000005,0.8619999999999999,,,,0.9356725146198832,,,,0.865662071176659,9670419,20.0906737724303,70.2917327880859,16386.9308821258,7.230515,https://api.worldbank.org/v2/,0.0,0.0,0.050327126321087066,-0.015098137896326127,0.02179228494676494,7.559038255443384,0.0,2391.0,0.22321428571428573,2688.0,,
EU_EEA,Hungary,HUN,2021,Escherichia coli,Blood/invasive,Carbapenems,0,2391,EUCAST,EUCAST required; exact version unavailable in Atlas aggregate,ECDC Surveillance Atlas aggregate,https://atlas.ecdc.europa.eu/public/,0.0,0,J01DH_carbapenems,0.0677,0.0652,0.0506999999999999,0.0493,6.01,0.816,,,,1.3425071320691393,,,,0.9356725146198832,9630932,20.4050134893418,70.2059275331413,19030.628130329,7.33524847,https://api.worldbank.org/v2/,0.0,0.0,0.0,0.0,0.0,7.779885115070522,0.1988071570576541,2515.0,,,,
EU_EEA,Hungary,HUN,2022,Escherichia coli,Blood/invasive,Carbapenems,5,2515,EUCAST,EUCAST required; exact version unavailable in Atlas aggregate,ECDC Surveillance Atlas aggregate,https://atlas.ecdc.europa.eu/public/,0.1988071570576541,0,J01DH_carbapenems,0.0584,0.0677,0.0652,0.0506999999999999,7.6384,0.7525999999999997,,,,1.610291471752429,,,,1.3425071320691393,9605074,20.6075593133653,70.1585064243445,18428.028825614,6.6474123,https://api.worldbank.org/v2/,0.0,0.0,0.0,0.05964214711729623,0.0860860242330456,7.830425617820331,0.22321428571428573,2688.0,,,,
EU_EEA,Hungary,HUN,2023,Escherichia coli,Blood/invasive,Carbapenems,6,2688,EUCAST,EUCAST required; exact version unavailable in Atlas aggregate,ECDC Surveillance Atlas aggregate,https://atlas.ecdc.europa.eu/public/,0.22321428571428573,0,J01DH_carbapenems,,,,,,,,,,,,,,,9592186,20.819084281895,70.2923026891431,22208.6509820466,6.36868954,https://api.worldbank.org/v2/,0.1988071570576541,0.0,0.0,0.08684500142005115,0.10585766210395224,7.896924656268864,,,,,,
EU_EEA,Hungary,HUN,2013,Escherichia coli,Blood/invasive,Fluoroquinolones,434,1432,EARS-Net mixed/not reported,Not reported in Atlas aggregate,ECDC Surveillance Atlas aggregate,https://atlas.ecdc.europa.eu/public/,30.307262569832403,0,J01M_quinolones,2.3195,,,,8.578,0.8492999999999999,,,,0.3723764387271498,,,,,9872734,17.3215490022521,69.9277636266638,13739.4620151401,7.23645353,https://api.worldbank.org/v2/,28.930366116295765,31.162407254740312,36.5764447695684,-2.103958773765259,2.9013584141428495,7.267525427828172,28.438661710037174,1614.0,26.78751258811682,1986.0,33.24873096446701,2364.0
EU_EEA,Hungary,HUN,2014,Escherichia coli,Blood/invasive,Fluoroquinolones,459,1614,EARS-Net mixed/not reported,Not reported in Atlas aggregate,ECDC Surveillance Atlas aggregate,https://atlas.ecdc.europa.eu/public/,28.438661710037174,0,J01M_quinolones,2.6365,2.3195,,,8.9362,0.8753,,,,0.4206439087526292,,,,0.3723764387271498,9833038,17.6863017779257,70.3071053512008,14352.501883174,7.04192352,https://api.worldbank.org/v2/,30.307262569832403,28.930366116295765,31.162407254740312,-0.6794340180572854,1.082859527716097,7.387090235656757,28.995546759030184,2021.0,30.61921014139444,2051.0,30.316930775646373,2398.0
EU_EEA,Hungary,HUN,2015,Escherichia coli,Blood/invasive,Fluoroquinolones,586,2021,EARS-Net mixed/not reported,Not reported in Atlas aggregate,ECDC Surveillance Atlas aggregate,https://atlas.ecdc.europa.eu/public/,28.995546759030184,0,J01M_quinolones,2.9199000000000006,2.6365,2.3195,,9.465,0.8614999999999997,,,,0.5198448716890833,,,,0.4206439087526292,9797755,18.0559904650891,70.4847717285156,12782.9412577973,6.8501935,https://api.worldbank.org/v2/,28.438661710037174,30.307262569832403,28.930366116295765,-0.16730589315919914,0.692109731293161,7.611842399580417,26.78751258811682,1986.0,33.24873096446701,2364.0,30.337078651685392,1958.0
EU_EEA,Hungary,HUN,2016,Escherichia coli,Blood/invasive,Fluoroquinolones,532,1986,EARS-Net mixed/not reported,Not reported in Atlas aggregate,ECDC Surveillance Atlas aggregate,https://atlas.ecdc.europa.eu/public/,26.78751258811682,0,J01M_quinolones,2.5841000000000003,2.9199000000000006,2.6365,2.3195,8.8282,0.8556999999999999,,,,0.6695853721349472,,,,0.5198448716890833,9759755,18.4382661409188,70.4733810424805,13215.8605277789,6.96752644,https://api.worldbank.org/v2/,28.995546759030184,28.438661710037174,30.307262569832403,-1.0002364896153784,1.2627533596236824,7.594381242551817,30.61921014139444,2051.0,30.316930775646373,2398.0,28.048780487804876,2460.0
EU_EEA,Hungary,HUN,2017,Escherichia coli,Blood/invasive,Fluoroquinolones,628,2051,EARS-Net mixed/not reported,Not reported in Atlas aggregate,ECDC Surveillance Atlas aggregate,https://atlas.ecdc.europa.eu/public/,30.61921014139444,0,J01M_quinolones,2.6082,2.5841000000000003,2.9199000000000006,2.6365,9.0142,0.8913999999999997,,,,0.7595557007513883,,,,0.6695853721349472,9726756,18.7797493757284,70.4542541503906,14736.1668157258,6.73338366,https://api.worldbank.org/v2/,26.78751258811682,28.995546759030184,28.438661710037174,0.4333611123158399,1.3689596793973322,7.62657020629066,33.24873096446701,2364.0,30.337078651685392,1958.0,29.27696562623469,2531.0
EU_EEA,Hungary,HUN,2018,Escherichia coli,Blood/invasive,Fluoroquinolones,786,2364,EARS-Net mixed/not reported,Not reported in Atlas aggregate,ECDC Surveillance Atlas aggregate,https://atlas.ecdc.europa.eu/public/,33.24873096446701,0,J01M_quinolones,2.4989999999999997,2.6082,2.5841000000000003,2.9199000000000006,9.0642,0.8815,,,,0.8173037232725172,,,,0.7595557007513883,9706964,19.1292329288769,70.4711761474609,16605.0570511887,6.55460501,https://api.worldbank.org/v2/,30.61921014139444,26.78751258811682,28.995546759030184,1.6591250169588048,2.3577651278565135,7.768533300926033,30.316930775646373,2398.0,28.048780487804876,2460.0,25.988286969253295,2732.0
EU_EEA,Hungary,HUN,2019,Escherichia coli,Blood/invasive,Fluoroquinolones,727,2398,EARS-Net mixed/not reported,Not reported in Atlas aggregate,ECDC Surveillance Atlas aggregate,https://atlas.ecdc.europa.eu/public/,30.316930775646373,0,J01M_quinolones,2.0701,2.4989999999999997,2.6082,2.5841000000000003,8.5989,0.8508999999999998,,,,0.865662071176659,,,,0.8173037232725172,9694824,19.6029229874294,70.4565277099609,17012.8598553199,6.24677849,https://api.worldbank.org/v2/,33.24873096446701,30.61921014139444,26.78751258811682,1.3217775385661186,2.2979236104340077,7.782807262839695,30.337078651685392,1958.0,29.27696562623469,2531.0,,
EU_EEA,Hungary,HUN,2020,Escherichia coli,Blood/invasive,Fluoroquinolones,594,1958,EUCAST,EUCAST required; exact version unavailable in Atlas aggregate,ECDC Surveillance Atlas aggregate,https://atlas.ecdc.europa.eu/public/,30.337078651685392,1,J01M_quinolones,1.5469000000000002,2.0701,2.4989999999999997,2.6082,5.9449000000000005,0.8619999999999999,,,,0.9356725146198832,,,,0.865662071176659,9670419,20.0906737724303,70.2917327880859,16386.9308821258,7.230515,https://api.worldbank.org/v2/,30.316930775646373,33.24873096446701,30.61921014139444,-0.37781946579477915,1.228793316276636,7.580189417944541,28.048780487804876,2460.0,25.988286969253295,2732.0,,
EU_EEA,Hungary,HUN,2021,Escherichia coli,Blood/invasive,Fluoroquinolones,690,2460,EUCAST,EUCAST required; exact version unavailable in Atlas aggregate,ECDC Surveillance Atlas aggregate,https://atlas.ecdc.europa.eu/public/,28.048780487804876,0,J01M_quinolones,1.5364,1.5469000000000002,2.0701,2.4989999999999997,6.01,0.816,,,,1.3425071320691393,,,,0.9356725146198832,9630932,20.4050134893418,70.2059275331413,19030.628130329,7.33524847,https://api.worldbank.org/v2/,30.337078651685392,30.316930775646373,33.24873096446701,-1.5579703553947448,1.8454991982082507,7.8083230503910555,29.27696562623469,2531.0,,,,
EU_EEA,Hungary,HUN,2022,Escherichia coli,Blood/invasive,Fluoroquinolones,741,2531,EUCAST,EUCAST required; exact version unavailable in Atlas aggregate,ECDC Surveillance Atlas aggregate,https://atlas.ecdc.europa.eu/public/,29.27696562623469,0,J01M_quinolones,1.7732999999999999,1.5364,1.5469000000000002,2.0701,7.6384,0.7525999999999997,,,,1.610291471752429,,,,1.3425071320691393,9605074,20.6075593133653,70.1585064243445,18428.028825614,6.6474123,https://api.worldbank.org/v2/,28.048780487804876,30.337078651685392,30.316930775646373,-0.540819361211562,0.9385835746266841,7.836764783264067,25.988286969253295,2732.0,,,,
EU_EEA,Hungary,HUN,2023,Escherichia coli,Blood/invasive,Fluoroquinolones,710,2732,EUCAST,EUCAST required; exact version unavailable in Atlas aggregate,ECDC Surveillance Atlas aggregate,https://atlas.ecdc.europa.eu/public/,25.988286969253295,0,J01M_quinolones,,,,,,,,,,,,,,,9592186,20.819084281895,70.2923026891431,22208.6509820466,6.36868954,https://api.worldbank.org/v2/,29.27696562623469,28.048780487804876,30.337078651685392,-1.1818189908866539,1.6171274067362063,7.913155185928068,,,,,,
EU_EEA,Hungary,HUN,2013,Escherichia coli,Blood/invasive,Third-generation cephalosporins,271,1437,EARS-Net mixed/not reported,Not reported in Atlas aggregate,ECDC Surveillance Atlas aggregate,https://atlas.ecdc.europa.eu/public/,18.858733472512178,0,J01D_other_beta_lactams,2.1166,,,,8.578,0.8492999999999999,,,,0.3723764387271498,,,,,9872734,17.3215490022521,69.9277636266638,13739.4620151401,7.23645353,https://api.worldbank.org/v2/,17.434443656980864,15.11437908496732,19.450469992769342,0.05448550112420211,1.670473165251159,7.271008538280992,16.429894996911674,1619.0,16.708479678876067,1993.0,22.616033755274263,2370.0
EU_EEA,Hungary,HUN,2014,Escherichia coli,Blood/invasive,Third-generation cephalosporins,266,1619,EARS-Net mixed/not reported,Not reported in Atlas aggregate,ECDC Surveillance Atlas aggregate,https://atlas.ecdc.europa.eu/public/,16.429894996911674,0,J01D_other_beta_lactams,2.1895,2.1166,,,8.9362,0.8753,,,,0.4206439087526292,,,,0.3723764387271498,9833038,17.6863017779257,70.3071053512008,14352.501883174,7.04192352,https://api.worldbank.org/v2/,18.858733472512178,17.434443656980864,15.11437908496732,0.537083755136437,1.3709131842965205,7.3901814282264295,16.732477788746298,2026.0,20.11661807580175,2058.0,20.596767509324494,2413.0
EU_EEA,Hungary,HUN,2015,Escherichia coli,Blood/invasive,Third-generation cephalosporins,339,2026,EARS-Net mixed/not reported,Not reported in Atlas aggregate,ECDC Surveillance Atlas aggregate,https://atlas.ecdc.europa.eu/public/,16.732477788746298,0,J01D_other_beta_lactams,2.3064,2.1895,2.1166,,9.465,0.8614999999999997,,,,0.5198448716890833,,,,0.4206439087526292,9797755,18.0559904650891,70.4847717285156,12782.9412577973,6.8501935,https://api.worldbank.org/v2/,16.429894996911674,18.858733472512178,17.434443656980864,-0.45347360803042447,0.936824806475919,7.614312146452,16.708479678876067,1993.0,22.616033755274263,2370.0,20.132517838939858,1962.0
EU_EEA,Hungary,HUN,2016,Escherichia coli,Blood/invasive,Third-generation cephalosporins,333,1993,EARS-Net mixed/not reported,Not reported in Atlas aggregate,ECDC Surveillance Atlas aggregate,https://atlas.ecdc.europa.eu/public/,16.708479678876067,0,J01D_other_beta_lactams,2.384,2.3064,2.1895,2.1166,8.8282,0.8556999999999999,,,,0.6695853721349472,,,,0.5198448716890833,9759755,18.4382661409188,70.4733810424805,13215.8605277789,6.96752644,https://api.worldbank.org/v2/,16.732477788746298,16.429894996911674,18.858733472512178,-0.6148178589073735,0.9751138597161352,7.597897950521784,20.11661807580175,2058.0,20.596767509324494,2413.0,20.40485829959514,2470.0
EU_EEA,Hungary,HUN,2017,Escherichia coli,Blood/invasive,Third-generation cephalosporins,414,2058,EARS-Net mixed/not reported,Not reported in Atlas aggregate,ECDC Surveillance Atlas aggregate,https://atlas.ecdc.europa.eu/public/,20.11661807580175,0,J01D_other_beta_lactams,2.457,2.384,2.3064,2.1895,9.0142,0.8913999999999997,,,,0.7595557007513883,,,,0.6695853721349472,9726756,18.7797493757284,70.4542541503906,14736.1668157258,6.73338366,https://api.worldbank.org/v2/,16.708479678876067,16.732477788746298,16.429894996911674,1.1036171126799952,1.517182453507757,7.629975707027789,22.616033755274263,2370.0,20.132517838939858,1962.0,22.573099415204677,2565.0
EU_EEA,Hungary,HUN,2018,Escherichia coli,Blood/invasive,Third-generation cephalosporins,536,2370,EARS-Net mixed/not reported,Not reported in Atlas aggregate,ECDC Surveillance Atlas aggregate,https://atlas.ecdc.europa.eu/public/,22.616033755274263,0,J01D_other_beta_lactams,2.4972,2.457,2.384,2.3064,9.0642,0.8815,,,,0.8173037232725172,,,,0.7595557007513883,9706964,19.1292329288769,70.4711761474609,16605.0570511887,6.55460501,https://api.worldbank.org/v2/,20.11661807580175,16.708479678876067,16.732477788746298,2.1058806296509553,2.4853432036639536,7.771067086065406,20.596767509324494,2413.0,20.40485829959514,2470.0,21.335268505079824,2756.0
EU_EEA,Hungary,HUN,2019,Escherichia coli,Blood/invasive,Third-generation cephalosporins,497,2413,EARS-Net mixed/not reported,Not reported in Atlas aggregate,ECDC Surveillance Atlas aggregate,https://atlas.ecdc.europa.eu/public/,20.596767509324494,0,J01D_other_beta_lactams,2.4432,2.4972,2.457,2.384,8.5989,0.8508999999999998,,,,0.865662071176659,,,,0.8173037232725172,9694824,19.6029229874294,70.4565277099609,17012.8598553199,6.24677849,https://api.worldbank.org/v2/,22.616033755274263,20.11661807580175,16.708479678876067,1.4164279170817775,2.124094559158082,7.789040401657477,20.132517838939858,1962.0,22.573099415204677,2565.0,,
EU_EEA,Hungary,HUN,2020,Escherichia coli,Blood/invasive,Third-generation cephalosporins,395,1962,EUCAST,EUCAST required; exact version unavailable in Atlas aggregate,ECDC Surveillance Atlas aggregate,https://atlas.ecdc.europa.eu/public/,20.132517838939858,1,J01D_other_beta_lactams,1.8031,2.4432,2.4972,2.457,5.9449000000000005,0.8619999999999999,,,,0.9356725146198832,,,,0.865662071176659,9670419,20.0906737724303,70.2917327880859,16386.9308821258,7.230515,https://api.worldbank.org/v2/,20.596767509324494,22.616033755274263,20.11661807580175,-0.19715669565354865,1.0289160028564188,7.5822291942764615,20.40485829959514,2470.0,21.335268505079824,2756.0,,
EU_EEA,Hungary,HUN,2021,Escherichia coli,Blood/invasive,Third-generation cephalosporins,504,2470,EUCAST,EUCAST required; exact version unavailable in Atlas aggregate,ECDC Surveillance Atlas aggregate,https://atlas.ecdc.europa.eu/public/,20.40485829959514,0,J01D_other_beta_lactams,1.7145000000000006,1.8031,2.4432,2.4972,6.01,0.816,,,,1.3425071320691393,,,,0.9356725146198832,9630932,20.4050134893418,70.2059275331413,19030.628130329,7.33524847,https://api.worldbank.org/v2/,20.132517838939858,20.596767509324494,22.616033755274263,-0.7097776037422021,0.9830154691769233,7.81237820598861,22.573099415204677,2565.0,,,,
EU_EEA,Hungary,HUN,2022,Escherichia coli,Blood/invasive,Third-generation cephalosporins,579,2565,EUCAST,EUCAST required; exact version unavailable in Atlas aggregate,ECDC Surveillance Atlas aggregate,https://atlas.ecdc.europa.eu/public/,22.573099415204677,0,J01D_other_beta_lactams,1.9150999999999998,1.7145000000000006,1.8031,2.4432,7.6384,0.7525999999999997,,,,1.610291471752429,,,,1.3425071320691393,9605074,20.6075593133653,70.1585064243445,18428.028825614,6.6474123,https://api.worldbank.org/v2/,20.40485829959514,20.132517838939858,20.596767509324494,0.6201336178295799,0.964693020984034,7.850103545175582,21.335268505079824,2756.0,,,,
EU_EEA,Hungary,HUN,2023,Escherichia coli,Blood/invasive,Third-generation cephalosporins,588,2756,EUCAST,EUCAST required; exact version unavailable in Atlas aggregate,ECDC Surveillance Atlas aggregate,https://atlas.ecdc.europa.eu/public/,21.335268505079824,0,J01D_other_beta_lactams,,,,,,,,,,,,,,,9592186,20.819084281895,70.2923026891431,22208.6509820466,6.36868954,https://api.worldbank.org/v2/,22.573099415204677,20.40485829959514,20.132517838939858,0.5776493114029374,0.9544754766940173,7.921898411023797,,,,,,
EU_EEA,Ireland,IRL,2013,Escherichia coli,Blood/invasive,Aminoglycosides,277,2481,EARS-Net mixed/not reported,Not reported in Atlas aggregate,ECDC Surveillance Atlas aggregate,https://atlas.ecdc.europa.eu/public/,11.164852881902458,0,J01G_aminoglycosides,,,,,11.6905,1.0138,,,,3.319682303301067,,,,,4623816,12.4475140098686,62.4047157756118,52537.6108648692,10.0333004,https://api.worldbank.org/v2/,10.694736842105263,10.116009280742459,9.688090737240076,0.5009013995349937,0.5608745778397727,7.8168199657645525,12.088724584103511,2705.0,11.23370110330993,2991.0,11.735639283508338,3238.0
EU_EEA,Ireland,IRL,2014,Escherichia coli,Blood/invasive,Aminoglycosides,327,2705,EARS-Net mixed/not reported,Not reported in Atlas aggregate,ECDC Surveillance Atlas aggregate,https://atlas.ecdc.europa.eu/public/,12.088724584103511,0,J01G_aminoglycosides,,,,,11.610600000000002,0.9237,,,,4.079861111111112,,,,3.319682303301067,4657740,12.7951907142582,62.535401730577,57214.5379785709,9.23077869,https://api.worldbank.org/v2/,11.164852881902458,10.694736842105263,10.116009280742459,0.6388261949880326,0.7221648875055277,7.903226808730733,11.8291761148904,2646.0,11.943643932116554,3123.0,11.757425742574258,3232.0
EU_EEA,Ireland,IRL,2015,Escherichia coli,Blood/invasive,Aminoglycosides,313,2646,EARS-Net mixed/not reported,Not reported in Atlas aggregate,ECDC Surveillance Atlas aggregate,https://atlas.ecdc.europa.eu/public/,11.8291761148904,0,J01G_aminoglycosides,,,,,13.4247,1.1459000000000001,,,,2.5728295356215747,,,,4.079861111111112,4701957,13.1102542122923,62.6392123492764,64250.1385181257,7.07827806,https://api.worldbank.org/v2/,12.088724584103511,11.164852881902458,10.694736842105263,0.4327189520556453,0.5484861590801274,7.881182202227102,11.23370110330993,2991.0,11.735639283508338,3238.0,10.635310635310635,2849.0
EU_EEA,Ireland,IRL,2016,Escherichia coli,Blood/invasive,Aminoglycosides,336,2991,EARS-Net mixed/not reported,Not reported in Atlas aggregate,ECDC Surveillance Atlas aggregate,https://atlas.ecdc.europa.eu/public/,11.23370110330993,0,J01G_aminoglycosides,,,,,12.2905,1.1129,,,,2.447137087194108,,,,2.5728295356215747,4762722,13.3920921055483,62.7229399123734,64129.5571542383,7.3382206,https://api.worldbank.org/v2/,11.8291761148904,12.088724584103511,11.164852881902458,-0.005300380499070826,0.3915215038476811,8.003697339094368,11.943643932116554,3123.0,11.757425742574258,3232.0,9.573002754820937,2904.0
EU_EEA,Ireland,IRL,2017,Escherichia coli,Blood/invasive,Aminoglycosides,373,3123,EARS-Net mixed/not reported,Not reported in Atlas aggregate,ECDC Surveillance Atlas aggregate,https://atlas.ecdc.europa.eu/public/,11.943643932116554,0,J01G_aminoglycosides,,,,,11.426,1.0949999999999998,,,,2.4573504957812418,,,,2.447137087194108,4827445,13.6720454120936,62.9035196521232,72161.4047531385,6.91718578,https://api.worldbank.org/v2/,11.23370110330993,11.8291761148904,12.088724584103511,-0.1030716967541365,0.3251145131845311,8.046869510959576,11.735639283508338,3238.0,10.635310635310635,2849.0,8.655126498002662,3004.0
EU_EEA,Ireland,IRL,2018,Escherichia coli,Blood/invasive,Aminoglycosides,380,3238,EARS-Net mixed/not reported,Not reported in Atlas aggregate,ECDC Surveillance Atlas aggregate,https://atlas.ecdc.europa.eu/public/,11.735639283508338,0,J01G_aminoglycosides,,,,,11.6111,1.1926,,,,2.831232028312321,,,,2.4573504957812418,4898022,13.9535917035732,63.0844503476779,80804.1123164826,6.74710846,https://api.worldbank.org/v2/,11.943643932116554,11.23370110330993,11.8291761148904,0.042933233466042095,0.27107070113022935,8.08301991917133,11.757425742574258,3232.0,9.573002754820937,2904.0,8.743169398907105,3111.0
EU_EEA,Ireland,IRL,2019,Escherichia coli,Blood/invasive,Aminoglycosides,380,3232,EARS-Net mixed/not reported,Not reported in Atlas aggregate,ECDC Surveillance Atlas aggregate,https://atlas.ecdc.europa.eu/public/,11.757425742574258,0,J01G_aminoglycosides,,,,,11.7564,1.2024000000000001,,,,2.973936288705725,,,,2.831232028312321,4976456,14.2437778846663,63.2737009154127,81827.6688873996,6.61860561,https://api.worldbank.org/v2/,11.735639283508338,11.943643932116554,11.23370110330993,0.1363169269184745,0.26323303037008156,8.081165777725433,10.635310635310635,2849.0,8.655126498002662,3004.0,,
EU_EEA,Ireland,IRL,2020,Escherichia coli,Blood/invasive,Aminoglycosides,303,2849,EUCAST,EUCAST required; exact version unavailable in Atlas aggregate,ECDC Surveillance Atlas aggregate,https://atlas.ecdc.europa.eu/public/,10.635310635310635,1,J01G_aminoglycosides,,,,,8.7439,0.9755999999999999,,,,3.747308934337998,,,,2.973936288705725,5039747,14.5621473419585,63.4713366724915,86514.0706108754,6.97323275,https://api.worldbank.org/v2/,11.757425742574258,11.735639283508338,11.943643932116554,-0.3903213431351852,0.5159953525276749,7.955074273262696,9.573002754820937,2904.0,8.743169398907105,3111.0,,
EU_EEA,Ireland,IRL,2021,Escherichia coli,Blood/invasive,Aminoglycosides,278,2904,EUCAST,EUCAST required; exact version unavailable in Atlas aggregate,ECDC Surveillance Atlas aggregate,https://atlas.ecdc.europa.eu/public/,9.573002754820937,0,J01G_aminoglycosides,,,,,8.5438,1.0251,,,,3.532301971980613,,,,3.747308934337998,5110585,14.8535759354494,63.6774229356985,103783.446284479,6.44113493,https://api.worldbank.org/v2/,10.635310635310635,11.757425742574258,11.735639283508338,-0.7610024693325844,0.9030344219415596,7.974188669286011,8.655126498002662,3004.0,,,,
EU_EEA,Ireland,IRL,2022,Escherichia coli,Blood/invasive,Aminoglycosides,260,3004,EUCAST,EUCAST required; exact version unavailable in Atlas aggregate,ECDC Surveillance Atlas aggregate,https://atlas.ecdc.europa.eu/public/,8.655126498002662,0,J01G_aminoglycosides,,,,,12.082400000000002,1.1432,,,,3.3717105263157903,,,,3.532301971980613,5212836,15.16194031114,63.8920250215059,105190.685952731,6.02078247,https://api.worldbank.org/v2/,9.573002754820937,10.635310635310635,11.757425742574258,-1.0369205614204506,1.1604748699258656,8.008032846969307,8.743169398907105,3111.0,,,,
EU_EEA,Ireland,IRL,2023,Escherichia coli,Blood/invasive,Aminoglycosides,272,3111,EUCAST,EUCAST required; exact version unavailable in Atlas aggregate,ECDC Surveillance Atlas aggregate,https://atlas.ecdc.europa.eu/public/,8.743169398907105,0,J01G_aminoglycosides,,,,,,,,,,,,,,,5311538,15.5417068369309,64.1152082461268,106818.917130804,6.57538509,https://api.worldbank.org/v2/,8.655126498002662,9.573002754820937,10.635310635310635,-0.6594299966028883,0.7972098799450869,8.043020885298283,,,,,,
EU_EEA,Ireland,IRL,2013,Escherichia coli,Blood/invasive,Aminopenicillins,1710,2465,EARS-Net mixed/not reported,Not reported in Atlas aggregate,ECDC Surveillance Atlas aggregate,https://atlas.ecdc.europa.eu/public/,69.3711967545639,0,J01C_penicillins,10.1499,,,,11.6905,1.0138,,,,3.319682303301067,,,,,4623816,12.4475140098686,62.4047157756118,52537.6108648692,10.0333004,https://api.worldbank.org/v2/,67.4109059682267,69.54674220963173,66.80810938236681,0.555342587518613,1.1955187939736616,7.81035268372429,68.74536005939125,2694.0,68.06020066889631,2990.0,67.62434352795799,3237.0
EU_EEA,Ireland,IRL,2014,Escherichia coli,Blood/invasive,Aminopenicillins,1852,2694,EARS-Net mixed/not reported,Not reported in Atlas aggregate,ECDC Surveillance Atlas aggregate,https://atlas.ecdc.europa.eu/public/,68.74536005939125,0,J01C_penicillins,10.249000000000002,10.1499,,,11.610600000000002,0.9237,,,,4.079861111111112,,,,3.319682303301067,4657740,12.7951907142582,62.535401730577,57214.5379785709,9.23077869,https://api.worldbank.org/v2/,69.3711967545639,67.4109059682267,69.54674220963173,-0.04438556643843941,0.8385256877799405,7.899153483343097,66.21315192743764,2646.0,69.80942828485456,2991.0,67.54139331458919,3201.0
EU_EEA,Ireland,IRL,2015,Escherichia coli,Blood/invasive,Aminopenicillins,1752,2646,EARS-Net mixed/not reported,Not reported in Atlas aggregate,ECDC Surveillance Atlas aggregate,https://atlas.ecdc.europa.eu/public/,66.21315192743764,0,J01C_penicillins,12.139,10.249000000000002,10.1499,,13.4247,1.1459000000000001,,,,2.5728295356215747,,,,4.079861111111112,4701957,13.1102542122923,62.6392123492764,64250.1385181257,7.07827806,https://api.worldbank.org/v2/,68.74536005939125,69.3711967545639,67.4109059682267,-0.42190988175399463,1.2205306006340968,7.881182202227102,68.06020066889631,2990.0,67.62434352795799,3237.0,65.01231960577262,2841.0
EU_EEA,Ireland,IRL,2016,Escherichia coli,Blood/invasive,Aminopenicillins,2035,2990,EARS-Net mixed/not reported,Not reported in Atlas aggregate,ECDC Surveillance Atlas aggregate,https://atlas.ecdc.europa.eu/public/,68.06020066889631,0,J01C_penicillins,11.0344,12.139,10.249000000000002,10.1499,12.2905,1.1129,,,,2.447137087194108,,,,2.5728295356215747,4762722,13.3920921055483,62.7229399123734,64129.5571542383,7.3382206,https://api.worldbank.org/v2/,66.21315192743764,68.74536005939125,69.3711967545639,-0.6465196388956475,1.1826014729992567,8.003363058629947,69.80942828485456,2991.0,67.54139331458919,3201.0,63.00897170462388,2898.0
EU_EEA,Ireland,IRL,2017,Escherichia coli,Blood/invasive,Aminopenicillins,2088,2991,EARS-Net mixed/not reported,Not reported in Atlas aggregate,ECDC Surveillance Atlas aggregate,https://atlas.ecdc.europa.eu/public/,69.80942828485456,0,J01C_penicillins,10.3032,11.0344,12.139,10.249000000000002,11.426,1.0949999999999998,,,,2.4573504957812418,,,,2.447137087194108,4827445,13.6720454120936,62.9035196521232,72161.4047531385,6.91718578,https://api.worldbank.org/v2/,68.06020066889631,66.21315192743764,68.74536005939125,0.503925341784857,1.3090634187041064,8.003697339094368,67.62434352795799,3237.0,65.01231960577262,2841.0,61.77156177156177,3003.0
EU_EEA,Ireland,IRL,2018,Escherichia coli,Blood/invasive,Aminopenicillins,2189,3237,EARS-Net mixed/not reported,Not reported in Atlas aggregate,ECDC Surveillance Atlas aggregate,https://atlas.ecdc.europa.eu/public/,67.62434352795799,0,J01C_penicillins,10.559800000000001,10.3032,11.0344,12.139,11.6111,1.1926,,,,2.831232028312321,,,,2.4573504957812418,4898022,13.9535917035732,63.0844503476779,80804.1123164826,6.74710846,https://api.worldbank.org/v2/,69.80942828485456,68.06020066889631,66.21315192743764,0.598280241751911,1.2835648240393853,8.08271113423758,67.54139331458919,3201.0,63.00897170462388,2898.0,62.985553772070624,3115.0
EU_EEA,Ireland,IRL,2019,Escherichia coli,Blood/invasive,Aminopenicillins,2162,3201,EARS-Net mixed/not reported,Not reported in Atlas aggregate,ECDC Surveillance Atlas aggregate,https://atlas.ecdc.europa.eu/public/,67.54139331458919,0,J01C_penicillins,10.9104,10.559800000000001,10.3032,11.0344,11.7564,1.2024000000000001,,,,2.973936288705725,,,,2.831232028312321,4976456,14.2437778846663,63.2737009154127,81827.6688873996,6.61860561,https://api.worldbank.org/v2/,67.62434352795799,69.80942828485456,68.06020066889631,-0.3741506819818095,0.9166647604798378,8.07153089355666,65.01231960577262,2841.0,61.77156177156177,3003.0,,
EU_EEA,Ireland,IRL,2020,Escherichia coli,Blood/invasive,Aminopenicillins,1847,2841,EUCAST,EUCAST required; exact version unavailable in Atlas aggregate,ECDC Surveillance Atlas aggregate,https://atlas.ecdc.europa.eu/public/,65.01231960577262,1,J01C_penicillins,8.036299999999999,10.9104,10.559800000000001,10.3032,8.7439,0.9755999999999999,,,,3.747308934337998,,,,2.973936288705725,5039747,14.5621473419585,63.4713366724915,86514.0706108754,6.97323275,https://api.worldbank.org/v2/,67.54139331458919,67.62434352795799,69.80942828485456,-1.447427625061478,1.6984660953468815,7.952263308657046,63.00897170462388,2898.0,62.985553772070624,3115.0,,
EU_EEA,Ireland,IRL,2021,Escherichia coli,Blood/invasive,Aminopenicillins,1826,2898,EUCAST,EUCAST required; exact version unavailable in Atlas aggregate,ECDC Surveillance Atlas aggregate,https://atlas.ecdc.europa.eu/public/,63.00897170462388,0,J01C_penicillins,7.936299999999999,8.036299999999999,10.9104,10.559800000000001,8.5438,1.0251,,,,3.532301971980613,,,,3.747308934337998,5110585,14.8535759354494,63.6774229356985,103783.446284479,6.44113493,https://api.worldbank.org/v2/,65.01231960577262,67.54139331458919,67.62434352795799,-1.6375189178818972,1.921647552618199,7.972121128921655,61.77156177156177,3003.0,,,,
EU_EEA,Ireland,IRL,2022,Escherichia coli,Blood/invasive,Aminopenicillins,1855,3003,EUCAST,EUCAST required; exact version unavailable in Atlas aggregate,ECDC Surveillance Atlas aggregate,https://atlas.ecdc.europa.eu/public/,61.77156177156177,0,J01C_penicillins,11.179800000000002,7.936299999999999,8.036299999999999,10.9104,12.082400000000002,1.1432,,,,3.3717105263157903,,,,3.532301971980613,5212836,15.16194031114,63.8920250215059,105190.685952731,6.02078247,https://api.worldbank.org/v2/,63.00897170462388,65.01231960577262,67.54139331458919,-1.9312842530230998,2.1834192366202756,8.007700012884026,62.985553772070624,3115.0,,,,
EU_EEA,Ireland,IRL,2023,Escherichia coli,Blood/invasive,Aminopenicillins,1962,3115,EUCAST,EUCAST required; exact version unavailable in Atlas aggregate,ECDC Surveillance Atlas aggregate,https://atlas.ecdc.europa.eu/public/,62.985553772070624,0,J01C_penicillins,,,,,,,,,,,,,,,5311538,15.5417068369309,64.1152082461268,106818.917130804,6.57538509,https://api.worldbank.org/v2/,61.77156177156177,63.00897170462388,65.01231960577262,-0.7317707434168204,1.1626801531644104,8.044305406990638,,,,,,
EU_EEA,Ireland,IRL,2013,Escherichia coli,Blood/invasive,Carbapenems,1,2476,EARS-Net mixed/not reported,Not reported in Atlas aggregate,ECDC Surveillance Atlas aggregate,https://atlas.ecdc.europa.eu/public/,0.04038772213247173,0,J01DH_carbapenems,0.0583,,,,11.6905,1.0138,,,,3.319682303301067,,,,,4623816,12.4475140098686,62.4047157756118,52537.6108648692,10.0333004,https://api.worldbank.org/v2/,0.0,0.0,0.0,0.012116316639741519,0.017488396683853758,7.814803429489359,0.03707823507601038,2697.0,0.03345600535296086,2989.0,0.0,3237.0
EU_EEA,Ireland,IRL,2014,Escherichia coli,Blood/invasive,Carbapenems,1,2697,EARS-Net mixed/not reported,Not reported in Atlas aggregate,ECDC Surveillance Atlas aggregate,https://atlas.ecdc.europa.eu/public/,0.03707823507601038,0,J01DH_carbapenems,0.0721,0.0583,,,11.610600000000002,0.9237,,,,4.079861111111112,,,,3.319682303301067,4657740,12.7951907142582,62.535401730577,57214.5379785709,9.23077869,https://api.worldbank.org/v2/,0.04038772213247173,0.0,0.0,0.01516224273605029,0.019401803935749355,7.900266036767701,0.03824091778202677,2615.0,0.03209242618741977,3116.0,0.0,3229.0
EU_EEA,Ireland,IRL,2015,Escherichia coli,Blood/invasive,Carbapenems,1,2615,EARS-Net mixed/not reported,Not reported in Atlas aggregate,ECDC Surveillance Atlas aggregate,https://atlas.ecdc.europa.eu/public/,0.03824091778202677,0,J01DH_carbapenems,0.0601,0.0721,0.0583,,13.4247,1.1459000000000001,,,,2.5728295356215747,,,,4.079861111111112,4701957,13.1102542122923,62.6392123492764,64250.1385181257,7.07827806,https://api.worldbank.org/v2/,0.03707823507601038,0.04038772213247173,0.0,0.011141326628961898,0.01674299240127083,7.86940171257709,0.03345600535296086,2989.0,0.0,3237.0,0.07092198581560284,2820.0
EU_EEA,Ireland,IRL,2016,Escherichia coli,Blood/invasive,Carbapenems,1,2989,EARS-Net mixed/not reported,Not reported in Atlas aggregate,ECDC Surveillance Atlas aggregate,https://atlas.ecdc.europa.eu/public/,0.03345600535296086,0,J01DH_carbapenems,0.0541,0.0601,0.0721,0.0583,12.2905,1.1129,,,,2.447137087194108,,,,2.5728295356215747,4762722,13.3920921055483,62.7229399123734,64129.5571542383,7.3382206,https://api.worldbank.org/v2/,0.03824091778202677,0.03707823507601038,0.04038772213247173,-0.00196324676325163,0.0025121944739928993,8.003028666384733,0.03209242618741977,3116.0,0.0,3229.0,0.0,2891.0
EU_EEA,Ireland,IRL,2017,Escherichia coli,Blood/invasive,Carbapenems,1,3116,EARS-Net mixed/not reported,Not reported in Atlas aggregate,ECDC Surveillance Atlas aggregate,https://atlas.ecdc.europa.eu/public/,0.03209242618741977,0,J01DH_carbapenems,0.0463,0.0541,0.0601,0.0721,11.426,1.0949999999999998,,,,2.4573504957812418,,,,2.447137087194108,4827445,13.6720454120936,62.9035196521232,72161.4047531385,6.91718578,https://api.worldbank.org/v2/,0.03345600535296086,0.03824091778202677,0.03707823507601038,-0.001974233909483784,0.0025235064084825486,8.044626279767337,0.0,3237.0,0.07092198581560284,2820.0,0.0,2996.0
EU_EEA,Ireland,IRL,2018,Escherichia coli,Blood/invasive,Carbapenems,0,3237,EARS-Net mixed/not reported,Not reported in Atlas aggregate,ECDC Surveillance Atlas aggregate,https://atlas.ecdc.europa.eu/public/,0.0,0,J01DH_carbapenems,0.0429,0.0463,0.0541,0.0601,11.6111,1.1926,,,,2.831232028312321,,,,2.4573504957812418,4898022,13.9535917035732,63.0844503476779,80804.1123164826,6.74710846,https://api.worldbank.org/v2/,0.03209242618741977,0.03345600535296086,0.03824091778202677,-0.01160863325116215,0.015153701259031444,8.08271113423758,0.0,3229.0,0.0,2891.0,0.06516780710329098,3069.0
EU_EEA,Ireland,IRL,2019,Escherichia coli,Blood/invasive,Carbapenems,0,3229,EARS-Net mixed/not reported,Not reported in Atlas aggregate,ECDC Surveillance Atlas aggregate,https://atlas.ecdc.europa.eu/public/,0.0,0,J01DH_carbapenems,0.0457999999999999,0.0429,0.0463,0.0541,11.7564,1.2024000000000001,,,,2.973936288705725,,,,2.831232028312321,4976456,14.2437778846663,63.2737009154127,81827.6688873996,6.61860561,https://api.worldbank.org/v2/,0.0,0.03209242618741977,0.03345600535296086,-0.013246044224630243,0.016394197856416604,8.080237416216702,0.07092198581560284,2820.0,0.0,2996.0,,
EU_EEA,Ireland,IRL,2020,Escherichia coli,Blood/invasive,Carbapenems,2,2820,EUCAST,EUCAST required; exact version unavailable in Atlas aggregate,ECDC Surveillance Atlas aggregate,https://atlas.ecdc.europa.eu/public/,0.07092198581560284,1,J01DH_carbapenems,0.0428,0.0457999999999999,0.0429,0.0463,8.7439,0.9755999999999999,,,,3.747308934337998,,,,2.973936288705725,5039747,14.5621473419585,63.4713366724915,86514.0706108754,6.97323275,https://api.worldbank.org/v2/,0.0,0.0,0.03209242618741977,0.011648867888454921,0.029184155035487293,7.944846711001996,0.0,2891.0,0.06516780710329098,3069.0,,
EU_EEA,Ireland,IRL,2021,Escherichia coli,Blood/invasive,Carbapenems,0,2891,EUCAST,EUCAST required; exact version unavailable in Atlas aggregate,ECDC Surveillance Atlas aggregate,https://atlas.ecdc.europa.eu/public/,0.0,0,J01DH_carbapenems,0.0475,0.0428,0.0457999999999999,0.0429,8.5438,1.0251,,,,3.532301971980613,,,,3.747308934337998,5110585,14.8535759354494,63.6774229356985,103783.446284479,6.44113493,https://api.worldbank.org/v2/,0.07092198581560284,0.0,0.0,0.0070921985815602835,0.030710120701575836,7.969703583278656,0.0,2996.0,,,,
EU_EEA,Ireland,IRL,2022,Escherichia coli,Blood/invasive,Carbapenems,0,2996,EUCAST,EUCAST required; exact version unavailable in Atlas aggregate,ECDC Surveillance Atlas aggregate,https://atlas.ecdc.europa.eu/public/,0.0,0,J01DH_carbapenems,0.049,0.0475,0.0428,0.0457999999999999,12.082400000000002,1.1432,,,,3.3717105263157903,,,,3.532301971980613,5212836,15.16194031114,63.8920250215059,105190.685952731,6.02078247,https://api.worldbank.org/v2/,0.0,0.07092198581560284,0.0,-0.007092198581560283,0.030710120701575836,8.005367067316664,0.06516780710329098,3069.0,,,,
EU_EEA,Ireland,IRL,2023,Escherichia coli,Blood/invasive,Carbapenems,2,3069,EUCAST,EUCAST required; exact version unavailable in Atlas aggregate,ECDC Surveillance Atlas aggregate,https://atlas.ecdc.europa.eu/public/,0.06516780710329098,0,J01DH_carbapenems,,,,,,,,,,,,,,,5311538,15.5417068369309,64.1152082461268,106818.917130804,6.57538509,https://api.worldbank.org/v2/,0.0,0.0,0.07092198581560284,-0.0017262536136935674,0.03408321881990997,8.029432840581244,,,,,,
EU_EEA,Ireland,IRL,2013,Escherichia coli,Blood/invasive,Fluoroquinolones,599,2478,EARS-Net mixed/not reported,Not reported in Atlas aggregate,ECDC Surveillance Atlas aggregate,https://atlas.ecdc.europa.eu/public/,24.1727199354318,0,J01M_quinolones,0.9796,,,,11.6905,1.0138,,,,3.319682303301067,,,,,4623816,12.4475140098686,62.4047157756118,52537.6108648692,10.0333004,https://api.worldbank.org/v2/,24.285714285714285,22.9447282861124,22.86254133207369,0.5271521809676167,0.6646295297573803,7.8156105320351905,24.528301886792452,2703.0,22.909698996655518,2990.0,23.903644224830142,3238.0
EU_EEA,Ireland,IRL,2014,Escherichia coli,Blood/invasive,Fluoroquinolones,663,2703,EARS-Net mixed/not reported,Not reported in Atlas aggregate,ECDC Surveillance Atlas aggregate,https://atlas.ecdc.europa.eu/public/,24.528301886792452,0,J01M_quinolones,0.9392999999999999,0.9796,,,11.610600000000002,0.9237,,,,4.079861111111112,,,,3.319682303301067,4657740,12.7951907142582,62.535401730577,57214.5379785709,9.23077869,https://api.worldbank.org/v2/,24.1727199354318,24.285714285714285,22.9447282861124,0.4637726451757633,0.6129828342938984,7.902487437162855,23.07107563664006,2631.0,23.597306829111893,3119.0,20.353707725721378,3223.0
EU_EEA,Ireland,IRL,2015,Escherichia coli,Blood/invasive,Fluoroquinolones,607,2631,EARS-Net mixed/not reported,Not reported in Atlas aggregate,ECDC Surveillance Atlas aggregate,https://atlas.ecdc.europa.eu/public/,23.07107563664006,0,J01M_quinolones,1.0319,0.9392999999999999,0.9796,,13.4247,1.1459000000000001,,,,2.5728295356215747,,,,4.079861111111112,4701957,13.1102542122923,62.6392123492764,64250.1385181257,7.07827806,https://api.worldbank.org/v2/,24.528301886792452,24.1727199354318,24.285714285714285,-0.3288333995862033,0.5596053600833842,7.875499292445208,22.909698996655518,2990.0,23.903644224830142,3238.0,18.88185654008439,2844.0
EU_EEA,Ireland,IRL,2016,Escherichia coli,Blood/invasive,Fluoroquinolones,685,2990,EARS-Net mixed/not reported,Not reported in Atlas aggregate,ECDC Surveillance Atlas aggregate,https://atlas.ecdc.europa.eu/public/,22.909698996655518,0,J01M_quinolones,0.9752999999999998,1.0319,0.9392999999999999,0.9796,12.2905,1.1129,,,,2.447137087194108,,,,2.5728295356215747,4762722,13.3920921055483,62.7229399123734,64129.5571542383,7.3382206,https://api.worldbank.org/v2/,23.07107563664006,24.528301886792452,24.1727199354318,-0.5246289066481274,0.6939338340670087,8.003363058629947,23.597306829111893,3119.0,20.353707725721378,3223.0,15.976535541752932,2898.0
EU_EEA,Ireland,IRL,2017,Escherichia coli,Blood/invasive,Fluoroquinolones,736,3119,EARS-Net mixed/not reported,Not reported in Atlas aggregate,ECDC Surveillance Atlas aggregate,https://atlas.ecdc.europa.eu/public/,23.597306829111893,0,J01M_quinolones,0.9040999999999999,0.9752999999999998,1.0319,0.9392999999999999,11.426,1.0949999999999998,,,,2.4573504957812418,,,,2.447137087194108,4827445,13.6720454120936,62.9035196521232,72161.4047531385,6.91718578,https://api.worldbank.org/v2/,22.909698996655518,23.07107563664006,24.528301886792452,-0.2954361813026254,0.6317585415250234,8.045588280803528,23.903644224830142,3238.0,18.88185654008439,2844.0,15.6,3000.0
EU_EEA,Ireland,IRL,2018,Escherichia coli,Blood/invasive,Fluoroquinolones,774,3238,EARS-Net mixed/not reported,Not reported in Atlas aggregate,ECDC Surveillance Atlas aggregate,https://atlas.ecdc.europa.eu/public/,23.903644224830142,0,J01M_quinolones,0.8633,0.9040999999999999,0.9752999999999998,1.0319,11.6111,1.1926,,,,2.831232028312321,,,,2.4573504957812418,4898022,13.9535917035732,63.0844503476779,80804.1123164826,6.74710846,https://api.worldbank.org/v2/,23.597306829111893,22.909698996655518,23.07107563664006,0.3185313597026561,0.3992732765433103,8.08301991917133,20.353707725721378,3223.0,15.976535541752932,2898.0,15.96995427824951,3062.0
EU_EEA,Ireland,IRL,2019,Escherichia coli,Blood/invasive,Fluoroquinolones,656,3223,EARS-Net mixed/not reported,Not reported in Atlas aggregate,ECDC Surveillance Atlas aggregate,https://atlas.ecdc.europa.eu/public/,20.353707725721378,0,J01M_quinolones,0.626,0.8633,0.9040999999999999,0.9752999999999998,11.7564,1.2024000000000001,,,,2.973936288705725,,,,2.831232028312321,4976456,14.2437778846663,63.2737009154127,81827.6688873996,6.61860561,https://api.worldbank.org/v2/,23.903644224830142,23.597306829111893,22.909698996655518,-0.7361636417084213,1.3966623141483165,8.07837810362652,18.88185654008439,2844.0,15.6,3000.0,,
EU_EEA,Ireland,IRL,2020,Escherichia coli,Blood/invasive,Fluoroquinolones,537,2844,EUCAST,EUCAST required; exact version unavailable in Atlas aggregate,ECDC Surveillance Atlas aggregate,https://atlas.ecdc.europa.eu/public/,18.88185654008439,1,J01M_quinolones,0.4777,0.626,0.8633,0.9040999999999999,8.7439,0.9755999999999999,,,,3.747308934337998,,,,2.973936288705725,5039747,14.5621473419585,63.4713366724915,86514.0706108754,6.97323275,https://api.worldbank.org/v2/,20.353707725721378,23.903644224830142,23.597306829111893,-1.7696287366191326,2.133614828507755,7.953318346560431,15.976535541752932,2898.0,15.96995427824951,3062.0,,
EU_EEA,Ireland,IRL,2021,Escherichia coli,Blood/invasive,Fluoroquinolones,463,2898,EUCAST,EUCAST required; exact version unavailable in Atlas aggregate,ECDC Surveillance Atlas aggregate,https://atlas.ecdc.europa.eu/public/,15.976535541752932,0,J01M_quinolones,0.4263,0.4777,0.626,0.8633,8.5438,1.0251,,,,3.532301971980613,,,,3.747308934337998,5110585,14.8535759354494,63.6774229356985,103783.446284479,6.44113493,https://api.worldbank.org/v2/,18.88185654008439,20.353707725721378,23.903644224830142,-2.5253177234868662,2.85510863536531,7.972121128921655,15.6,3000.0,,,,
EU_EEA,Ireland,IRL,2022,Escherichia coli,Blood/invasive,Fluoroquinolones,468,3000,EUCAST,EUCAST required; exact version unavailable in Atlas aggregate,ECDC Surveillance Atlas aggregate,https://atlas.ecdc.europa.eu/public/,15.6,0,J01M_quinolones,0.44799999999999995,0.4263,0.4777,0.626,12.082400000000002,1.1432,,,,3.3717105263157903,,,,3.532301971980613,5212836,15.16194031114,63.8920250215059,105190.685952731,6.02078247,https://api.worldbank.org/v2/,15.976535541752932,18.88185654008439,20.353707725721378,-1.716644417549564,1.9886705805888787,8.006700845440367,15.96995427824951,3062.0,,,,
EU_EEA,Ireland,IRL,2023,Escherichia coli,Blood/invasive,Fluoroquinolones,489,3062,EUCAST,EUCAST required; exact version unavailable in Atlas aggregate,ECDC Surveillance Atlas aggregate,https://atlas.ecdc.europa.eu/public/,15.96995427824951,0,J01M_quinolones,,,,,,,,,,,,,,,5311538,15.5417068369309,64.1152082461268,106818.917130804,6.57538509,https://api.worldbank.org/v2/,15.6,15.976535541752932,18.88185654008439,-0.91122423272576,1.3221510818252697,8.027150106832774,,,,,,
EU_EEA,Ireland,IRL,2013,Escherichia coli,Blood/invasive,Third-generation cephalosporins,264,2480,EARS-Net mixed/not reported,Not reported in Atlas aggregate,ECDC Surveillance Atlas aggregate,https://atlas.ecdc.europa.eu/public/,10.64516129032258,0,J01D_other_beta_lactams,1.5164999999999997,,,,11.6905,1.0138,,,,3.319682303301067,,,,,4623816,12.4475140098686,62.4047157756118,52537.6108648692,10.0333004,https://api.worldbank.org/v2/,9.178321678321678,8.956602031394276,7.6923076923076925,0.9080280440972052,1.048154107641916,7.816416983691801,10.73950204384987,2691.0,11.390284757118929,2985.0,12.882298424467098,3237.0
EU_EEA,Ireland,IRL,2014,Escherichia coli,Blood/invasive,Third-generation cephalosporins,289,2691,EARS-Net mixed/not reported,Not reported in Atlas aggregate,ECDC Surveillance Atlas aggregate,https://atlas.ecdc.europa.eu/public/,10.73950204384987,0,J01D_other_beta_lactams,1.2739,1.5164999999999997,,,11.610600000000002,0.9237,,,,4.079861111111112,,,,3.319682303301067,4657740,12.7951907142582,62.535401730577,57214.5379785709,9.23077869,https://api.worldbank.org/v2/,10.64516129032258,9.178321678321678,8.956602031394276,0.6815539649367676,0.816889190235657,7.898039690764619,11.372251705837757,2638.0,11.983338673502082,3121.0,12.070566388115134,3231.0
EU_EEA,Ireland,IRL,2015,Escherichia coli,Blood/invasive,Third-generation cephalosporins,300,2638,EARS-Net mixed/not reported,Not reported in Atlas aggregate,ECDC Surveillance Atlas aggregate,https://atlas.ecdc.europa.eu/public/,11.372251705837757,0,J01D_other_beta_lactams,1.3396,1.2739,1.5164999999999997,,13.4247,1.1459000000000001,,,,2.5728295356215747,,,,4.079861111111112,4701957,13.1102542122923,62.6392123492764,64250.1385181257,7.07827806,https://api.worldbank.org/v2/,10.73950204384987,10.64516129032258,9.178321678321678,0.6676130836075518,0.8039031475999655,7.878155336503324,11.390284757118929,2985.0,12.882298424467098,3237.0,11.824561403508772,2850.0
EU_EEA,Ireland,IRL,2016,Escherichia coli,Blood/invasive,Third-generation cephalosporins,340,2985,EARS-Net mixed/not reported,Not reported in Atlas aggregate,ECDC Surveillance Atlas aggregate,https://atlas.ecdc.europa.eu/public/,11.390284757118929,0,J01D_other_beta_lactams,1.3396,1.3396,1.2739,1.5164999999999997,12.2905,1.1129,,,,2.447137087194108,,,,2.5728295356215747,4762722,13.3920921055483,62.7229399123734,64129.5571542383,7.3382206,https://api.worldbank.org/v2/,11.372251705837757,10.73950204384987,10.64516129032258,0.2868120062376918,0.34613807725879736,8.001689978099135,11.983338673502082,3121.0,12.070566388115134,3231.0,9.955218739235274,2903.0
EU_EEA,Ireland,IRL,2017,Escherichia coli,Blood/invasive,Third-generation cephalosporins,374,3121,EARS-Net mixed/not reported,Not reported in Atlas aggregate,ECDC Surveillance Atlas aggregate,https://atlas.ecdc.europa.eu/public/,11.983338673502082,0,J01D_other_beta_lactams,1.2673999999999999,1.3396,1.3396,1.2739,11.426,1.0949999999999998,,,,2.4573504957812418,,,,2.447137087194108,4827445,13.6720454120936,62.9035196521232,72161.4047531385,6.91718578,https://api.worldbank.org/v2/,11.390284757118929,11.372251705837757,10.73950204384987,0.3749542940237783,0.43992082076104116,8.046229101075378,12.882298424467098,3237.0,11.824561403508772,2850.0,9.67741935483871,3007.0
EU_EEA,Ireland,IRL,2018,Escherichia coli,Blood/invasive,Third-generation cephalosporins,417,3237,EARS-Net mixed/not reported,Not reported in Atlas aggregate,ECDC Surveillance Atlas aggregate,https://atlas.ecdc.europa.eu/public/,12.882298424467098,0,J01D_other_beta_lactams,1.3377,1.2673999999999999,1.3396,1.3396,11.6111,1.1926,,,,2.831232028312321,,,,2.4573504957812418,4898022,13.9535917035732,63.0844503476779,80804.1123164826,6.74710846,https://api.worldbank.org/v2/,11.983338673502082,11.390284757118929,11.372251705837757,0.5123194072271169,0.6144072311269289,8.08271113423758,12.070566388115134,3231.0,9.955218739235274,2903.0,10.423348300192432,3118.0
EU_EEA,Ireland,IRL,2019,Escherichia coli,Blood/invasive,Third-generation cephalosporins,390,3231,EARS-Net mixed/not reported,Not reported in Atlas aggregate,ECDC Surveillance Atlas aggregate,https://atlas.ecdc.europa.eu/public/,12.070566388115134,0,J01D_other_beta_lactams,1.3765999999999998,1.3377,1.2673999999999999,1.3396,11.7564,1.2024000000000001,,,,2.973936288705725,,,,2.831232028312321,4976456,14.2437778846663,63.2737009154127,81827.6688873996,6.61860561,https://api.worldbank.org/v2/,12.882298424467098,11.983338673502082,11.390284757118929,0.29398046439536124,0.5312277663378957,8.080856419640986,11.824561403508772,2850.0,9.67741935483871,3007.0,,
EU_EEA,Ireland,IRL,2020,Escherichia coli,Blood/invasive,Third-generation cephalosporins,337,2850,EUCAST,EUCAST required; exact version unavailable in Atlas aggregate,ECDC Surveillance Atlas aggregate,https://atlas.ecdc.europa.eu/public/,11.824561403508772,1,J01D_other_beta_lactams,1.1627,1.3765999999999998,1.3377,1.2673999999999999,8.7439,0.9755999999999999,,,,3.747308934337998,,,,2.973936288705725,5039747,14.5621473419585,63.4713366724915,86514.0706108754,6.97323275,https://api.worldbank.org/v2/,12.070566388115134,12.882298424467098,11.983338673502082,-0.1288063846331923,0.4092052118371592,7.955425088912672,9.955218739235274,2903.0,10.423348300192432,3118.0,,
EU_EEA,Ireland,IRL,2021,Escherichia coli,Blood/invasive,Third-generation cephalosporins,289,2903,EUCAST,EUCAST required; exact version unavailable in Atlas aggregate,ECDC Surveillance Atlas aggregate,https://atlas.ecdc.europa.eu/public/,9.955218739235274,0,J01D_other_beta_lactams,1.1587999999999998,1.1627,1.3765999999999998,1.3377,8.5438,1.0251,,,,3.532301971980613,,,,3.747308934337998,5110585,14.8535759354494,63.6774229356985,103783.446284479,6.44113493,https://api.worldbank.org/v2/,11.824561403508772,12.070566388115134,12.882298424467098,-0.9027244040301861,1.0716566647190582,7.973844375944687,9.67741935483871,3007.0,,,,
EU_EEA,Ireland,IRL,2022,Escherichia coli,Blood/invasive,Third-generation cephalosporins,291,3007,EUCAST,EUCAST required; exact version unavailable in Atlas aggregate,ECDC Surveillance Atlas aggregate,https://atlas.ecdc.europa.eu/public/,9.67741935483871,0,J01D_other_beta_lactams,1.5488,1.1587999999999998,1.1627,1.3765999999999998,12.082400000000002,1.1432,,,,3.3717105263157903,,,,3.532301971980613,5212836,15.16194031114,63.8920250215059,105190.685952731,6.02078247,https://api.worldbank.org/v2/,9.955218739235274,11.824561403508772,12.070566388115134,-0.9048783764102795,1.073667788545519,8.00903068506973,10.423348300192432,3118.0,,,,
EU_EEA,Ireland,IRL,2023,Escherichia coli,Blood/invasive,Third-generation cephalosporins,325,3118,EUCAST,EUCAST required; exact version unavailable in Atlas aggregate,ECDC Surveillance Atlas aggregate,https://atlas.ecdc.europa.eu/public/,10.423348300192432,0,J01D_other_beta_lactams,,,,,,,,,,,,,,,5311538,15.5417068369309,64.1152082461268,106818.917130804,6.57538509,https://api.worldbank.org/v2/,9.67741935483871,9.955218739235274,11.824561403508772,-0.4481438694345607,0.8261653477768156,8.045267716607803,,,,,,
EU_EEA,Iceland,ISL,2013,Escherichia coli,Blood/invasive,Aminoglycosides,5,121,EARS-Net mixed/not reported,Not reported in Atlas aggregate,ECDC Surveillance Atlas aggregate,https://atlas.ecdc.europa.eu/public/,4.132231404958677,0,J01G_aminoglycosides,,,,,,,,,,,,,,,323764,13.0702053657851,93.6166725158692,50173.3360061057,8.22651291,https://api.worldbank.org/v2/,3.6231884057971016,6.2015503875969,2.8846153846153846,0.11644860792300714,1.232204578994788,4.804021044733257,5.2631578947368425,152.0,3.6458333333333335,192.0,6.091370558375634,197.0
EU_EEA,Iceland,ISL,2014,Escherichia coli,Blood/invasive,Aminoglycosides,8,152,EARS-Net mixed/not reported,Not reported in Atlas aggregate,ECDC Surveillance Atlas aggregate,https://atlas.ecdc.europa.eu/public/,5.2631578947368425,0,J01G_aminoglycosides,,,,,9.623,,,,,,,,,,327386,13.3619327506584,93.6196716315805,55140.364935793,8.29044247,https://api.worldbank.org/v2/,4.132231404958677,3.6231884057971016,6.2015503875969,-0.23061344794186034,1.001194020179288,5.030437921392435,2.8901734104046244,173.0,5.633802816901408,213.0,4.6875,256.0
EU_EEA,Iceland,ISL,2015,Escherichia coli,Blood/invasive,Aminoglycosides,5,173,EARS-Net mixed/not reported,Not reported in Atlas aggregate,ECDC Surveillance Atlas aggregate,https://atlas.ecdc.europa.eu/public/,2.8901734104046244,0,J01G_aminoglycosides,,,,,9.6486,,,,,,,,,,330815,13.679345765165,93.727919768566,53505.6964079339,8.13121986,https://api.worldbank.org/v2/,5.2631578947368425,4.132231404958677,3.6231884057971016,-0.10681184963992761,0.8638103753543769,5.159055299214529,3.6458333333333335,192.0,6.091370558375634,197.0,7.755102040816326,245.0
EU_EEA,Iceland,ISL,2016,Escherichia coli,Blood/invasive,Aminoglycosides,7,192,EARS-Net mixed/not reported,Not reported in Atlas aggregate,ECDC Surveillance Atlas aggregate,https://atlas.ecdc.europa.eu/public/,3.6458333333333335,0,J01G_aminoglycosides,,,,,10.3022,,,,,,,,,,335439,13.9213912898367,93.7822647094726,62854.0906407932,8.15569115,https://api.worldbank.org/v2/,2.8901734104046244,5.2631578947368425,4.132231404958677,-0.383217869920826,0.8615430158340732,5.262690188904886,5.633802816901408,213.0,4.6875,256.0,9.352517985611511,278.0
EU_EEA,Iceland,ISL,2017,Escherichia coli,Blood/invasive,Aminoglycosides,12,213,EARS-Net mixed/not reported,Not reported in Atlas aggregate,ECDC Surveillance Atlas aggregate,https://atlas.ecdc.europa.eu/public/,5.633802816901408,0,J01G_aminoglycosides,,,,,10.5681,1.0211999999999999,,,,0.930561281583132,,,,,343400,14.0228770869629,93.7718982310092,72976.3729990975,8.3243084,https://api.worldbank.org/v2/,3.6458333333333335,2.8901734104046244,5.2631578947368425,0.1867594689422398,1.130119425797537,5.365976015021851,6.091370558375634,197.0,7.755102040816326,245.0,7.659574468085107,235.0
EU_EEA,Iceland,ISL,2018,Escherichia coli,Blood/invasive,Aminoglycosides,12,197,EARS-Net mixed/not reported,Not reported in Atlas aggregate,ECDC Surveillance Atlas aggregate,https://atlas.ecdc.europa.eu/public/,6.091370558375634,0,J01G_aminoglycosides,,,,,10.5174,1.0304999999999997,,,,0.677532758069671,,,,0.930561281583132,352721,14.1209962193995,93.8526667025487,75633.8651351915,8.43817616,https://api.worldbank.org/v2/,5.633802816901408,3.6458333333333335,2.8901734104046244,1.15915609274811,1.3343591777562076,5.288267030694535,4.6875,256.0,9.352517985611511,278.0,5.426356589147287,258.0
EU_EEA,Iceland,ISL,2019,Escherichia coli,Blood/invasive,Aminoglycosides,12,256,EARS-Net mixed/not reported,Not reported in Atlas aggregate,ECDC Surveillance Atlas aggregate,https://atlas.ecdc.europa.eu/public/,4.6875,0,J01G_aminoglycosides,,,,,9.6602,0.8690999999999999,,,,0.45471213788045467,,,,0.677532758069671,360563,14.299299000969,93.9770847416131,69296.3144361601,8.63996315,https://api.worldbank.org/v2/,6.091370558375634,5.633802816901408,3.6458333333333335,0.3582567741474219,0.9385312406593492,5.54907608489522,7.755102040816326,245.0,7.659574468085107,235.0,,
EU_EEA,Iceland,ISL,2020,Escherichia coli,Blood/invasive,Aminoglycosides,19,245,EUCAST,EUCAST required; exact version unavailable in Atlas aggregate,ECDC Surveillance Atlas aggregate,https://atlas.ecdc.europa.eu/public/,7.755102040816326,1,J01G_aminoglycosides,,,,,8.0012,0.7454000000000001,,,,0.7103534008169062,,,,0.45471213788045467,366463,14.5643646996569,94.1367102874722,60127.9393575616,9.64908886,https://api.worldbank.org/v2/,4.6875,6.091370558375634,5.633802816901408,0.4960027113369117,1.1111313189676917,5.5053315359323625,9.352517985611511,278.0,5.426356589147287,258.0,,
EU_EEA,Iceland,ISL,2021,Escherichia coli,Blood/invasive,Aminoglycosides,26,278,EUCAST,EUCAST required; exact version unavailable in Atlas aggregate,ECDC Surveillance Atlas aggregate,https://atlas.ecdc.europa.eu/public/,9.352517985611511,0,J01G_aminoglycosides,,,,,8.4944,0.8171999999999999,,,,0.7449145258332538,,,,0.7103534008169062,372520,14.8686344991929,94.2108206403841,70425.4064277273,9.72073746,https://api.worldbank.org/v2/,7.755102040816326,4.6875,6.091370558375634,1.2851044322523955,1.7517535914065279,5.631211781821365,7.659574468085107,235.0,,,,
EU_EEA,Iceland,ISL,2022,Escherichia coli,Blood/invasive,Aminoglycosides,18,235,EUCAST,EUCAST required; exact version unavailable in Atlas aggregate,ECDC Surveillance Atlas aggregate,https://atlas.ecdc.europa.eu/public/,7.659574468085107,0,J01G_aminoglycosides,,,,,9.815900000000001,0.9005999999999998,,,,0.8125908818749465,,,,0.7449145258332538,382003,15.1109948456115,94.1787071228028,76376.9599334915,9.08145332,https://api.worldbank.org/v2/,9.352517985611511,7.755102040816326,4.6875,1.0513639349050503,1.6850950029248215,5.4638318050256105,5.426356589147287,258.0,,,,
EU_EEA,Iceland,ISL,2023,Escherichia coli,Blood/invasive,Aminoglycosides,14,258,EUCAST,EUCAST required; exact version unavailable in Atlas aggregate,ECDC Surveillance Atlas aggregate,https://atlas.ecdc.europa.eu/public/,5.426356589147287,0,J01G_aminoglycosides,,,,,,,,,,,,,,,385663,15.3483031550157,94.1518261784801,82201.2908518078,8.70510101,https://api.worldbank.org/v2/,7.659574468085107,9.352517985611511,7.755102040816326,-0.8679179872533531,1.3975867986447037,5.556828061699537,,,,,,
EU_EEA,Iceland,ISL,2013,Escherichia coli,Blood/invasive,Aminopenicillins,56,121,EARS-Net mixed/not reported,Not reported in Atlas aggregate,ECDC Surveillance Atlas aggregate,https://atlas.ecdc.europa.eu/public/,46.28099173553719,0,J01C_penicillins,,,,,,,,,,,,,,,323764,13.0702053657851,93.6166725158692,50173.3360061057,8.22651291,https://api.worldbank.org/v2/,44.274809160305345,48.06201550387597,46.0,-0.2944231136959124,1.3427326103035992,4.804021044733257,43.04635761589404,151.0,43.75,192.0,48.98989898989899,198.0
EU_EEA,Iceland,ISL,2014,Escherichia coli,Blood/invasive,Aminopenicillins,65,151,EARS-Net mixed/not reported,Not reported in Atlas aggregate,ECDC Surveillance Atlas aggregate,https://atlas.ecdc.europa.eu/public/,43.04635761589404,0,J01C_penicillins,8.2648,,,,9.623,,,,,,,,,,327386,13.3619327506584,93.6196716315805,55140.364935793,8.29044247,https://api.worldbank.org/v2/,46.28099173553719,44.274809160305345,48.06201550387597,-1.3040791088714003,1.9148844810381758,5.0238805208462765,44.50867052023121,173.0,41.31455399061033,213.0,52.52918287937743,257.0
EU_EEA,Iceland,ISL,2015,Escherichia coli,Blood/invasive,Aminopenicillins,77,173,EARS-Net mixed/not reported,Not reported in Atlas aggregate,ECDC Surveillance Atlas aggregate,https://atlas.ecdc.europa.eu/public/,44.50867052023121,0,J01C_penicillins,8.2663,8.2648,,,9.6486,,,,,,,,,,330815,13.679345765165,93.727919768566,53505.6964079339,8.13121986,https://api.worldbank.org/v2/,43.04635761589404,46.28099173553719,44.274809160305345,-0.25330500398656747,1.1546344731713216,5.159055299214529,43.75,192.0,48.98989898989899,198.0,55.10204081632653,245.0
EU_EEA,Iceland,ISL,2016,Escherichia coli,Blood/invasive,Aminopenicillins,84,192,EARS-Net mixed/not reported,Not reported in Atlas aggregate,ECDC Surveillance Atlas aggregate,https://atlas.ecdc.europa.eu/public/,43.75,0,J01C_penicillins,8.8652,8.2663,8.2648,,10.3022,,,,,,,,,,335439,13.9213912898367,93.7822647094726,62854.0906407932,8.15569115,https://api.worldbank.org/v2/,44.50867052023121,43.04635761589404,46.28099173553719,-0.6130662302274499,1.2046511978760912,5.262690188904886,41.31455399061033,213.0,52.52918287937743,257.0,46.57039711191336,277.0
EU_EEA,Iceland,ISL,2017,Escherichia coli,Blood/invasive,Aminopenicillins,88,213,EARS-Net mixed/not reported,Not reported in Atlas aggregate,ECDC Surveillance Atlas aggregate,https://atlas.ecdc.europa.eu/public/,41.31455399061033,0,J01C_penicillins,9.7727,8.8652,8.2663,8.2648,10.5681,1.0211999999999999,,,,0.930561281583132,,,,,343400,14.0228770869629,93.7718982310092,72976.3729990975,8.3243084,https://api.worldbank.org/v2/,43.75,44.50867052023121,43.04635761589404,-0.5954081396082415,1.1816824356389861,5.365976015021851,48.98989898989899,198.0,55.10204081632653,245.0,46.808510638297875,235.0
EU_EEA,Iceland,ISL,2018,Escherichia coli,Blood/invasive,Aminopenicillins,97,198,EARS-Net mixed/not reported,Not reported in Atlas aggregate,ECDC Surveillance Atlas aggregate,https://atlas.ecdc.europa.eu/public/,48.98989898989899,0,J01C_penicillins,9.746,9.7727,8.8652,8.2663,10.5174,1.0304999999999997,,,,0.677532758069671,,,,0.930561281583132,352721,14.1209962193995,93.8526667025487,75633.8651351915,8.43817616,https://api.worldbank.org/v2/,41.31455399061033,43.75,44.50867052023121,1.1008239399613575,2.7744169377042875,5.293304824724492,52.52918287937743,257.0,46.57039711191336,277.0,52.713178294573645,258.0
EU_EEA,Iceland,ISL,2019,Escherichia coli,Blood/invasive,Aminopenicillins,135,257,EARS-Net mixed/not reported,Not reported in Atlas aggregate,ECDC Surveillance Atlas aggregate,https://atlas.ecdc.europa.eu/public/,52.52918287937743,0,J01C_penicillins,9.084399999999999,9.746,9.7727,8.8652,9.6602,0.8690999999999999,,,,0.45471213788045467,,,,0.677532758069671,360563,14.299299000969,93.9770847416131,69296.3144361601,8.63996315,https://api.worldbank.org/v2/,48.98989898989899,41.31455399061033,43.75,3.401289363742091,4.385112193118224,5.552959584921617,55.10204081632653,245.0,46.808510638297875,235.0,,
EU_EEA,Iceland,ISL,2020,Escherichia coli,Blood/invasive,Aminopenicillins,135,245,EUCAST,EUCAST required; exact version unavailable in Atlas aggregate,ECDC Surveillance Atlas aggregate,https://atlas.ecdc.europa.eu/public/,55.10204081632653,1,J01C_penicillins,7.4316,9.084399999999999,9.746,9.7727,8.0012,0.7454000000000001,,,,0.7103534008169062,,,,0.45471213788045467,366463,14.5643646996569,94.1367102874722,60127.9393575616,9.64908886,https://api.worldbank.org/v2/,52.52918287937743,48.98989898989899,41.31455399061033,4.490174436662698,5.191808578548166,5.5053315359323625,46.57039711191336,277.0,52.713178294573645,258.0,,
EU_EEA,Iceland,ISL,2021,Escherichia coli,Blood/invasive,Aminopenicillins,129,277,EUCAST,EUCAST required; exact version unavailable in Atlas aggregate,ECDC Surveillance Atlas aggregate,https://atlas.ecdc.europa.eu/public/,46.57039711191336,0,J01C_penicillins,7.9495000000000005,7.4316,9.084399999999999,9.746,8.4944,0.8171999999999999,,,,0.7449145258332538,,,,0.7103534008169062,372520,14.8686344991929,94.2108206403841,70425.4064277273,9.72073746,https://api.worldbank.org/v2/,55.10204081632653,52.52918287937743,48.98989898989899,-0.46856476970078614,3.2658695968643827,5.627621113690637,46.808510638297875,235.0,,,,
EU_EEA,Iceland,ISL,2022,Escherichia coli,Blood/invasive,Aminopenicillins,110,235,EUCAST,EUCAST required; exact version unavailable in Atlas aggregate,ECDC Surveillance Atlas aggregate,https://atlas.ecdc.europa.eu/public/,46.808510638297875,0,J01C_penicillins,9.1293,7.9495000000000005,7.4316,9.084399999999999,9.815900000000001,0.9005999999999998,,,,0.8125908818749465,,,,0.7449145258332538,382003,15.1109948456115,94.1787071228028,76376.9599334915,9.08145332,https://api.worldbank.org/v2/,46.57039711191336,55.10204081632653,52.52918287937743,-2.569366042765191,3.67832419248634,5.4638318050256105,52.713178294573645,258.0,,,,
EU_EEA,Iceland,ISL,2023,Escherichia coli,Blood/invasive,Aminopenicillins,136,258,EUCAST,EUCAST required; exact version unavailable in Atlas aggregate,ECDC Surveillance Atlas aggregate,https://atlas.ecdc.europa.eu/public/,52.713178294573645,0,J01C_penicillins,,,,,,,,,,,,,,,385663,15.3483031550157,94.1518261784801,82201.2908518078,8.70510101,https://api.worldbank.org/v2/,46.808510638297875,46.57039711191336,55.10204081632653,-0.6928474038874264,3.7075413863276885,5.556828061699537,,,,,,
EU_EEA,Iceland,ISL,2013,Escherichia coli,Blood/invasive,Carbapenems,0,1,EARS-Net mixed/not reported,Not reported in Atlas aggregate,ECDC Surveillance Atlas aggregate,https://atlas.ecdc.europa.eu/public/,0.0,0,J01DH_carbapenems,,,,,,,,,,,,,,,323764,13.0702053657851,93.6166725158692,50173.3360061057,8.22651291,https://api.worldbank.org/v2/,0.0,0.0,0.0,0.0,0.0,0.6931471805599453,0.0,10.0,0.0,6.0,0.0,13.0
EU_EEA,Iceland,ISL,2014,Escherichia coli,Blood/invasive,Carbapenems,0,10,EARS-Net mixed/not reported,Not reported in Atlas aggregate,ECDC Surveillance Atlas aggregate,https://atlas.ecdc.europa.eu/public/,0.0,0,J01DH_carbapenems,,,,,9.623,,,,,,,,,,327386,13.3619327506584,93.6196716315805,55140.364935793,8.29044247,https://api.worldbank.org/v2/,0.0,0.0,0.0,0.0,0.0,2.3978952727983707,,,0.0,8.0,0.0,2.0
EU_EEA,Iceland,ISL,2016,Escherichia coli,Blood/invasive,Carbapenems,0,6,EARS-Net mixed/not reported,Not reported in Atlas aggregate,ECDC Surveillance Atlas aggregate,https://atlas.ecdc.europa.eu/public/,0.0,0,J01DH_carbapenems,,,,,10.3022,,,,,,,,,,335439,13.9213912898367,93.7822647094726,62854.0906407932,8.15569115,https://api.worldbank.org/v2/,0.0,0.0,0.0,0.0,0.0,1.9459101490553132,0.0,8.0,0.0,2.0,0.0,276.0
EU_EEA,Iceland,ISL,2017,Escherichia coli,Blood/invasive,Carbapenems,0,8,EARS-Net mixed/not reported,Not reported in Atlas aggregate,ECDC Surveillance Atlas aggregate,https://atlas.ecdc.europa.eu/public/,0.0,0,J01DH_carbapenems,0.0138,,,,10.5681,1.0211999999999999,,,,0.930561281583132,,,,,343400,14.0228770869629,93.7718982310092,72976.3729990975,8.3243084,https://api.worldbank.org/v2/,0.0,0.0,0.0,0.0,0.0,2.1972245773362196,0.0,13.0,0.0,245.0,0.0,235.0
EU_EEA,Iceland,ISL,2018,Escherichia coli,Blood/invasive,Carbapenems,0,13,EARS-Net mixed/not reported,Not reported in Atlas aggregate,ECDC Surveillance Atlas aggregate,https://atlas.ecdc.europa.eu/public/,0.0,0,J01DH_carbapenems,0.0339,0.0138,,,10.5174,1.0304999999999997,,,,0.677532758069671,,,,0.930561281583132,352721,14.1209962193995,93.8526667025487,75633.8651351915,8.43817616,https://api.worldbank.org/v2/,0.0,0.0,0.0,0.0,0.0,2.6390573296152584,0.0,2.0,0.0,276.0,0.0,258.0
EU_EEA,Iceland,ISL,2019,Escherichia coli,Blood/invasive,Carbapenems,0,2,EARS-Net mixed/not reported,Not reported in Atlas aggregate,ECDC Surveillance Atlas aggregate,https://atlas.ecdc.europa.eu/public/,0.0,0,J01DH_carbapenems,0.0306,0.0339,0.0138,,9.6602,0.8690999999999999,,,,0.45471213788045467,,,,0.677532758069671,360563,14.299299000969,93.9770847416131,69296.3144361601,8.63996315,https://api.worldbank.org/v2/,0.0,0.0,0.0,0.0,0.0,1.0986122886681098,0.0,245.0,0.0,235.0,,
EU_EEA,Iceland,ISL,2020,Escherichia coli,Blood/invasive,Carbapenems,0,245,EUCAST,EUCAST required; exact version unavailable in Atlas aggregate,ECDC Surveillance Atlas aggregate,https://atlas.ecdc.europa.eu/public/,0.0,1,J01DH_carbapenems,0.0296,0.0306,0.0339,0.0138,8.0012,0.7454000000000001,,,,0.7103534008169062,,,,0.45471213788045467,366463,14.5643646996569,94.1367102874722,60127.9393575616,9.64908886,https://api.worldbank.org/v2/,0.0,0.0,0.0,0.0,0.0,5.5053315359323625,0.0,276.0,0.0,258.0,,
EU_EEA,Iceland,ISL,2021,Escherichia coli,Blood/invasive,Carbapenems,0,276,EUCAST,EUCAST required; exact version unavailable in Atlas aggregate,ECDC Surveillance Atlas aggregate,https://atlas.ecdc.europa.eu/public/,0.0,0,J01DH_carbapenems,0.0379,0.0296,0.0306,0.0339,8.4944,0.8171999999999999,,,,0.7449145258332538,,,,0.7103534008169062,372520,14.8686344991929,94.2108206403841,70425.4064277273,9.72073746,https://api.worldbank.org/v2/,0.0,0.0,0.0,0.0,0.0,5.6240175061873385,0.0,235.0,,,,
EU_EEA,Iceland,ISL,2022,Escherichia coli,Blood/invasive,Carbapenems,0,235,EUCAST,EUCAST required; exact version unavailable in Atlas aggregate,ECDC Surveillance Atlas aggregate,https://atlas.ecdc.europa.eu/public/,0.0,0,J01DH_carbapenems,0.0453,0.0379,0.0296,0.0306,9.815900000000001,0.9005999999999998,,,,0.8125908818749465,,,,0.7449145258332538,382003,15.1109948456115,94.1787071228028,76376.9599334915,9.08145332,https://api.worldbank.org/v2/,0.0,0.0,0.0,0.0,0.0,5.4638318050256105,0.0,258.0,,,,
EU_EEA,Iceland,ISL,2023,Escherichia coli,Blood/invasive,Carbapenems,0,258,EUCAST,EUCAST required; exact version unavailable in Atlas aggregate,ECDC Surveillance Atlas aggregate,https://atlas.ecdc.europa.eu/public/,0.0,0,J01DH_carbapenems,,,,,,,,,,,,,,,385663,15.3483031550157,94.1518261784801,82201.2908518078,8.70510101,https://api.worldbank.org/v2/,0.0,0.0,0.0,0.0,0.0,5.556828061699537,,,,,,
EU_EEA,Iceland,ISL,2013,Escherichia coli,Blood/invasive,Fluoroquinolones,17,116,EARS-Net mixed/not reported,Not reported in Atlas aggregate,ECDC Surveillance Atlas aggregate,https://atlas.ecdc.europa.eu/public/,14.655172413793103,0,J01M_quinolones,,,,,,,,,,,,,,,323764,13.0702053657851,93.6166725158692,50173.3360061057,8.22651291,https://api.worldbank.org/v2/,9.701492537313433,14.049586776859504,10.526315789473685,0.8038475633412165,2.1498957921013098,4.762173934797756,7.801418439716312,141.0,9.55056179775281,178.0,17.1875,192.0
EU_EEA,Iceland,ISL,2014,Escherichia coli,Blood/invasive,Fluoroquinolones,11,141,EARS-Net mixed/not reported,Not reported in Atlas aggregate,ECDC Surveillance Atlas aggregate,https://atlas.ecdc.europa.eu/public/,7.801418439716312,0,J01M_quinolones,0.8841,,,,9.623,,,,,,,,,,327386,13.3619327506584,93.6196716315805,55140.364935793,8.29044247,https://api.worldbank.org/v2/,14.655172413793103,9.701492537313433,14.049586776859504,-1.3790825134949927,2.887856411781552,4.955827057601261,6.790123456790123,162.0,11.557788944723619,199.0,13.095238095238095,252.0
EU_EEA,Iceland,ISL,2015,Escherichia coli,Blood/invasive,Fluoroquinolones,11,162,EARS-Net mixed/not reported,Not reported in Atlas aggregate,ECDC Surveillance Atlas aggregate,https://atlas.ecdc.europa.eu/public/,6.790123456790123,0,J01M_quinolones,0.923,0.8841,,,9.6486,,,,,,,,,,330815,13.679345765165,93.727919768566,53505.6964079339,8.13121986,https://api.worldbank.org/v2/,7.801418439716312,14.655172413793103,9.701492537313433,-1.558786121564674,3.025732886361429,5.093750200806762,9.55056179775281,178.0,17.1875,192.0,11.83673469387755,245.0
EU_EEA,Iceland,ISL,2016,Escherichia coli,Blood/invasive,Fluoroquinolones,17,178,EARS-Net mixed/not reported,Not reported in Atlas aggregate,ECDC Surveillance Atlas aggregate,https://atlas.ecdc.europa.eu/public/,9.55056179775281,0,J01M_quinolones,0.9219,0.923,0.8841,,10.3022,,,,,,,,,,335439,13.9213912898367,93.7822647094726,62854.0906407932,8.15569115,https://api.worldbank.org/v2/,6.790123456790123,7.801418439716312,14.655172413793103,-1.632512683104709,3.026881935655176,5.187385805840755,11.557788944723619,199.0,13.095238095238095,252.0,14.440433212996389,277.0
EU_EEA,Iceland,ISL,2017,Escherichia coli,Blood/invasive,Fluoroquinolones,23,199,EARS-Net mixed/not reported,Not reported in Atlas aggregate,ECDC Surveillance Atlas aggregate,https://atlas.ecdc.europa.eu/public/,11.557788944723619,0,J01M_quinolones,0.9121999999999999,0.9219,0.923,0.8841,10.5681,1.0211999999999999,,,,0.930561281583132,,,,,343400,14.0228770869629,93.7718982310092,72976.3729990975,8.3243084,https://api.worldbank.org/v2/,9.55056179775281,6.790123456790123,7.801418439716312,1.4029549855984602,1.8126664450983752,5.298317366548036,17.1875,192.0,11.83673469387755,245.0,10.212765957446809,235.0
EU_EEA,Iceland,ISL,2018,Escherichia coli,Blood/invasive,Fluoroquinolones,33,192,EARS-Net mixed/not reported,Not reported in Atlas aggregate,ECDC Surveillance Atlas aggregate,https://atlas.ecdc.europa.eu/public/,17.1875,0,J01M_quinolones,0.9062999999999999,0.9121999999999999,0.9219,0.923,10.5174,1.0304999999999997,,,,0.677532758069671,,,,0.930561281583132,352721,14.1209962193995,93.8526667025487,75633.8651351915,8.43817616,https://api.worldbank.org/v2/,11.557788944723619,9.55056179775281,6.790123456790123,3.3199356776600433,3.8120001763408276,5.262690188904886,13.095238095238095,252.0,14.440433212996389,277.0,12.790697674418604,258.0
EU_EEA,Iceland,ISL,2019,Escherichia coli,Blood/invasive,Fluoroquinolones,33,252,EARS-Net mixed/not reported,Not reported in Atlas aggregate,ECDC Surveillance Atlas aggregate,https://atlas.ecdc.europa.eu/public/,13.095238095238095,0,J01M_quinolones,0.6158,0.9062999999999999,0.9121999999999999,0.9219,9.6602,0.8690999999999999,,,,0.45471213788045467,,,,0.677532758069671,360563,14.299299000969,93.9770847416131,69296.3144361601,8.63996315,https://api.worldbank.org/v2/,17.1875,11.557788944723619,9.55056179775281,1.6263739947732223,2.803129054422009,5.53338948872752,11.83673469387755,245.0,10.212765957446809,235.0,,
EU_EEA,Iceland,ISL,2020,Escherichia coli,Blood/invasive,Fluoroquinolones,29,245,EUCAST,EUCAST required; exact version unavailable in Atlas aggregate,ECDC Surveillance Atlas aggregate,https://atlas.ecdc.europa.eu/public/,11.83673469387755,1,J01M_quinolones,0.5316,0.6158,0.9062999999999999,0.9121999999999999,8.0012,0.7454000000000001,,,,0.7103534008169062,,,,0.45471213788045467,366463,14.5643646996569,94.1367102874722,60127.9393575616,9.64908886,https://api.worldbank.org/v2/,13.095238095238095,17.1875,11.557788944723619,-0.3255424657300108,2.2513375865373737,5.5053315359323625,14.440433212996389,277.0,12.790697674418604,258.0,,
EU_EEA,Iceland,ISL,2021,Escherichia coli,Blood/invasive,Fluoroquinolones,40,277,EUCAST,EUCAST required; exact version unavailable in Atlas aggregate,ECDC Surveillance Atlas aggregate,https://atlas.ecdc.europa.eu/public/,14.440433212996389,0,J01M_quinolones,0.4959,0.5316,0.6158,0.9062999999999999,8.4944,0.8171999999999999,,,,0.7449145258332538,,,,0.7103534008169062,372520,14.8686344991929,94.2108206403841,70425.4064277273,9.72073746,https://api.worldbank.org/v2/,11.83673469387755,13.095238095238095,17.1875,-0.9499703762371411,1.9858294785360733,5.627621113690637,10.212765957446809,235.0,,,,
EU_EEA,Iceland,ISL,2022,Escherichia coli,Blood/invasive,Fluoroquinolones,24,235,EUCAST,EUCAST required; exact version unavailable in Atlas aggregate,ECDC Surveillance Atlas aggregate,https://atlas.ecdc.europa.eu/public/,10.212765957446809,0,J01M_quinolones,0.5046,0.4959,0.5316,0.6158,9.815900000000001,0.9005999999999998,,,,0.8125908818749465,,,,0.7449145258332538,382003,15.1109948456115,94.1787071228028,76376.9599334915,9.08145332,https://api.worldbank.org/v2/,14.440433212996389,11.83673469387755,13.095238095238095,-0.6043717894255043,1.5610837021167352,5.4638318050256105,12.790697674418604,258.0,,,,
EU_EEA,Iceland,ISL,2023,Escherichia coli,Blood/invasive,Fluoroquinolones,33,258,EUCAST,EUCAST required; exact version unavailable in Atlas aggregate,ECDC Surveillance Atlas aggregate,https://atlas.ecdc.europa.eu/public/,12.790697674418604,0,J01M_quinolones,,,,,,,,,,,,,,,385663,15.3483031550157,94.1518261784801,82201.2908518078,8.70510101,https://api.worldbank.org/v2/,10.212765957446809,14.440433212996389,11.83673469387755,-0.13657783139264354,1.5323000585694377,5.556828061699537,,,,,,
EU_EEA,Iceland,ISL,2013,Escherichia coli,Blood/invasive,Third-generation cephalosporins,6,121,EARS-Net mixed/not reported,Not reported in Atlas aggregate,ECDC Surveillance Atlas aggregate,https://atlas.ecdc.europa.eu/public/,4.958677685950414,0,J01D_other_beta_lactams,,,,,,,,,,,,,,,323764,13.0702053657851,93.6166725158692,50173.3360061057,8.22651291,https://api.worldbank.org/v2/,5.072463768115942,6.153846153846154,3.8461538461538463,0.2256189133659483,0.8169207393129932,4.804021044733257,3.289473684210526,152.0,4.166666666666667,192.0,8.080808080808081,198.0
EU_EEA,Iceland,ISL,2014,Escherichia coli,Blood/invasive,Third-generation cephalosporins,5,152,EARS-Net mixed/not reported,Not reported in Atlas aggregate,ECDC Surveillance Atlas aggregate,https://atlas.ecdc.europa.eu/public/,3.289473684210526,0,J01D_other_beta_lactams,0.4740999999999999,,,,9.623,,,,,,,,,,327386,13.3619327506584,93.6196716315805,55140.364935793,8.29044247,https://api.worldbank.org/v2/,4.958677685950414,5.072463768115942,6.153846153846154,-0.8706903491072424,1.0241059542001252,5.030437921392435,1.7341040462427746,173.0,6.103286384976526,213.0,7.003891050583658,257.0
EU_EEA,Iceland,ISL,2015,Escherichia coli,Blood/invasive,Third-generation cephalosporins,3,173,EARS-Net mixed/not reported,Not reported in Atlas aggregate,ECDC Surveillance Atlas aggregate,https://atlas.ecdc.europa.eu/public/,1.7341040462427746,0,J01D_other_beta_lactams,0.4593,0.4740999999999999,,,9.6486,,,,,,,,,,330815,13.679345765165,93.727919768566,53505.6964079339,8.13121986,https://api.worldbank.org/v2/,3.289473684210526,4.958677685950414,5.072463768115942,-1.1684283167359402,1.3679349950851667,5.159055299214529,4.166666666666667,192.0,8.080808080808081,198.0,11.020408163265307,245.0
EU_EEA,Iceland,ISL,2016,Escherichia coli,Blood/invasive,Third-generation cephalosporins,8,192,EARS-Net mixed/not reported,Not reported in Atlas aggregate,ECDC Surveillance Atlas aggregate,https://atlas.ecdc.europa.eu/public/,4.166666666666667,0,J01D_other_beta_lactams,0.5151,0.4593,0.4740999999999999,,10.3022,,,,,,,,,,335439,13.9213912898367,93.7822647094726,62854.0906407932,8.15569115,https://api.worldbank.org/v2/,1.7341040462427746,3.289473684210526,4.958677685950414,-0.3931402695819,1.1968030788692459,5.262690188904886,6.103286384976526,213.0,7.003891050583658,257.0,10.431654676258994,278.0
EU_EEA,Iceland,ISL,2017,Escherichia coli,Blood/invasive,Third-generation cephalosporins,13,213,EARS-Net mixed/not reported,Not reported in Atlas aggregate,ECDC Surveillance Atlas aggregate,https://atlas.ecdc.europa.eu/public/,6.103286384976526,0,J01D_other_beta_lactams,0.8906000000000001,0.5151,0.4593,0.4740999999999999,10.5681,1.0211999999999999,,,,0.930561281583132,,,,,343400,14.0228770869629,93.7718982310092,72976.3729990975,8.3243084,https://api.worldbank.org/v2/,4.166666666666667,1.7341040462427746,3.289473684210526,1.0874000722721893,1.578444552773935,5.365976015021851,8.080808080808081,198.0,11.020408163265307,245.0,9.787234042553191,235.0
EU_EEA,Iceland,ISL,2018,Escherichia coli,Blood/invasive,Third-generation cephalosporins,16,198,EARS-Net mixed/not reported,Not reported in Atlas aggregate,ECDC Surveillance Atlas aggregate,https://atlas.ecdc.europa.eu/public/,8.080808080808081,0,J01D_other_beta_lactams,0.8616999999999999,0.8906000000000001,0.5151,0.4593,10.5174,1.0304999999999997,,,,0.677532758069671,,,,0.930561281583132,352721,14.1209962193995,93.8526667025487,75633.8651351915,8.43817616,https://api.worldbank.org/v2/,6.103286384976526,4.166666666666667,1.7341040462427746,2.0976731822005776,2.348794349161954,5.293304824724492,7.003891050583658,257.0,10.431654676258994,278.0,12.015503875968992,258.0
EU_EEA,Iceland,ISL,2019,Escherichia coli,Blood/invasive,Third-generation cephalosporins,18,257,EARS-Net mixed/not reported,Not reported in Atlas aggregate,ECDC Surveillance Atlas aggregate,https://atlas.ecdc.europa.eu/public/,7.003891050583658,0,J01D_other_beta_lactams,0.7985,0.8616999999999999,0.8906000000000001,0.5151,9.6602,0.8690999999999999,,,,0.45471213788045467,,,,0.677532758069671,360563,14.299299000969,93.9770847416131,69296.3144361601,8.63996315,https://api.worldbank.org/v2/,8.080808080808081,6.103286384976526,4.166666666666667,1.0489194847582521,1.4361901044761147,5.552959584921617,11.020408163265307,245.0,9.787234042553191,235.0,,
EU_EEA,Iceland,ISL,2020,Escherichia coli,Blood/invasive,Third-generation cephalosporins,27,245,EUCAST,EUCAST required; exact version unavailable in Atlas aggregate,ECDC Surveillance Atlas aggregate,https://atlas.ecdc.europa.eu/public/,11.020408163265307,1,J01D_other_beta_lactams,0.7538,0.7985,0.8616999999999999,0.8906000000000001,8.0012,0.7454000000000001,,,,0.7103534008169062,,,,0.45471213788045467,366463,14.5643646996569,94.1367102874722,60127.9393575616,9.64908886,https://api.worldbank.org/v2/,7.003891050583658,8.080808080808081,6.103286384976526,1.3674448304641902,1.8512356693394345,5.5053315359323625,10.431654676258994,278.0,12.015503875968992,258.0,,
EU_EEA,Iceland,ISL,2021,Escherichia coli,Blood/invasive,Third-generation cephalosporins,29,278,EUCAST,EUCAST required; exact version unavailable in Atlas aggregate,ECDC Surveillance Atlas aggregate,https://atlas.ecdc.europa.eu/public/,10.431654676258994,0,J01D_other_beta_lactams,0.8282999999999999,0.7538,0.7985,0.8616999999999999,8.4944,0.8171999999999999,,,,0.7449145258332538,,,,0.7103534008169062,372520,14.8686344991929,94.2108206403841,70425.4064277273,9.72073746,https://api.worldbank.org/v2/,11.020408163265307,7.003891050583658,8.080808080808081,1.1069056899034375,1.6499258034178097,5.631211781821365,9.787234042553191,235.0,,,,
EU_EEA,Iceland,ISL,2022,Escherichia coli,Blood/invasive,Third-generation cephalosporins,23,235,EUCAST,EUCAST required; exact version unavailable in Atlas aggregate,ECDC Surveillance Atlas aggregate,https://atlas.ecdc.europa.eu/public/,9.787234042553191,0,J01D_other_beta_lactams,1.0372999999999999,0.8282999999999999,0.7538,0.7985,9.815900000000001,0.9005999999999998,,,,0.8125908818749465,,,,0.7449145258332538,382003,15.1109948456115,94.1787071228028,76376.9599334915,9.08145332,https://api.worldbank.org/v2/,10.431654676258994,11.020408163265307,7.003891050583658,0.7761275488902285,1.5393098785355732,5.4638318050256105,12.015503875968992,258.0,,,,
EU_EEA,Iceland,ISL,2023,Escherichia coli,Blood/invasive,Third-generation cephalosporins,31,258,EUCAST,EUCAST required; exact version unavailable in Atlas aggregate,ECDC Surveillance Atlas aggregate,https://atlas.ecdc.europa.eu/public/,12.015503875968992,0,J01D_other_beta_lactams,,,,,,,,,,,,,,,385663,15.3483031550157,94.1518261784801,82201.2908518078,8.70510101,https://api.worldbank.org/v2/,9.787234042553191,10.431654676258994,11.020408163265307,0.23408665044052374,0.8195504579103119,5.556828061699537,,,,,,
EU_EEA,Italy,ITA,2013,Escherichia coli,Blood/invasive,Aminoglycosides,721,3802,EARS-Net mixed/not reported,Not reported in Atlas aggregate,ECDC Surveillance Atlas aggregate,https://atlas.ecdc.europa.eu/public/,18.96370331404524,0,J01G_aminoglycosides,,,,,16.817700000000002,1.4958,,,,2.4643839040239945,,,,,60311613,21.330672420342,69.3073989916076,35701.6746002376,8.7897644,https://api.worldbank.org/v2/,22.325102880658438,20.745920745920746,16.241776315789473,0.9744963129504978,2.259316655010696,8.24354550792826,19.352991697681077,3493.0,18.983385425234413,6079.0,16.043016162505502,15901.0
EU_EEA,Italy,ITA,2014,Escherichia coli,Blood/invasive,Aminoglycosides,676,3493,EARS-Net mixed/not reported,Not reported in Atlas aggregate,ECDC Surveillance Atlas aggregate,https://atlas.ecdc.europa.eu/public/,19.352991697681077,0,J01G_aminoglycosides,,,,,16.241,1.4575,,,,2.8926889207454445,,,,2.4643839040239945,60320707,21.6978740078895,69.5807638614879,36028.3494022349,8.85913563,https://api.worldbank.org/v2/,18.96370331404524,22.325102880658438,20.745920745920746,-0.7540186711332235,1.3203778791179837,8.158802490694002,20.173816568047336,5408.0,18.4188393608074,7134.0,15.906865411815907,18382.0
EU_EEA,Italy,ITA,2015,Escherichia coli,Blood/invasive,Aminoglycosides,1091,5408,EARS-Net mixed/not reported,Not reported in Atlas aggregate,ECDC Surveillance Atlas aggregate,https://atlas.ecdc.europa.eu/public/,20.173816568047336,0,J01G_aminoglycosides,,,,,16.0842,1.4555,,,,2.816449899248947,,,,2.8926889207454445,60229605,22.0285256126439,69.6100006103516,30639.8829751432,8.84596729,https://api.worldbank.org/v2/,19.352991697681077,18.96370331404524,22.325102880658438,-0.6064570554197521,1.3002441532792834,8.595819511871428,18.983385425234413,6079.0,16.043016162505502,15901.0,14.943870178948538,17994.0
EU_EEA,Italy,ITA,2016,Escherichia coli,Blood/invasive,Aminoglycosides,1154,6079,EARS-Net mixed/not reported,Not reported in Atlas aggregate,ECDC Surveillance Atlas aggregate,https://atlas.ecdc.europa.eu/public/,18.983385425234413,0,J01G_aminoglycosides,,,,,15.783700000000003,1.3578,,,,3.0602943091548376,,,,2.816449899248947,60115223,22.3095886391617,69.5969232525286,31391.5692898108,8.72043991,https://api.worldbank.org/v2/,20.173816568047336,19.352991697681077,18.96370331404524,0.08798712039337481,0.49013999842319017,8.712759974960212,18.4188393608074,7134.0,15.906865411815907,18382.0,13.498454911508569,21358.0
EU_EEA,Italy,ITA,2017,Escherichia coli,Blood/invasive,Aminoglycosides,1314,7134,EARS-Net mixed/not reported,Not reported in Atlas aggregate,ECDC Surveillance Atlas aggregate,https://atlas.ecdc.europa.eu/public/,18.4188393608074,0,J01G_aminoglycosides,,,,,13.405800000000003,1.3881999999999997,,,,4.150099403578529,,,,3.0602943091548376,60002252,22.558669089969,69.5180784259382,32844.115660604,8.69060516,https://api.worldbank.org/v2/,18.983385425234413,20.173816568047336,19.352991697681077,-0.39928881534340016,0.6373179355461347,8.872767529910936,16.043016162505502,15901.0,14.943870178948538,17994.0,14.197579377554229,25448.0
EU_EEA,Italy,ITA,2018,Escherichia coli,Blood/invasive,Aminoglycosides,2551,15901,EARS-Net mixed/not reported,Not reported in Atlas aggregate,ECDC Surveillance Atlas aggregate,https://atlas.ecdc.europa.eu/public/,16.043016162505502,0,J01G_aminoglycosides,,,,,13.628500000000003,1.4059999999999997,,,,4.234037387715466,,,,4.150099403578529,59877221,22.8062143288843,69.4800033569336,35062.3364176949,8.65467453,https://api.worldbank.org/v2/,18.4188393608074,18.983385425234413,20.173816568047336,-1.2956947281052538,1.5035292403164537,9.674200166461429,15.906865411815907,18382.0,13.498454911508569,21358.0,16.01035182206057,28594.0
EU_EEA,Italy,ITA,2019,Escherichia coli,Blood/invasive,Aminoglycosides,2924,18382,EARS-Net mixed/not reported,Not reported in Atlas aggregate,ECDC Surveillance Atlas aggregate,https://atlas.ecdc.europa.eu/public/,15.906865411815907,0,J01G_aminoglycosides,,,,,13.491299999999999,1.3405999999999998,,,,4.597092519495525,,,,4.234037387715466,59729081,23.104171093177,69.5050010681153,33812.788724868,8.61536789,https://api.worldbank.org/v2/,16.043016162505502,18.4188393608074,18.983385425234413,-1.1605383238557445,1.3784625736200553,9.819181603482871,14.943870178948538,17994.0,14.197579377554229,25448.0,,
EU_EEA,Italy,ITA,2020,Escherichia coli,Blood/invasive,Aminoglycosides,2689,17994,EUCAST,EUCAST required; exact version unavailable in Atlas aggregate,ECDC Surveillance Atlas aggregate,https://atlas.ecdc.europa.eu/public/,14.943870178948538,1,J01G_aminoglycosides,,,,,10.7194,1.1796999999999997,,,,4.910587567414136,,,,4.597092519495525,59438851,23.379233231567,69.5187492370606,32091.4866621366,9.5643034,https://api.worldbank.org/v2/,15.906865411815907,16.043016162505502,18.4188393608074,-1.0561058296266201,1.2792570730573798,9.79784922051313,13.498454911508569,21358.0,16.01035182206057,28594.0,,
EU_EEA,Italy,ITA,2021,Escherichia coli,Blood/invasive,Aminoglycosides,2883,21358,EUCAST,EUCAST required; exact version unavailable in Atlas aggregate,ECDC Surveillance Atlas aggregate,https://atlas.ecdc.europa.eu/public/,13.498454911508569,0,J01G_aminoglycosides,,,,,10.3661,1.0394,,,,6.237738026543566,,,,4.910587567414136,59133173,23.6619735523658,69.4812507629394,36852.5425414951,9.28164482,https://api.worldbank.org/v2/,14.943870178948538,15.906865411815907,16.043016162505502,-0.8596678985858195,1.016073235919204,9.969228475498804,14.197579377554229,25448.0,,,,
EU_EEA,Italy,ITA,2022,Escherichia coli,Blood/invasive,Aminoglycosides,3613,25448,EUCAST,EUCAST required; exact version unavailable in Atlas aggregate,ECDC Surveillance Atlas aggregate,https://atlas.ecdc.europa.eu/public/,14.197579377554229,0,J01G_aminoglycosides,,,,,12.942700000000002,1.2060999999999997,,,,7.844199330313181,,,,6.237738026543566,59013667,23.929189689659,69.4839779766539,35653.9042103495,8.85022926,https://api.worldbank.org/v2/,13.498454911508569,14.943870178948538,15.906865411815907,-0.657327337022502,0.8938823320932209,10.144431728475844,16.01035182206057,28594.0,,,,
EU_EEA,Italy,ITA,2023,Escherichia coli,Blood/invasive,Aminoglycosides,4578,28594,EUCAST,EUCAST required; exact version unavailable in Atlas aggregate,ECDC Surveillance Atlas aggregate,https://atlas.ecdc.europa.eu/public/,16.01035182206057,0,J01G_aminoglycosides,,,,,,,,,,,,,,,58984216,24.2187831541913,69.5381540123301,39279.699782164,8.40559483,https://api.worldbank.org/v2/,14.197579377554229,13.498454911508569,14.943870178948538,0.38985693953817446,0.9309975629168505,10.260987156349417,,,,,,
EU_EEA,Italy,ITA,2013,Escherichia coli,Blood/invasive,Aminopenicillins,1549,2356,EARS-Net mixed/not reported,Not reported in Atlas aggregate,ECDC Surveillance Atlas aggregate,https://atlas.ecdc.europa.eu/public/,65.74702886247877,0,J01C_penicillins,11.385500000000002,,,,16.817700000000002,1.4958,,,,2.4643839040239945,,,,,60311613,21.330672420342,69.3073989916076,35701.6746002376,8.7897644,https://api.worldbank.org/v2/,67.54592557701366,67.12418300653594,64.24825174825175,0.49180739131586276,1.291859508693206,7.7651449029361315,65.42699724517907,2178.0,66.92357096981374,3114.0,64.4763042612505,7533.0
EU_EEA,Italy,ITA,2014,Escherichia coli,Blood/invasive,Aminopenicillins,1425,2178,EARS-Net mixed/not reported,Not reported in Atlas aggregate,ECDC Surveillance Atlas aggregate,https://atlas.ecdc.europa.eu/public/,65.42699724517907,0,J01C_penicillins,11.0852,11.385500000000002,,,16.241,1.4575,,,,2.8926889207454445,,,,2.4643839040239945,60320707,21.6978740078895,69.5807638614879,36028.3494022349,8.85913563,https://api.worldbank.org/v2/,65.74702886247877,67.54592557701366,67.12418300653594,-0.6890453998605638,0.8938388676756879,7.68662133494462,67.3559822747415,3385.0,67.11623344776851,4078.0,68.11756787076509,4457.0
EU_EEA,Italy,ITA,2015,Escherichia coli,Blood/invasive,Aminopenicillins,2280,3385,EARS-Net mixed/not reported,Not reported in Atlas aggregate,ECDC Surveillance Atlas aggregate,https://atlas.ecdc.europa.eu/public/,67.3559822747415,0,J01C_penicillins,11.0046,11.0852,11.385500000000002,,16.0842,1.4555,,,,2.816449899248947,,,,2.8926889207454445,60229605,22.0285256126439,69.6100006103516,30639.8829751432,8.84596729,https://api.worldbank.org/v2/,65.42699724517907,65.74702886247877,67.54592557701366,-0.08898615241162988,0.9412126382448907,8.12740456269308,66.92357096981374,3114.0,64.4763042612505,7533.0,64.546748932131,4214.0
EU_EEA,Italy,ITA,2016,Escherichia coli,Blood/invasive,Aminopenicillins,2084,3114,EARS-Net mixed/not reported,Not reported in Atlas aggregate,ECDC Surveillance Atlas aggregate,https://atlas.ecdc.europa.eu/public/,66.92357096981374,0,J01C_penicillins,10.923400000000003,11.0046,11.0852,11.385500000000002,15.783700000000003,1.3578,,,,3.0602943091548376,,,,2.816449899248947,60115223,22.3095886391617,69.5969232525286,31391.5692898108,8.72043991,https://api.worldbank.org/v2/,67.3559822747415,65.42699724517907,65.74702886247877,0.5458611351567346,0.7993395063818775,8.043984431221553,67.11623344776851,4078.0,68.11756787076509,4457.0,59.64102564102564,5850.0
EU_EEA,Italy,ITA,2017,Escherichia coli,Blood/invasive,Aminopenicillins,2737,4078,EARS-Net mixed/not reported,Not reported in Atlas aggregate,ECDC Surveillance Atlas aggregate,https://atlas.ecdc.europa.eu/public/,67.11623344776851,0,J01C_penicillins,9.3595,10.923400000000003,11.0046,11.0852,13.405800000000003,1.3881999999999997,,,,4.150099403578529,,,,3.0602943091548376,60002252,22.558669089969,69.5180784259382,32844.115660604,8.69060516,https://api.worldbank.org/v2/,66.92357096981374,67.3559822747415,65.42699724517907,0.4635297302840446,0.7539816382360993,8.313607139317558,64.4763042612505,7533.0,64.546748932131,4214.0,61.55467720685112,7590.0
EU_EEA,Italy,ITA,2018,Escherichia coli,Blood/invasive,Aminopenicillins,4857,7533,EARS-Net mixed/not reported,Not reported in Atlas aggregate,ECDC Surveillance Atlas aggregate,https://atlas.ecdc.europa.eu/public/,64.4763042612505,0,J01C_penicillins,9.476500000000001,9.3595,10.923400000000003,11.0046,13.628500000000003,1.4059999999999997,,,,4.234037387715466,,,,4.150099403578529,59877221,22.8062143288843,69.4800033569336,35062.3364176949,8.65467453,https://api.worldbank.org/v2/,67.11623344776851,66.92357096981374,67.3559822747415,-0.8446371562518359,1.160077146710736,8.927181388251986,68.11756787076509,4457.0,59.64102564102564,5850.0,63.221986370237964,8951.0
EU_EEA,Italy,ITA,2019,Escherichia coli,Blood/invasive,Aminopenicillins,3036,4457,EARS-Net mixed/not reported,Not reported in Atlas aggregate,ECDC Surveillance Atlas aggregate,https://atlas.ecdc.europa.eu/public/,68.11756787076509,0,J01C_penicillins,9.8095,9.476500000000001,9.3595,10.923400000000003,13.491299999999999,1.3405999999999998,,,,4.597092519495525,,,,4.234037387715466,59729081,23.104171093177,69.5050010681153,33812.788724868,8.61536789,https://api.worldbank.org/v2/,64.4763042612505,67.11623344776851,66.92357096981374,0.09420615163359164,1.338902516597436,8.402455513945814,64.546748932131,4214.0,61.55467720685112,7590.0,,
EU_EEA,Italy,ITA,2020,Escherichia coli,Blood/invasive,Aminopenicillins,2720,4214,EUCAST,EUCAST required; exact version unavailable in Atlas aggregate,ECDC Surveillance Atlas aggregate,https://atlas.ecdc.europa.eu/public/,64.546748932131,1,J01C_penicillins,7.8352,9.8095,9.476500000000001,9.3595,10.7194,1.1796999999999997,,,,4.910587567414136,,,,4.597092519495525,59438851,23.379233231567,69.5187492370606,32091.4866621366,9.5643034,https://api.worldbank.org/v2/,68.11756787076509,64.4763042612505,67.11623344776851,-0.4067189937398095,1.5927307217233901,8.346404870435956,59.64102564102564,5850.0,63.221986370237964,8951.0,,
EU_EEA,Italy,ITA,2021,Escherichia coli,Blood/invasive,Aminopenicillins,3489,5850,EUCAST,EUCAST required; exact version unavailable in Atlas aggregate,ECDC Surveillance Atlas aggregate,https://atlas.ecdc.europa.eu/public/,59.64102564102564,0,J01C_penicillins,7.570500000000001,7.8352,9.8095,9.476500000000001,10.3661,1.0394,,,,6.237738026543566,,,,4.910587567414136,59133173,23.6619735523658,69.4812507629394,36852.5425414951,9.28164482,https://api.worldbank.org/v2/,64.546748932131,68.11756787076509,64.4763042612505,-1.807665479930878,3.013638991472642,8.674367865788236,61.55467720685112,7590.0,,,,
EU_EEA,Italy,ITA,2022,Escherichia coli,Blood/invasive,Aminopenicillins,4672,7590,EUCAST,EUCAST required; exact version unavailable in Atlas aggregate,ECDC Surveillance Atlas aggregate,https://atlas.ecdc.europa.eu/public/,61.55467720685112,0,J01C_penicillins,9.509200000000002,7.570500000000001,7.8352,9.8095,12.942700000000002,1.2060999999999997,,,,7.844199330313181,,,,6.237738026543566,59013667,23.929189689659,69.4839779766539,35653.9042103495,8.85022926,https://api.worldbank.org/v2/,59.64102564102564,64.546748932131,68.11756787076509,-2.4594395282847374,3.2050226838613,8.934718614016768,63.221986370237964,8951.0,,,,
EU_EEA,Italy,ITA,2023,Escherichia coli,Blood/invasive,Aminopenicillins,5659,8951,EUCAST,EUCAST required; exact version unavailable in Atlas aggregate,ECDC Surveillance Atlas aggregate,https://atlas.ecdc.europa.eu/public/,63.221986370237964,0,J01C_penicillins,,,,,,,,,,,,,,,58984216,24.2187831541913,69.5381540123301,39279.699782164,8.40559483,https://api.worldbank.org/v2/,61.55467720685112,59.64102564102564,64.546748932131,-0.20606361198537465,1.8377784137607875,9.09963224999176,,,,,,
EU_EEA,Italy,ITA,2013,Escherichia coli,Blood/invasive,Carbapenems,25,3989,EARS-Net mixed/not reported,Not reported in Atlas aggregate,ECDC Surveillance Atlas aggregate,https://atlas.ecdc.europa.eu/public/,0.6267234895963901,0,J01DH_carbapenems,0.0572,,,,16.817700000000002,1.4958,,,,2.4643839040239945,,,,,60311613,21.330672420342,69.3073989916076,35701.6746002376,8.7897644,https://api.worldbank.org/v2/,0.264812975835816,0.16181229773462782,0.11569610489780177,0.1636082832196953,0.20050597066079764,8.29154650988391,0.21645021645021645,3696.0,0.26203734032099574,6106.0,0.36888428682371216,15452.0
EU_EEA,Italy,ITA,2014,Escherichia coli,Blood/invasive,Carbapenems,8,3696,EARS-Net mixed/not reported,Not reported in Atlas aggregate,ECDC Surveillance Atlas aggregate,https://atlas.ecdc.europa.eu/public/,0.21645021645021645,0,J01DH_carbapenems,0.06,0.0572,,,16.241,1.4575,,,,2.8926889207454445,,,,2.4643839040239945,60320707,21.6978740078895,69.5807638614879,36028.3494022349,8.85913563,https://api.worldbank.org/v2/,0.6267234895963901,0.264812975835816,0.16181229773462782,0.05258242699073399,0.1822394018340139,8.215276958936633,0.19670958512160228,5592.0,0.28846153846153844,7280.0,0.3804284209294159,17086.0
EU_EEA,Italy,ITA,2015,Escherichia coli,Blood/invasive,Carbapenems,11,5592,EARS-Net mixed/not reported,Not reported in Atlas aggregate,ECDC Surveillance Atlas aggregate,https://atlas.ecdc.europa.eu/public/,0.19670958512160228,0,J01DH_carbapenems,0.0414,0.06,0.0572,,16.0842,1.4555,,,,2.816449899248947,,,,2.8926889207454445,60229605,22.0285256126439,69.6100006103516,30639.8829751432,8.84596729,https://api.worldbank.org/v2/,0.21645021645021645,0.6267234895963901,0.264812975835816,-0.06145834452888152,0.17528228260394432,8.629271094821588,0.26203734032099574,6106.0,0.36888428682371216,15452.0,0.472195989111716,18001.0
EU_EEA,Italy,ITA,2016,Escherichia coli,Blood/invasive,Carbapenems,16,6106,EARS-Net mixed/not reported,Not reported in Atlas aggregate,ECDC Surveillance Atlas aggregate,https://atlas.ecdc.europa.eu/public/,0.26203734032099574,0,J01DH_carbapenems,0.0303,0.0414,0.06,0.0572,15.783700000000003,1.3578,,,,3.0602943091548376,,,,2.816449899248947,60115223,22.3095886391617,69.5969232525286,31391.5692898108,8.72043991,https://api.worldbank.org/v2/,0.19670958512160228,0.21645021645021645,0.6267234895963901,-0.11137990791547983,0.17552914611263565,8.717190933223135,0.28846153846153844,7280.0,0.3804284209294159,17086.0,0.42625333010414146,20645.0
EU_EEA,Italy,ITA,2017,Escherichia coli,Blood/invasive,Carbapenems,21,7280,EARS-Net mixed/not reported,Not reported in Atlas aggregate,ECDC Surveillance Atlas aggregate,https://atlas.ecdc.europa.eu/public/,0.28846153846153844,0,J01DH_carbapenems,0.0312,0.0303,0.0414,0.06,13.405800000000003,1.3881999999999997,,,,4.150099403578529,,,,3.0602943091548376,60002252,22.558669089969,69.5180784259382,32844.115660604,8.69060516,https://api.worldbank.org/v2/,0.26203734032099574,0.19670958512160228,0.21645021645021645,0.02813617212333589,0.03626110491485381,8.893023494394711,0.36888428682371216,15452.0,0.472195989111716,18001.0,0.27036020297812163,24042.0
EU_EEA,Italy,ITA,2018,Escherichia coli,Blood/invasive,Carbapenems,57,15452,EARS-Net mixed/not reported,Not reported in Atlas aggregate,ECDC Surveillance Atlas aggregate,https://atlas.ecdc.europa.eu/public/,0.36888428682371216,0,J01DH_carbapenems,0.0447,0.0312,0.0303,0.0414,13.628500000000003,1.4059999999999997,,,,4.234037387715466,,,,4.150099403578529,59877221,22.8062143288843,69.4800033569336,35062.3364176949,8.65467453,https://api.worldbank.org/v2/,0.28846153846153844,0.26203734032099574,0.19670958512160228,0.05429483032468719,0.061701190793688625,9.645558438233694,0.3804284209294159,17086.0,0.42625333010414146,20645.0,0.43080041993990514,27623.0
EU_EEA,Italy,ITA,2019,Escherichia coli,Blood/invasive,Carbapenems,65,17086,EARS-Net mixed/not reported,Not reported in Atlas aggregate,ECDC Surveillance Atlas aggregate,https://atlas.ecdc.europa.eu/public/,0.3804284209294159,0,J01DH_carbapenems,0.0501,0.0447,0.0312,0.0303,13.491299999999999,1.3405999999999998,,,,4.597092519495525,,,,4.234037387715466,59729081,23.104171093177,69.5050010681153,33812.788724868,8.61536789,https://api.worldbank.org/v2/,0.36888428682371216,0.28846153846153844,0.26203734032099574,0.04355959901874342,0.05073826782443825,9.746073219448274,0.472195989111716,18001.0,0.27036020297812163,24042.0,,
EU_EEA,Italy,ITA,2020,Escherichia coli,Blood/invasive,Carbapenems,85,18001,EUCAST,EUCAST required; exact version unavailable in Atlas aggregate,ECDC Surveillance Atlas aggregate,https://atlas.ecdc.europa.eu/public/,0.472195989111716,1,J01DH_carbapenems,0.0586999999999999,0.0501,0.0447,0.0312,10.7194,1.1796999999999997,,,,4.910587567414136,,,,4.597092519495525,59438851,23.379233231567,69.5187492370606,32091.4866621366,9.5643034,https://api.worldbank.org/v2/,0.3804284209294159,0.36888428682371216,0.28846153846153844,0.05627474860562361,0.06514979648505109,9.79823814181703,0.42625333010414146,20645.0,0.43080041993990514,27623.0,,
EU_EEA,Italy,ITA,2021,Escherichia coli,Blood/invasive,Carbapenems,88,20645,EUCAST,EUCAST required; exact version unavailable in Atlas aggregate,ECDC Surveillance Atlas aggregate,https://atlas.ecdc.europa.eu/public/,0.42625333010414146,0,J01DH_carbapenems,0.059,0.0586999999999999,0.0501,0.0447,10.3661,1.0394,,,,6.237738026543566,,,,4.910587567414136,59133173,23.6619735523658,69.4812507629394,36852.5425414951,9.28164482,https://api.worldbank.org/v2/,0.472195989111716,0.3804284209294159,0.36888428682371216,0.026387469802358787,0.04087306476799443,9.935276875025535,0.27036020297812163,24042.0,,,,
EU_EEA,Italy,ITA,2022,Escherichia coli,Blood/invasive,Carbapenems,65,24042,EUCAST,EUCAST required; exact version unavailable in Atlas aggregate,ECDC Surveillance Atlas aggregate,https://atlas.ecdc.europa.eu/public/,0.27036020297812163,0,J01DH_carbapenems,0.0664,0.059,0.0586999999999999,0.0501,12.942700000000002,1.2060999999999997,,,,7.844199330313181,,,,6.237738026543566,59013667,23.929189689659,69.4839779766539,35653.9042103495,8.85022926,https://api.worldbank.org/v2/,0.42625333010414146,0.472195989111716,0.3804284209294159,-0.03761473128614581,0.0749113230092422,10.08759917287658,0.43080041993990514,27623.0,,,,
EU_EEA,Italy,ITA,2023,Escherichia coli,Blood/invasive,Carbapenems,119,27623,EUCAST,EUCAST required; exact version unavailable in Atlas aggregate,ECDC Surveillance Atlas aggregate,https://atlas.ecdc.europa.eu/public/,0.43080041993990514,0,J01DH_carbapenems,,,,,,,,,,,,,,,58984216,24.2187831541913,69.5381540123301,39279.699782164,8.40559483,https://api.worldbank.org/v2/,0.27036020297812163,0.42625333010414146,0.472195989111716,-0.02800798346414534,0.07690351583224211,10.226440239069829,,,,,,
EU_EEA,Italy,ITA,2013,Escherichia coli,Blood/invasive,Fluoroquinolones,1658,3928,EARS-Net mixed/not reported,Not reported in Atlas aggregate,ECDC Surveillance Atlas aggregate,https://atlas.ecdc.europa.eu/public/,42.20977596741344,0,J01M_quinolones,3.9751,,,,16.817700000000002,1.4958,,,,2.4643839040239945,,,,,60311613,21.330672420342,69.3073989916076,35701.6746002376,8.7897644,https://api.worldbank.org/v2/,42.054794520547944,40.54765666140074,39.20361247947455,1.0525628322963854,1.2255314427140924,8.27614021955846,43.926514943789414,3647.0,43.260504201680675,5950.0,41.663030605248395,16043.0
EU_EEA,Italy,ITA,2014,Escherichia coli,Blood/invasive,Fluoroquinolones,1602,3647,EARS-Net mixed/not reported,Not reported in Atlas aggregate,ECDC Surveillance Atlas aggregate,https://atlas.ecdc.europa.eu/public/,43.926514943789414,0,J01M_quinolones,3.8053,3.9751,,,16.241,1.4575,,,,2.8926889207454445,,,,2.4643839040239945,60320707,21.6978740078895,69.5807638614879,36028.3494022349,8.85913563,https://api.worldbank.org/v2/,42.20977596741344,42.054794520547944,40.54765666140074,1.029155629403147,1.1970102785435561,8.201934351194222,44.38282647584973,5590.0,44.93880489560835,6945.0,40.630938806537436,18417.0
EU_EEA,Italy,ITA,2015,Escherichia coli,Blood/invasive,Fluoroquinolones,2481,5590,EARS-Net mixed/not reported,Not reported in Atlas aggregate,ECDC Surveillance Atlas aggregate,https://atlas.ecdc.europa.eu/public/,44.38282647584973,0,J01M_quinolones,3.8036,3.8053,3.9751,,16.0842,1.4555,,,,2.816449899248947,,,,2.8926889207454445,60229605,22.0285256126439,69.6100006103516,30639.8829751432,8.84596729,https://api.worldbank.org/v2/,43.926514943789414,42.20977596741344,42.054794520547944,0.870083484228127,1.0254465739396854,8.628913441026645,43.260504201680675,5950.0,41.663030605248395,16043.0,37.59023354564756,18840.0
EU_EEA,Italy,ITA,2016,Escherichia coli,Blood/invasive,Fluoroquinolones,2574,5950,EARS-Net mixed/not reported,Not reported in Atlas aggregate,ECDC Surveillance Atlas aggregate,https://atlas.ecdc.europa.eu/public/,43.260504201680675,0,J01M_quinolones,3.6266,3.8036,3.8053,3.9751,15.783700000000003,1.3578,,,,3.0602943091548376,,,,2.816449899248947,60115223,22.3095886391617,69.5969232525286,31391.5692898108,8.72043991,https://api.worldbank.org/v2/,44.38282647584973,43.926514943789414,42.20977596741344,0.36084962348619437,0.8171891173981273,8.691314551644853,44.93880489560835,6945.0,40.630938806537436,18417.0,33.361057203585624,21642.0
EU_EEA,Italy,ITA,2017,Escherichia coli,Blood/invasive,Fluoroquinolones,3121,6945,EARS-Net mixed/not reported,Not reported in Atlas aggregate,ECDC Surveillance Atlas aggregate,https://atlas.ecdc.europa.eu/public/,44.93880489560835,0,J01M_quinolones,3.0724000000000005,3.6266,3.8036,3.8053,13.405800000000003,1.3881999999999997,,,,4.150099403578529,,,,3.0602943091548376,60002252,22.558669089969,69.5180784259382,32844.115660604,8.69060516,https://api.worldbank.org/v2/,43.260504201680675,44.38282647584973,43.926514943789414,0.19145475812876644,0.6155248765800477,8.845921233304018,41.663030605248395,16043.0,37.59023354564756,18840.0,31.627172195892577,25320.0
EU_EEA,Italy,ITA,2018,Escherichia coli,Blood/invasive,Fluoroquinolones,6684,16043,EARS-Net mixed/not reported,Not reported in Atlas aggregate,ECDC Surveillance Atlas aggregate,https://atlas.ecdc.europa.eu/public/,41.663030605248395,0,J01M_quinolones,3.0128,3.0724000000000005,3.6266,3.8036,13.628500000000003,1.4059999999999997,,,,4.234037387715466,,,,4.150099403578529,59877221,22.8062143288843,69.4800033569336,35062.3364176949,8.65467453,https://api.worldbank.org/v2/,44.93880489560835,43.260504201680675,44.38282647584973,-0.6481086917876423,1.2516319641770326,9.683090226889943,40.630938806537436,18417.0,33.361057203585624,21642.0,34.14425034830136,27993.0
EU_EEA,Italy,ITA,2019,Escherichia coli,Blood/invasive,Fluoroquinolones,7483,18417,EARS-Net mixed/not reported,Not reported in Atlas aggregate,ECDC Surveillance Atlas aggregate,https://atlas.ecdc.europa.eu/public/,40.630938806537436,0,J01M_quinolones,2.2441,3.0128,3.0724000000000005,3.6266,13.491299999999999,1.3405999999999998,,,,4.597092519495525,,,,4.234037387715466,59729081,23.104171093177,69.5050010681153,33812.788724868,8.61536789,https://api.worldbank.org/v2/,41.663030605248395,44.93880489560835,43.260504201680675,-1.1164470475789745,1.632422475218755,9.821083726281312,37.59023354564756,18840.0,31.627172195892577,25320.0,,
EU_EEA,Italy,ITA,2020,Escherichia coli,Blood/invasive,Fluoroquinolones,7082,18840,EUCAST,EUCAST required; exact version unavailable in Atlas aggregate,ECDC Surveillance Atlas aggregate,https://atlas.ecdc.europa.eu/public/,37.59023354564756,1,J01M_quinolones,1.8733,2.2441,3.0128,3.0724000000000005,10.7194,1.1796999999999997,,,,4.910587567414136,,,,4.597092519495525,59438851,23.379233231567,69.5187492370606,32091.4866621366,9.5643034,https://api.worldbank.org/v2/,40.630938806537436,41.663030605248395,44.93880489560835,-2.3077805848593447,2.6242699720765064,9.843790625278,33.361057203585624,21642.0,34.14425034830136,27993.0,,
EU_EEA,Italy,ITA,2021,Escherichia coli,Blood/invasive,Fluoroquinolones,7220,21642,EUCAST,EUCAST required; exact version unavailable in Atlas aggregate,ECDC Surveillance Atlas aggregate,https://atlas.ecdc.europa.eu/public/,33.361057203585624,0,J01M_quinolones,1.7702000000000002,1.8733,2.2441,3.0128,10.3661,1.0394,,,,6.237738026543566,,,,4.910587567414136,59133173,23.6619735523658,69.4812507629394,36852.5425414951,9.28164482,https://api.worldbank.org/v2/,37.59023354564756,40.630938806537436,41.663030605248395,-2.7946625465878245,3.2264400977351633,9.982437355514529,31.627172195892577,25320.0,,,,
EU_EEA,Italy,ITA,2022,Escherichia coli,Blood/invasive,Fluoroquinolones,8008,25320,EUCAST,EUCAST required; exact version unavailable in Atlas aggregate,ECDC Surveillance Atlas aggregate,https://atlas.ecdc.europa.eu/public/,31.627172195892577,0,J01M_quinolones,1.9735,1.7702000000000002,1.8733,2.2441,12.942700000000002,1.2060999999999997,,,,7.844199330313181,,,,6.237738026543566,59013667,23.929189689659,69.4839779766539,35653.9042103495,8.85022926,https://api.worldbank.org/v2/,33.361057203585624,37.59023354564756,40.630938806537436,-3.1240476173996576,3.5321317093630173,10.139389369949,34.14425034830136,27993.0,,,,
EU_EEA,Italy,ITA,2023,Escherichia coli,Blood/invasive,Fluoroquinolones,9558,27993,EUCAST,EUCAST required; exact version unavailable in Atlas aggregate,ECDC Surveillance Atlas aggregate,https://atlas.ecdc.europa.eu/public/,34.14425034830136,0,J01M_quinolones,,,,,,,,,,,,,,,58984216,24.2187831541913,69.5381540123301,39279.699782164,8.40559483,https://api.worldbank.org/v2/,31.627172195892577,33.361057203585624,37.59023354564756,-1.207183459973171,2.1690185645925557,10.239745480480591,,,,,,
EU_EEA,Italy,ITA,2013,Escherichia coli,Blood/invasive,Third-generation cephalosporins,1045,3990,EARS-Net mixed/not reported,Not reported in Atlas aggregate,ECDC Surveillance Atlas aggregate,https://atlas.ecdc.europa.eu/public/,26.19047619047619,0,J01D_other_beta_lactams,2.8956999999999997,,,,16.817700000000002,1.4958,,,,2.4643839040239945,,,,,60311613,21.330672420342,69.3073989916076,35701.6746002376,8.7897644,https://api.worldbank.org/v2/,26.29295962629296,19.83957219251337,21.04175279040926,2.1899557633980336,2.9317279236186953,8.291797105048733,28.66811044937737,3694.0,29.77433479285955,5938.0,28.696240694025718,16253.0
EU_EEA,Italy,ITA,2014,Escherichia coli,Blood/invasive,Third-generation cephalosporins,1059,3694,EARS-Net mixed/not reported,Not reported in Atlas aggregate,ECDC Surveillance Atlas aggregate,https://atlas.ecdc.europa.eu/public/,28.66811044937737,0,J01D_other_beta_lactams,2.7479999999999998,2.8956999999999997,,,16.241,1.4575,,,,2.8926889207454445,,,,2.4643839040239945,60320707,21.6978740078895,69.5807638614879,36028.3494022349,8.85913563,https://api.worldbank.org/v2/,26.19047619047619,26.29295962629296,19.83957219251337,2.63831313347752,3.275990256039142,8.214735833382303,30.07868383404864,5592.0,29.489896848947293,7077.0,30.865337606605465,18409.0
EU_EEA,Italy,ITA,2015,Escherichia coli,Blood/invasive,Third-generation cephalosporins,1682,5592,EARS-Net mixed/not reported,Not reported in Atlas aggregate,ECDC Surveillance Atlas aggregate,https://atlas.ecdc.europa.eu/public/,30.07868383404864,0,J01D_other_beta_lactams,2.6901,2.7479999999999998,2.8956999999999997,,16.0842,1.4555,,,,2.816449899248947,,,,2.8926889207454445,60229605,22.0285256126439,69.6100006103516,30639.8829751432,8.84596729,https://api.worldbank.org/v2/,28.66811044937737,26.19047619047619,26.29295962629296,1.3834806882168191,1.6437400102009128,8.629271094821588,29.77433479285955,5938.0,28.696240694025718,16253.0,26.410666666666668,18750.0
EU_EEA,Italy,ITA,2016,Escherichia coli,Blood/invasive,Third-generation cephalosporins,1768,5938,EARS-Net mixed/not reported,Not reported in Atlas aggregate,ECDC Surveillance Atlas aggregate,https://atlas.ecdc.europa.eu/public/,29.77433479285955,0,J01D_other_beta_lactams,2.5612,2.6901,2.7479999999999998,2.8956999999999997,15.783700000000003,1.3578,,,,3.0602943091548376,,,,2.816449899248947,60115223,22.3095886391617,69.5969232525286,31391.5692898108,8.72043991,https://api.worldbank.org/v2/,30.07868383404864,28.66811044937737,26.19047619047619,1.216214919182128,1.529030546474314,8.68929604801586,29.489896848947293,7077.0,30.865337606605465,18409.0,24.3777686441065,21897.0
EU_EEA,Italy,ITA,2017,Escherichia coli,Blood/invasive,Third-generation cephalosporins,2087,7077,EARS-Net mixed/not reported,Not reported in Atlas aggregate,ECDC Surveillance Atlas aggregate,https://atlas.ecdc.europa.eu/public/,29.489896848947293,0,J01D_other_beta_lactams,2.3309,2.5612,2.6901,2.7479999999999998,13.405800000000003,1.3881999999999997,,,,4.150099403578529,,,,3.0602943091548376,60002252,22.558669089969,69.5180784259382,32844.115660604,8.69060516,https://api.worldbank.org/v2/,29.77433479285955,30.07868383404864,28.66811044937737,0.21610101575206087,0.5249396307440638,8.864746660905409,28.696240694025718,16253.0,26.410666666666668,18750.0,24.24384159650764,25656.0
EU_EEA,Italy,ITA,2018,Escherichia coli,Blood/invasive,Third-generation cephalosporins,4664,16253,EARS-Net mixed/not reported,Not reported in Atlas aggregate,ECDC Surveillance Atlas aggregate,https://atlas.ecdc.europa.eu/public/,28.696240694025718,0,J01D_other_beta_lactams,2.5005,2.3309,2.5612,2.6901,13.628500000000003,1.4059999999999997,,,,4.234037387715466,,,,4.150099403578529,59877221,22.8062143288843,69.4800033569336,35062.3364176949,8.65467453,https://api.worldbank.org/v2/,29.489896848947293,29.77433479285955,30.07868383404864,-0.4431767363981054,0.5137806809706996,9.69609431131315,30.865337606605465,18409.0,24.3777686441065,21897.0,26.676471618167174,28557.0
EU_EEA,Italy,ITA,2019,Escherichia coli,Blood/invasive,Third-generation cephalosporins,5682,18409,EARS-Net mixed/not reported,Not reported in Atlas aggregate,ECDC Surveillance Atlas aggregate,https://atlas.ecdc.europa.eu/public/,30.865337606605465,0,J01D_other_beta_lactams,2.7282,2.5005,2.3309,2.5612,13.491299999999999,1.3405999999999998,,,,4.597092519495525,,,,4.234037387715466,59729081,23.104171093177,69.5050010681153,33812.788724868,8.61536789,https://api.worldbank.org/v2/,28.696240694025718,29.489896848947293,29.77433479285955,0.2479352286316131,0.7770210645357929,9.820649274227124,26.410666666666668,18750.0,24.24384159650764,25656.0,,
EU_EEA,Italy,ITA,2020,Escherichia coli,Blood/invasive,Third-generation cephalosporins,4952,18750,EUCAST,EUCAST required; exact version unavailable in Atlas aggregate,ECDC Surveillance Atlas aggregate,https://atlas.ecdc.europa.eu/public/,26.410666666666668,1,J01D_other_beta_lactams,2.1319,2.7282,2.5005,2.3309,10.7194,1.1796999999999997,,,,4.910587567414136,,,,4.597092519495525,59438851,23.379233231567,69.5187492370606,32091.4866621366,9.5643034,https://api.worldbank.org/v2/,30.865337606605465,28.696240694025718,29.489896848947293,-0.70685936342622,1.6158648829531626,9.839002363309719,24.3777686441065,21897.0,26.676471618167174,28557.0,,
EU_EEA,Italy,ITA,2021,Escherichia coli,Blood/invasive,Third-generation cephalosporins,5338,21897,EUCAST,EUCAST required; exact version unavailable in Atlas aggregate,ECDC Surveillance Atlas aggregate,https://atlas.ecdc.europa.eu/public/,24.3777686441065,0,J01D_other_beta_lactams,2.0058,2.1319,2.7282,2.5005,10.3661,1.0394,,,,6.237738026543566,,,,4.910587567414136,59133173,23.6619735523658,69.4812507629394,36852.5425414951,9.28164482,https://api.worldbank.org/v2/,26.410666666666668,30.865337606605465,28.696240694025718,-1.7410087089696524,2.4321203389876946,9.99415058743337,24.24384159650764,25656.0,,,,
EU_EEA,Italy,ITA,2022,Escherichia coli,Blood/invasive,Third-generation cephalosporins,6220,25656,EUCAST,EUCAST required; exact version unavailable in Atlas aggregate,ECDC Surveillance Atlas aggregate,https://atlas.ecdc.europa.eu/public/,24.24384159650764,0,J01D_other_beta_lactams,2.5997,2.0058,2.1319,2.7282,12.942700000000002,1.2060999999999997,,,,7.844199330313181,,,,6.237738026543566,59013667,23.929189689659,69.4839779766539,35653.9042103495,8.85022926,https://api.worldbank.org/v2/,24.3777686441065,26.410666666666668,30.865337606605465,-2.1897386052853687,2.6765485628292907,10.152571717850691,26.676471618167174,28557.0,,,,
EU_EEA,Italy,ITA,2023,Escherichia coli,Blood/invasive,Third-generation cephalosporins,7618,28557,EUCAST,EUCAST required; exact version unavailable in Atlas aggregate,ECDC Surveillance Atlas aggregate,https://atlas.ecdc.europa.eu/public/,26.676471618167174,0,J01D_other_beta_lactams,,,,,,,,,,,,,,,58984216,24.2187831541913,69.5381540123301,39279.699782164,8.40559483,https://api.worldbank.org/v2/,24.24384159650764,24.3777686441065,26.410666666666668,0.06634878069026187,1.121330631614647,10.25969238599024,,,,,,
EU_EEA,Liechtenstein,LIE,2022,Escherichia coli,Blood/invasive,Aminoglycosides,0,13,EUCAST,EUCAST required; exact version unavailable in Atlas aggregate,ECDC Surveillance Atlas aggregate,https://atlas.ecdc.europa.eu/public/,0.0,0,J01G_aminoglycosides,,,,,,,,,,,,,,,39493,19.6263702724012,14.6923070071538,188055.003235348,5.64409113,https://api.worldbank.org/v2/,,,,,,2.6390573296152584,0.0,8.0,,,,
EU_EEA,Liechtenstein,LIE,2023,Escherichia coli,Blood/invasive,Aminoglycosides,0,8,EUCAST,EUCAST required; exact version unavailable in Atlas aggregate,ECDC Surveillance Atlas aggregate,https://atlas.ecdc.europa.eu/public/,0.0,0,J01G_aminoglycosides,,,,,,,,,,,,,,,39846,20.1626344764887,14.6783761234077,206780.590353385,5.71460724,https://api.worldbank.org/v2/,0.0,,,0.0,0.0,2.1972245773362196,,,,,,
EU_EEA,Liechtenstein,LIE,2022,Escherichia coli,Blood/invasive,Aminopenicillins,3,13,EUCAST,EUCAST required; exact version unavailable in Atlas aggregate,ECDC Surveillance Atlas aggregate,https://atlas.ecdc.europa.eu/public/,23.076923076923077,0,J01C_penicillins,,,,,,,,,,,,,,,39493,19.6263702724012,14.6923070071538,188055.003235348,5.64409113,https://api.worldbank.org/v2/,,,,,,2.6390573296152584,37.5,8.0,,,,
EU_EEA,Liechtenstein,LIE,2023,Escherichia coli,Blood/invasive,Aminopenicillins,3,8,EUCAST,EUCAST required; exact version unavailable in Atlas aggregate,ECDC Surveillance Atlas aggregate,https://atlas.ecdc.europa.eu/public/,37.5,0,J01C_penicillins,,,,,,,,,,,,,,,39846,20.1626344764887,14.6783761234077,206780.590353385,5.71460724,https://api.worldbank.org/v2/,23.076923076923077,,,14.423076923076913,7.211538461538461,2.1972245773362196,,,,,,
EU_EEA,Liechtenstein,LIE,2022,Escherichia coli,Blood/invasive,Carbapenems,0,13,EUCAST,EUCAST required; exact version unavailable in Atlas aggregate,ECDC Surveillance Atlas aggregate,https://atlas.ecdc.europa.eu/public/,0.0,0,J01DH_carbapenems,,,,,,,,,,,,,,,39493,19.6263702724012,14.6923070071538,188055.003235348,5.64409113,https://api.worldbank.org/v2/,,,,,,2.6390573296152584,0.0,8.0,,,,
EU_EEA,Liechtenstein,LIE,2023,Escherichia coli,Blood/invasive,Carbapenems,0,8,EUCAST,EUCAST required; exact version unavailable in Atlas aggregate,ECDC Surveillance Atlas aggregate,https://atlas.ecdc.europa.eu/public/,0.0,0,J01DH_carbapenems,,,,,,,,,,,,,,,39846,20.1626344764887,14.6783761234077,206780.590353385,5.71460724,https://api.worldbank.org/v2/,0.0,,,0.0,0.0,2.1972245773362196,,,,,,
EU_EEA,Liechtenstein,LIE,2022,Escherichia coli,Blood/invasive,Fluoroquinolones,2,13,EUCAST,EUCAST required; exact version unavailable in Atlas aggregate,ECDC Surveillance Atlas aggregate,https://atlas.ecdc.europa.eu/public/,15.384615384615385,0,J01M_quinolones,,,,,,,,,,,,,,,39493,19.6263702724012,14.6923070071538,188055.003235348,5.64409113,https://api.worldbank.org/v2/,,,,,,2.6390573296152584,25.0,8.0,,,,
EU_EEA,Liechtenstein,LIE,2023,Escherichia coli,Blood/invasive,Fluoroquinolones,2,8,EUCAST,EUCAST required; exact version unavailable in Atlas aggregate,ECDC Surveillance Atlas aggregate,https://atlas.ecdc.europa.eu/public/,25.0,0,J01M_quinolones,,,,,,,,,,,,,,,39846,20.1626344764887,14.6783761234077,206780.590353385,5.71460724,https://api.worldbank.org/v2/,15.384615384615385,,,9.61538461538461,4.8076923076923075,2.1972245773362196,,,,,,
EU_EEA,Liechtenstein,LIE,2022,Escherichia coli,Blood/invasive,Third-generation cephalosporins,1,13,EUCAST,EUCAST required; exact version unavailable in Atlas aggregate,ECDC Surveillance Atlas aggregate,https://atlas.ecdc.europa.eu/public/,7.6923076923076925,0,J01D_other_beta_lactams,,,,,,,,,,,,,,,39493,19.6263702724012,14.6923070071538,188055.003235348,5.64409113,https://api.worldbank.org/v2/,,,,,,2.6390573296152584,0.0,8.0,,,,
EU_EEA,Liechtenstein,LIE,2023,Escherichia coli,Blood/invasive,Third-generation cephalosporins,0,8,EUCAST,EUCAST required; exact version unavailable in Atlas aggregate,ECDC Surveillance Atlas aggregate,https://atlas.ecdc.europa.eu/public/,0.0,0,J01D_other_beta_lactams,,,,,,,,,,,,,,,39846,20.1626344764887,14.6783761234077,206780.590353385,5.71460724,https://api.worldbank.org/v2/,7.6923076923076925,,,-7.692307692307691,3.8461538461538463,2.1972245773362196,,,,,,
EU_EEA,Lithuania,LTU,2013,Escherichia coli,Blood/invasive,Aminoglycosides,46,429,EARS-Net mixed/not reported,Not reported in Atlas aggregate,ECDC Surveillance Atlas aggregate,https://atlas.ecdc.europa.eu/public/,10.722610722610723,0,J01G_aminoglycosides,,,,,9.3995,1.5056999999999998,,,,0.8435835807530989,,,,,2961250,18.3577356444558,67.0092086791992,15636.5252586048,6.15501022,https://api.worldbank.org/v2/,9.565217391304348,9.68586387434555,14.19939577039275,-1.0551001626387317,1.8769085722761147,6.063785208687608,10.616438356164384,584.0,7.964601769911504,791.0,7.887579329102448,1103.0
EU_EEA,Lithuania,LTU,2014,Escherichia coli,Blood/invasive,Aminoglycosides,62,584,EARS-Net mixed/not reported,Not reported in Atlas aggregate,ECDC Surveillance Atlas aggregate,https://atlas.ecdc.europa.eu/public/,10.616438356164384,0,J01G_aminoglycosides,,,,,8.0665,1.499,,,,0.9872324267881726,,,,0.8435835807530989,2937253,18.6035201529541,67.1514937628023,16446.1647181663,6.22244453,https://api.worldbank.org/v2/,10.722610722610723,9.565217391304348,9.68586387434555,0.3949116776762855,0.5250753445447734,6.371611847231857,10.120068610634648,583.0,8.254716981132075,848.0,7.617360496014172,1129.0
EU_EEA,Lithuania,LTU,2015,Escherichia coli,Blood/invasive,Aminoglycosides,59,583,EARS-Net mixed/not reported,Not reported in Atlas aggregate,ECDC Surveillance Atlas aggregate,https://atlas.ecdc.europa.eu/public/,10.120068610634648,0,J01G_aminoglycosides,,,,,8.5802,1.7155999999999998,,,,1.3131489398830818,,,,0.9872324267881726,2911109,18.8803013596424,67.2282485961914,14269.8039878287,6.47396851,https://api.worldbank.org/v2/,10.616438356164384,10.722610722610723,9.565217391304348,0.1558381291544543,0.4591566459475454,6.369900982828227,7.964601769911504,791.0,7.887579329102448,1103.0,10.254163014899211,1141.0
EU_EEA,Lithuania,LTU,2016,Escherichia coli,Blood/invasive,Aminoglycosides,63,791,EARS-Net mixed/not reported,Not reported in Atlas aggregate,ECDC Surveillance Atlas aggregate,https://atlas.ecdc.europa.eu/public/,7.964601769911504,0,J01G_aminoglycosides,,,,,8.63,1.7400999999999998,,,,1.6876541607166036,,,,1.3131489398830818,2877325,19.1757756195781,67.1894226074219,14934.2702840428,6.64928818,https://api.worldbank.org/v2/,10.120068610634648,10.616438356164384,10.722610722610723,-0.8770396603627412,1.1153923204750122,6.674561391814426,8.254716981132075,848.0,7.617360496014172,1129.0,8.326029798422436,1141.0
EU_EEA,Lithuania,LTU,2017,Escherichia coli,Blood/invasive,Aminoglycosides,70,848,EARS-Net mixed/not reported,Not reported in Atlas aggregate,ECDC Surveillance Atlas aggregate,https://atlas.ecdc.europa.eu/public/,8.254716981132075,0,J01G_aminoglycosides,,,,,8.8893,1.7293999999999998,,,,1.7518369380215035,,,,1.6876541607166036,2842639,19.504402571296,67.1012954711914,16800.1510246099,6.44472837,https://api.worldbank.org/v2/,7.964601769911504,10.120068610634648,10.616438356164384,-0.924063096582008,1.1474452300839255,6.744059186311348,7.887579329102448,1103.0,10.254163014899211,1141.0,8.333333333333334,1308.0
EU_EEA,Lithuania,LTU,2018,Escherichia coli,Blood/invasive,Aminoglycosides,87,1103,EARS-Net mixed/not reported,Not reported in Atlas aggregate,ECDC Surveillance Atlas aggregate,https://atlas.ecdc.europa.eu/public/,7.887579329102448,0,J01G_aminoglycosides,,,,,8.6908,1.6976,,,,2.4285122254455045,,,,1.7518369380215035,2819200,19.7309309832227,67.1464742010457,19247.2315367967,6.46896172,https://api.worldbank.org/v2/,8.254716981132075,7.964601769911504,10.120068610634648,-0.6407352633376041,0.9129098991346555,7.00669522683704,7.617360496014172,1129.0,8.326029798422436,1141.0,11.337406653088934,1473.0
EU_EEA,Lithuania,LTU,2019,Escherichia coli,Blood/invasive,Aminoglycosides,86,1129,EARS-Net mixed/not reported,Not reported in Atlas aggregate,ECDC Surveillance Atlas aggregate,https://atlas.ecdc.europa.eu/public/,7.617360496014172,0,J01G_aminoglycosides,,,,,8.4786,1.7093,,,,2.914668430626757,,,,2.4285122254455045,2811089,19.8571907989029,67.245735168457,19608.7943945553,6.94472647,https://api.worldbank.org/v2/,7.887579329102448,8.254716981132075,7.964601769911504,-0.14088614737216432,0.22703349930172154,7.029972911706386,10.254163014899211,1141.0,8.333333333333334,1308.0,,
EU_EEA,Lithuania,LTU,2020,Escherichia coli,Blood/invasive,Aminoglycosides,117,1141,EUCAST,EUCAST required; exact version unavailable in Atlas aggregate,ECDC Surveillance Atlas aggregate,https://atlas.ecdc.europa.eu/public/,10.254163014899211,1,J01G_aminoglycosides,,,,,6.8077000000000005,1.6914,,,,4.065573770491804,,,,2.914668430626757,2810369,19.9341539675463,67.4254608154297,20428.6478157394,7.41619062,https://api.worldbank.org/v2/,7.617360496014172,7.887579329102448,8.254716981132075,0.5728119268213125,1.0357745251091206,7.040536390215956,8.326029798422436,1141.0,11.337406653088934,1473.0,,
EU_EEA,Lithuania,LTU,2021,Escherichia coli,Blood/invasive,Aminoglycosides,95,1141,EUCAST,EUCAST required; exact version unavailable in Atlas aggregate,ECDC Surveillance Atlas aggregate,https://atlas.ecdc.europa.eu/public/,8.326029798422436,0,J01G_aminoglycosides,,,,,7.3248999999999995,1.5736999999999999,,,,1.0514744539501983,,,,4.065573770491804,2808380,19.9469849122603,68.1912117004395,23882.8668916753,7.73210812,https://api.worldbank.org/v2/,10.254163014899211,7.617360496014172,7.887579329102448,0.39521539268449984,1.0319463642171947,7.040536390215956,8.333333333333334,1308.0,,,,
EU_EEA,Lithuania,LTU,2022,Escherichia coli,Blood/invasive,Aminoglycosides,109,1308,EUCAST,EUCAST required; exact version unavailable in Atlas aggregate,ECDC Surveillance Atlas aggregate,https://atlas.ecdc.europa.eu/public/,8.333333333333334,0,J01G_aminoglycosides,,,,,10.0252,1.7873999999999999,,,,0.969318601881135,,,,1.0514744539501983,2831639,19.8607556942966,68.2866452426813,24946.5724005188,7.24367952,https://api.worldbank.org/v2/,8.326029798422436,10.254163014899211,7.617360496014172,0.02197852954807034,0.9802708335978189,7.1770187659099,11.337406653088934,1473.0,,,,
EU_EEA,Lithuania,LTU,2023,Escherichia coli,Blood/invasive,Aminoglycosides,167,1473,EUCAST,EUCAST required; exact version unavailable in Atlas aggregate,ECDC Surveillance Atlas aggregate,https://atlas.ecdc.europa.eu/public/,11.337406653088934,0,J01G_aminoglycosides,,,,,,,,,,,,,,,2871585,19.8561787800633,68.575454583199,27983.3658256887,7.31801939,https://api.worldbank.org/v2/,8.333333333333334,8.326029798422436,10.254163014899211,0.32570344494800435,1.291162304830779,7.295735072749282,,,,,,
EU_EEA,Lithuania,LTU,2013,Escherichia coli,Blood/invasive,Aminopenicillins,235,434,EARS-Net mixed/not reported,Not reported in Atlas aggregate,ECDC Surveillance Atlas aggregate,https://atlas.ecdc.europa.eu/public/,54.14746543778802,0,J01C_penicillins,7.9165,,,,9.3995,1.5056999999999998,,,,0.8435835807530989,,,,,2961250,18.3577356444558,67.0092086791992,15636.5252586048,6.15501022,https://api.worldbank.org/v2/,52.49457700650759,47.78067885117493,55.92705167173252,-0.06248605465009784,3.0290370483823015,6.075346031088684,57.79661016949152,590.0,59.193954659949625,794.0,58.95117540687161,1106.0
EU_EEA,Lithuania,LTU,2014,Escherichia coli,Blood/invasive,Aminopenicillins,341,590,EARS-Net mixed/not reported,Not reported in Atlas aggregate,ECDC Surveillance Atlas aggregate,https://atlas.ecdc.europa.eu/public/,57.79661016949152,0,J01C_penicillins,6.727199999999999,7.9165,,,8.0665,1.499,,,,0.9872324267881726,,,,0.8435835807530989,2937253,18.6035201529541,67.1514937628023,16446.1647181663,6.22244453,https://api.worldbank.org/v2/,54.14746543778802,52.49457700650759,47.78067885117493,3.1700682386230143,3.598919460512782,6.3818160174060985,59.62199312714777,582.0,57.751479289940825,845.0,59.078830823737825,1129.0
EU_EEA,Lithuania,LTU,2015,Escherichia coli,Blood/invasive,Aminopenicillins,347,582,EARS-Net mixed/not reported,Not reported in Atlas aggregate,ECDC Surveillance Atlas aggregate,https://atlas.ecdc.europa.eu/public/,59.62199312714777,0,J01C_penicillins,7.1781,6.727199999999999,7.9165,,8.5802,1.7155999999999998,,,,1.3131489398830818,,,,0.9872324267881726,2911109,18.8803013596424,67.2282485961914,14269.8039878287,6.47396851,https://api.worldbank.org/v2/,57.79661016949152,54.14746543778802,52.49457700650759,2.5031393093623944,2.8313246681212636,6.368187186350492,59.193954659949625,794.0,58.95117540687161,1106.0,56.94200351493849,1138.0
EU_EEA,Lithuania,LTU,2016,Escherichia coli,Blood/invasive,Aminopenicillins,470,794,EARS-Net mixed/not reported,Not reported in Atlas aggregate,ECDC Surveillance Atlas aggregate,https://atlas.ecdc.europa.eu/public/,59.193954659949625,0,J01C_penicillins,7.203,7.1781,6.727199999999999,7.9165,8.63,1.7400999999999998,,,,1.6876541607166036,,,,1.3131489398830818,2877325,19.1757756195781,67.1894226074219,14934.2702840428,6.64928818,https://api.worldbank.org/v2/,59.62199312714777,57.79661016949152,54.14746543778802,1.6964850624141052,2.1537986161140488,6.678342114654332,57.751479289940825,845.0,59.078830823737825,1129.0,57.10549258936356,1147.0
EU_EEA,Lithuania,LTU,2017,Escherichia coli,Blood/invasive,Aminopenicillins,488,845,EARS-Net mixed/not reported,Not reported in Atlas aggregate,ECDC Surveillance Atlas aggregate,https://atlas.ecdc.europa.eu/public/,57.751479289940825,0,J01C_penicillins,7.3998,7.203,7.1781,6.727199999999999,8.8893,1.7293999999999998,,,,1.7518369380215035,,,,1.6876541607166036,2842639,19.504402571296,67.1012954711914,16800.1510246099,6.44472837,https://api.worldbank.org/v2/,59.193954659949625,59.62199312714777,57.79661016949152,-0.056343110585031345,0.8310161513574592,6.740519359606223,58.95117540687161,1106.0,56.94200351493849,1138.0,58.86415963161934,1303.0
EU_EEA,Lithuania,LTU,2018,Escherichia coli,Blood/invasive,Aminopenicillins,652,1106,EARS-Net mixed/not reported,Not reported in Atlas aggregate,ECDC Surveillance Atlas aggregate,https://atlas.ecdc.europa.eu/public/,58.95117540687161,0,J01C_penicillins,7.181099999999999,7.3998,7.203,7.1781,8.6908,1.6976,,,,2.4285122254455045,,,,1.7518369380215035,2819200,19.7309309832227,67.1464742010457,19247.2315367967,6.46896172,https://api.worldbank.org/v2/,57.751479289940825,59.193954659949625,59.62199312714777,-0.3454928530837341,0.6942164238463139,7.009408932708637,59.078830823737825,1129.0,57.10549258936356,1147.0,61.34055517941774,1477.0
EU_EEA,Lithuania,LTU,2019,Escherichia coli,Blood/invasive,Aminopenicillins,667,1129,EARS-Net mixed/not reported,Not reported in Atlas aggregate,ECDC Surveillance Atlas aggregate,https://atlas.ecdc.europa.eu/public/,59.078830823737825,0,J01C_penicillins,6.9482,7.181099999999999,7.3998,7.203,8.4786,1.7093,,,,2.914668430626757,,,,2.4285122254455045,2811089,19.8571907989029,67.245735168457,19608.7943945553,6.94472647,https://api.worldbank.org/v2/,58.95117540687161,57.751479289940825,59.193954659949625,0.08543246082952798,0.5793508883429127,7.029972911706386,56.94200351493849,1138.0,58.86415963161934,1303.0,,
EU_EEA,Lithuania,LTU,2020,Escherichia coli,Blood/invasive,Aminopenicillins,648,1138,EUCAST,EUCAST required; exact version unavailable in Atlas aggregate,ECDC Surveillance Atlas aggregate,https://atlas.ecdc.europa.eu/public/,56.94200351493849,1,J01C_penicillins,5.535900000000001,6.9482,7.181099999999999,7.3998,6.8077000000000005,1.6914,,,,4.065573770491804,,,,2.914668430626757,2810369,19.9341539675463,67.4254608154297,20428.6478157394,7.41619062,https://api.worldbank.org/v2/,59.078830823737825,58.95117540687161,57.751479289940825,-0.2300771908140898,0.8830162244400029,7.037905963447182,57.10549258936356,1147.0,61.34055517941774,1477.0,,
EU_EEA,Lithuania,LTU,2021,Escherichia coli,Blood/invasive,Aminopenicillins,655,1147,EUCAST,EUCAST required; exact version unavailable in Atlas aggregate,ECDC Surveillance Atlas aggregate,https://atlas.ecdc.europa.eu/public/,57.10549258936356,0,J01C_penicillins,6.1288,5.535900000000001,6.9482,7.181099999999999,7.3248999999999995,1.5736999999999999,,,,1.0514744539501983,,,,4.065573770491804,2808380,19.9469849122603,68.1912117004395,23882.8668916753,7.73210812,https://api.worldbank.org/v2/,56.94200351493849,59.078830823737825,58.95117540687161,-0.7673875761323576,0.998324723974022,7.045776576879511,58.86415963161934,1303.0,,,,
EU_EEA,Lithuania,LTU,2022,Escherichia coli,Blood/invasive,Aminopenicillins,767,1303,EUCAST,EUCAST required; exact version unavailable in Atlas aggregate,ECDC Surveillance Atlas aggregate,https://atlas.ecdc.europa.eu/public/,58.86415963161934,0,J01C_penicillins,8.5091,6.1288,5.535900000000001,6.9482,10.0252,1.7873999999999999,,,,0.969318601881135,,,,1.0514744539501983,2831639,19.8607556942966,68.2866452426813,24946.5724005188,7.24367952,https://api.worldbank.org/v2/,57.10549258936356,56.94200351493849,59.078830823737825,-0.048052450193061286,0.9785352904809719,7.1731917424865985,61.34055517941774,1477.0,,,,
EU_EEA,Lithuania,LTU,2023,Escherichia coli,Blood/invasive,Aminopenicillins,906,1477,EUCAST,EUCAST required; exact version unavailable in Atlas aggregate,ECDC Surveillance Atlas aggregate,https://atlas.ecdc.europa.eu/public/,61.34055517941774,0,J01C_penicillins,,,,,,,,,,,,,,,2871585,19.8561787800633,68.575454583199,27983.3658256887,7.31801939,https://api.worldbank.org/v2/,58.86415963161934,57.10549258936356,56.94200351493849,1.4954322035693464,1.771825848097677,7.298445101508147,,,,,,
EU_EEA,Lithuania,LTU,2013,Escherichia coli,Blood/invasive,Carbapenems,0,433,EARS-Net mixed/not reported,Not reported in Atlas aggregate,ECDC Surveillance Atlas aggregate,https://atlas.ecdc.europa.eu/public/,0.0,0,J01DH_carbapenems,0.0237,,,,9.3995,1.5056999999999998,,,,0.8435835807530989,,,,,2961250,18.3577356444558,67.0092086791992,15636.5252586048,6.15501022,https://api.worldbank.org/v2/,0.0,0.0,0.0,0.0,0.0,6.073044534100405,0.0,593.0,0.0,793.0,0.0,1100.0
EU_EEA,Lithuania,LTU,2014,Escherichia coli,Blood/invasive,Carbapenems,0,593,EARS-Net mixed/not reported,Not reported in Atlas aggregate,ECDC Surveillance Atlas aggregate,https://atlas.ecdc.europa.eu/public/,0.0,0,J01DH_carbapenems,0.0281,0.0237,,,8.0665,1.499,,,,0.9872324267881726,,,,0.8435835807530989,2937253,18.6035201529541,67.1514937628023,16446.1647181663,6.22244453,https://api.worldbank.org/v2/,0.0,0.0,0.0,0.0,0.0,6.386879319362645,0.0,579.0,0.0,849.0,0.17825311942959002,1122.0
EU_EEA,Lithuania,LTU,2015,Escherichia coli,Blood/invasive,Carbapenems,0,579,EARS-Net mixed/not reported,Not reported in Atlas aggregate,ECDC Surveillance Atlas aggregate,https://atlas.ecdc.europa.eu/public/,0.0,0,J01DH_carbapenems,0.0366,0.0281,0.0237,,8.5802,1.7155999999999998,,,,1.3131489398830818,,,,0.9872324267881726,2911109,18.8803013596424,67.2282485961914,14269.8039878287,6.47396851,https://api.worldbank.org/v2/,0.0,0.0,0.0,0.0,0.0,6.363028103540465,0.0,793.0,0.0,1100.0,0.0,1142.0
EU_EEA,Lithuania,LTU,2016,Escherichia coli,Blood/invasive,Carbapenems,0,793,EARS-Net mixed/not reported,Not reported in Atlas aggregate,ECDC Surveillance Atlas aggregate,https://atlas.ecdc.europa.eu/public/,0.0,0,J01DH_carbapenems,0.0412,0.0366,0.0281,0.0237,8.63,1.7400999999999998,,,,1.6876541607166036,,,,1.3131489398830818,2877325,19.1757756195781,67.1894226074219,14934.2702840428,6.64928818,https://api.worldbank.org/v2/,0.0,0.0,0.0,0.0,0.0,6.677083461247136,0.0,849.0,0.17825311942959002,1122.0,0.26109660574412535,1149.0
EU_EEA,Lithuania,LTU,2017,Escherichia coli,Blood/invasive,Carbapenems,0,849,EARS-Net mixed/not reported,Not reported in Atlas aggregate,ECDC Surveillance Atlas aggregate,https://atlas.ecdc.europa.eu/public/,0.0,0,J01DH_carbapenems,0.041,0.0412,0.0366,0.0281,8.8893,1.7293999999999998,,,,1.7518369380215035,,,,1.6876541607166036,2842639,19.504402571296,67.1012954711914,16800.1510246099,6.44472837,https://api.worldbank.org/v2/,0.0,0.0,0.0,0.0,0.0,6.745236349484363,0.0,1100.0,0.0,1142.0,0.22918258212375858,1309.0
EU_EEA,Lithuania,LTU,2018,Escherichia coli,Blood/invasive,Carbapenems,0,1100,EARS-Net mixed/not reported,Not reported in Atlas aggregate,ECDC Surveillance Atlas aggregate,https://atlas.ecdc.europa.eu/public/,0.0,0,J01DH_carbapenems,0.0366,0.041,0.0412,0.0366,8.6908,1.6976,,,,2.4285122254455045,,,,1.7518369380215035,2819200,19.7309309832227,67.1464742010457,19247.2315367967,6.46896172,https://api.worldbank.org/v2/,0.0,0.0,0.0,0.0,0.0,7.00397413672268,0.17825311942959002,1122.0,0.26109660574412535,1149.0,0.06765899864682003,1478.0
EU_EEA,Lithuania,LTU,2019,Escherichia coli,Blood/invasive,Carbapenems,2,1122,EARS-Net mixed/not reported,Not reported in Atlas aggregate,ECDC Surveillance Atlas aggregate,https://atlas.ecdc.europa.eu/public/,0.17825311942959002,0,J01DH_carbapenems,0.0452,0.0366,0.041,0.0412,8.4786,1.7093,,,,2.914668430626757,,,,2.4285122254455045,2811089,19.8571907989029,67.245735168457,19608.7943945553,6.94472647,https://api.worldbank.org/v2/,0.0,0.0,0.0,0.05347593582887701,0.07718586486492324,7.023758954738443,0.0,1142.0,0.22918258212375858,1309.0,,
EU_EEA,Lithuania,LTU,2020,Escherichia coli,Blood/invasive,Carbapenems,0,1142,EUCAST,EUCAST required; exact version unavailable in Atlas aggregate,ECDC Surveillance Atlas aggregate,https://atlas.ecdc.europa.eu/public/,0.0,1,J01DH_carbapenems,0.0463,0.0452,0.0366,0.041,6.8077000000000005,1.6914,,,,4.065573770491804,,,,2.914668430626757,2810369,19.9341539675463,67.4254608154297,20428.6478157394,7.41619062,https://api.worldbank.org/v2/,0.17825311942959002,0.0,0.0,0.017825311942959,0.07718586486492324,7.04141166379481,0.26109660574412535,1149.0,0.06765899864682003,1478.0,,
EU_EEA,Lithuania,LTU,2021,Escherichia coli,Blood/invasive,Carbapenems,3,1149,EUCAST,EUCAST required; exact version unavailable in Atlas aggregate,ECDC Surveillance Atlas aggregate,https://atlas.ecdc.europa.eu/public/,0.26109660574412535,0,J01DH_carbapenems,0.0608,0.0463,0.0452,0.0366,7.3248999999999995,1.5736999999999999,,,,1.0514744539501983,,,,4.065573770491804,2808380,19.9469849122603,68.1912117004395,23882.8668916753,7.73210812,https://api.worldbank.org/v2/,0.0,0.17825311942959002,0.0,0.0605036697802786,0.11367559859632156,7.047517221357296,0.22918258212375858,1309.0,,,,
EU_EEA,Lithuania,LTU,2022,Escherichia coli,Blood/invasive,Carbapenems,3,1309,EUCAST,EUCAST required; exact version unavailable in Atlas aggregate,ECDC Surveillance Atlas aggregate,https://atlas.ecdc.europa.eu/public/,0.22918258212375858,0,J01DH_carbapenems,0.0550999999999999,0.0608,0.0463,0.0452,10.0252,1.7873999999999999,,,,0.969318601881135,,,,1.0514744539501983,2831639,19.8607556942966,68.2866452426813,24946.5724005188,7.24367952,https://api.worldbank.org/v2/,0.26109660574412535,0.0,0.17825311942959002,0.0413884993826631,0.10091631011793288,7.177782416195197,0.06765899864682003,1478.0,,,,
EU_EEA,Lithuania,LTU,2023,Escherichia coli,Blood/invasive,Carbapenems,1,1478,EUCAST,EUCAST required; exact version unavailable in Atlas aggregate,ECDC Surveillance Atlas aggregate,https://atlas.ecdc.europa.eu/public/,0.06765899864682003,0,J01DH_carbapenems,,,,,,,,,,,,,,,2871585,19.8561787800633,68.575454583199,27983.3658256887,7.31801939,https://api.worldbank.org/v2/,0.22918258212375858,0.26109660574412535,0.0,0.01710629723200932,0.10891519474467029,7.2991214627108,,,,,,
EU_EEA,Lithuania,LTU,2013,Escherichia coli,Blood/invasive,Fluoroquinolones,69,433,EARS-Net mixed/not reported,Not reported in Atlas aggregate,ECDC Surveillance Atlas aggregate,https://atlas.ecdc.europa.eu/public/,15.935334872979215,0,J01M_quinolones,1.1287,,,,9.3995,1.5056999999999998,,,,0.8435835807530989,,,,,2961250,18.3577356444558,67.0092086791992,15636.5252586048,6.15501022,https://api.worldbank.org/v2/,14.692982456140351,12.860892388451443,13.513513513513514,0.9097554146085993,1.1735222130162748,6.073044534100405,12.837837837837839,592.0,19.746835443037973,790.0,19.655797101449274,1104.0
EU_EEA,Lithuania,LTU,2014,Escherichia coli,Blood/invasive,Fluoroquinolones,76,592,EARS-Net mixed/not reported,Not reported in Atlas aggregate,ECDC Surveillance Atlas aggregate,https://atlas.ecdc.europa.eu/public/,12.837837837837839,0,J01M_quinolones,1.0854,1.1287,,,8.0665,1.499,,,,0.9872324267881726,,,,0.8435835807530989,2937253,18.6035201529541,67.1514937628023,16446.1647181663,6.22244453,https://api.worldbank.org/v2/,15.935334872979215,14.692982456140351,12.860892388451443,0.11731887649980254,1.308357058591265,6.385194398997726,20.58319039451115,583.0,25.206124852767964,849.0,17.980513728963686,1129.0
EU_EEA,Lithuania,LTU,2015,Escherichia coli,Blood/invasive,Fluoroquinolones,120,583,EARS-Net mixed/not reported,Not reported in Atlas aggregate,ECDC Surveillance Atlas aggregate,https://atlas.ecdc.europa.eu/public/,20.58319039451115,0,J01M_quinolones,1.193,1.0854,1.1287,,8.5802,1.7155999999999998,,,,1.3131489398830818,,,,0.9872324267881726,2911109,18.8803013596424,67.2282485961914,14269.8039878287,6.47396851,https://api.worldbank.org/v2/,12.837837837837839,15.935334872979215,14.692982456140351,1.4573126779971006,2.859928820121651,6.369900982828227,19.746835443037973,790.0,19.655797101449274,1104.0,18.75,1136.0
EU_EEA,Lithuania,LTU,2016,Escherichia coli,Blood/invasive,Fluoroquinolones,156,790,EARS-Net mixed/not reported,Not reported in Atlas aggregate,ECDC Surveillance Atlas aggregate,https://atlas.ecdc.europa.eu/public/,19.746835443037973,0,J01M_quinolones,1.1540000000000001,1.193,1.0854,1.1287,8.63,1.7400999999999998,,,,1.6876541607166036,,,,1.3131489398830818,2877325,19.1757756195781,67.1894226074219,14934.2702840428,6.64928818,https://api.worldbank.org/v2/,20.58319039451115,12.837837837837839,15.935334872979215,1.9179854266849554,3.10391697263296,6.673297967767654,25.206124852767964,849.0,17.980513728963686,1129.0,17.647058823529413,1139.0
EU_EEA,Lithuania,LTU,2017,Escherichia coli,Blood/invasive,Fluoroquinolones,214,849,EARS-Net mixed/not reported,Not reported in Atlas aggregate,ECDC Surveillance Atlas aggregate,https://atlas.ecdc.europa.eu/public/,25.206124852767964,0,J01M_quinolones,1.1073,1.1540000000000001,1.193,1.0854,8.8893,1.7293999999999998,,,,1.7518369380215035,,,,1.6876541607166036,2842639,19.504402571296,67.1012954711914,16800.1510246099,6.44472837,https://api.worldbank.org/v2/,19.746835443037973,20.58319039451115,12.837837837837839,3.6268506093317185,4.41994139729885,6.745236349484363,19.655797101449274,1104.0,18.75,1136.0,19.02552204176334,1293.0
EU_EEA,Lithuania,LTU,2018,Escherichia coli,Blood/invasive,Fluoroquinolones,217,1104,EARS-Net mixed/not reported,Not reported in Atlas aggregate,ECDC Surveillance Atlas aggregate,https://atlas.ecdc.europa.eu/public/,19.655797101449274,0,J01M_quinolones,1.0646999999999998,1.1073,1.1540000000000001,1.193,8.6908,1.6976,,,,2.4285122254455045,,,,1.7518369380215035,2819200,19.7309309832227,67.1464742010457,19247.2315367967,6.46896172,https://api.worldbank.org/v2/,25.206124852767964,19.746835443037973,20.58319039451115,0.2677109530544334,2.285133173308714,7.007600613951853,17.980513728963686,1129.0,17.647058823529413,1139.0,20.54982817869416,1455.0
EU_EEA,Lithuania,LTU,2019,Escherichia coli,Blood/invasive,Fluoroquinolones,203,1129,EARS-Net mixed/not reported,Not reported in Atlas aggregate,ECDC Surveillance Atlas aggregate,https://atlas.ecdc.europa.eu/public/,17.980513728963686,0,J01M_quinolones,1.0171999999999999,1.0646999999999998,1.1073,1.1540000000000001,8.4786,1.7093,,,,2.914668430626757,,,,2.4285122254455045,2811089,19.8571907989029,67.245735168457,19608.7943945553,6.94472647,https://api.worldbank.org/v2/,19.655797101449274,25.206124852767964,19.746835443037973,-1.0849292893541584,2.724359900440702,7.029972911706386,18.75,1136.0,19.02552204176334,1293.0,,
EU_EEA,Lithuania,LTU,2020,Escherichia coli,Blood/invasive,Fluoroquinolones,213,1136,EUCAST,EUCAST required; exact version unavailable in Atlas aggregate,ECDC Surveillance Atlas aggregate,https://atlas.ecdc.europa.eu/public/,18.75,1,J01M_quinolones,0.925,1.0171999999999999,1.0646999999999998,1.1073,6.8077000000000005,1.6914,,,,4.065573770491804,,,,2.914668430626757,2810369,19.9341539675463,67.4254608154297,20428.6478157394,7.41619062,https://api.worldbank.org/v2/,17.980513728963686,19.655797101449274,25.206124852767964,-2.104365793078954,2.838532788502542,7.036148493750536,17.647058823529413,1139.0,20.54982817869416,1455.0,,
EU_EEA,Lithuania,LTU,2021,Escherichia coli,Blood/invasive,Fluoroquinolones,201,1139,EUCAST,EUCAST required; exact version unavailable in Atlas aggregate,ECDC Surveillance Atlas aggregate,https://atlas.ecdc.europa.eu/public/,17.647058823529413,0,J01M_quinolones,0.7788,0.925,1.0171999999999999,1.0646999999999998,7.3248999999999995,1.5736999999999999,,,,1.0514744539501983,,,,4.065573770491804,2808380,19.9469849122603,68.1912117004395,23882.8668916753,7.73210812,https://api.worldbank.org/v2/,18.75,17.980513728963686,19.655797101449274,-0.5256728562723308,0.7738641987748398,7.038783541388542,19.02552204176334,1293.0,,,,
EU_EEA,Lithuania,LTU,2022,Escherichia coli,Blood/invasive,Fluoroquinolones,246,1293,EUCAST,EUCAST required; exact version unavailable in Atlas aggregate,ECDC Surveillance Atlas aggregate,https://atlas.ecdc.europa.eu/public/,19.02552204176334,0,J01M_quinolones,0.8575999999999999,0.7788,0.925,1.0171999999999999,10.0252,1.7873999999999999,,,,0.969318601881135,,,,1.0514744539501983,2831639,19.8607556942966,68.2866452426813,24946.5724005188,7.24367952,https://api.worldbank.org/v2/,17.647058823529413,18.75,17.980513728963686,0.2032083761928353,0.5583399584576271,7.165493475060845,20.54982817869416,1455.0,,,,
EU_EEA,Lithuania,LTU,2023,Escherichia coli,Blood/invasive,Fluoroquinolones,299,1455,EUCAST,EUCAST required; exact version unavailable in Atlas aggregate,ECDC Surveillance Atlas aggregate,https://atlas.ecdc.europa.eu/public/,20.54982817869416,0,J01M_quinolones,,,,,,,,,,,,,,,2871585,19.8561787800633,68.575454583199,27983.3658256887,7.31801939,https://api.worldbank.org/v2/,19.02552204176334,17.647058823529413,18.75,0.6777947754316372,1.0362647188178278,7.283448228756631,,,,,,
EU_EEA,Lithuania,LTU,2013,Escherichia coli,Blood/invasive,Third-generation cephalosporins,33,434,EARS-Net mixed/not reported,Not reported in Atlas aggregate,ECDC Surveillance Atlas aggregate,https://atlas.ecdc.europa.eu/public/,7.6036866359447,0,J01D_other_beta_lactams,1.8363,,,,9.3995,1.5056999999999998,,,,0.8435835807530989,,,,,2961250,18.3577356444558,67.0092086791992,15636.5252586048,6.15501022,https://api.worldbank.org/v2/,4.761904761904762,7.012987012987013,8.70870870870871,-0.5566148469374299,1.439744526176128,6.075346031088684,8.080808080808081,594.0,14.716981132075471,795.0,15.32912533814247,1109.0
EU_EEA,Lithuania,LTU,2014,Escherichia coli,Blood/invasive,Third-generation cephalosporins,48,594,EARS-Net mixed/not reported,Not reported in Atlas aggregate,ECDC Surveillance Atlas aggregate,https://atlas.ecdc.europa.eu/public/,8.080808080808081,0,J01D_other_beta_lactams,1.7248,1.8363,,,8.0665,1.499,,,,0.9872324267881726,,,,0.8435835807530989,2937253,18.6035201529541,67.1514937628023,16446.1647181663,6.22244453,https://api.worldbank.org/v2/,7.6036866359447,4.761904761904762,7.012987012987013,0.6045245077503136,1.271687547896012,6.38856140554563,16.006884681583475,581.0,16.784037558685448,852.0,13.869257950530036,1132.0
EU_EEA,Lithuania,LTU,2015,Escherichia coli,Blood/invasive,Third-generation cephalosporins,93,581,EARS-Net mixed/not reported,Not reported in Atlas aggregate,ECDC Surveillance Atlas aggregate,https://atlas.ecdc.europa.eu/public/,16.006884681583475,0,J01D_other_beta_lactams,1.8881000000000001,1.7248,1.8363,,8.5802,1.7155999999999998,,,,1.3131489398830818,,,,0.9872324267881726,2911109,18.8803013596424,67.2282485961914,14269.8039878287,6.47396851,https://api.worldbank.org/v2/,8.080808080808081,7.6036866359447,4.761904761904762,3.421206120389951,4.177353299358353,6.366470447731438,14.716981132075471,795.0,15.32912533814247,1109.0,15.936952714535902,1142.0
EU_EEA,Lithuania,LTU,2016,Escherichia coli,Blood/invasive,Third-generation cephalosporins,117,795,EARS-Net mixed/not reported,Not reported in Atlas aggregate,ECDC Surveillance Atlas aggregate,https://atlas.ecdc.europa.eu/public/,14.716981132075471,0,J01D_other_beta_lactams,1.9719,1.8881000000000001,1.7248,1.8363,8.63,1.7400999999999998,,,,1.6876541607166036,,,,1.3131489398830818,2877325,19.1757756195781,67.1894226074219,14934.2702840428,6.64928818,https://api.worldbank.org/v2/,16.006884681583475,8.080808080808081,7.6036866359447,2.9265960089167686,3.79115479661887,6.679599185844383,16.784037558685448,852.0,13.869257950530036,1132.0,13.616652211621856,1153.0
EU_EEA,Lithuania,LTU,2017,Escherichia coli,Blood/invasive,Third-generation cephalosporins,143,852,EARS-Net mixed/not reported,Not reported in Atlas aggregate,ECDC Surveillance Atlas aggregate,https://atlas.ecdc.europa.eu/public/,16.784037558685448,0,J01D_other_beta_lactams,2.0706,1.9719,1.8881000000000001,1.7248,8.8893,1.7293999999999998,,,,1.7518369380215035,,,,1.6876541607166036,2842639,19.504402571296,67.1012954711914,16800.1510246099,6.44472837,https://api.worldbank.org/v2/,14.716981132075471,16.006884681583475,8.080808080808081,2.4819784884124085,3.438279242809285,6.748759547491679,15.32912533814247,1109.0,15.936952714535902,1142.0,15.431627196333078,1309.0
EU_EEA,Lithuania,LTU,2018,Escherichia coli,Blood/invasive,Third-generation cephalosporins,170,1109,EARS-Net mixed/not reported,Not reported in Atlas aggregate,ECDC Surveillance Atlas aggregate,https://atlas.ecdc.europa.eu/public/,15.32912533814247,0,J01D_other_beta_lactams,2.1060000000000003,2.0706,1.9719,1.8881000000000001,8.6908,1.6976,,,,2.4285122254455045,,,,1.7518369380215035,2819200,19.7309309832227,67.1464742010457,19247.2315367967,6.46896172,https://api.worldbank.org/v2/,16.784037558685448,14.716981132075471,16.006884681583475,0.003377839628693466,0.7702024027138515,7.01211529430638,13.869257950530036,1132.0,13.616652211621856,1153.0,16.95945945945946,1480.0
EU_EEA,Lithuania,LTU,2019,Escherichia coli,Blood/invasive,Third-generation cephalosporins,157,1132,EARS-Net mixed/not reported,Not reported in Atlas aggregate,ECDC Surveillance Atlas aggregate,https://atlas.ecdc.europa.eu/public/,13.869257950530036,0,J01D_other_beta_lactams,2.1773,2.1060000000000003,2.0706,1.9719,8.4786,1.7093,,,,2.914668430626757,,,,2.4285122254455045,2811089,19.8571907989029,67.245735168457,19608.7943945553,6.94472647,https://api.worldbank.org/v2/,15.32912533814247,16.784037558685448,14.716981132075471,-0.3998081765179318,1.0638961390614778,7.0326242610280065,15.936952714535902,1142.0,15.431627196333078,1309.0,,
EU_EEA,Lithuania,LTU,2020,Escherichia coli,Blood/invasive,Third-generation cephalosporins,182,1142,EUCAST,EUCAST required; exact version unavailable in Atlas aggregate,ECDC Surveillance Atlas aggregate,https://atlas.ecdc.europa.eu/public/,15.936952714535902,1,J01D_other_beta_lactams,1.9918999999999998,2.1773,2.1060000000000003,2.0706,6.8077000000000005,1.6914,,,,4.065573770491804,,,,2.914668430626757,2810369,19.9341539675463,67.4254608154297,20428.6478157394,7.41619062,https://api.worldbank.org/v2/,13.869257950530036,15.32912533814247,16.784037558685448,-0.40011219200610987,1.063787191265147,7.04141166379481,13.616652211621856,1153.0,16.95945945945946,1480.0,,
EU_EEA,Lithuania,LTU,2021,Escherichia coli,Blood/invasive,Third-generation cephalosporins,157,1153,EUCAST,EUCAST required; exact version unavailable in Atlas aggregate,ECDC Surveillance Atlas aggregate,https://atlas.ecdc.europa.eu/public/,13.616652211621856,0,J01D_other_beta_lactams,1.9302000000000001,1.9918999999999998,2.1773,2.1060000000000003,7.3248999999999995,1.5736999999999999,,,,1.0514744539501983,,,,4.065573770491804,2808380,19.9469849122603,68.1912117004395,23882.8668916753,7.73210812,https://api.worldbank.org/v2/,15.936952714535902,13.869257950530036,15.32912533814247,-0.3069724615555998,0.9732740119762229,7.050989447068045,15.431627196333078,1309.0,,,,
EU_EEA,Lithuania,LTU,2022,Escherichia coli,Blood/invasive,Third-generation cephalosporins,202,1309,EUCAST,EUCAST required; exact version unavailable in Atlas aggregate,ECDC Surveillance Atlas aggregate,https://atlas.ecdc.europa.eu/public/,15.431627196333078,0,J01D_other_beta_lactams,2.3908,1.9302000000000001,1.9918999999999998,2.1773,10.0252,1.7873999999999999,,,,0.969318601881135,,,,1.0514744539501983,2831639,19.8607556942966,68.2866452426813,24946.5724005188,7.24367952,https://api.worldbank.org/v2/,13.616652211621856,15.936952714535902,13.869257950530036,0.236680723449506,0.9910049020740055,7.177782416195197,16.95945945945946,1480.0,,,,
EU_EEA,Lithuania,LTU,2023,Escherichia coli,Blood/invasive,Third-generation cephalosporins,251,1480,EUCAST,EUCAST required; exact version unavailable in Atlas aggregate,ECDC Surveillance Atlas aggregate,https://atlas.ecdc.europa.eu/public/,16.95945945945946,0,J01D_other_beta_lactams,,,,,,,,,,,,,,,2871585,19.8561787800633,68.575454583199,27983.3658256887,7.31801939,https://api.worldbank.org/v2/,15.431627196333078,13.616652211621856,15.936952714535902,0.4882495219481862,1.211595906804256,7.300472814267799,,,,,,
EU_EEA,Luxembourg,LUX,2013,Escherichia coli,Blood/invasive,Aminoglycosides,21,299,EARS-Net mixed/not reported,Not reported in Atlas aggregate,ECDC Surveillance Atlas aggregate,https://atlas.ecdc.europa.eu/public/,7.023411371237458,0,J01G_aminoglycosides,,,,,15.686600000000002,1.4777999999999998,,,,1.1422413793103448,,,,,543360,14.0256757341215,89.9413746679705,120000.140729859,5.23557377,https://api.worldbank.org/v2/,6.287425149700598,7.909604519774011,6.497175141242938,-0.00434706800898572,0.6262166309246318,5.703782474656201,7.901907356948229,367.0,9.090909090909092,418.0,7.328605200945627,423.0
EU_EEA,Luxembourg,LUX,2014,Escherichia coli,Blood/invasive,Aminoglycosides,29,367,EARS-Net mixed/not reported,Not reported in Atlas aggregate,ECDC Surveillance Atlas aggregate,https://atlas.ecdc.europa.eu/public/,7.901907356948229,0,J01G_aminoglycosides,,,,,14.598199999999999,1.351,,,,1.0847378550183708,,,,1.1422413793103448,556319,14.1251062865936,90.4577807676859,123678.706919314,5.23040915,https://api.worldbank.org/v2/,7.023411371237458,6.287425149700598,7.909604519774011,0.07128947330595016,0.677165376968659,5.908082938168931,8.93371757925072,347.0,10.392609699769054,433.0,10.16260162601626,492.0
EU_EEA,Luxembourg,LUX,2015,Escherichia coli,Blood/invasive,Aminoglycosides,31,347,EARS-Net mixed/not reported,Not reported in Atlas aggregate,ECDC Surveillance Atlas aggregate,https://atlas.ecdc.europa.eu/public/,8.93371757925072,0,J01G_aminoglycosides,,,,,14.963000000000001,1.3282,,,,1.8518518518518523,,,,1.0847378550183708,569604,14.1954152151927,90.9893679353068,105462.012584423,5.08113575,https://api.worldbank.org/v2/,7.901907356948229,7.023411371237458,6.287425149700598,0.8817373274361123,0.9885832501184915,5.8522024797744745,9.090909090909092,418.0,7.328605200945627,423.0,8.878504672897197,428.0
EU_EEA,Luxembourg,LUX,2016,Escherichia coli,Blood/invasive,Aminoglycosides,38,418,EARS-Net mixed/not reported,Not reported in Atlas aggregate,ECDC Surveillance Atlas aggregate,https://atlas.ecdc.europa.eu/public/,9.090909090909092,0,J01G_aminoglycosides,,,,,14.220899999999999,1.3052999999999997,,,,1.9002670309880163,,,,1.8518518518518523,582014,14.2424413802086,91.5357090052649,106899.293549552,5.07103872,https://api.worldbank.org/v2/,8.93371757925072,7.901907356948229,7.023411371237458,0.7234303381317387,0.8366091700907398,6.037870919922137,10.392609699769054,433.0,10.16260162601626,492.0,8.757062146892656,354.0
EU_EEA,Luxembourg,LUX,2017,Escherichia coli,Blood/invasive,Aminoglycosides,45,433,EARS-Net mixed/not reported,Not reported in Atlas aggregate,ECDC Surveillance Atlas aggregate,https://atlas.ecdc.europa.eu/public/,10.392609699769054,0,J01G_aminoglycosides,,,,,11.919999999999998,1.3308,,,,2.1084880158587143,,,,1.9002670309880163,596336,14.3068137144371,92.0963768119916,110193.213797228,5.13535357,https://api.worldbank.org/v2/,9.090909090909092,8.93371757925072,7.901907356948229,0.7629298540120844,0.8849242723426014,6.073044534100405,7.328605200945627,423.0,8.878504672897197,428.0,7.249466950959488,469.0
EU_EEA,Luxembourg,LUX,2018,Escherichia coli,Blood/invasive,Aminoglycosides,31,423,EARS-Net mixed/not reported,Not reported in Atlas aggregate,ECDC Surveillance Atlas aggregate,https://atlas.ecdc.europa.eu/public/,7.328605200945627,0,J01G_aminoglycosides,,,,,13.4244,1.1419,,,,1.9190799501177775,,,,2.1084880158587143,607950,14.3776280584969,92.6709441899184,116926.759593905,5.27355194,https://api.worldbank.org/v2/,10.392609699769054,9.090909090909092,8.93371757925072,-0.35136365260553315,1.0873627551941074,6.049733455231958,10.16260162601626,492.0,8.757062146892656,354.0,9.97830802603037,461.0
EU_EEA,Luxembourg,LUX,2019,Escherichia coli,Blood/invasive,Aminoglycosides,50,492,EARS-Net mixed/not reported,Not reported in Atlas aggregate,ECDC Surveillance Atlas aggregate,https://atlas.ecdc.europa.eu/public/,10.16260162601626,0,J01G_aminoglycosides,,,,,12.6417,1.1184,,,,2.8037383177570097,,,,1.9190799501177775,620001,14.4700667405182,93.2589839734767,112696.649059674,5.46640301,https://api.worldbank.org/v2/,7.328605200945627,10.392609699769054,9.090909090909092,0.015107310649806407,1.2098870656389271,6.20050917404269,8.878504672897197,428.0,7.249466950959488,469.0,,
EU_EEA,Luxembourg,LUX,2020,Escherichia coli,Blood/invasive,Aminoglycosides,38,428,EUCAST,EUCAST required; exact version unavailable in Atlas aggregate,ECDC Surveillance Atlas aggregate,https://atlas.ecdc.europa.eu/public/,8.878504672897197,1,J01G_aminoglycosides,,,,,9.0559,1.0095,,,,3.137047395872704,,,,2.8037383177570097,630419,14.5852263807154,93.8600689970981,116860.02817236,5.7671175,https://api.worldbank.org/v2/,10.16260162601626,7.328605200945627,10.392609699769054,-0.17083186555449606,1.2200453477913955,6.061456918928017,8.757062146892656,354.0,9.97830802603037,461.0,,
EU_EEA,Luxembourg,LUX,2021,Escherichia coli,Blood/invasive,Aminoglycosides,31,354,EUCAST,EUCAST required; exact version unavailable in Atlas aggregate,ECDC Surveillance Atlas aggregate,https://atlas.ecdc.europa.eu/public/,8.757062146892656,0,J01G_aminoglycosides,,,,,8.8666,1.0282999999999998,,,,3.2071937055076813,,,,3.137047395872704,640064,14.7153406197971,94.5861743396533,134965.815442152,5.60806084,https://api.worldbank.org/v2/,8.878504672897197,10.16260162601626,7.328605200945627,0.3001273884722008,1.0035377377184274,5.872117789475416,7.249466950959488,469.0,,,,
EU_EEA,Luxembourg,LUX,2022,Escherichia coli,Blood/invasive,Aminoglycosides,34,469,EUCAST,EUCAST required; exact version unavailable in Atlas aggregate,ECDC Surveillance Atlas aggregate,https://atlas.ecdc.europa.eu/public/,7.249466950959488,0,J01G_aminoglycosides,,,,,11.1507,1.1321999999999999,,,,3.6743271642600512,,,,3.2071937055076813,653103,14.8424375777289,94.7605400940185,123719.658915996,5.60926914,https://api.worldbank.org/v2/,8.757062146892656,8.878504672897197,10.16260162601626,-0.886084655117488,1.0323563855575142,6.152732694704104,9.97830802603037,461.0,,,,
EU_EEA,Luxembourg,LUX,2023,Escherichia coli,Blood/invasive,Aminoglycosides,46,461,EUCAST,EUCAST required; exact version unavailable in Atlas aggregate,ECDC Surveillance Atlas aggregate,https://atlas.ecdc.europa.eu/public/,9.97830802603037,0,J01G_aminoglycosides,,,,,,,,,,,,,,,666430,15.1061948765445,94.8015300320787,133230.619178899,5.78777981,https://api.worldbank.org/v2/,7.249466950959488,8.757062146892656,8.878504672897197,0.17918148634663314,0.9711120554320376,6.135564891081739,,,,,,
EU_EEA,Luxembourg,LUX,2013,Escherichia coli,Blood/invasive,Aminopenicillins,163,299,EARS-Net mixed/not reported,Not reported in Atlas aggregate,ECDC Surveillance Atlas aggregate,https://atlas.ecdc.europa.eu/public/,54.51505016722408,0,J01C_penicillins,9.8141,,,,15.686600000000002,1.4777999999999998,,,,1.1422413793103448,,,,,543360,14.0256757341215,89.9413746679705,120000.140729859,5.23557377,https://api.worldbank.org/v2/,50.74626865671642,52.124645892351275,63.172804532577906,-2.7351640331696467,4.8299520205916915,5.703782474656201,59.56873315363882,371.0,53.22195704057279,419.0,55.23809523809524,420.0
EU_EEA,Luxembourg,LUX,2014,Escherichia coli,Blood/invasive,Aminopenicillins,221,371,EARS-Net mixed/not reported,Not reported in Atlas aggregate,ECDC Surveillance Atlas aggregate,https://atlas.ecdc.europa.eu/public/,59.56873315363882,0,J01C_penicillins,9.1892,9.8141,,,14.598199999999999,1.351,,,,1.0847378550183708,,,,1.1422413793103448,556319,14.1251062865936,90.4577807676859,123678.706919314,5.23040915,https://api.worldbank.org/v2/,54.51505016722408,50.74626865671642,52.124645892351275,2.610104329437022,3.3597590794885397,5.918893854273146,60.23054755043228,347.0,55.8891454965358,433.0,57.520325203252035,492.0
EU_EEA,Luxembourg,LUX,2015,Escherichia coli,Blood/invasive,Aminopenicillins,209,347,EARS-Net mixed/not reported,Not reported in Atlas aggregate,ECDC Surveillance Atlas aggregate,https://atlas.ecdc.europa.eu/public/,60.23054755043228,0,J01C_penicillins,9.564900000000002,9.1892,9.8141,,14.963000000000001,1.3282,,,,1.8518518518518523,,,,1.0847378550183708,569604,14.1954152151927,90.9893679353068,105462.012584423,5.08113575,https://api.worldbank.org/v2/,59.56873315363882,54.51505016722408,50.74626865671642,3.350651966756222,3.8781097229161494,5.8522024797744745,53.22195704057279,419.0,55.23809523809524,420.0,52.459016393442624,427.0
EU_EEA,Luxembourg,LUX,2016,Escherichia coli,Blood/invasive,Aminopenicillins,223,419,EARS-Net mixed/not reported,Not reported in Atlas aggregate,ECDC Surveillance Atlas aggregate,https://atlas.ecdc.europa.eu/public/,53.22195704057279,0,J01C_penicillins,8.930499999999999,9.564900000000002,9.1892,9.8141,14.220899999999999,1.3052999999999997,,,,1.9002670309880163,,,,1.8518518518518523,582014,14.2424413802086,91.5357090052649,106899.293549552,5.07103872,https://api.worldbank.org/v2/,60.23054755043228,59.56873315363882,54.51505016722408,-0.3217464983160492,3.058988989017804,6.040254711277414,55.8891454965358,433.0,57.520325203252035,492.0,53.40909090909091,352.0
EU_EEA,Luxembourg,LUX,2017,Escherichia coli,Blood/invasive,Aminopenicillins,242,433,EARS-Net mixed/not reported,Not reported in Atlas aggregate,ECDC Surveillance Atlas aggregate,https://atlas.ecdc.europa.eu/public/,55.8891454965358,0,J01C_penicillins,7.368099999999999,8.930499999999999,9.564900000000002,9.1892,11.919999999999998,1.3308,,,,2.1084880158587143,,,,1.9002670309880163,596336,14.3068137144371,92.0963768119916,110193.213797228,5.13535357,https://api.worldbank.org/v2/,53.22195704057279,60.23054755043228,59.56873315363882,-1.8047353481168646,2.8432039326214826,6.073044534100405,55.23809523809524,420.0,52.459016393442624,427.0,49.68017057569296,469.0
EU_EEA,Luxembourg,LUX,2018,Escherichia coli,Blood/invasive,Aminopenicillins,232,420,EARS-Net mixed/not reported,Not reported in Atlas aggregate,ECDC Surveillance Atlas aggregate,https://atlas.ecdc.europa.eu/public/,55.23809523809524,0,J01C_penicillins,9.015,7.368099999999999,8.930499999999999,9.564900000000002,13.4244,1.1419,,,,1.9190799501177775,,,,2.1084880158587143,607950,14.3776280584969,92.6709441899184,116926.759593905,5.27355194,https://api.worldbank.org/v2/,55.8891454965358,53.22195704057279,60.23054755043228,-1.2310168481048214,2.5555731591657955,6.042632833682381,57.520325203252035,492.0,53.40909090909091,352.0,51.62689804772234,461.0
EU_EEA,Luxembourg,LUX,2019,Escherichia coli,Blood/invasive,Aminopenicillins,283,492,EARS-Net mixed/not reported,Not reported in Atlas aggregate,ECDC Surveillance Atlas aggregate,https://atlas.ecdc.europa.eu/public/,57.520325203252035,0,J01C_penicillins,8.8054,9.015,7.368099999999999,8.930499999999999,12.6417,1.1184,,,,2.8037383177570097,,,,1.9190799501177775,620001,14.4700667405182,93.2589839734767,112696.649059674,5.46640301,https://api.worldbank.org/v2/,55.23809523809524,55.8891454965358,53.22195704057279,1.2244054229597123,1.5400459335996004,6.20050917404269,52.459016393442624,427.0,49.68017057569296,469.0,,
EU_EEA,Luxembourg,LUX,2020,Escherichia coli,Blood/invasive,Aminopenicillins,224,427,EUCAST,EUCAST required; exact version unavailable in Atlas aggregate,ECDC Surveillance Atlas aggregate,https://atlas.ecdc.europa.eu/public/,52.459016393442624,1,J01C_penicillins,6.4761999999999995,8.8054,9.015,7.368099999999999,9.0559,1.0095,,,,3.137047395872704,,,,2.8037383177570097,630419,14.5852263807154,93.8600689970981,116860.02817236,5.7671175,https://api.worldbank.org/v2/,57.520325203252035,55.23809523809524,55.8891454965358,-0.800815734412283,1.8268671791727464,6.059123195581797,53.40909090909091,352.0,51.62689804772234,461.0,,
EU_EEA,Luxembourg,LUX,2021,Escherichia coli,Blood/invasive,Aminopenicillins,188,352,EUCAST,EUCAST required; exact version unavailable in Atlas aggregate,ECDC Surveillance Atlas aggregate,https://atlas.ecdc.europa.eu/public/,53.40909090909091,0,J01C_penicillins,6.4553,6.4761999999999995,8.8054,9.015,8.8666,1.0282999999999998,,,,3.2071937055076813,,,,3.137047395872704,640064,14.7153406197971,94.5861743396533,134965.815442152,5.60806084,https://api.worldbank.org/v2/,52.459016393442624,57.520325203252035,55.23809523809524,-1.054832179682252,1.9316257004981474,5.8664680569332965,49.68017057569296,469.0,,,,
EU_EEA,Luxembourg,LUX,2022,Escherichia coli,Blood/invasive,Aminopenicillins,233,469,EUCAST,EUCAST required; exact version unavailable in Atlas aggregate,ECDC Surveillance Atlas aggregate,https://atlas.ecdc.europa.eu/public/,49.68017057569296,0,J01C_penicillins,8.3718,6.4553,6.4761999999999995,8.8054,11.1507,1.1321999999999999,,,,3.6743271642600512,,,,3.2071937055076813,653103,14.8424375777289,94.7605400940185,123719.658915996,5.60926914,https://api.worldbank.org/v2/,53.40909090909091,52.459016393442624,57.520325203252035,-2.257038936702909,2.811989858075548,6.152732694704104,51.62689804772234,461.0,,,,
EU_EEA,Luxembourg,LUX,2023,Escherichia coli,Blood/invasive,Aminopenicillins,238,461,EUCAST,EUCAST required; exact version unavailable in Atlas aggregate,ECDC Surveillance Atlas aggregate,https://atlas.ecdc.europa.eu/public/,51.62689804772234,0,J01C_penicillins,,,,,,,,,,,,,,,666430,15.1061948765445,94.8015300320787,133230.619178899,5.78777981,https://api.worldbank.org/v2/,49.68017057569296,53.40909090909091,52.459016393442624,-0.6225275370558861,1.3735868352530824,6.135564891081739,,,,,,
EU_EEA,Luxembourg,LUX,2013,Escherichia coli,Blood/invasive,Carbapenems,0,295,EARS-Net mixed/not reported,Not reported in Atlas aggregate,ECDC Surveillance Atlas aggregate,https://atlas.ecdc.europa.eu/public/,0.0,0,J01DH_carbapenems,0.0635,,,,15.686600000000002,1.4777999999999998,,,,1.1422413793103448,,,,,543360,14.0256757341215,89.9413746679705,120000.140729859,5.23557377,https://api.worldbank.org/v2/,0.0,0.0,0.0,0.0,0.0,5.69035945432406,0.2717391304347826,368.0,0.0,418.0,0.0,424.0
EU_EEA,Luxembourg,LUX,2014,Escherichia coli,Blood/invasive,Carbapenems,1,368,EARS-Net mixed/not reported,Not reported in Atlas aggregate,ECDC Surveillance Atlas aggregate,https://atlas.ecdc.europa.eu/public/,0.2717391304347826,0,J01DH_carbapenems,0.0581,0.0635,,,14.598199999999999,1.351,,,,1.0847378550183708,,,,1.1422413793103448,556319,14.1251062865936,90.4577807676859,123678.706919314,5.23040915,https://api.worldbank.org/v2/,0.0,0.0,0.0,0.0815217391304348,0.11766649507940742,5.910796644040527,0.0,347.0,0.0,433.0,0.6097560975609756,492.0
EU_EEA,Luxembourg,LUX,2015,Escherichia coli,Blood/invasive,Carbapenems,0,347,EARS-Net mixed/not reported,Not reported in Atlas aggregate,ECDC Surveillance Atlas aggregate,https://atlas.ecdc.europa.eu/public/,0.0,0,J01DH_carbapenems,0.0593,0.0581,0.0635,,14.963000000000001,1.3282,,,,1.8518518518518523,,,,1.0847378550183708,569604,14.1954152151927,90.9893679353068,105462.012584423,5.08113575,https://api.worldbank.org/v2/,0.2717391304347826,0.0,0.0,0.02717391304347827,0.11766649507940742,5.8522024797744745,0.0,418.0,0.0,424.0,0.0,428.0
EU_EEA,Luxembourg,LUX,2016,Escherichia coli,Blood/invasive,Carbapenems,0,418,EARS-Net mixed/not reported,Not reported in Atlas aggregate,ECDC Surveillance Atlas aggregate,https://atlas.ecdc.europa.eu/public/,0.0,0,J01DH_carbapenems,0.0678,0.0593,0.0581,0.0635,14.220899999999999,1.3052999999999997,,,,1.9002670309880163,,,,1.8518518518518523,582014,14.2424413802086,91.5357090052649,106899.293549552,5.07103872,https://api.worldbank.org/v2/,0.0,0.2717391304347826,0.0,-0.027173913043478267,0.11766649507940742,6.037870919922137,0.0,433.0,0.6097560975609756,492.0,0.0,354.0
EU_EEA,Luxembourg,LUX,2017,Escherichia coli,Blood/invasive,Carbapenems,0,433,EARS-Net mixed/not reported,Not reported in Atlas aggregate,ECDC Surveillance Atlas aggregate,https://atlas.ecdc.europa.eu/public/,0.0,0,J01DH_carbapenems,0.0607,0.0678,0.0593,0.0581,11.919999999999998,1.3308,,,,2.1084880158587143,,,,1.9002670309880163,596336,14.3068137144371,92.0963768119916,110193.213797228,5.13535357,https://api.worldbank.org/v2/,0.0,0.0,0.2717391304347826,-0.08152173913043483,0.11766649507940742,6.073044534100405,0.0,424.0,0.0,428.0,0.0,469.0
EU_EEA,Luxembourg,LUX,2018,Escherichia coli,Blood/invasive,Carbapenems,0,424,EARS-Net mixed/not reported,Not reported in Atlas aggregate,ECDC Surveillance Atlas aggregate,https://atlas.ecdc.europa.eu/public/,0.0,0,J01DH_carbapenems,0.0537,0.0607,0.0678,0.0593,13.4244,1.1419,,,,1.9190799501177775,,,,2.1084880158587143,607950,14.3776280584969,92.6709441899184,116926.759593905,5.27355194,https://api.worldbank.org/v2/,0.0,0.0,0.0,0.0,0.0,6.052089168924417,0.6097560975609756,492.0,0.0,354.0,0.21691973969631237,461.0
EU_EEA,Luxembourg,LUX,2019,Escherichia coli,Blood/invasive,Carbapenems,3,492,EARS-Net mixed/not reported,Not reported in Atlas aggregate,ECDC Surveillance Atlas aggregate,https://atlas.ecdc.europa.eu/public/,0.6097560975609756,0,J01DH_carbapenems,0.0523,0.0537,0.0607,0.0678,12.6417,1.1184,,,,2.8037383177570097,,,,1.9190799501177775,620001,14.4700667405182,93.2589839734767,112696.649059674,5.46640301,https://api.worldbank.org/v2/,0.0,0.0,0.0,0.18292682926829273,0.2640321353001337,6.20050917404269,0.0,428.0,0.0,469.0,,
EU_EEA,Luxembourg,LUX,2020,Escherichia coli,Blood/invasive,Carbapenems,0,428,EUCAST,EUCAST required; exact version unavailable in Atlas aggregate,ECDC Surveillance Atlas aggregate,https://atlas.ecdc.europa.eu/public/,0.0,1,J01DH_carbapenems,0.0477,0.0523,0.0537,0.0607,9.0559,1.0095,,,,3.137047395872704,,,,2.8037383177570097,630419,14.5852263807154,93.8600689970981,116860.02817236,5.7671175,https://api.worldbank.org/v2/,0.6097560975609756,0.0,0.0,0.060975609756097573,0.2640321353001337,6.061456918928017,0.0,354.0,0.21691973969631237,461.0,,
EU_EEA,Luxembourg,LUX,2021,Escherichia coli,Blood/invasive,Carbapenems,0,354,EUCAST,EUCAST required; exact version unavailable in Atlas aggregate,ECDC Surveillance Atlas aggregate,https://atlas.ecdc.europa.eu/public/,0.0,0,J01DH_carbapenems,0.0516,0.0477,0.0523,0.0537,8.8666,1.0282999999999998,,,,3.2071937055076813,,,,3.137047395872704,640064,14.7153406197971,94.5861743396533,134965.815442152,5.60806084,https://api.worldbank.org/v2/,0.0,0.6097560975609756,0.0,-0.06097560975609756,0.2640321353001337,5.872117789475416,0.0,469.0,,,,
EU_EEA,Luxembourg,LUX,2022,Escherichia coli,Blood/invasive,Carbapenems,0,469,EUCAST,EUCAST required; exact version unavailable in Atlas aggregate,ECDC Surveillance Atlas aggregate,https://atlas.ecdc.europa.eu/public/,0.0,0,J01DH_carbapenems,0.0525,0.0516,0.0477,0.0523,11.1507,1.1321999999999999,,,,3.6743271642600512,,,,3.2071937055076813,653103,14.8424375777289,94.7605400940185,123719.658915996,5.60926914,https://api.worldbank.org/v2/,0.0,0.0,0.6097560975609756,-0.18292682926829282,0.2640321353001337,6.152732694704104,0.21691973969631237,461.0,,,,
EU_EEA,Luxembourg,LUX,2023,Escherichia coli,Blood/invasive,Carbapenems,1,461,EUCAST,EUCAST required; exact version unavailable in Atlas aggregate,ECDC Surveillance Atlas aggregate,https://atlas.ecdc.europa.eu/public/,0.21691973969631237,0,J01DH_carbapenems,,,,,,,,,,,,,,,666430,15.1061948765445,94.8015300320787,133230.619178899,5.78777981,https://api.worldbank.org/v2/,0.0,0.0,0.0,0.06507592190889372,0.09392900257965713,6.135564891081739,,,,,,
EU_EEA,Luxembourg,LUX,2013,Escherichia coli,Blood/invasive,Fluoroquinolones,82,295,EARS-Net mixed/not reported,Not reported in Atlas aggregate,ECDC Surveillance Atlas aggregate,https://atlas.ecdc.europa.eu/public/,27.796610169491526,0,J01M_quinolones,2.8777000000000004,,,,15.686600000000002,1.4777999999999998,,,,1.1422413793103448,,,,,543360,14.0256757341215,89.9413746679705,120000.140729859,5.23557377,https://api.worldbank.org/v2/,23.952095808383234,24.07932011331445,26.271186440677965,0.4449046881509429,1.6032018542696918,5.69035945432406,24.72826086956522,368.0,28.94736842105263,418.0,21.770334928229666,418.0
EU_EEA,Luxembourg,LUX,2014,Escherichia coli,Blood/invasive,Fluoroquinolones,91,368,EARS-Net mixed/not reported,Not reported in Atlas aggregate,ECDC Surveillance Atlas aggregate,https://atlas.ecdc.europa.eu/public/,24.72826086956522,0,J01M_quinolones,2.7777,2.8777000000000004,,,14.598199999999999,1.351,,,,1.0847378550183708,,,,1.1422413793103448,556319,14.1251062865936,90.4577807676859,123678.706919314,5.23040915,https://api.worldbank.org/v2/,27.796610169491526,23.952095808383234,24.07932011331445,0.5791336629860545,1.5623109043970533,5.910796644040527,24.207492795389047,347.0,22.863741339491916,433.0,20.528455284552845,492.0
EU_EEA,Luxembourg,LUX,2015,Escherichia coli,Blood/invasive,Fluoroquinolones,84,347,EARS-Net mixed/not reported,Not reported in Atlas aggregate,ECDC Surveillance Atlas aggregate,https://atlas.ecdc.europa.eu/public/,24.207492795389047,0,J01M_quinolones,2.6771,2.7777,2.8777000000000004,,14.963000000000001,1.3282,,,,1.8518518518518523,,,,1.0847378550183708,569604,14.1954152151927,90.9893679353068,105462.012584423,5.08113575,https://api.worldbank.org/v2/,24.72826086956522,27.796610169491526,23.952095808383234,-0.2302158338908903,1.541421438852435,5.8522024797744745,28.94736842105263,418.0,21.770334928229666,418.0,21.72897196261682,428.0
EU_EEA,Luxembourg,LUX,2016,Escherichia coli,Blood/invasive,Fluoroquinolones,121,418,EARS-Net mixed/not reported,Not reported in Atlas aggregate,ECDC Surveillance Atlas aggregate,https://atlas.ecdc.europa.eu/public/,28.94736842105263,0,J01M_quinolones,2.6178999999999997,2.6771,2.7777,2.8777000000000004,14.220899999999999,1.3052999999999997,,,,1.9002670309880163,,,,1.8518518518518523,582014,14.2424413802086,91.5357090052649,106899.293549552,5.07103872,https://api.worldbank.org/v2/,24.207492795389047,24.72826086956522,27.796610169491526,0.29315066805071016,2.0024869595367694,6.037870919922137,22.863741339491916,433.0,20.528455284552845,492.0,20.903954802259886,354.0
EU_EEA,Luxembourg,LUX,2017,Escherichia coli,Blood/invasive,Fluoroquinolones,99,433,EARS-Net mixed/not reported,Not reported in Atlas aggregate,ECDC Surveillance Atlas aggregate,https://atlas.ecdc.europa.eu/public/,22.863741339491916,0,J01M_quinolones,2.9600999999999997,2.6178999999999997,2.6771,2.7777,11.919999999999998,1.3308,,,,2.1084880158587143,,,,1.9002670309880163,596336,14.3068137144371,92.0963768119916,110193.213797228,5.13535357,https://api.worldbank.org/v2/,28.94736842105263,24.207492795389047,24.72826086956522,-0.08536829645563625,2.2752899318769253,6.073044534100405,21.770334928229666,418.0,21.72897196261682,428.0,16.844349680170577,469.0
EU_EEA,Luxembourg,LUX,2018,Escherichia coli,Blood/invasive,Fluoroquinolones,91,418,EARS-Net mixed/not reported,Not reported in Atlas aggregate,ECDC Surveillance Atlas aggregate,https://atlas.ecdc.europa.eu/public/,21.770334928229666,0,J01M_quinolones,2.2105,2.9600999999999997,2.6178999999999997,2.6771,13.4244,1.1419,,,,1.9190799501177775,,,,2.1084880158587143,607950,14.3776280584969,92.6709441899184,116926.759593905,5.27355194,https://api.worldbank.org/v2/,22.863741339491916,28.94736842105263,24.207492795389047,-1.3395100683038885,2.737787578459031,6.037870919922137,20.528455284552845,492.0,20.903954802259886,354.0,15.61822125813449,461.0
EU_EEA,Luxembourg,LUX,2019,Escherichia coli,Blood/invasive,Fluoroquinolones,101,492,EARS-Net mixed/not reported,Not reported in Atlas aggregate,ECDC Surveillance Atlas aggregate,https://atlas.ecdc.europa.eu/public/,20.528455284552845,0,J01M_quinolones,1.7157999999999998,2.2105,2.9600999999999997,2.6178999999999997,12.6417,1.1184,,,,2.8037383177570097,,,,1.9190799501177775,620001,14.4700667405182,93.2589839734767,112696.649059674,5.46640301,https://api.worldbank.org/v2/,21.770334928229666,22.863741339491916,28.94736842105263,-2.6350145820761655,3.236411884831828,6.20050917404269,21.72897196261682,428.0,16.844349680170577,469.0,,
EU_EEA,Luxembourg,LUX,2020,Escherichia coli,Blood/invasive,Fluoroquinolones,93,428,EUCAST,EUCAST required; exact version unavailable in Atlas aggregate,ECDC Surveillance Atlas aggregate,https://atlas.ecdc.europa.eu/public/,21.72897196261682,1,J01M_quinolones,1.3864,1.7157999999999998,2.2105,2.9600999999999997,9.0559,1.0095,,,,3.137047395872704,,,,2.8037383177570097,630419,14.5852263807154,93.8600689970981,116860.02817236,5.7671175,https://api.worldbank.org/v2/,20.528455284552845,21.770334928229666,22.863741339491916,-0.4646187774302128,0.8262118491906636,6.061456918928017,20.903954802259886,354.0,15.61822125813449,461.0,,
EU_EEA,Luxembourg,LUX,2021,Escherichia coli,Blood/invasive,Fluoroquinolones,74,354,EUCAST,EUCAST required; exact version unavailable in Atlas aggregate,ECDC Surveillance Atlas aggregate,https://atlas.ecdc.europa.eu/public/,20.903954802259886,0,J01M_quinolones,1.3781999999999999,1.3864,1.7157999999999998,2.2105,8.8666,1.0282999999999998,,,,3.2071937055076813,,,,3.137047395872704,640064,14.7153406197971,94.5861743396533,134965.815442152,5.60806084,https://api.worldbank.org/v2/,21.72897196261682,20.528455284552845,21.770334928229666,-0.13986236998454032,0.5337066120521099,5.872117789475416,16.844349680170577,469.0,,,,
EU_EEA,Luxembourg,LUX,2022,Escherichia coli,Blood/invasive,Fluoroquinolones,79,469,EUCAST,EUCAST required; exact version unavailable in Atlas aggregate,ECDC Surveillance Atlas aggregate,https://atlas.ecdc.europa.eu/public/,16.844349680170577,0,J01M_quinolones,1.4769,1.3781999999999999,1.3864,1.7157999999999998,11.1507,1.1321999999999999,,,,3.6743271642600512,,,,3.2071937055076813,653103,14.8424375777289,94.7605400940185,123719.658915996,5.60926914,https://api.worldbank.org/v2/,20.903954802259886,21.72897196261682,20.528455284552845,-1.1877333973503779,1.8737571912920195,6.152732694704104,15.61822125813449,461.0,,,,
EU_EEA,Luxembourg,LUX,2023,Escherichia coli,Blood/invasive,Fluoroquinolones,72,461,EUCAST,EUCAST required; exact version unavailable in Atlas aggregate,ECDC Surveillance Atlas aggregate,https://atlas.ecdc.europa.eu/public/,15.61822125813449,0,J01M_quinolones,,,,,,,,,,,,,,,666430,15.1061948765445,94.8015300320787,133230.619178899,5.78777981,https://api.worldbank.org/v2/,16.844349680170577,20.903954802259886,21.72897196261682,-2.2391857235536317,2.5957203490011307,6.135564891081739,,,,,,
EU_EEA,Luxembourg,LUX,2013,Escherichia coli,Blood/invasive,Third-generation cephalosporins,32,301,EARS-Net mixed/not reported,Not reported in Atlas aggregate,ECDC Surveillance Atlas aggregate,https://atlas.ecdc.europa.eu/public/,10.631229235880399,0,J01D_other_beta_lactams,4.4091000000000005,,,,15.686600000000002,1.4777999999999998,,,,1.1422413793103448,,,,,543360,14.0256757341215,89.9413746679705,120000.140729859,5.23557377,https://api.worldbank.org/v2/,11.377245508982035,8.215297450424929,9.322033898305085,0.7089534071283038,1.213309908843785,5.71042701737487,11.956521739130435,368.0,13.636363636363637,418.0,12.5,424.0
EU_EEA,Luxembourg,LUX,2014,Escherichia coli,Blood/invasive,Third-generation cephalosporins,44,368,EARS-Net mixed/not reported,Not reported in Atlas aggregate,ECDC Surveillance Atlas aggregate,https://atlas.ecdc.europa.eu/public/,11.956521739130435,0,J01D_other_beta_lactams,3.9242,4.4091000000000005,,,14.598199999999999,1.351,,,,1.0847378550183708,,,,1.1422413793103448,556319,14.1251062865936,90.4577807676859,123678.706919314,5.23040915,https://api.worldbank.org/v2/,10.631229235880399,11.377245508982035,8.215297450424929,1.0477656593014868,1.424778547378181,5.910796644040527,12.680115273775217,347.0,9.699769053117782,433.0,12.601626016260163,492.0
EU_EEA,Luxembourg,LUX,2015,Escherichia coli,Blood/invasive,Third-generation cephalosporins,44,347,EARS-Net mixed/not reported,Not reported in Atlas aggregate,ECDC Surveillance Atlas aggregate,https://atlas.ecdc.europa.eu/public/,12.680115273775217,0,J01D_other_beta_lactams,3.989900000000001,3.9242,4.4091000000000005,,14.963000000000001,1.3282,,,,1.8518518518518523,,,,1.0847378550183708,569604,14.1954152151927,90.9893679353068,105462.012584423,5.08113575,https://api.worldbank.org/v2/,11.956521739130435,10.631229235880399,11.377245508982035,0.5233901797629558,0.7528069421086012,5.8522024797744745,13.636363636363637,418.0,12.5,424.0,11.448598130841122,428.0
EU_EEA,Luxembourg,LUX,2016,Escherichia coli,Blood/invasive,Third-generation cephalosporins,57,418,EARS-Net mixed/not reported,Not reported in Atlas aggregate,ECDC Surveillance Atlas aggregate,https://atlas.ecdc.europa.eu/public/,13.636363636363637,0,J01D_other_beta_lactams,3.91,3.989900000000001,3.9242,4.4091000000000005,14.220899999999999,1.3052999999999997,,,,1.9002670309880163,,,,1.8518518518518523,582014,14.2424413802086,91.5357090052649,106899.293549552,5.07103872,https://api.worldbank.org/v2/,12.680115273775217,11.956521739130435,10.631229235880399,0.9738996736094485,1.0967290662024176,6.037870919922137,9.699769053117782,433.0,12.601626016260163,492.0,11.299435028248588,354.0
EU_EEA,Luxembourg,LUX,2017,Escherichia coli,Blood/invasive,Third-generation cephalosporins,42,433,EARS-Net mixed/not reported,Not reported in Atlas aggregate,ECDC Surveillance Atlas aggregate,https://atlas.ecdc.europa.eu/public/,9.699769053117782,0,J01D_other_beta_lactams,2.8619,3.91,3.989900000000001,3.9242,11.919999999999998,1.3308,,,,2.1084880158587143,,,,1.9002670309880163,596336,14.3068137144371,92.0963768119916,110193.213797228,5.13535357,https://api.worldbank.org/v2/,13.636363636363637,12.680115273775217,11.956521739130435,-0.5814009695449556,1.4519822770889326,6.073044534100405,12.5,424.0,11.448598130841122,428.0,10.447761194029852,469.0
EU_EEA,Luxembourg,LUX,2018,Escherichia coli,Blood/invasive,Third-generation cephalosporins,53,424,EARS-Net mixed/not reported,Not reported in Atlas aggregate,ECDC Surveillance Atlas aggregate,https://atlas.ecdc.europa.eu/public/,12.5,0,J01D_other_beta_lactams,3.2870999999999997,2.8619,3.91,3.989900000000001,13.4244,1.1419,,,,1.9190799501177775,,,,2.1084880158587143,607950,14.3776280584969,92.6709441899184,116926.759593905,5.27355194,https://api.worldbank.org/v2/,9.699769053117782,13.636363636363637,12.680115273775217,-0.44769404045715244,1.4675385135609365,6.052089168924417,12.601626016260163,492.0,11.299435028248588,354.0,11.713665943600867,461.0
EU_EEA,Luxembourg,LUX,2019,Escherichia coli,Blood/invasive,Third-generation cephalosporins,62,492,EARS-Net mixed/not reported,Not reported in Atlas aggregate,ECDC Surveillance Atlas aggregate,https://atlas.ecdc.europa.eu/public/,12.601626016260163,0,J01D_other_beta_lactams,3.1866,3.2870999999999997,2.8619,3.91,12.6417,1.1184,,,,2.8037383177570097,,,,1.9190799501177775,620001,14.4700667405182,93.2589839734767,112696.649059674,5.46640301,https://api.worldbank.org/v2/,12.5,9.699769053117782,13.636363636363637,-0.03039819134282222,1.4605473333425234,6.20050917404269,11.448598130841122,428.0,10.447761194029852,469.0,,
EU_EEA,Luxembourg,LUX,2020,Escherichia coli,Blood/invasive,Third-generation cephalosporins,49,428,EUCAST,EUCAST required; exact version unavailable in Atlas aggregate,ECDC Surveillance Atlas aggregate,https://atlas.ecdc.europa.eu/public/,11.448598130841122,1,J01D_other_beta_lactams,2.1551,3.1866,3.2870999999999997,2.8619,9.0559,1.0095,,,,3.137047395872704,,,,2.8037383177570097,630419,14.5852263807154,93.8600689970981,116860.02817236,5.7671175,https://api.worldbank.org/v2/,12.601626016260163,12.5,9.699769053117782,0.5348113249430159,1.1663435754450493,6.061456918928017,11.299435028248588,354.0,11.713665943600867,461.0,,
EU_EEA,Luxembourg,LUX,2021,Escherichia coli,Blood/invasive,Third-generation cephalosporins,40,354,EUCAST,EUCAST required; exact version unavailable in Atlas aggregate,ECDC Surveillance Atlas aggregate,https://atlas.ecdc.europa.eu/public/,11.299435028248588,0,J01D_other_beta_lactams,2.0098,2.1551,3.1866,3.2870999999999997,8.8666,1.0282999999999998,,,,3.2071937055076813,,,,3.137047395872704,640064,14.7153406197971,94.5861743396533,134965.815442152,5.60806084,https://api.worldbank.org/v2/,11.448598130841122,12.601626016260163,12.5,-0.4754722800673301,0.5918484969797827,5.872117789475416,10.447761194029852,469.0,,,,
EU_EEA,Luxembourg,LUX,2022,Escherichia coli,Blood/invasive,Third-generation cephalosporins,49,469,EUCAST,EUCAST required; exact version unavailable in Atlas aggregate,ECDC Surveillance Atlas aggregate,https://atlas.ecdc.europa.eu/public/,10.447761194029852,0,J01D_other_beta_lactams,2.3817,2.0098,2.1551,3.1866,11.1507,1.1321999999999999,,,,3.6743271642600512,,,,3.2071937055076813,653103,14.8424375777289,94.7605400940185,123719.658915996,5.60926914,https://api.worldbank.org/v2/,11.299435028248588,11.448598130841122,12.601626016260163,-0.6610757569283479,0.7670389849694447,6.152732694704104,11.713665943600867,461.0,,,,
EU_EEA,Luxembourg,LUX,2023,Escherichia coli,Blood/invasive,Third-generation cephalosporins,54,461,EUCAST,EUCAST required; exact version unavailable in Atlas aggregate,ECDC Surveillance Atlas aggregate,https://atlas.ecdc.europa.eu/public/,11.713665943600867,0,J01D_other_beta_lactams,,,,,,,,,,,,,,,666430,15.1061948765445,94.8015300320787,133230.619178899,5.78777981,https://api.worldbank.org/v2/,10.447761194029852,11.299435028248588,11.448598130841122,-0.0056470395939521,0.4739221690277117,6.135564891081739,,,,,,
EU_EEA,Latvia,LVA,2013,Escherichia coli,Blood/invasive,Aminoglycosides,7,134,EARS-Net mixed/not reported,Not reported in Atlas aggregate,ECDC Surveillance Atlas aggregate,https://atlas.ecdc.europa.eu/public/,5.223880597014926,0,J01G_aminoglycosides,,,,,5.9799999999999995,1.3779,,,,0.2239328201539538,,,,,2012647,18.9296873835699,67.847334482933,14484.4715282132,5.60404825,https://api.worldbank.org/v2/,11.688311688311689,10.687022900763358,11.34020618556701,-1.7347687978107944,2.629099619534285,4.90527477843843,8.287292817679559,181.0,12.704918032786885,244.0,8.908045977011493,348.0
EU_EEA,Latvia,LVA,2014,Escherichia coli,Blood/invasive,Aminoglycosides,15,181,EARS-Net mixed/not reported,Not reported in Atlas aggregate,ECDC Surveillance Atlas aggregate,https://atlas.ecdc.europa.eu/public/,8.287292817679559,0,J01G_aminoglycosides,,,,,5.6249,1.3606000000000003,,,,0.4521129359660455,,,,0.2239328201539538,1993782,19.2414909818675,67.8686035364944,15185.814581236,5.66363621,https://api.worldbank.org/v2/,5.223880597014926,11.688311688311689,10.687022900763358,-1.3663621340548189,2.491830409871562,5.204006687076795,14.136125654450261,191.0,13.432835820895523,201.0,11.590909090909092,440.0
EU_EEA,Latvia,LVA,2015,Escherichia coli,Blood/invasive,Aminoglycosides,27,191,EARS-Net mixed/not reported,Not reported in Atlas aggregate,ECDC Surveillance Atlas aggregate,https://atlas.ecdc.europa.eu/public/,14.136125654450261,0,J01G_aminoglycosides,,,,,5.9405,1.3697,,,,0.4039912387442201,,,,0.4521129359660455,1977527,19.5243158412573,67.8965395668259,13321.9753140616,5.84916782,https://api.worldbank.org/v2/,8.287292817679559,5.223880597014926,11.688311688311689,1.0406854119080338,3.3761020779825412,5.2574953720277815,12.704918032786885,244.0,8.908045977011493,348.0,11.405835543766578,377.0
EU_EEA,Latvia,LVA,2016,Escherichia coli,Blood/invasive,Aminoglycosides,31,244,EARS-Net mixed/not reported,Not reported in Atlas aggregate,ECDC Surveillance Atlas aggregate,https://atlas.ecdc.europa.eu/public/,12.704918032786885,0,J01G_aminoglycosides,,,,,5.9270000000000005,1.3012000000000001,,,,0.5823263939438056,,,,0.4039912387442201,1959537,19.7753873612594,67.9307110858472,13838.5266823272,6.35184479,https://api.worldbank.org/v2/,14.136125654450261,8.287292817679559,5.223880597014926,2.8291945144086585,3.5404019975038348,5.501258210544727,13.432835820895523,201.0,11.590909090909092,440.0,10.913705583756345,394.0
EU_EEA,Latvia,LVA,2017,Escherichia coli,Blood/invasive,Aminoglycosides,27,201,EARS-Net mixed/not reported,Not reported in Atlas aggregate,ECDC Surveillance Atlas aggregate,https://atlas.ecdc.europa.eu/public/,13.432835820895523,0,J01G_aminoglycosides,,,,,6.343,1.3291999999999997,,,,0.7356165050908559,,,,0.5823263939438056,1942248,20.0107948444194,67.9706866054779,15132.4958333982,6.18721867,https://api.worldbank.org/v2/,12.704918032786885,14.136125654450261,8.287292817679559,1.4005421387984505,2.2813607102467106,5.308267697401205,8.908045977011493,348.0,11.405835543766578,377.0,11.801242236024844,483.0
EU_EEA,Latvia,LVA,2018,Escherichia coli,Blood/invasive,Aminoglycosides,31,348,EARS-Net mixed/not reported,Not reported in Atlas aggregate,ECDC Surveillance Atlas aggregate,https://atlas.ecdc.europa.eu/public/,8.908045977011493,0,J01G_aminoglycosides,,,,,6.1446,1.3449999999999998,,,,0.7055526023292903,,,,0.7356165050908559,1927174,20.1981958800325,68.0160346376376,17252.1710428626,6.40854263,https://api.worldbank.org/v2/,13.432835820895523,12.704918032786885,14.136125654450261,-1.49563212442077,2.0201425352779303,5.855071922202427,11.590909090909092,440.0,10.913705583756345,394.0,14.879649890590809,457.0
EU_EEA,Latvia,LVA,2019,Escherichia coli,Blood/invasive,Aminoglycosides,51,440,EARS-Net mixed/not reported,Not reported in Atlas aggregate,ECDC Surveillance Atlas aggregate,https://atlas.ecdc.europa.eu/public/,11.590909090909092,0,J01G_aminoglycosides,,,,,6.1030999999999995,1.3406999999999998,,,,0.6688629330138763,,,,0.7055526023292903,1913822,20.4072272200842,68.066323694246,17294.9751600969,6.86276913,https://api.worldbank.org/v2/,8.908045977011493,13.432835820895523,12.704918032786885,-0.7866816669517428,1.7184893317719452,6.089044875446846,11.405835543766578,377.0,11.801242236024844,483.0,,
EU_EEA,Latvia,LVA,2020,Escherichia coli,Blood/invasive,Aminoglycosides,43,377,EUCAST,EUCAST required; exact version unavailable in Atlas aggregate,ECDC Surveillance Atlas aggregate,https://atlas.ecdc.europa.eu/public/,11.405835543766578,1,J01G_aminoglycosides,,,,,4.7848,1.2832999999999999,,,,0.5556367890042405,,,,0.6688629330138763,1900449,20.6721709557533,68.1211222872228,17564.2321549354,7.50587368,https://api.worldbank.org/v2/,11.590909090909092,8.908045977011493,13.432835820895523,-0.3398137717489246,1.6094662694312352,5.934894195619588,10.913705583756345,394.0,14.879649890590809,457.0,,
EU_EEA,Latvia,LVA,2021,Escherichia coli,Blood/invasive,Aminoglycosides,43,394,EUCAST,EUCAST required; exact version unavailable in Atlas aggregate,ECDC Surveillance Atlas aggregate,https://atlas.ecdc.europa.eu/public/,10.913705583756345,0,J01G_aminoglycosides,,,,,4.6515,0.9929,,,,1.0938399539435806,,,,0.5556367890042405,1884490,20.8461609037398,68.1808791463693,20261.8887788916,9.4105072,https://api.worldbank.org/v2/,11.405835543766578,11.590909090909092,8.908045977011493,0.5831905273092031,1.0663731280408637,5.978885764901122,11.801242236024844,483.0,,,,
EU_EEA,Latvia,LVA,2022,Escherichia coli,Blood/invasive,Aminoglycosides,57,483,EUCAST,EUCAST required; exact version unavailable in Atlas aggregate,ECDC Surveillance Atlas aggregate,https://atlas.ecdc.europa.eu/public/,11.801242236024844,0,J01G_aminoglycosides,,,,,6.6104,1.1011000000000002,,,,0.6918932157727163,,,,1.0938399539435806,1879383,21.0117630297337,68.2570218109034,20221.103686109,8.1044302,https://api.worldbank.org/v2/,10.913705583756345,11.405835543766578,11.590909090909092,0.013886947533701677,0.3281916835887078,6.182084906716632,14.879649890590809,457.0,,,,
EU_EEA,Latvia,LVA,2023,Escherichia coli,Blood/invasive,Aminoglycosides,68,457,EUCAST,EUCAST required; exact version unavailable in Atlas aggregate,ECDC Surveillance Atlas aggregate,https://atlas.ecdc.europa.eu/public/,14.879649890590809,0,J01G_aminoglycosides,,,,,,,,,,,,,,,1883710,21.3320948408305,68.3586316343061,22710.2637544197,7.27783823,https://api.worldbank.org/v2/,11.801242236024844,10.913705583756345,11.405835543766578,1.1308979692741172,1.5503820841115945,6.126869184114185,,,,,,
EU_EEA,Latvia,LVA,2013,Escherichia coli,Blood/invasive,Aminopenicillins,70,135,EARS-Net mixed/not reported,Not reported in Atlas aggregate,ECDC Surveillance Atlas aggregate,https://atlas.ecdc.europa.eu/public/,51.851851851851855,0,J01C_penicillins,4.79,,,,5.9799999999999995,1.3779,,,,0.2239328201539538,,,,,2012647,18.9296873835699,67.847334482933,14484.4715282132,5.60404825,https://api.worldbank.org/v2/,54.248366013071895,54.61538461538461,50.0,0.5188536953242788,1.8757471898661275,4.912654885736052,48.35164835164835,182.0,55.06072874493927,247.0,56.195965417867434,347.0
EU_EEA,Latvia,LVA,2014,Escherichia coli,Blood/invasive,Aminopenicillins,88,182,EARS-Net mixed/not reported,Not reported in Atlas aggregate,ECDC Surveillance Atlas aggregate,https://atlas.ecdc.europa.eu/public/,48.35164835164835,0,J01C_penicillins,4.4706,4.79,,,5.6249,1.3606000000000003,,,,0.4521129359660455,,,,0.2239328201539538,1993782,19.2414909818675,67.8686035364944,15185.814581236,5.66363621,https://api.worldbank.org/v2/,51.851851851851855,54.248366013071895,54.61538461538461,-2.11877229524289,2.497150774101309,5.209486152841421,53.645833333333336,192.0,60.396039603960396,202.0,57.76255707762557,438.0
EU_EEA,Latvia,LVA,2015,Escherichia coli,Blood/invasive,Aminopenicillins,103,192,EARS-Net mixed/not reported,Not reported in Atlas aggregate,ECDC Surveillance Atlas aggregate,https://atlas.ecdc.europa.eu/public/,53.645833333333336,0,J01C_penicillins,4.7795000000000005,4.4706,4.79,,5.9405,1.3697,,,,0.4039912387442201,,,,0.4521129359660455,1977527,19.5243158412573,67.8965395668259,13321.9753140616,5.84916782,https://api.worldbank.org/v2/,48.35164835164835,51.851851851851855,54.248366013071895,-0.5307801539419218,2.2964074340785445,5.262690188904886,55.06072874493927,247.0,56.195965417867434,347.0,54.27807486631016,374.0
EU_EEA,Latvia,LVA,2016,Escherichia coli,Blood/invasive,Aminopenicillins,136,247,EARS-Net mixed/not reported,Not reported in Atlas aggregate,ECDC Surveillance Atlas aggregate,https://atlas.ecdc.europa.eu/public/,55.06072874493927,0,J01C_penicillins,4.6851,4.7795000000000005,4.4706,4.79,5.9270000000000005,1.3012000000000001,,,,0.5823263939438056,,,,0.4039912387442201,1959537,19.7753873612594,67.9307110858472,13838.5266823272,6.35184479,https://api.worldbank.org/v2/,53.645833333333336,48.35164835164835,51.851851851851855,1.4920815660947189,2.510089246215265,5.5134287461649825,60.396039603960396,202.0,57.76255707762557,438.0,49.41860465116279,344.0
EU_EEA,Latvia,LVA,2017,Escherichia coli,Blood/invasive,Aminopenicillins,122,202,EARS-Net mixed/not reported,Not reported in Atlas aggregate,ECDC Surveillance Atlas aggregate,https://atlas.ecdc.europa.eu/public/,60.396039603960396,0,J01C_penicillins,5.0659,4.6851,4.7795000000000005,4.4706,6.343,1.3291999999999997,,,,0.7356165050908559,,,,0.5823263939438056,1942248,20.0107948444194,67.9706866054779,15132.4958333982,6.18721867,https://api.worldbank.org/v2/,55.06072874493927,53.645833333333336,48.35164835164835,3.7548069168541995,4.287629521854815,5.313205979041787,56.195965417867434,347.0,54.27807486631016,374.0,51.851851851851855,432.0
EU_EEA,Latvia,LVA,2018,Escherichia coli,Blood/invasive,Aminopenicillins,195,347,EARS-Net mixed/not reported,Not reported in Atlas aggregate,ECDC Surveillance Atlas aggregate,https://atlas.ecdc.europa.eu/public/,56.195965417867434,0,J01C_penicillins,5.0107,5.0659,4.6851,4.7795000000000005,6.1446,1.3449999999999998,,,,0.7055526023292903,,,,0.7356165050908559,1927174,20.1981958800325,68.0160346376376,17252.1710428626,6.40854263,https://api.worldbank.org/v2/,60.396039603960396,55.06072874493927,53.645833333333336,1.2985707112623268,2.518249823848407,5.8522024797744745,57.76255707762557,438.0,49.41860465116279,344.0,50.0,208.0
EU_EEA,Latvia,LVA,2019,Escherichia coli,Blood/invasive,Aminopenicillins,253,438,EARS-Net mixed/not reported,Not reported in Atlas aggregate,ECDC Surveillance Atlas aggregate,https://atlas.ecdc.europa.eu/public/,57.76255707762557,0,J01C_penicillins,5.0674,5.0107,5.0659,4.6851,6.1030999999999995,1.3406999999999998,,,,0.6688629330138763,,,,0.7055526023292903,1913822,20.4072272200842,68.066323694246,17294.9751600969,6.86276913,https://api.worldbank.org/v2/,56.195965417867434,60.396039603960396,55.06072874493927,0.39054108119657943,2.001315870541101,6.0844994130751715,54.27807486631016,374.0,51.851851851851855,432.0,,
EU_EEA,Latvia,LVA,2020,Escherichia coli,Blood/invasive,Aminopenicillins,203,374,EUCAST,EUCAST required; exact version unavailable in Atlas aggregate,ECDC Surveillance Atlas aggregate,https://atlas.ecdc.europa.eu/public/,54.27807486631016,1,J01C_penicillins,3.9995,5.0674,5.0107,5.0659,4.7848,1.2832999999999999,,,,0.5556367890042405,,,,0.6688629330138763,1900449,20.6721709557533,68.1211222872228,17564.2321549354,7.50587368,https://api.worldbank.org/v2/,57.76255707762557,56.195965417867434,60.396039603960396,-1.6787302553192691,2.2399703652263545,5.926926025970411,49.41860465116279,344.0,50.0,208.0,,
EU_EEA,Latvia,LVA,2021,Escherichia coli,Blood/invasive,Aminopenicillins,170,344,EUCAST,EUCAST required; exact version unavailable in Atlas aggregate,ECDC Surveillance Atlas aggregate,https://atlas.ecdc.europa.eu/public/,49.41860465116279,0,J01C_penicillins,3.7966,3.9995,5.0674,5.0107,4.6515,0.9929,,,,1.0938399539435806,,,,0.5556367890042405,1884490,20.8461609037398,68.1808791463693,20261.8887788916,9.4105072,https://api.worldbank.org/v2/,54.27807486631016,57.76255707762557,56.195965417867434,-2.3816564511429448,3.1369047414030966,5.84354441703136,51.851851851851855,432.0,,,,
EU_EEA,Latvia,LVA,2022,Escherichia coli,Blood/invasive,Aminopenicillins,224,432,EUCAST,EUCAST required; exact version unavailable in Atlas aggregate,ECDC Surveillance Atlas aggregate,https://atlas.ecdc.europa.eu/public/,51.851851851851855,0,J01C_penicillins,5.505600000000001,3.7966,3.9995,5.0674,6.6104,1.1011000000000002,,,,0.6918932157727163,,,,1.0938399539435806,1879383,21.0117630297337,68.2570218109034,20221.103686109,8.1044302,https://api.worldbank.org/v2/,49.41860465116279,54.27807486631016,57.76255707762557,-2.259158589246863,3.0834365514540854,6.07073772800249,50.0,208.0,,,,
EU_EEA,Latvia,LVA,2023,Escherichia coli,Blood/invasive,Aminopenicillins,104,208,EUCAST,EUCAST required; exact version unavailable in Atlas aggregate,ECDC Surveillance Atlas aggregate,https://atlas.ecdc.europa.eu/public/,50.0,0,J01C_penicillins,,,,,,,,,,,,,,,1883710,21.3320948408305,68.3586316343061,22710.2637544197,7.27783823,https://api.worldbank.org/v2/,51.851851851851855,49.41860465116279,54.27807486631016,-1.0400977398241527,1.895570514747207,5.342334251964811,,,,,,
EU_EEA,Latvia,LVA,2013,Escherichia coli,Blood/invasive,Carbapenems,0,135,EARS-Net mixed/not reported,Not reported in Atlas aggregate,ECDC Surveillance Atlas aggregate,https://atlas.ecdc.europa.eu/public/,0.0,0,J01DH_carbapenems,0.0172,,,,5.9799999999999995,1.3779,,,,0.2239328201539538,,,,,2012647,18.9296873835699,67.847334482933,14484.4715282132,5.60404825,https://api.worldbank.org/v2/,0.0,0.0,0.0,0.0,0.0,4.912654885736052,0.0,182.0,0.0,246.0,0.0,346.0
EU_EEA,Latvia,LVA,2014,Escherichia coli,Blood/invasive,Carbapenems,0,182,EARS-Net mixed/not reported,Not reported in Atlas aggregate,ECDC Surveillance Atlas aggregate,https://atlas.ecdc.europa.eu/public/,0.0,0,J01DH_carbapenems,0.0207,0.0172,,,5.6249,1.3606000000000003,,,,0.4521129359660455,,,,0.2239328201539538,1993782,19.2414909818675,67.8686035364944,15185.814581236,5.66363621,https://api.worldbank.org/v2/,0.0,0.0,0.0,0.0,0.0,5.209486152841421,0.0,192.0,0.0,203.0,0.0,439.0
EU_EEA,Latvia,LVA,2015,Escherichia coli,Blood/invasive,Carbapenems,0,192,EARS-Net mixed/not reported,Not reported in Atlas aggregate,ECDC Surveillance Atlas aggregate,https://atlas.ecdc.europa.eu/public/,0.0,0,J01DH_carbapenems,0.0255999999999999,0.0207,0.0172,,5.9405,1.3697,,,,0.4039912387442201,,,,0.4521129359660455,1977527,19.5243158412573,67.8965395668259,13321.9753140616,5.84916782,https://api.worldbank.org/v2/,0.0,0.0,0.0,0.0,0.0,5.262690188904886,0.0,246.0,0.0,346.0,0.0,378.0
EU_EEA,Latvia,LVA,2016,Escherichia coli,Blood/invasive,Carbapenems,0,246,EARS-Net mixed/not reported,Not reported in Atlas aggregate,ECDC Surveillance Atlas aggregate,https://atlas.ecdc.europa.eu/public/,0.0,0,J01DH_carbapenems,0.0266,0.0255999999999999,0.0207,0.0172,5.9270000000000005,1.3012000000000001,,,,0.5823263939438056,,,,0.4039912387442201,1959537,19.7753873612594,67.9307110858472,13838.5266823272,6.35184479,https://api.worldbank.org/v2/,0.0,0.0,0.0,0.0,0.0,5.5093883366279774,0.0,203.0,0.0,439.0,0.0,393.0
EU_EEA,Latvia,LVA,2017,Escherichia coli,Blood/invasive,Carbapenems,0,203,EARS-Net mixed/not reported,Not reported in Atlas aggregate,ECDC Surveillance Atlas aggregate,https://atlas.ecdc.europa.eu/public/,0.0,0,J01DH_carbapenems,0.0327999999999999,0.0266,0.0255999999999999,0.0207,6.343,1.3291999999999997,,,,0.7356165050908559,,,,0.5823263939438056,1942248,20.0107948444194,67.9706866054779,15132.4958333982,6.18721867,https://api.worldbank.org/v2/,0.0,0.0,0.0,0.0,0.0,5.318119993844216,0.0,346.0,0.0,378.0,0.0,481.0
EU_EEA,Latvia,LVA,2018,Escherichia coli,Blood/invasive,Carbapenems,0,346,EARS-Net mixed/not reported,Not reported in Atlas aggregate,ECDC Surveillance Atlas aggregate,https://atlas.ecdc.europa.eu/public/,0.0,0,J01DH_carbapenems,0.0294,0.0327999999999999,0.0266,0.0255999999999999,6.1446,1.3449999999999998,,,,0.7055526023292903,,,,0.7356165050908559,1927174,20.1981958800325,68.0160346376376,17252.1710428626,6.40854263,https://api.worldbank.org/v2/,0.0,0.0,0.0,0.0,0.0,5.849324779946859,0.0,439.0,0.0,393.0,0.0,455.0
EU_EEA,Latvia,LVA,2019,Escherichia coli,Blood/invasive,Carbapenems,0,439,EARS-Net mixed/not reported,Not reported in Atlas aggregate,ECDC Surveillance Atlas aggregate,https://atlas.ecdc.europa.eu/public/,0.0,0,J01DH_carbapenems,0.0346999999999999,0.0294,0.0327999999999999,0.0266,6.1030999999999995,1.3406999999999998,,,,0.6688629330138763,,,,0.7055526023292903,1913822,20.4072272200842,68.066323694246,17294.9751600969,6.86276913,https://api.worldbank.org/v2/,0.0,0.0,0.0,0.0,0.0,6.0867747269123065,0.0,378.0,0.0,481.0,,
EU_EEA,Latvia,LVA,2020,Escherichia coli,Blood/invasive,Carbapenems,0,378,EUCAST,EUCAST required; exact version unavailable in Atlas aggregate,ECDC Surveillance Atlas aggregate,https://atlas.ecdc.europa.eu/public/,0.0,1,J01DH_carbapenems,0.05,0.0346999999999999,0.0294,0.0327999999999999,4.7848,1.2832999999999999,,,,0.5556367890042405,,,,0.6688629330138763,1900449,20.6721709557533,68.1211222872228,17564.2321549354,7.50587368,https://api.worldbank.org/v2/,0.0,0.0,0.0,0.0,0.0,5.937536205082426,0.0,393.0,0.0,455.0,,
EU_EEA,Latvia,LVA,2021,Escherichia coli,Blood/invasive,Carbapenems,0,393,EUCAST,EUCAST required; exact version unavailable in Atlas aggregate,ECDC Surveillance Atlas aggregate,https://atlas.ecdc.europa.eu/public/,0.0,0,J01DH_carbapenems,0.0421999999999999,0.05,0.0346999999999999,0.0294,4.6515,0.9929,,,,1.0938399539435806,,,,0.5556367890042405,1884490,20.8461609037398,68.1808791463693,20261.8887788916,9.4105072,https://api.worldbank.org/v2/,0.0,0.0,0.0,0.0,0.0,5.976350909297934,0.0,481.0,,,,
EU_EEA,Latvia,LVA,2022,Escherichia coli,Blood/invasive,Carbapenems,0,481,EUCAST,EUCAST required; exact version unavailable in Atlas aggregate,ECDC Surveillance Atlas aggregate,https://atlas.ecdc.europa.eu/public/,0.0,0,J01DH_carbapenems,0.038,0.0421999999999999,0.05,0.0346999999999999,6.6104,1.1011000000000002,,,,0.6918932157727163,,,,1.0938399539435806,1879383,21.0117630297337,68.2570218109034,20221.103686109,8.1044302,https://api.worldbank.org/v2/,0.0,0.0,0.0,0.0,0.0,6.1779441140506,0.0,455.0,,,,
EU_EEA,Latvia,LVA,2023,Escherichia coli,Blood/invasive,Carbapenems,0,455,EUCAST,EUCAST required; exact version unavailable in Atlas aggregate,ECDC Surveillance Atlas aggregate,https://atlas.ecdc.europa.eu/public/,0.0,0,J01DH_carbapenems,,,,,,,,,,,,,,,1883710,21.3320948408305,68.3586316343061,22710.2637544197,7.27783823,https://api.worldbank.org/v2/,0.0,0.0,0.0,0.0,0.0,6.1224928095143865,,,,,,
EU_EEA,Latvia,LVA,2013,Escherichia coli,Blood/invasive,Fluoroquinolones,25,134,EARS-Net mixed/not reported,Not reported in Atlas aggregate,ECDC Surveillance Atlas aggregate,https://atlas.ecdc.europa.eu/public/,18.65671641791045,0,J01M_quinolones,1.3701999999999999,,,,5.9799999999999995,1.3779,,,,0.2239328201539538,,,,,2012647,18.9296873835699,67.847334482933,14484.4715282132,5.60404825,https://api.worldbank.org/v2/,14.473684210526315,16.793893129770993,14.43298969072165,1.0350971262321695,1.763636637714389,4.90527477843843,17.679558011049725,181.0,27.755102040816325,245.0,24.127906976744185,344.0
EU_EEA,Latvia,LVA,2014,Escherichia coli,Blood/invasive,Fluoroquinolones,32,181,EARS-Net mixed/not reported,Not reported in Atlas aggregate,ECDC Surveillance Atlas aggregate,https://atlas.ecdc.europa.eu/public/,17.679558011049725,0,J01M_quinolones,1.3499,1.3701999999999999,,,5.6249,1.3606000000000003,,,,0.4521129359660455,,,,0.2239328201539538,1993782,19.2414909818675,67.8686035364944,15185.814581236,5.66363621,https://api.worldbank.org/v2/,18.65671641791045,14.473684210526315,16.793893129770993,0.6840026851220325,1.5485498486225278,5.204006687076795,27.835051546391753,194.0,30.34825870646766,201.0,24.8868778280543,442.0
EU_EEA,Latvia,LVA,2015,Escherichia coli,Blood/invasive,Fluoroquinolones,54,194,EARS-Net mixed/not reported,Not reported in Atlas aggregate,ECDC Surveillance Atlas aggregate,https://atlas.ecdc.europa.eu/public/,27.835051546391753,0,J01M_quinolones,1.3199999999999998,1.3499,1.3701999999999999,,5.9405,1.3697,,,,0.4039912387442201,,,,0.4521129359660455,1977527,19.5243158412573,67.8965395668259,13321.9753140616,5.84916782,https://api.worldbank.org/v2/,17.679558011049725,18.65671641791045,14.473684210526315,3.910694360073557,4.966338223392147,5.272999558563747,27.755102040816325,245.0,24.127906976744185,344.0,27.513227513227513,378.0
EU_EEA,Latvia,LVA,2016,Escherichia coli,Blood/invasive,Fluoroquinolones,68,245,EARS-Net mixed/not reported,Not reported in Atlas aggregate,ECDC Surveillance Atlas aggregate,https://atlas.ecdc.europa.eu/public/,27.755102040816325,0,J01M_quinolones,1.3075,1.3199999999999998,1.3499,1.3701999999999999,5.9270000000000005,1.3012000000000001,,,,0.5823263939438056,,,,0.4039912387442201,1959537,19.7753873612594,67.9307110858472,13838.5266823272,6.35184479,https://api.worldbank.org/v2/,27.835051546391753,17.679558011049725,18.65671641791045,3.7450650404059656,4.825934647761863,5.5053315359323625,30.34825870646766,201.0,24.8868778280543,442.0,20.663265306122447,392.0
EU_EEA,Latvia,LVA,2017,Escherichia coli,Blood/invasive,Fluoroquinolones,61,201,EARS-Net mixed/not reported,Not reported in Atlas aggregate,ECDC Surveillance Atlas aggregate,https://atlas.ecdc.europa.eu/public/,30.34825870646766,0,J01M_quinolones,1.2711999999999999,1.3075,1.3199999999999998,1.3499,6.343,1.3291999999999997,,,,0.7356165050908559,,,,0.5823263939438056,1942248,20.0107948444194,67.9706866054779,15132.4958333982,6.18721867,https://api.worldbank.org/v2/,27.755102040816325,27.835051546391753,17.679558011049725,3.7926152580678347,4.861800575646678,5.308267697401205,24.127906976744185,344.0,27.513227513227513,378.0,21.82952182952183,481.0
EU_EEA,Latvia,LVA,2018,Escherichia coli,Blood/invasive,Fluoroquinolones,83,344,EARS-Net mixed/not reported,Not reported in Atlas aggregate,ECDC Surveillance Atlas aggregate,https://atlas.ecdc.europa.eu/public/,24.127906976744185,0,J01M_quinolones,1.2269,1.2711999999999999,1.3075,1.3199999999999998,6.1446,1.3449999999999998,,,,0.7055526023292903,,,,0.7356165050908559,1927174,20.1981958800325,68.0160346376376,17252.1710428626,6.40854263,https://api.worldbank.org/v2/,30.34825870646766,27.755102040816325,27.835051546391753,-0.8528277043291399,2.2169701196126135,5.84354441703136,24.8868778280543,442.0,20.663265306122447,392.0,28.35164835164835,455.0
EU_EEA,Latvia,LVA,2019,Escherichia coli,Blood/invasive,Fluoroquinolones,110,442,EARS-Net mixed/not reported,Not reported in Atlas aggregate,ECDC Surveillance Atlas aggregate,https://atlas.ecdc.europa.eu/public/,24.8868778280543,0,J01M_quinolones,1.0699999999999998,1.2269,1.2711999999999999,1.3075,6.1030999999999995,1.3406999999999998,,,,0.6688629330138763,,,,0.7055526023292903,1913822,20.4072272200842,68.066323694246,17294.9751600969,6.86276913,https://api.worldbank.org/v2/,24.127906976744185,30.34825870646766,27.755102040816325,-1.482502436800958,2.46479219653793,6.093569770045136,27.513227513227513,378.0,21.82952182952183,481.0,,
EU_EEA,Latvia,LVA,2020,Escherichia coli,Blood/invasive,Fluoroquinolones,104,378,EUCAST,EUCAST required; exact version unavailable in Atlas aggregate,ECDC Surveillance Atlas aggregate,https://atlas.ecdc.europa.eu/public/,27.513227513227513,1,J01M_quinolones,0.9257999999999998,1.0699999999999998,1.2269,1.2711999999999999,4.7848,1.2832999999999999,,,,0.5556367890042405,,,,0.6688629330138763,1900449,20.6721709557533,68.1211222872228,17564.2321549354,7.50587368,https://api.worldbank.org/v2/,24.8868778280543,24.127906976744185,30.34825870646766,-0.7746122728410377,2.4429874534560994,5.937536205082426,20.663265306122447,392.0,28.35164835164835,455.0,,
EU_EEA,Latvia,LVA,2021,Escherichia coli,Blood/invasive,Fluoroquinolones,81,392,EUCAST,EUCAST required; exact version unavailable in Atlas aggregate,ECDC Surveillance Atlas aggregate,https://atlas.ecdc.europa.eu/public/,20.663265306122447,0,J01M_quinolones,0.8138000000000001,0.9257999999999998,1.0699999999999998,1.2269,4.6515,0.9929,,,,1.0938399539435806,,,,0.5556367890042405,1884490,20.8461609037398,68.1808791463693,20261.8887788916,9.4105072,https://api.worldbank.org/v2/,27.513227513227513,24.8868778280543,24.127906976744185,-0.7767575326692067,2.4456437219661673,5.973809611869261,21.82952182952183,481.0,,,,
EU_EEA,Latvia,LVA,2022,Escherichia coli,Blood/invasive,Fluoroquinolones,105,481,EUCAST,EUCAST required; exact version unavailable in Atlas aggregate,ECDC Surveillance Atlas aggregate,https://atlas.ecdc.europa.eu/public/,21.82952182952183,0,J01M_quinolones,0.9414999999999999,0.8138000000000001,0.9257999999999998,1.0699999999999998,6.6104,1.1011000000000002,,,,0.6918932157727163,,,,1.0938399539435806,1879383,21.0117630297337,68.2570218109034,20221.103686109,8.1044302,https://api.worldbank.org/v2/,20.663265306122447,27.513227513227513,24.8868778280543,-1.6022030202702513,2.6771100080371184,6.1779441140506,28.35164835164835,455.0,,,,
EU_EEA,Latvia,LVA,2023,Escherichia coli,Blood/invasive,Fluoroquinolones,129,455,EUCAST,EUCAST required; exact version unavailable in Atlas aggregate,ECDC Surveillance Atlas aggregate,https://atlas.ecdc.europa.eu/public/,28.35164835164835,0,J01M_quinolones,,,,,,,,,,,,,,,1883710,21.3320948408305,68.3586316343061,22710.2637544197,7.27783823,https://api.worldbank.org/v2/,21.82952182952183,20.663265306122447,27.513227513227513,0.3681519038661869,3.381373283739382,6.1224928095143865,,,,,,
EU_EEA,Latvia,LVA,2013,Escherichia coli,Blood/invasive,Third-generation cephalosporins,19,136,EARS-Net mixed/not reported,Not reported in Atlas aggregate,ECDC Surveillance Atlas aggregate,https://atlas.ecdc.europa.eu/public/,13.970588235294118,0,J01D_other_beta_lactams,1.1804999999999999,,,,5.9799999999999995,1.3779,,,,0.2239328201539538,,,,,2012647,18.9296873835699,67.847334482933,14484.4715282132,5.60404825,https://api.worldbank.org/v2/,12.987012987012987,15.909090909090908,12.244897959183673,0.22549929062534005,1.3742908145154773,4.919980925828125,10.909090909090908,165.0,24.110671936758894,253.0,20.402298850574713,348.0
EU_EEA,Latvia,LVA,2014,Escherichia coli,Blood/invasive,Third-generation cephalosporins,18,165,EARS-Net mixed/not reported,Not reported in Atlas aggregate,ECDC Surveillance Atlas aggregate,https://atlas.ecdc.europa.eu/public/,10.909090909090908,0,J01D_other_beta_lactams,1.1443,1.1804999999999999,,,5.6249,1.3606000000000003,,,,0.4521129359660455,,,,0.2239328201539538,1993782,19.2414909818675,67.8686035364944,15185.814581236,5.66363621,https://api.worldbank.org/v2/,13.970588235294118,12.987012987012987,15.909090909090908,-1.401642475171887,1.8019829062089678,5.111987788356544,17.91044776119403,201.0,21.951219512195124,205.0,19.683257918552037,442.0
EU_EEA,Latvia,LVA,2015,Escherichia coli,Blood/invasive,Third-generation cephalosporins,36,201,EARS-Net mixed/not reported,Not reported in Atlas aggregate,ECDC Surveillance Atlas aggregate,https://atlas.ecdc.europa.eu/public/,17.91044776119403,0,J01D_other_beta_lactams,1.1850999999999998,1.1443,1.1804999999999999,,5.9405,1.3697,,,,0.4039912387442201,,,,0.4521129359660455,1977527,19.5243158412573,67.8965395668259,13321.9753140616,5.84916782,https://api.worldbank.org/v2/,10.909090909090908,13.970588235294118,12.987012987012987,1.1708806996339902,2.5426320902170856,5.308267697401205,24.110671936758894,253.0,20.402298850574713,348.0,24.074074074074073,378.0
EU_EEA,Latvia,LVA,2016,Escherichia coli,Blood/invasive,Third-generation cephalosporins,61,253,EARS-Net mixed/not reported,Not reported in Atlas aggregate,ECDC Surveillance Atlas aggregate,https://atlas.ecdc.europa.eu/public/,24.110671936758894,0,J01D_other_beta_lactams,1.209,1.1850999999999998,1.1443,1.1804999999999999,5.9270000000000005,1.3012000000000001,,,,0.5823263939438056,,,,0.4039912387442201,1959537,19.7753873612594,67.9307110858472,13838.5266823272,6.35184479,https://api.worldbank.org/v2/,17.91044776119403,10.909090909090908,13.970588235294118,3.742160795649745,4.933685714445129,5.537334267018537,21.951219512195124,205.0,19.683257918552037,442.0,18.3206106870229,393.0
EU_EEA,Latvia,LVA,2017,Escherichia coli,Blood/invasive,Third-generation cephalosporins,45,205,EARS-Net mixed/not reported,Not reported in Atlas aggregate,ECDC Surveillance Atlas aggregate,https://atlas.ecdc.europa.eu/public/,21.951219512195124,0,J01D_other_beta_lactams,1.3022999999999998,1.209,1.1850999999999998,1.1443,6.343,1.3291999999999997,,,,0.7356165050908559,,,,0.5823263939438056,1942248,20.0107948444194,67.9706866054779,15132.4958333982,6.18721867,https://api.worldbank.org/v2/,24.110671936758894,17.91044776119403,10.909090909090908,3.9326609984877496,5.029060513859479,5.327876168789581,20.402298850574713,348.0,24.074074074074073,378.0,20.041322314049587,484.0
EU_EEA,Latvia,LVA,2018,Escherichia coli,Blood/invasive,Third-generation cephalosporins,71,348,EARS-Net mixed/not reported,Not reported in Atlas aggregate,ECDC Surveillance Atlas aggregate,https://atlas.ecdc.europa.eu/public/,20.402298850574713,0,J01D_other_beta_lactams,1.2226,1.3022999999999998,1.209,1.1850999999999998,6.1446,1.3449999999999998,,,,0.7055526023292903,,,,0.7356165050908559,1927174,20.1981958800325,68.0160346376376,17252.1710428626,6.40854263,https://api.worldbank.org/v2/,21.951219512195124,24.110671936758894,17.91044776119403,0.5316100843578268,2.261005845841624,5.855071922202427,19.683257918552037,442.0,18.3206106870229,393.0,25.379609544468547,461.0
EU_EEA,Latvia,LVA,2019,Escherichia coli,Blood/invasive,Third-generation cephalosporins,87,442,EARS-Net mixed/not reported,Not reported in Atlas aggregate,ECDC Surveillance Atlas aggregate,https://atlas.ecdc.europa.eu/public/,19.683257918552037,0,J01D_other_beta_lactams,1.2717,1.2226,1.3022999999999998,1.209,6.1030999999999995,1.3406999999999998,,,,0.6688629330138763,,,,0.7055526023292903,1913822,20.4072272200842,68.066323694246,17294.9751600969,6.86276913,https://api.worldbank.org/v2/,20.402298850574713,21.951219512195124,24.110671936758894,-1.4831162716240984,1.697002605276866,6.093569770045136,24.074074074074073,378.0,20.041322314049587,484.0,,
EU_EEA,Latvia,LVA,2020,Escherichia coli,Blood/invasive,Third-generation cephalosporins,91,378,EUCAST,EUCAST required; exact version unavailable in Atlas aggregate,ECDC Surveillance Atlas aggregate,https://atlas.ecdc.europa.eu/public/,24.074074074074073,1,J01D_other_beta_lactams,1.0928,1.2717,1.2226,1.3022999999999998,4.7848,1.2832999999999999,,,,0.5556367890042405,,,,0.6688629330138763,1900449,20.6721709557533,68.1211222872228,17564.2321549354,7.50587368,https://api.worldbank.org/v2/,19.683257918552037,20.402298850574713,21.951219512195124,0.5649522753614131,1.6831431935991574,5.937536205082426,18.3206106870229,393.0,25.379609544468547,461.0,,
EU_EEA,Latvia,LVA,2021,Escherichia coli,Blood/invasive,Third-generation cephalosporins,72,393,EUCAST,EUCAST required; exact version unavailable in Atlas aggregate,ECDC Surveillance Atlas aggregate,https://atlas.ecdc.europa.eu/public/,18.3206106870229,0,J01D_other_beta_lactams,0.9918,1.0928,1.2717,1.2226,4.6515,0.9929,,,,1.0938399539435806,,,,0.5556367890042405,1884490,20.8461609037398,68.1808791463693,20261.8887788916,9.4105072,https://api.worldbank.org/v2/,24.074074074074073,19.683257918552037,20.402298850574713,-0.18542483351334574,2.1297123294506495,5.976350909297934,20.041322314049587,484.0,,,,
EU_EEA,Latvia,LVA,2022,Escherichia coli,Blood/invasive,Third-generation cephalosporins,97,484,EUCAST,EUCAST required; exact version unavailable in Atlas aggregate,ECDC Surveillance Atlas aggregate,https://atlas.ecdc.europa.eu/public/,20.041322314049587,0,J01D_other_beta_lactams,1.2264,0.9918,1.0928,1.2717,6.6104,1.1011000000000002,,,,0.6918932157727163,,,,1.0938399539435806,1879383,21.0117630297337,68.2570218109034,20221.103686109,8.1044302,https://api.worldbank.org/v2/,18.3206106870229,24.074074074074073,19.683257918552037,-0.4679270200558558,2.1446235145710117,6.184148890937483,25.379609544468547,461.0,,,,
EU_EEA,Latvia,LVA,2023,Escherichia coli,Blood/invasive,Third-generation cephalosporins,117,461,EUCAST,EUCAST required; exact version unavailable in Atlas aggregate,ECDC Surveillance Atlas aggregate,https://atlas.ecdc.europa.eu/public/,25.379609544468547,0,J01D_other_beta_lactams,,,,,,,,,,,,,,,1883710,21.3320948408305,68.3586316343061,22710.2637544197,7.27783823,https://api.worldbank.org/v2/,20.041322314049587,18.3206106870229,24.074074074074073,0.5637318038210094,2.8761679638000515,6.135564891081739,,,,,,
EU_EEA,Malta,MLT,2013,Escherichia coli,Blood/invasive,Aminoglycosides,22,242,EARS-Net mixed/not reported,Not reported in Atlas aggregate,ECDC Surveillance Atlas aggregate,https://atlas.ecdc.europa.eu/public/,9.090909090909092,0,J01G_aminoglycosides,,,,,14.800699999999999,1.0729999999999997,,,,0.520994852074676,,,,,424810,17.3519818416277,94.3906567856206,25415.5525389054,8.30319595,https://api.worldbank.org/v2/,11.483253588516746,15.068493150684931,22.395833333333332,-4.350001228944095,5.025585078133558,5.493061443340548,9.701492537313433,268.0,10.365853658536585,328.0,9.939759036144578,332.0
EU_EEA,Malta,MLT,2014,Escherichia coli,Blood/invasive,Aminoglycosides,26,268,EARS-Net mixed/not reported,Not reported in Atlas aggregate,ECDC Surveillance Atlas aggregate,https://atlas.ecdc.europa.eu/public/,9.701492537313433,0,J01G_aminoglycosides,,,,,14.0729,1.3213,,,,0.7717586138219479,,,,0.520994852074676,433481,17.9435630039737,94.412512773898,27424.5693619702,8.88463974,https://api.worldbank.org/v2/,9.090909090909092,11.483253588516746,15.068493150684931,-1.849334633772218,2.327296530816297,5.594711379601839,12.184873949579831,238.0,10.828025477707007,314.0,9.939759036144578,332.0
EU_EEA,Malta,MLT,2015,Escherichia coli,Blood/invasive,Aminoglycosides,29,238,EARS-Net mixed/not reported,Not reported in Atlas aggregate,ECDC Surveillance Atlas aggregate,https://atlas.ecdc.europa.eu/public/,12.184873949579831,0,J01G_aminoglycosides,,,,,12.5166,1.6305999999999998,,,,0.5119842233009707,,,,0.7717586138219479,444220,18.3273199612118,94.4387696268011,25529.6693210673,8.70199776,https://api.worldbank.org/v2/,9.701492537313433,9.090909090909092,11.483253588516746,0.27154445295935753,1.2625091509663127,5.476463551931511,10.365853658536585,328.0,9.939759036144578,332.0,12.635379061371841,277.0
EU_EEA,Malta,MLT,2016,Escherichia coli,Blood/invasive,Aminoglycosides,34,328,EARS-Net mixed/not reported,Not reported in Atlas aggregate,ECDC Surveillance Atlas aggregate,https://atlas.ecdc.europa.eu/public/,10.365853658536585,0,J01G_aminoglycosides,,,,,11.8747,1.6450999999999998,,,,0.3603254552499031,,,,0.5119842233009707,454505,18.6555640731084,94.4800033569336,26459.0644285369,8.69928074,https://api.worldbank.org/v2/,12.184873949579831,9.701492537313433,9.090909090909092,0.630821511514886,1.1588870765643156,5.796057750765372,10.828025477707007,314.0,9.939759036144578,332.0,12.709030100334449,299.0
EU_EEA,Malta,MLT,2017,Escherichia coli,Blood/invasive,Aminoglycosides,34,314,EARS-Net mixed/not reported,Not reported in Atlas aggregate,ECDC Surveillance Atlas aggregate,https://atlas.ecdc.europa.eu/public/,10.828025477707007,0,J01G_aminoglycosides,,,,,12.6461,2.0008999999999997,,,,0.5095765243366719,,,,0.3603254552499031,467106,18.8131074315696,94.5691806330314,30317.2611769875,8.31366253,https://api.worldbank.org/v2/,10.365853658536585,12.184873949579831,9.701492537313433,0.15605785301374475,0.9097084281948549,5.752572638825633,9.939759036144578,332.0,12.635379061371841,277.0,11.963190184049079,326.0
EU_EEA,Malta,MLT,2018,Escherichia coli,Blood/invasive,Aminoglycosides,33,332,EARS-Net mixed/not reported,Not reported in Atlas aggregate,ECDC Surveillance Atlas aggregate,https://atlas.ecdc.europa.eu/public/,9.939759036144578,0,J01G_aminoglycosides,,,,,10.9967,1.5702,,,,1.5224913494809689,,,,0.5095765243366719,483903,18.7496839900321,94.7242373261706,33382.280781103,8.11269569,https://api.worldbank.org/v2/,10.828025477707007,10.365853658536585,12.184873949579831,-0.6273172921135376,0.8431559115257055,5.808142489980444,9.939759036144578,332.0,12.709030100334449,299.0,10.336538461538462,416.0
EU_EEA,Malta,MLT,2019,Escherichia coli,Blood/invasive,Aminoglycosides,33,332,EARS-Net mixed/not reported,Not reported in Atlas aggregate,ECDC Surveillance Atlas aggregate,https://atlas.ecdc.europa.eu/public/,9.939759036144578,0,J01G_aminoglycosides,,,,,11.4924,1.3377,,,,0.5768783438008841,,,,1.5224913494809689,503912,18.5815714000859,94.9332032524644,32421.9087471186,8.89282227,https://api.worldbank.org/v2/,9.939759036144578,10.828025477707007,10.365853658536585,-0.2166550308738466,0.366976718208142,5.808142489980444,12.635379061371841,277.0,11.963190184049079,326.0,,
EU_EEA,Malta,MLT,2020,Escherichia coli,Blood/invasive,Aminoglycosides,35,277,EUCAST,EUCAST required; exact version unavailable in Atlas aggregate,ECDC Surveillance Atlas aggregate,https://atlas.ecdc.europa.eu/public/,12.635379061371841,1,J01G_aminoglycosides,,,,,8.5319,1.4747000000000001,,,,0.6873158975274481,,,,0.5768783438008841,515490,18.4997679496494,95.1841082280263,31823.422001724,9.85403538,https://api.worldbank.org/v2/,9.939759036144578,9.939759036144578,10.828025477707007,0.5422060750994491,1.1004912584730542,5.627621113690637,12.709030100334449,299.0,10.336538461538462,416.0,,
EU_EEA,Malta,MLT,2021,Escherichia coli,Blood/invasive,Aminoglycosides,38,299,EUCAST,EUCAST required; exact version unavailable in Atlas aggregate,ECDC Surveillance Atlas aggregate,https://atlas.ecdc.europa.eu/public/,12.709030100334449,0,J01G_aminoglycosides,,,,,8.2637,1.1377,,,,1.164070191695141,,,,0.6873158975274481,518150,18.7721036316463,95.5145343617045,38078.0064279067,9.52782059,https://api.worldbank.org/v2/,12.635379061371841,9.939759036144578,9.939759036144578,1.1003433217796859,1.3664709009495632,5.703782474656201,11.963190184049079,326.0,,,,
EU_EEA,Malta,MLT,2022,Escherichia coli,Blood/invasive,Aminoglycosides,39,326,EUCAST,EUCAST required; exact version unavailable in Atlas aggregate,ECDC Surveillance Atlas aggregate,https://atlas.ecdc.europa.eu/public/,11.963190184049079,0,J01G_aminoglycosides,,,,,13.025899999999996,1.5727999999999998,,,,0.9782608695652176,,,,1.164070191695141,531113,19.2843700775476,95.6003155132879,35658.8318250199,9.09105396,https://api.worldbank.org/v2/,12.709030100334449,12.635379061371841,9.939759036144578,0.6143944482676077,1.1192364222075764,5.7899601708972535,10.336538461538462,416.0,,,,
EU_EEA,Malta,MLT,2023,Escherichia coli,Blood/invasive,Aminoglycosides,43,416,EUCAST,EUCAST required; exact version unavailable in Atlas aggregate,ECDC Surveillance Atlas aggregate,https://atlas.ecdc.europa.eu/public/,10.336538461538462,0,J01G_aminoglycosides,,,,,,,,,,,,,,,552747,19.800039778143,95.6272277147965,40932.5238774461,8.84301376,https://api.worldbank.org/v2/,11.963190184049079,12.709030100334449,12.635379061371841,-0.7642361715785538,0.954362354173145,6.0330862217988015,,,,,,
EU_EEA,Malta,MLT,2013,Escherichia coli,Blood/invasive,Aminopenicillins,131,242,EARS-Net mixed/not reported,Not reported in Atlas aggregate,ECDC Surveillance Atlas aggregate,https://atlas.ecdc.europa.eu/public/,54.13223140495868,0,J01C_penicillins,6.8995,,,,14.800699999999999,1.0729999999999997,,,,0.520994852074676,,,,,424810,17.3519818416277,94.3906567856206,25415.5525389054,8.30319595,https://api.worldbank.org/v2/,53.5,52.96803652968037,44.270833333333336,3.011615768519561,4.031935671280544,5.493061443340548,52.985074626865675,268.0,60.0609756097561,328.0,59.63855421686747,332.0
EU_EEA,Malta,MLT,2014,Escherichia coli,Blood/invasive,Aminopenicillins,142,268,EARS-Net mixed/not reported,Not reported in Atlas aggregate,ECDC Surveillance Atlas aggregate,https://atlas.ecdc.europa.eu/public/,52.985074626865675,0,J01C_penicillins,7.095400000000001,6.8995,,,14.0729,1.3213,,,,0.7717586138219479,,,,0.520994852074676,433481,17.9435630039737,94.412512773898,27424.5693619702,8.88463974,https://api.worldbank.org/v2/,54.13223140495868,53.5,52.96803652968037,0.0683345696514462,0.4756218627342694,5.594711379601839,55.46218487394958,238.0,59.554140127388536,314.0,64.75903614457832,332.0
EU_EEA,Malta,MLT,2015,Escherichia coli,Blood/invasive,Aminopenicillins,132,238,EARS-Net mixed/not reported,Not reported in Atlas aggregate,ECDC Surveillance Atlas aggregate,https://atlas.ecdc.europa.eu/public/,55.46218487394958,0,J01C_penicillins,6.6229,7.095400000000001,6.8995,,12.5166,1.6305999999999998,,,,0.5119842233009707,,,,0.7717586138219479,444220,18.3273199612118,94.4387696268011,25529.6693210673,8.70199776,https://api.worldbank.org/v2/,52.985074626865675,54.13223140495868,53.5,0.4739397843755651,0.9265478349862745,5.476463551931511,60.0609756097561,328.0,59.63855421686747,332.0,58.48375451263538,277.0
EU_EEA,Malta,MLT,2016,Escherichia coli,Blood/invasive,Aminopenicillins,197,328,EARS-Net mixed/not reported,Not reported in Atlas aggregate,ECDC Surveillance Atlas aggregate,https://atlas.ecdc.europa.eu/public/,60.0609756097561,0,J01C_penicillins,6.9772,6.6229,7.095400000000001,6.8995,11.8747,1.6450999999999998,,,,0.3603254552499031,,,,0.5119842233009707,454505,18.6555640731084,94.4800033569336,26459.0644285369,8.69928074,https://api.worldbank.org/v2/,55.46218487394958,52.985074626865675,54.13223140495868,2.0263342861476072,2.687797412342752,5.796057750765372,59.554140127388536,314.0,64.75903614457832,332.0,64.54849498327759,299.0
EU_EEA,Malta,MLT,2017,Escherichia coli,Blood/invasive,Aminopenicillins,187,314,EARS-Net mixed/not reported,Not reported in Atlas aggregate,ECDC Surveillance Atlas aggregate,https://atlas.ecdc.europa.eu/public/,59.554140127388536,0,J01C_penicillins,8.6519,6.9772,6.6229,7.095400000000001,12.6461,2.0008999999999997,,,,0.5095765243366719,,,,0.3603254552499031,467106,18.8131074315696,94.5691806330314,30317.2611769875,8.31366253,https://api.worldbank.org/v2/,60.0609756097561,55.46218487394958,52.985074626865675,2.4305987237374995,2.9315836982775894,5.752572638825633,59.63855421686747,332.0,58.48375451263538,277.0,62.88343558282209,326.0
EU_EEA,Malta,MLT,2018,Escherichia coli,Blood/invasive,Aminopenicillins,198,332,EARS-Net mixed/not reported,Not reported in Atlas aggregate,ECDC Surveillance Atlas aggregate,https://atlas.ecdc.europa.eu/public/,59.63855421686747,0,J01C_penicillins,6.9358,8.6519,6.9772,6.6229,10.9967,1.5702,,,,1.5224913494809689,,,,0.5095765243366719,483903,18.7496839900321,94.7242373261706,33382.280781103,8.11269569,https://api.worldbank.org/v2/,59.554140127388536,60.0609756097561,55.46218487394958,1.2022272546386021,1.86710810302674,5.808142489980444,64.75903614457832,332.0,64.54849498327759,299.0,62.5,416.0
EU_EEA,Malta,MLT,2019,Escherichia coli,Blood/invasive,Aminopenicillins,215,332,EARS-Net mixed/not reported,Not reported in Atlas aggregate,ECDC Surveillance Atlas aggregate,https://atlas.ecdc.europa.eu/public/,64.75903614457832,0,J01C_penicillins,7.518000000000001,6.9358,8.6519,6.9772,11.4924,1.3377,,,,0.5768783438008841,,,,1.5224913494809689,503912,18.5815714000859,94.9332032524644,32421.9087471186,8.89282227,https://api.worldbank.org/v2/,59.63855421686747,59.554140127388536,60.0609756097561,1.417859569394548,2.176931588964216,5.808142489980444,58.48375451263538,277.0,62.88343558282209,326.0,,
EU_EEA,Malta,MLT,2020,Escherichia coli,Blood/invasive,Aminopenicillins,162,277,EUCAST,EUCAST required; exact version unavailable in Atlas aggregate,ECDC Surveillance Atlas aggregate,https://atlas.ecdc.europa.eu/public/,58.48375451263538,1,J01C_penicillins,6.0316,7.518000000000001,6.9358,8.6519,8.5319,1.4747000000000001,,,,0.6873158975274481,,,,0.5768783438008841,515490,18.4997679496494,95.1841082280263,31823.422001724,9.85403538,https://api.worldbank.org/v2/,64.75903614457832,59.63855421686747,59.554140127388536,0.19093250834513378,2.438952781698005,5.627621113690637,64.54849498327759,299.0,62.5,416.0,,
EU_EEA,Malta,MLT,2021,Escherichia coli,Blood/invasive,Aminopenicillins,193,299,EUCAST,EUCAST required; exact version unavailable in Atlas aggregate,ECDC Surveillance Atlas aggregate,https://atlas.ecdc.europa.eu/public/,64.54849498327759,0,J01C_penicillins,6.1974,6.0316,7.518000000000001,6.9358,8.2637,1.1377,,,,1.164070191695141,,,,0.6873158975274481,518150,18.7721036316463,95.5145343617045,38078.0064279067,9.52782059,https://api.worldbank.org/v2/,58.48375451263538,64.75903614457832,59.63855421686747,0.8454540667287328,2.8269349565343194,5.703782474656201,62.88343558282209,326.0,,,,
EU_EEA,Malta,MLT,2022,Escherichia coli,Blood/invasive,Aminopenicillins,205,326,EUCAST,EUCAST required; exact version unavailable in Atlas aggregate,ECDC Surveillance Atlas aggregate,https://atlas.ecdc.europa.eu/public/,62.88343558282209,0,J01C_penicillins,9.665299999999997,6.1974,6.0316,7.518000000000001,13.025899999999996,1.5727999999999998,,,,0.9782608695652176,,,,1.164070191695141,531113,19.2843700775476,95.6003155132879,35658.8318250199,9.09105396,https://api.worldbank.org/v2/,64.54849498327759,58.48375451263538,64.75903614457832,0.04379387853734161,2.523044513959174,5.7899601708972535,62.5,416.0,,,,
EU_EEA,Malta,MLT,2023,Escherichia coli,Blood/invasive,Aminopenicillins,260,416,EUCAST,EUCAST required; exact version unavailable in Atlas aggregate,ECDC Surveillance Atlas aggregate,https://atlas.ecdc.europa.eu/public/,62.5,0,J01C_penicillins,,,,,,,,,,,,,,,552747,19.800039778143,95.6272277147965,40932.5238774461,8.84301376,https://api.worldbank.org/v2/,62.88343558282209,64.54849498327759,58.48375451263538,1.0383677061638221,2.227446346998531,6.0330862217988015,,,,,,
EU_EEA,Malta,MLT,2013,Escherichia coli,Blood/invasive,Carbapenems,0,242,EARS-Net mixed/not reported,Not reported in Atlas aggregate,ECDC Surveillance Atlas aggregate,https://atlas.ecdc.europa.eu/public/,0.0,0,J01DH_carbapenems,0.0486999999999999,,,,14.800699999999999,1.0729999999999997,,,,0.520994852074676,,,,,424810,17.3519818416277,94.3906567856206,25415.5525389054,8.30319595,https://api.worldbank.org/v2/,0.0,0.0,0.0,0.0,0.0,5.493061443340548,0.0,268.0,0.0,328.0,0.0,332.0
EU_EEA,Malta,MLT,2014,Escherichia coli,Blood/invasive,Carbapenems,0,268,EARS-Net mixed/not reported,Not reported in Atlas aggregate,ECDC Surveillance Atlas aggregate,https://atlas.ecdc.europa.eu/public/,0.0,0,J01DH_carbapenems,0.0705,0.0486999999999999,,,14.0729,1.3213,,,,0.7717586138219479,,,,0.520994852074676,433481,17.9435630039737,94.412512773898,27424.5693619702,8.88463974,https://api.worldbank.org/v2/,0.0,0.0,0.0,0.0,0.0,5.594711379601839,0.0,238.0,0.0,314.0,0.0,332.0
EU_EEA,Malta,MLT,2015,Escherichia coli,Blood/invasive,Carbapenems,0,238,EARS-Net mixed/not reported,Not reported in Atlas aggregate,ECDC Surveillance Atlas aggregate,https://atlas.ecdc.europa.eu/public/,0.0,0,J01DH_carbapenems,0.0722999999999999,0.0705,0.0486999999999999,,12.5166,1.6305999999999998,,,,0.5119842233009707,,,,0.7717586138219479,444220,18.3273199612118,94.4387696268011,25529.6693210673,8.70199776,https://api.worldbank.org/v2/,0.0,0.0,0.0,0.0,0.0,5.476463551931511,0.0,328.0,0.0,332.0,0.0,277.0
EU_EEA,Malta,MLT,2016,Escherichia coli,Blood/invasive,Carbapenems,0,328,EARS-Net mixed/not reported,Not reported in Atlas aggregate,ECDC Surveillance Atlas aggregate,https://atlas.ecdc.europa.eu/public/,0.0,0,J01DH_carbapenems,0.0757,0.0722999999999999,0.0705,0.0486999999999999,11.8747,1.6450999999999998,,,,0.3603254552499031,,,,0.5119842233009707,454505,18.6555640731084,94.4800033569336,26459.0644285369,8.69928074,https://api.worldbank.org/v2/,0.0,0.0,0.0,0.0,0.0,5.796057750765372,0.0,314.0,0.0,332.0,0.0,299.0
EU_EEA,Malta,MLT,2017,Escherichia coli,Blood/invasive,Carbapenems,0,314,EARS-Net mixed/not reported,Not reported in Atlas aggregate,ECDC Surveillance Atlas aggregate,https://atlas.ecdc.europa.eu/public/,0.0,0,J01DH_carbapenems,0.1162999999999999,0.0757,0.0722999999999999,0.0705,12.6461,2.0008999999999997,,,,0.5095765243366719,,,,0.3603254552499031,467106,18.8131074315696,94.5691806330314,30317.2611769875,8.31366253,https://api.worldbank.org/v2/,0.0,0.0,0.0,0.0,0.0,5.752572638825633,0.0,332.0,0.0,277.0,0.0,326.0
EU_EEA,Malta,MLT,2018,Escherichia coli,Blood/invasive,Carbapenems,0,332,EARS-Net mixed/not reported,Not reported in Atlas aggregate,ECDC Surveillance Atlas aggregate,https://atlas.ecdc.europa.eu/public/,0.0,0,J01DH_carbapenems,0.0946,0.1162999999999999,0.0757,0.0722999999999999,10.9967,1.5702,,,,1.5224913494809689,,,,0.5095765243366719,483903,18.7496839900321,94.7242373261706,33382.280781103,8.11269569,https://api.worldbank.org/v2/,0.0,0.0,0.0,0.0,0.0,5.808142489980444,0.0,332.0,0.0,299.0,0.0,416.0
EU_EEA,Malta,MLT,2019,Escherichia coli,Blood/invasive,Carbapenems,0,332,EARS-Net mixed/not reported,Not reported in Atlas aggregate,ECDC Surveillance Atlas aggregate,https://atlas.ecdc.europa.eu/public/,0.0,0,J01DH_carbapenems,0.0751999999999999,0.0946,0.1162999999999999,0.0757,11.4924,1.3377,,,,0.5768783438008841,,,,1.5224913494809689,503912,18.5815714000859,94.9332032524644,32421.9087471186,8.89282227,https://api.worldbank.org/v2/,0.0,0.0,0.0,0.0,0.0,5.808142489980444,0.0,277.0,0.0,326.0,,
EU_EEA,Malta,MLT,2020,Escherichia coli,Blood/invasive,Carbapenems,0,277,EUCAST,EUCAST required; exact version unavailable in Atlas aggregate,ECDC Surveillance Atlas aggregate,https://atlas.ecdc.europa.eu/public/,0.0,1,J01DH_carbapenems,0.0857,0.0751999999999999,0.0946,0.1162999999999999,8.5319,1.4747000000000001,,,,0.6873158975274481,,,,0.5768783438008841,515490,18.4997679496494,95.1841082280263,31823.422001724,9.85403538,https://api.worldbank.org/v2/,0.0,0.0,0.0,0.0,0.0,5.627621113690637,0.0,299.0,0.0,416.0,,
EU_EEA,Malta,MLT,2021,Escherichia coli,Blood/invasive,Carbapenems,0,299,EUCAST,EUCAST required; exact version unavailable in Atlas aggregate,ECDC Surveillance Atlas aggregate,https://atlas.ecdc.europa.eu/public/,0.0,0,J01DH_carbapenems,0.0819,0.0857,0.0751999999999999,0.0946,8.2637,1.1377,,,,1.164070191695141,,,,0.6873158975274481,518150,18.7721036316463,95.5145343617045,38078.0064279067,9.52782059,https://api.worldbank.org/v2/,0.0,0.0,0.0,0.0,0.0,5.703782474656201,0.0,326.0,,,,
EU_EEA,Malta,MLT,2022,Escherichia coli,Blood/invasive,Carbapenems,0,326,EUCAST,EUCAST required; exact version unavailable in Atlas aggregate,ECDC Surveillance Atlas aggregate,https://atlas.ecdc.europa.eu/public/,0.0,0,J01DH_carbapenems,0.0806,0.0819,0.0857,0.0751999999999999,13.025899999999996,1.5727999999999998,,,,0.9782608695652176,,,,1.164070191695141,531113,19.2843700775476,95.6003155132879,35658.8318250199,9.09105396,https://api.worldbank.org/v2/,0.0,0.0,0.0,0.0,0.0,5.7899601708972535,0.0,416.0,,,,
EU_EEA,Malta,MLT,2023,Escherichia coli,Blood/invasive,Carbapenems,0,416,EUCAST,EUCAST required; exact version unavailable in Atlas aggregate,ECDC Surveillance Atlas aggregate,https://atlas.ecdc.europa.eu/public/,0.0,0,J01DH_carbapenems,,,,,,,,,,,,,,,552747,19.800039778143,95.6272277147965,40932.5238774461,8.84301376,https://api.worldbank.org/v2/,0.0,0.0,0.0,0.0,0.0,6.0330862217988015,,,,,,
EU_EEA,Malta,MLT,2013,Escherichia coli,Blood/invasive,Fluoroquinolones,72,242,EARS-Net mixed/not reported,Not reported in Atlas aggregate,ECDC Surveillance Atlas aggregate,https://atlas.ecdc.europa.eu/public/,29.75206611570248,0,J01M_quinolones,3.1656,,,,14.800699999999999,1.0729999999999997,,,,0.520994852074676,,,,,424810,17.3519818416277,94.3906567856206,25415.5525389054,8.30319595,https://api.worldbank.org/v2/,30.14354066985646,31.963470319634702,34.375,-1.5688731302670862,1.8277025532480073,5.493061443340548,28.73134328358209,268.0,41.46341463414634,328.0,41.86746987951807,332.0
EU_EEA,Malta,MLT,2014,Escherichia coli,Blood/invasive,Fluoroquinolones,77,268,EARS-Net mixed/not reported,Not reported in Atlas aggregate,ECDC Surveillance Atlas aggregate,https://atlas.ecdc.europa.eu/public/,28.73134328358209,0,J01M_quinolones,3.4206000000000003,3.1656,,,14.0729,1.3213,,,,0.7717586138219479,,,,0.520994852074676,433481,17.9435630039737,94.412512773898,27424.5693619702,8.88463974,https://api.worldbank.org/v2/,29.75206611570248,30.14354066985646,31.963470319634702,-1.0087855662311873,1.1682927326032042,5.594711379601839,37.39495798319328,238.0,43.31210191082803,314.0,40.06024096385542,332.0
EU_EEA,Malta,MLT,2015,Escherichia coli,Blood/invasive,Fluoroquinolones,89,238,EARS-Net mixed/not reported,Not reported in Atlas aggregate,ECDC Surveillance Atlas aggregate,https://atlas.ecdc.europa.eu/public/,37.39495798319328,0,J01M_quinolones,3.1119000000000003,3.4206000000000003,3.1656,,12.5166,1.6305999999999998,,,,0.5119842233009707,,,,0.7717586138219479,444220,18.3273199612118,94.4387696268011,25529.6693210673,8.70199776,https://api.worldbank.org/v2/,28.73134328358209,29.75206611570248,30.14354066985646,2.0733529107890005,3.4391541265440453,5.476463551931511,41.46341463414634,328.0,41.86746987951807,332.0,35.37906137184115,277.0
EU_EEA,Malta,MLT,2016,Escherichia coli,Blood/invasive,Fluoroquinolones,136,328,EARS-Net mixed/not reported,Not reported in Atlas aggregate,ECDC Surveillance Atlas aggregate,https://atlas.ecdc.europa.eu/public/,41.46341463414634,0,J01M_quinolones,2.6726,3.1119000000000003,3.4206000000000003,3.1656,11.8747,1.6450999999999998,,,,0.3603254552499031,,,,0.5119842233009707,454505,18.6555640731084,94.4800033569336,26459.0644285369,8.69928074,https://api.worldbank.org/v2/,37.39495798319328,28.73134328358209,29.75206611570248,4.379766025494274,5.305230646367363,5.796057750765372,43.31210191082803,314.0,40.06024096385542,332.0,30.76923076923077,299.0
EU_EEA,Malta,MLT,2017,Escherichia coli,Blood/invasive,Fluoroquinolones,136,314,EARS-Net mixed/not reported,Not reported in Atlas aggregate,ECDC Surveillance Atlas aggregate,https://atlas.ecdc.europa.eu/public/,43.31210191082803,0,J01M_quinolones,2.4807,2.6726,3.1119000000000003,3.4206000000000003,12.6461,2.0008999999999997,,,,0.5095765243366719,,,,0.3603254552499031,467106,18.8131074315696,94.5691806330314,30317.2611769875,8.31366253,https://api.worldbank.org/v2/,41.46341463414634,37.39495798319328,28.73134328358209,4.781073253269083,5.616632438087218,5.752572638825633,41.86746987951807,332.0,35.37906137184115,277.0,26.380368098159508,326.0
EU_EEA,Malta,MLT,2018,Escherichia coli,Blood/invasive,Fluoroquinolones,139,332,EARS-Net mixed/not reported,Not reported in Atlas aggregate,ECDC Surveillance Atlas aggregate,https://atlas.ecdc.europa.eu/public/,41.86746987951807,0,J01M_quinolones,2.5983,2.4807,2.6726,3.1119000000000003,10.9967,1.5702,,,,1.5224913494809689,,,,0.5095765243366719,483903,18.7496839900321,94.7242373261706,33382.280781103,8.11269569,https://api.worldbank.org/v2/,43.31210191082803,41.46341463414634,37.39495798319328,1.5266222965655978,2.197102658018583,5.808142489980444,40.06024096385542,332.0,30.76923076923077,299.0,27.884615384615383,416.0
EU_EEA,Malta,MLT,2019,Escherichia coli,Blood/invasive,Fluoroquinolones,133,332,EARS-Net mixed/not reported,Not reported in Atlas aggregate,ECDC Surveillance Atlas aggregate,https://atlas.ecdc.europa.eu/public/,40.06024096385542,0,J01M_quinolones,2.1212,2.5983,2.4807,2.6726,11.4924,1.3377,,,,0.5768783438008841,,,,1.5224913494809689,503912,18.5815714000859,94.9332032524644,32421.9087471186,8.89282227,https://api.worldbank.org/v2/,41.86746987951807,43.31210191082803,41.46341463414634,-0.565415304218274,1.158593957001644,5.808142489980444,35.37906137184115,277.0,26.380368098159508,326.0,,
EU_EEA,Malta,MLT,2020,Escherichia coli,Blood/invasive,Fluoroquinolones,98,277,EUCAST,EUCAST required; exact version unavailable in Atlas aggregate,ECDC Surveillance Atlas aggregate,https://atlas.ecdc.europa.eu/public/,35.37906137184115,1,J01M_quinolones,1.6370999999999998,2.1212,2.5983,2.4807,8.5319,1.4747000000000001,,,,0.6873158975274481,,,,0.5768783438008841,515490,18.4997679496494,95.1841082280263,31823.422001724,9.85403538,https://api.worldbank.org/v2/,40.06024096385542,41.86746987951807,43.31210191082803,-2.5606350532623314,2.9882442295427802,5.627621113690637,30.76923076923077,299.0,27.884615384615383,416.0,,
EU_EEA,Malta,MLT,2021,Escherichia coli,Blood/invasive,Fluoroquinolones,92,299,EUCAST,EUCAST required; exact version unavailable in Atlas aggregate,ECDC Surveillance Atlas aggregate,https://atlas.ecdc.europa.eu/public/,30.76923076923077,0,J01M_quinolones,1.4691,1.6370999999999998,2.1212,2.5983,8.2637,1.1377,,,,1.164070191695141,,,,0.6873158975274481,518150,18.7721036316463,95.5145343617045,38078.0064279067,9.52782059,https://api.worldbank.org/v2/,35.37906137184115,40.06024096385542,41.86746987951807,-3.79758969228762,4.315837720385845,5.703782474656201,26.380368098159508,326.0,,,,
EU_EEA,Malta,MLT,2022,Escherichia coli,Blood/invasive,Fluoroquinolones,86,326,EUCAST,EUCAST required; exact version unavailable in Atlas aggregate,ECDC Surveillance Atlas aggregate,https://atlas.ecdc.europa.eu/public/,26.380368098159508,0,J01M_quinolones,1.9035,1.4691,1.6370999999999998,2.1212,13.025899999999996,1.5727999999999998,,,,0.9782608695652176,,,,1.164070191695141,531113,19.2843700775476,95.6003155132879,35658.8318250199,9.09105396,https://api.worldbank.org/v2/,30.76923076923077,35.37906137184115,40.06024096385542,-4.56494491996982,5.10431416055945,5.7899601708972535,27.884615384615383,416.0,,,,
EU_EEA,Malta,MLT,2023,Escherichia coli,Blood/invasive,Fluoroquinolones,116,416,EUCAST,EUCAST required; exact version unavailable in Atlas aggregate,ECDC Surveillance Atlas aggregate,https://atlas.ecdc.europa.eu/public/,27.884615384615383,0,J01M_quinolones,,,,,,,,,,,,,,,552747,19.800039778143,95.6272277147965,40932.5238774461,8.84301376,https://api.worldbank.org/v2/,26.380368098159508,30.76923076923077,35.37906137184115,-2.687220063274868,3.4300111227544257,6.0330862217988015,,,,,,
EU_EEA,Malta,MLT,2013,Escherichia coli,Blood/invasive,Third-generation cephalosporins,21,242,EARS-Net mixed/not reported,Not reported in Atlas aggregate,ECDC Surveillance Atlas aggregate,https://atlas.ecdc.europa.eu/public/,8.677685950413224,0,J01D_other_beta_lactams,5.759899999999999,,,,14.800699999999999,1.0729999999999997,,,,0.520994852074676,,,,,424810,17.3519818416277,94.3906567856206,25415.5525389054,8.30319595,https://api.worldbank.org/v2/,12.91866028708134,12.785388127853881,15.625,-2.0708669989532904,2.4815530004035904,5.493061443340548,10.82089552238806,268.0,14.634146341463415,328.0,15.36144578313253,332.0
EU_EEA,Malta,MLT,2014,Escherichia coli,Blood/invasive,Third-generation cephalosporins,29,268,EARS-Net mixed/not reported,Not reported in Atlas aggregate,ECDC Surveillance Atlas aggregate,https://atlas.ecdc.europa.eu/public/,10.82089552238806,0,J01D_other_beta_lactams,4.807699999999999,5.759899999999999,,,14.0729,1.3213,,,,0.7717586138219479,,,,0.520994852074676,433481,17.9435630039737,94.412512773898,27424.5693619702,8.88463974,https://api.worldbank.org/v2/,8.677685950413224,12.91866028708134,12.785388127853881,-1.0134452153065605,1.727173222450062,5.594711379601839,11.764705882352942,238.0,15.605095541401274,314.0,17.46987951807229,332.0
EU_EEA,Malta,MLT,2015,Escherichia coli,Blood/invasive,Third-generation cephalosporins,28,238,EARS-Net mixed/not reported,Not reported in Atlas aggregate,ECDC Surveillance Atlas aggregate,https://atlas.ecdc.europa.eu/public/,11.764705882352942,0,J01D_other_beta_lactams,4.3401000000000005,4.807699999999999,5.759899999999999,,12.5166,1.6305999999999998,,,,0.5119842233009707,,,,0.7717586138219479,444220,18.3273199612118,94.4387696268011,25529.6693210673,8.70199776,https://api.worldbank.org/v2/,10.82089552238806,8.677685950413224,12.91866028708134,-0.131865364221036,1.5558741197802795,5.476463551931511,14.634146341463415,328.0,15.36144578313253,332.0,12.274368231046932,277.0
EU_EEA,Malta,MLT,2016,Escherichia coli,Blood/invasive,Third-generation cephalosporins,48,328,EARS-Net mixed/not reported,Not reported in Atlas aggregate,ECDC Surveillance Atlas aggregate,https://atlas.ecdc.europa.eu/public/,14.634146341463415,0,J01D_other_beta_lactams,3.7943000000000002,4.3401000000000005,4.807699999999999,5.759899999999999,11.8747,1.6450999999999998,,,,0.3603254552499031,,,,0.5119842233009707,454505,18.6555640731084,94.4800033569336,26459.0644285369,8.69928074,https://api.worldbank.org/v2/,11.764705882352942,10.82089552238806,8.677685950413224,1.8813191533115439,2.1399154199536055,5.796057750765372,15.605095541401274,314.0,17.46987951807229,332.0,13.7123745819398,299.0
EU_EEA,Malta,MLT,2017,Escherichia coli,Blood/invasive,Third-generation cephalosporins,49,314,EARS-Net mixed/not reported,Not reported in Atlas aggregate,ECDC Surveillance Atlas aggregate,https://atlas.ecdc.europa.eu/public/,15.605095541401274,0,J01D_other_beta_lactams,3.3981000000000003,3.7943000000000002,4.3401000000000005,4.807699999999999,12.6461,2.0008999999999997,,,,0.5095765243366719,,,,0.3603254552499031,467106,18.8131074315696,94.5691806330314,30317.2611769875,8.31366253,https://api.worldbank.org/v2/,14.634146341463415,11.764705882352942,10.82089552238806,1.72220405161501,1.972391525173933,5.752572638825633,15.36144578313253,332.0,12.274368231046932,277.0,11.349693251533742,326.0
EU_EEA,Malta,MLT,2018,Escherichia coli,Blood/invasive,Third-generation cephalosporins,51,332,EARS-Net mixed/not reported,Not reported in Atlas aggregate,ECDC Surveillance Atlas aggregate,https://atlas.ecdc.europa.eu/public/,15.36144578313253,0,J01D_other_beta_lactams,2.9382,3.3981000000000003,3.7943000000000002,4.3401000000000005,10.9967,1.5702,,,,1.5224913494809689,,,,0.5095765243366719,483903,18.7496839900321,94.7242373261706,33382.280781103,8.11269569,https://api.worldbank.org/v2/,15.605095541401274,14.634146341463415,11.764705882352942,1.1761168902276604,1.529907906276179,5.808142489980444,17.46987951807229,332.0,13.7123745819398,299.0,11.298076923076923,416.0
EU_EEA,Malta,MLT,2019,Escherichia coli,Blood/invasive,Third-generation cephalosporins,58,332,EARS-Net mixed/not reported,Not reported in Atlas aggregate,ECDC Surveillance Atlas aggregate,https://atlas.ecdc.europa.eu/public/,17.46987951807229,0,J01D_other_beta_lactams,3.1156999999999995,2.9382,3.3981000000000003,3.7943000000000002,11.4924,1.3377,,,,0.5768783438008841,,,,1.5224913494809689,503912,18.5815714000859,94.9332032524644,32421.9087471186,8.89282227,https://api.worldbank.org/v2/,15.36144578313253,15.605095541401274,14.634146341463415,0.8263549771557858,1.0456865799146482,5.808142489980444,12.274368231046932,277.0,11.349693251533742,326.0,,
EU_EEA,Malta,MLT,2020,Escherichia coli,Blood/invasive,Third-generation cephalosporins,34,277,EUCAST,EUCAST required; exact version unavailable in Atlas aggregate,ECDC Surveillance Atlas aggregate,https://atlas.ecdc.europa.eu/public/,12.274368231046932,1,J01D_other_beta_lactams,2.2521999999999998,3.1156999999999995,2.9382,3.3981000000000003,8.5319,1.4747000000000001,,,,0.6873158975274481,,,,0.5768783438008841,515490,18.4997679496494,95.1841082280263,31823.422001724,9.85403538,https://api.worldbank.org/v2/,17.46987951807229,15.36144578313253,15.605095541401274,-0.788374819612331,1.8641252482921458,5.627621113690637,13.7123745819398,299.0,11.298076923076923,416.0,,
EU_EEA,Malta,MLT,2021,Escherichia coli,Blood/invasive,Third-generation cephalosporins,41,299,EUCAST,EUCAST required; exact version unavailable in Atlas aggregate,ECDC Surveillance Atlas aggregate,https://atlas.ecdc.europa.eu/public/,13.7123745819398,0,J01D_other_beta_lactams,1.653,2.2521999999999998,3.1156999999999995,2.9382,8.2637,1.1377,,,,1.164070191695141,,,,0.6873158975274481,518150,18.7721036316463,95.5145343617045,38078.0064279067,9.52782059,https://api.worldbank.org/v2/,12.274368231046932,17.46987951807229,15.36144578313253,-1.014272489060359,1.9344737591542485,5.703782474656201,11.349693251533742,326.0,,,,
EU_EEA,Malta,MLT,2022,Escherichia coli,Blood/invasive,Third-generation cephalosporins,37,326,EUCAST,EUCAST required; exact version unavailable in Atlas aggregate,ECDC Surveillance Atlas aggregate,https://atlas.ecdc.europa.eu/public/,11.349693251533742,0,J01D_other_beta_lactams,2.9493,1.653,2.2521999999999998,3.1156999999999995,13.025899999999996,1.5727999999999998,,,,0.9782608695652176,,,,1.164070191695141,531113,19.2843700775476,95.6003155132879,35658.8318250199,9.09105396,https://api.worldbank.org/v2/,13.7123745819398,12.274368231046932,17.46987951807229,-1.6922552448722812,2.332836390102588,5.7899601708972535,11.298076923076923,416.0,,,,
EU_EEA,Malta,MLT,2023,Escherichia coli,Blood/invasive,Third-generation cephalosporins,47,416,EUCAST,EUCAST required; exact version unavailable in Atlas aggregate,ECDC Surveillance Atlas aggregate,https://atlas.ecdc.europa.eu/public/,11.298076923076923,0,J01D_other_beta_lactams,,,,,,,,,,,,,,,552747,19.800039778143,95.6272277147965,40932.5238774461,8.84301376,https://api.worldbank.org/v2/,11.349693251533742,13.7123745819398,12.274368231046932,-0.5291555254316102,0.9775540682286773,6.0330862217988015,,,,,,
EU_EEA,Netherlands,NLD,2013,Escherichia coli,Blood/invasive,Aminoglycosides,434,6671,EARS-Net mixed/not reported,Not reported in Atlas aggregate,ECDC Surveillance Atlas aggregate,https://atlas.ecdc.europa.eu/public/,6.505771248688353,0,J01G_aminoglycosides,,,,,3.9687,0.6279999999999997,,,,0.5696653216235462,,,,,16804432,16.8801636441145,89.1749992370605,52602.2860520766,10.50247383,https://api.worldbank.org/v2/,7.431177166019253,7.624309392265193,7.214799588900308,-0.23202172468818189,0.42293930337560787,8.805674944038582,6.356110565455311,7127.0,6.1948123620309055,7248.0,6.308157099697885,8275.0
EU_EEA,Netherlands,NLD,2014,Escherichia coli,Blood/invasive,Aminoglycosides,453,7127,EARS-Net mixed/not reported,Not reported in Atlas aggregate,ECDC Surveillance Atlas aggregate,https://atlas.ecdc.europa.eu/public/,6.356110565455311,0,J01G_aminoglycosides,,,,,3.8945,0.6365,,,,0.5071352753862484,,,,0.5696653216235462,16865008,17.3524406523196,89.8364787097165,53457.2234864322,10.45699596,https://api.worldbank.org/v2/,6.505771248688353,7.431177166019253,7.624309392265193,-0.47300023977605593,0.5551631813799119,8.871785969150645,6.078597681651117,7074.0,5.897231096911608,7512.0,6.985344473359814,7301.0
EU_EEA,Netherlands,NLD,2015,Escherichia coli,Blood/invasive,Aminoglycosides,430,7074,EARS-Net mixed/not reported,Not reported in Atlas aggregate,ECDC Surveillance Atlas aggregate,https://atlas.ecdc.europa.eu/public/,6.078597681651117,0,J01G_aminoglycosides,,,,,3.928399999999999,0.6486999999999999,,,,0.6231248557581354,,,,0.5071352753862484,16939923,17.7566909073968,90.2787737214621,45793.8135434697,10.18857956,https://api.worldbank.org/v2/,6.356110565455311,6.505771248688353,7.431177166019253,-0.42073991363374547,0.5076603531256811,8.864322722511439,6.1948123620309055,7248.0,6.308157099697885,8275.0,6.417611741160774,7495.0
EU_EEA,Netherlands,NLD,2016,Escherichia coli,Blood/invasive,Aminoglycosides,449,7248,EARS-Net mixed/not reported,Not reported in Atlas aggregate,ECDC Surveillance Atlas aggregate,https://atlas.ecdc.europa.eu/public/,6.1948123620309055,0,J01G_aminoglycosides,,,,,3.8701999999999996,0.6383999999999999,,,,0.6097560975609756,,,,0.6231248557581354,17030314,18.0943972670713,90.5803239452777,46808.5291492503,9.89148426,https://api.worldbank.org/v2/,6.078597681651117,6.356110565455311,6.505771248688353,-0.12103895437765497,0.16165305609415706,8.888618807300878,5.897231096911608,7512.0,6.985344473359814,7301.0,5.9914841849148415,6576.0
EU_EEA,Netherlands,NLD,2017,Escherichia coli,Blood/invasive,Aminoglycosides,443,7512,EARS-Net mixed/not reported,Not reported in Atlas aggregate,ECDC Surveillance Atlas aggregate,https://atlas.ecdc.europa.eu/public/,5.897231096911608,0,J01G_aminoglycosides,,,,,3.6832,0.6323999999999996,,,,0.4796163069544365,,,,0.6097560975609756,17131296,18.4202330068604,91.1219700676602,49513.6817346384,9.93712521,https://api.worldbank.org/v2/,6.1948123620309055,6.078597681651117,6.356110565455311,-0.1260423725251328,0.1674356550107351,8.92439013236916,6.308157099697885,8275.0,6.417611741160774,7495.0,6.166851441241685,7216.0
EU_EEA,Netherlands,NLD,2018,Escherichia coli,Blood/invasive,Aminoglycosides,522,8275,EARS-Net mixed/not reported,Not reported in Atlas aggregate,ECDC Surveillance Atlas aggregate,https://atlas.ecdc.europa.eu/public/,6.308157099697885,0,J01G_aminoglycosides,,,,,3.6149,0.6363,,,,0.70591050490548,,,,0.4796163069544365,17231624,18.7510079268288,92.6062472401044,53955.0770024266,9.85083961,https://api.worldbank.org/v2/,5.897231096911608,6.1948123620309055,6.078597681651117,0.03910969890209967,0.15193728868402512,9.021115038865434,6.985344473359814,7301.0,5.9914841849148415,6576.0,5.190664456064278,7841.0
EU_EEA,Netherlands,NLD,2019,Escherichia coli,Blood/invasive,Aminoglycosides,510,7301,EARS-Net mixed/not reported,Not reported in Atlas aggregate,ECDC Surveillance Atlas aggregate,https://atlas.ecdc.europa.eu/public/,6.985344473359814,0,J01G_aminoglycosides,,,,,3.524,0.6149999999999999,,,,0.6256256256256255,,,,0.70591050490548,17344874,19.0648534024819,93.8898028856479,53554.9007491475,9.93616295,https://api.worldbank.org/v2/,6.308157099697885,5.897231096911608,6.1948123620309055,0.2782522336772993,0.39825998863551926,8.895903562215581,6.417611741160774,7495.0,6.166851441241685,7216.0,,
EU_EEA,Netherlands,NLD,2020,Escherichia coli,Blood/invasive,Aminoglycosides,481,7495,EUCAST,EUCAST required; exact version unavailable in Atlas aggregate,ECDC Surveillance Atlas aggregate,https://atlas.ecdc.europa.eu/public/,6.417611741160774,1,J01G_aminoglycosides,,,,,3.0562,0.5821000000000001,,,,0.6975519873650963,,,,0.6256256256256255,17441500,19.3703952280046,94.2532277765935,53467.9277413737,10.94954681,https://api.worldbank.org/v2/,6.985344473359814,6.308157099697885,5.897231096911608,0.2238329306409423,0.3886298389434682,8.922124823918258,5.9914841849148415,6576.0,5.190664456064278,7841.0,,
EU_EEA,Netherlands,NLD,2021,Escherichia coli,Blood/invasive,Aminoglycosides,394,6576,EUCAST,EUCAST required; exact version unavailable in Atlas aggregate,ECDC Surveillance Atlas aggregate,https://atlas.ecdc.europa.eu/public/,5.9914841849148415,0,J01G_aminoglycosides,,,,,3.0832,0.5404,,,,0.7289879931389364,,,,0.6975519873650963,17533044,19.6618088308361,94.6294783220315,60141.9880911492,11.13498974,https://api.worldbank.org/v2/,6.417611741160774,6.985344473359814,6.308157099697885,-0.15177514765481856,0.35903588042250906,8.79133399330135,6.166851441241685,7216.0,,,,
EU_EEA,Netherlands,NLD,2022,Escherichia coli,Blood/invasive,Aminoglycosides,445,7216,EUCAST,EUCAST required; exact version unavailable in Atlas aggregate,ECDC Surveillance Atlas aggregate,https://atlas.ecdc.europa.eu/public/,6.166851441241685,0,J01G_aminoglycosides,,,,,3.5709,0.5727999999999998,,,,0.7504690431519704,,,,0.7289879931389364,17700982,19.9012830406524,94.9856177734136,59123.318556487,10.03109169,https://api.worldbank.org/v2/,5.9914841849148415,6.417611741160774,6.985344473359814,-0.28816066526003326,0.3754354695369769,8.884194633072273,5.190664456064278,7841.0,,,,
EU_EEA,Netherlands,NLD,2023,Escherichia coli,Blood/invasive,Aminoglycosides,407,7841,EUCAST,EUCAST required; exact version unavailable in Atlas aggregate,ECDC Surveillance Atlas aggregate,https://atlas.ecdc.europa.eu/public/,5.190664456064278,0,J01G_aminoglycosides,,,,,,,,,,,,,,,17877117,20.1567559021407,95.3221682092129,63515.6030780019,9.83150005,https://api.worldbank.org/v2/,6.166851441241685,5.9914841849148415,6.417611741160774,-0.3505474598962656,0.4592706177564917,8.967249182852276,,,,,,
EU_EEA,Netherlands,NLD,2013,Escherichia coli,Blood/invasive,Aminopenicillins,3196,6666,EARS-Net mixed/not reported,Not reported in Atlas aggregate,ECDC Surveillance Atlas aggregate,https://atlas.ecdc.europa.eu/public/,47.94479447944794,0,J01C_penicillins,3.4988,,,,3.9687,0.6279999999999997,,,,0.5696653216235462,,,,,16804432,16.8801636441145,89.1749992370605,52602.2860520766,10.50247383,https://api.worldbank.org/v2/,49.230248688885126,48.449177877429,47.18045112781955,0.3074100866341269,0.7463421264294318,8.80492526261806,46.40752175133315,7126.0,46.14959977918852,7246.0,45.95019342359768,8272.0
EU_EEA,Netherlands,NLD,2014,Escherichia coli,Blood/invasive,Aminopenicillins,3307,7126,EARS-Net mixed/not reported,Not reported in Atlas aggregate,ECDC Surveillance Atlas aggregate,https://atlas.ecdc.europa.eu/public/,46.40752175133315,0,J01C_penicillins,3.3988,3.4988,,,3.8945,0.6365,,,,0.5071352753862484,,,,0.5696653216235462,16865008,17.3524406523196,89.8364787097165,53457.2234864322,10.45699596,https://api.worldbank.org/v2/,47.94479447944794,49.230248688885126,48.449177877429,-0.7410422587724812,1.031268069267141,8.871645667501872,47.73691654879774,7070.0,45.97976570820021,7512.0,45.391042322969454,7301.0
EU_EEA,Netherlands,NLD,2015,Escherichia coli,Blood/invasive,Aminopenicillins,3375,7070,EARS-Net mixed/not reported,Not reported in Atlas aggregate,ECDC Surveillance Atlas aggregate,https://atlas.ecdc.europa.eu/public/,47.73691654879774,0,J01C_penicillins,3.455599999999999,3.3988,3.4988,,3.928399999999999,0.6486999999999999,,,,0.6231248557581354,,,,0.5071352753862484,16939923,17.7566909073968,90.2787737214621,45793.8135434697,10.18857956,https://api.worldbank.org/v2/,46.40752175133315,47.94479447944794,49.230248688885126,-0.6017269148377062,1.0007475946555708,8.863757191604241,46.14959977918852,7246.0,45.95019342359768,8272.0,42.67413931144916,7494.0
EU_EEA,Netherlands,NLD,2016,Escherichia coli,Blood/invasive,Aminopenicillins,3344,7246,EARS-Net mixed/not reported,Not reported in Atlas aggregate,ECDC Surveillance Atlas aggregate,https://atlas.ecdc.europa.eu/public/,46.14959977918852,0,J01C_penicillins,3.4193999999999996,3.455599999999999,3.3988,3.4988,3.8701999999999996,0.6383999999999999,,,,0.6097560975609756,,,,0.6231248557581354,17030314,18.0943972670713,90.5803239452777,46808.5291492503,9.89148426,https://api.worldbank.org/v2/,47.73691654879774,46.40752175133315,47.94479447944794,-0.4056189303313797,0.7898786886612852,8.888342869109282,45.97976570820021,7512.0,45.391042322969454,7301.0,41.40922234058743,6571.0
EU_EEA,Netherlands,NLD,2017,Escherichia coli,Blood/invasive,Aminopenicillins,3454,7512,EARS-Net mixed/not reported,Not reported in Atlas aggregate,ECDC Surveillance Atlas aggregate,https://atlas.ecdc.europa.eu/public/,45.97976570820021,0,J01C_penicillins,3.2375999999999996,3.4193999999999996,3.455599999999999,3.3988,3.6832,0.6323999999999996,,,,0.4796163069544365,,,,0.6097560975609756,17131296,18.4202330068604,91.1219700676602,49513.6817346384,9.93712521,https://api.worldbank.org/v2/,46.14959977918852,47.73691654879774,46.40752175133315,-0.28705848990081195,0.6915917653790465,8.92439013236916,45.95019342359768,8272.0,42.67413931144916,7494.0,40.92926490984743,7210.0
EU_EEA,Netherlands,NLD,2018,Escherichia coli,Blood/invasive,Aminopenicillins,3801,8272,EARS-Net mixed/not reported,Not reported in Atlas aggregate,ECDC Surveillance Atlas aggregate,https://atlas.ecdc.europa.eu/public/,45.95019342359768,0,J01C_penicillins,3.169,3.2375999999999996,3.4193999999999996,3.455599999999999,3.6149,0.6363,,,,0.70591050490548,,,,0.4796163069544365,17231624,18.7510079268288,92.6062472401044,53955.0770024266,9.85083961,https://api.worldbank.org/v2/,45.97976570820021,46.14959977918852,47.73691654879774,-0.5530003446588501,0.7445222526961229,9.020752479190183,45.391042322969454,7301.0,41.40922234058743,6571.0,40.98800102118969,7834.0
EU_EEA,Netherlands,NLD,2019,Escherichia coli,Blood/invasive,Aminopenicillins,3314,7301,EARS-Net mixed/not reported,Not reported in Atlas aggregate,ECDC Surveillance Atlas aggregate,https://atlas.ecdc.europa.eu/public/,45.391042322969454,0,J01C_penicillins,3.1241000000000003,3.169,3.2375999999999996,3.4193999999999996,3.524,0.6149999999999999,,,,0.6256256256256255,,,,0.70591050490548,17344874,19.0648534024819,93.8898028856479,53554.9007491475,9.93616295,https://api.worldbank.org/v2/,45.95019342359768,45.97976570820021,46.14959977918852,-0.23052446532598078,0.28549689341264806,8.895903562215581,42.67413931144916,7494.0,40.92926490984743,7210.0,,
EU_EEA,Netherlands,NLD,2020,Escherichia coli,Blood/invasive,Aminopenicillins,3198,7494,EUCAST,EUCAST required; exact version unavailable in Atlas aggregate,ECDC Surveillance Atlas aggregate,https://atlas.ecdc.europa.eu/public/,42.67413931144916,1,J01C_penicillins,2.6635999999999997,3.1241000000000003,3.169,3.2375999999999996,3.0562,0.5821000000000001,,,,0.6975519873650963,,,,0.6256256256256255,17441500,19.3703952280046,94.2532277765935,53467.9277413737,10.94954681,https://api.worldbank.org/v2/,45.391042322969454,45.95019342359768,45.97976570820021,-1.0476030290881486,1.3624742679290078,8.921991410536698,41.40922234058743,6571.0,40.98800102118969,7834.0,,
EU_EEA,Netherlands,NLD,2021,Escherichia coli,Blood/invasive,Aminopenicillins,2721,6571,EUCAST,EUCAST required; exact version unavailable in Atlas aggregate,ECDC Surveillance Atlas aggregate,https://atlas.ecdc.europa.eu/public/,41.40922234058743,0,J01C_penicillins,2.6501,2.6635999999999997,3.1241000000000003,3.169,3.0832,0.5404,,,,0.7289879931389364,,,,0.6975519873650963,17533044,19.6618088308361,94.6294783220315,60141.9880911492,11.13498974,https://api.worldbank.org/v2/,42.67413931144916,45.391042322969454,45.95019342359768,-1.633981626055114,1.879196406796561,8.790573479157159,40.92926490984743,7210.0,,,,
EU_EEA,Netherlands,NLD,2022,Escherichia coli,Blood/invasive,Aminopenicillins,2951,7210,EUCAST,EUCAST required; exact version unavailable in Atlas aggregate,ECDC Surveillance Atlas aggregate,https://atlas.ecdc.europa.eu/public/,40.92926490984743,0,J01C_penicillins,3.1401,2.6501,2.6635999999999997,3.1241000000000003,3.5709,0.5727999999999998,,,,0.7504690431519704,,,,0.7289879931389364,17700982,19.9012830406524,94.9856177734136,59123.318556487,10.03109169,https://api.worldbank.org/v2/,41.40922234058743,42.67413931144916,45.391042322969454,-1.4650249210227855,1.7323912445340695,8.88336291691676,40.98800102118969,7834.0,,,,
EU_EEA,Netherlands,NLD,2023,Escherichia coli,Blood/invasive,Aminopenicillins,3211,7834,EUCAST,EUCAST required; exact version unavailable in Atlas aggregate,ECDC Surveillance Atlas aggregate,https://atlas.ecdc.europa.eu/public/,40.98800102118969,0,J01C_penicillins,,,,,,,,,,,,,,,17877117,20.1567559021407,95.3221682092129,63515.6030780019,9.83150005,https://api.worldbank.org/v2/,40.92926490984743,41.40922234058743,42.67413931144916,-0.5538372301518513,0.7026245628192972,8.966356154790121,,,,,,
EU_EEA,Netherlands,NLD,2013,Escherichia coli,Blood/invasive,Carbapenems,0,6658,EARS-Net mixed/not reported,Not reported in Atlas aggregate,ECDC Surveillance Atlas aggregate,https://atlas.ecdc.europa.eu/public/,0.0,0,J01DH_carbapenems,0.0141,,,,3.9687,0.6279999999999997,,,,0.5696653216235462,,,,,16804432,16.8801636441145,89.1749992370605,52602.2860520766,10.50247383,https://api.worldbank.org/v2/,0.13538669825689625,0.12903225806451613,0.08216926869350863,-0.024015336588814603,0.054082855356409866,8.803724602110622,0.0,7123.0,0.013802622498274672,7245.0,0.012088974854932301,8272.0
EU_EEA,Netherlands,NLD,2014,Escherichia coli,Blood/invasive,Carbapenems,0,7123,EARS-Net mixed/not reported,Not reported in Atlas aggregate,ECDC Surveillance Atlas aggregate,https://atlas.ecdc.europa.eu/public/,0.0,0,J01DH_carbapenems,0.0136,0.0141,,,3.8945,0.6365,,,,0.5071352753862484,,,,0.5696653216235462,16865008,17.3524406523196,89.8364787097165,53457.2234864322,10.45699596,https://api.worldbank.org/v2/,0.0,0.13538669825689625,0.12903225806451613,-0.05224834724504448,0.0661429050817348,8.871224644409553,0.014144271570014143,7070.0,0.01332267519317879,7506.0,0.0,7299.0
EU_EEA,Netherlands,NLD,2015,Escherichia coli,Blood/invasive,Carbapenems,1,7070,EARS-Net mixed/not reported,Not reported in Atlas aggregate,ECDC Surveillance Atlas aggregate,https://atlas.ecdc.europa.eu/public/,0.014144271570014143,0,J01DH_carbapenems,0.0143,0.0136,0.0141,,3.928399999999999,0.6486999999999999,,,,0.6231248557581354,,,,0.5071352753862484,16939923,17.7566909073968,90.2787737214621,45793.8135434697,10.18857956,https://api.worldbank.org/v2/,0.0,0.0,0.13538669825689625,-0.03637272800606465,0.05687649063718262,8.863757191604241,0.013802622498274672,7245.0,0.012088974854932301,8272.0,0.040069453719780955,7487.0
EU_EEA,Netherlands,NLD,2016,Escherichia coli,Blood/invasive,Carbapenems,1,7245,EARS-Net mixed/not reported,Not reported in Atlas aggregate,ECDC Surveillance Atlas aggregate,https://atlas.ecdc.europa.eu/public/,0.013802622498274672,0,J01DH_carbapenems,0.0141,0.0143,0.0136,0.0141,3.8701999999999996,0.6383999999999999,,,,0.6097560975609756,,,,0.6231248557581354,17030314,18.0943972670713,90.5803239452777,46808.5291492503,9.89148426,https://api.worldbank.org/v2/,0.014144271570014143,0.0,0.0,0.0055552139064838175,0.006987767598814131,8.888204871455022,0.01332267519317879,7506.0,0.0,7299.0,0.04566905160602831,6569.0
EU_EEA,Netherlands,NLD,2017,Escherichia coli,Blood/invasive,Carbapenems,1,7506,EARS-Net mixed/not reported,Not reported in Atlas aggregate,ECDC Surveillance Atlas aggregate,https://atlas.ecdc.europa.eu/public/,0.01332267519317879,0,J01DH_carbapenems,0.0144999999999999,0.0141,0.0143,0.0136,3.6832,0.6323999999999996,,,,0.4796163069544365,,,,0.6097560975609756,17131296,18.4202330068604,91.1219700676602,49513.6817346384,9.93712521,https://api.worldbank.org/v2/,0.013802622498274672,0.014144271570014143,0.0,0.0039626376507796894,0.005963894357346534,8.923591197573002,0.012088974854932301,8272.0,0.040069453719780955,7487.0,0.04160887656033287,7210.0
EU_EEA,Netherlands,NLD,2018,Escherichia coli,Blood/invasive,Carbapenems,1,8272,EARS-Net mixed/not reported,Not reported in Atlas aggregate,ECDC Surveillance Atlas aggregate,https://atlas.ecdc.europa.eu/public/,0.012088974854932301,0,J01DH_carbapenems,0.0136,0.0144999999999999,0.0141,0.0143,3.6149,0.6363,,,,0.70591050490548,,,,0.4796163069544365,17231624,18.7510079268288,92.6062472401044,53955.0770024266,9.85083961,https://api.worldbank.org/v2/,0.01332267519317879,0.013802622498274672,0.014144271570014143,-0.0006645837450341432,0.0007788189563152903,9.020752479190183,0.0,7299.0,0.04566905160602831,6569.0,0.08997429305912596,7780.0
EU_EEA,Netherlands,NLD,2019,Escherichia coli,Blood/invasive,Carbapenems,0,7299,EARS-Net mixed/not reported,Not reported in Atlas aggregate,ECDC Surveillance Atlas aggregate,https://atlas.ecdc.europa.eu/public/,0.0,0,J01DH_carbapenems,0.0139,0.0136,0.0144999999999999,0.0141,3.524,0.6149999999999999,,,,0.6256256256256255,,,,0.70591050490548,17344874,19.0648534024819,93.8898028856479,53554.9007491475,9.93616295,https://api.worldbank.org/v2/,0.012088974854932301,0.01332267519317879,0.013802622498274672,-0.004264156783307054,0.005694505736682648,8.895629627136483,0.040069453719780955,7487.0,0.04160887656033287,7210.0,,
EU_EEA,Netherlands,NLD,2020,Escherichia coli,Blood/invasive,Carbapenems,3,7487,EUCAST,EUCAST required; exact version unavailable in Atlas aggregate,ECDC Surveillance Atlas aggregate,https://atlas.ecdc.europa.eu/public/,0.040069453719780955,1,J01DH_carbapenems,0.0135,0.0139,0.0136,0.0144999999999999,3.0562,0.5821000000000001,,,,0.6975519873650963,,,,0.6256256256256255,17441500,19.3703952280046,94.2532277765935,53467.9277413737,10.94954681,https://api.worldbank.org/v2/,0.0,0.012088974854932301,0.01332267519317879,0.006815136072487417,0.01463945329479922,8.921057018157429,0.04566905160602831,6569.0,0.08997429305912596,7780.0,,
EU_EEA,Netherlands,NLD,2021,Escherichia coli,Blood/invasive,Carbapenems,3,6569,EUCAST,EUCAST required; exact version unavailable in Atlas aggregate,ECDC Surveillance Atlas aggregate,https://atlas.ecdc.europa.eu/public/,0.04566905160602831,0,J01DH_carbapenems,0.0135,0.0135,0.0139,0.0136,3.0832,0.5404,,,,0.7289879931389364,,,,0.6975519873650963,17533044,19.6618088308361,94.6294783220315,60141.9880911492,11.13498974,https://api.worldbank.org/v2/,0.040069453719780955,0.0,0.012088974854932301,0.014080968397306898,0.019005346217647434,8.790269111478656,0.04160887656033287,7210.0,,,,
EU_EEA,Netherlands,NLD,2022,Escherichia coli,Blood/invasive,Carbapenems,3,7210,EUCAST,EUCAST required; exact version unavailable in Atlas aggregate,ECDC Surveillance Atlas aggregate,https://atlas.ecdc.europa.eu/public/,0.04160887656033287,0,J01DH_carbapenems,0.0135,0.0135,0.0135,0.0139,3.5709,0.5727999999999998,,,,0.7504690431519704,,,,0.7289879931389364,17700982,19.9012830406524,94.9856177734136,59123.318556487,10.03109169,https://api.worldbank.org/v2/,0.04566905160602831,0.040069453719780955,0.0,0.013042622756724602,0.018494479489127497,8.88336291691676,0.08997429305912596,7780.0,,,,
EU_EEA,Netherlands,NLD,2023,Escherichia coli,Blood/invasive,Carbapenems,7,7780,EUCAST,EUCAST required; exact version unavailable in Atlas aggregate,ECDC Surveillance Atlas aggregate,https://atlas.ecdc.europa.eu/public/,0.08997429305912596,0,J01DH_carbapenems,,,,,,,,,,,,,,,17877117,20.1567559021407,95.3221682092129,63515.6030780019,9.83150005,https://api.worldbank.org/v2/,0.04160887656033287,0.04566905160602831,0.040069453719780955,0.01456543429723395,0.02068041232570118,8.95944014361693,,,,,,
EU_EEA,Netherlands,NLD,2013,Escherichia coli,Blood/invasive,Fluoroquinolones,984,6667,EARS-Net mixed/not reported,Not reported in Atlas aggregate,ECDC Surveillance Atlas aggregate,https://atlas.ecdc.europa.eu/public/,14.759262036898155,0,J01M_quinolones,0.8676999999999998,,,,3.9687,0.6279999999999997,,,,0.5696653216235462,,,,,16804432,16.8801636441145,89.1749992370605,52602.2860520766,10.50247383,https://api.worldbank.org/v2/,15.635564570655848,14.443625644804717,13.880320789636027,0.3828762667637487,0.6353631674310111,8.805075243870684,13.962952568060624,7126.0,12.898330804248863,7249.0,14.708726130045926,8274.0
EU_EEA,Netherlands,NLD,2014,Escherichia coli,Blood/invasive,Fluoroquinolones,995,7126,EARS-Net mixed/not reported,Not reported in Atlas aggregate,ECDC Surveillance Atlas aggregate,https://atlas.ecdc.europa.eu/public/,13.962952568060624,0,J01M_quinolones,0.8924,0.8676999999999998,,,3.8945,0.6365,,,,0.5071352753862484,,,,0.5696653216235462,16865008,17.3524406523196,89.8364787097165,53457.2234864322,10.45699596,https://api.worldbank.org/v2/,14.759262036898155,15.635564570655848,14.443625644804717,-0.23183217639899953,0.6098686925138037,8.871645667501872,13.16087079445858,7074.0,14.418852349886834,7511.0,14.565634420389149,7298.0
EU_EEA,Netherlands,NLD,2015,Escherichia coli,Blood/invasive,Fluoroquinolones,931,7074,EARS-Net mixed/not reported,Not reported in Atlas aggregate,ECDC Surveillance Atlas aggregate,https://atlas.ecdc.europa.eu/public/,13.16087079445858,0,J01M_quinolones,0.8704000000000001,0.8924,0.8676999999999998,,3.928399999999999,0.6486999999999999,,,,0.6231248557581354,,,,0.5071352753862484,16939923,17.7566909073968,90.2787737214621,45793.8135434697,10.18857956,https://api.worldbank.org/v2/,13.962952568060624,14.759262036898155,15.635564570655848,-0.8220390797429359,0.9193049287864861,8.864322722511439,12.898330804248863,7249.0,14.708726130045926,8274.0,13.337783711615486,7490.0
EU_EEA,Netherlands,NLD,2016,Escherichia coli,Blood/invasive,Fluoroquinolones,935,7249,EARS-Net mixed/not reported,Not reported in Atlas aggregate,ECDC Surveillance Atlas aggregate,https://atlas.ecdc.europa.eu/public/,12.898330804248863,0,J01M_quinolones,0.8404999999999998,0.8704000000000001,0.8924,0.8676999999999998,3.8701999999999996,0.6383999999999999,,,,0.6097560975609756,,,,0.6231248557581354,17030314,18.0943972670713,90.5803239452777,46808.5291492503,9.89148426,https://api.worldbank.org/v2/,13.16087079445858,13.962952568060624,14.759262036898155,-0.6384875471549935,0.7287708103676761,8.88875674784872,14.418852349886834,7511.0,14.565634420389149,7298.0,13.32319391634981,6575.0
EU_EEA,Netherlands,NLD,2017,Escherichia coli,Blood/invasive,Fluoroquinolones,1083,7511,EARS-Net mixed/not reported,Not reported in Atlas aggregate,ECDC Surveillance Atlas aggregate,https://atlas.ecdc.europa.eu/public/,14.418852349886834,0,J01M_quinolones,0.8197999999999999,0.8404999999999998,0.8704000000000001,0.8924,3.6832,0.6323999999999996,,,,0.4796163069544365,,,,0.6097560975609756,17131296,18.4202330068604,91.1219700676602,49513.6817346384,9.93712521,https://api.worldbank.org/v2/,12.898330804248863,13.16087079445858,13.962952568060624,0.11051593552688824,0.6097145794141126,8.9242570208881,14.708726130045926,8274.0,13.337783711615486,7490.0,13.142936364896714,7213.0
EU_EEA,Netherlands,NLD,2018,Escherichia coli,Blood/invasive,Fluoroquinolones,1217,8274,EARS-Net mixed/not reported,Not reported in Atlas aggregate,ECDC Surveillance Atlas aggregate,https://atlas.ecdc.europa.eu/public/,14.708726130045926,0,J01M_quinolones,0.8129,0.8197999999999999,0.8404999999999998,0.8704000000000001,3.6149,0.6363,,,,0.70591050490548,,,,0.4796163069544365,17231624,18.7510079268288,92.6062472401044,53955.0770024266,9.85083961,https://api.worldbank.org/v2/,14.418852349886834,12.898330804248863,13.16087079445858,0.6164087552399985,0.7794567336855686,9.020994200245264,14.565634420389149,7298.0,13.32319391634981,6575.0,12.946428571428571,7840.0
EU_EEA,Netherlands,NLD,2019,Escherichia coli,Blood/invasive,Fluoroquinolones,1063,7298,EARS-Net mixed/not reported,Not reported in Atlas aggregate,ECDC Surveillance Atlas aggregate,https://atlas.ecdc.europa.eu/public/,14.565634420389149,0,J01M_quinolones,0.7416,0.8129,0.8197999999999999,0.8404999999999998,3.524,0.6149999999999999,,,,0.6256256256256255,,,,0.70591050490548,17344874,19.0648534024819,93.8898028856479,53554.9007491475,9.93616295,https://api.worldbank.org/v2/,14.708726130045926,14.418852349886834,12.898330804248863,0.5291784628579935,0.7286745405541624,8.895492631451633,13.337783711615486,7490.0,13.142936364896714,7213.0,,
EU_EEA,Netherlands,NLD,2020,Escherichia coli,Blood/invasive,Fluoroquinolones,999,7490,EUCAST,EUCAST required; exact version unavailable in Atlas aggregate,ECDC Surveillance Atlas aggregate,https://atlas.ecdc.europa.eu/public/,13.337783711615486,1,J01M_quinolones,0.7049,0.7416,0.8129,0.8197999999999999,3.0562,0.5821000000000001,,,,0.6975519873650963,,,,0.6256256256256255,17441500,19.3703952280046,94.2532277765935,53467.9277413737,10.94954681,https://api.worldbank.org/v2/,14.565634420389149,14.708726130045926,14.418852349886834,-0.3386297624470846,0.5409399747406859,8.921457578947884,13.32319391634981,6575.0,12.946428571428571,7840.0,,
EU_EEA,Netherlands,NLD,2021,Escherichia coli,Blood/invasive,Fluoroquinolones,876,6575,EUCAST,EUCAST required; exact version unavailable in Atlas aggregate,ECDC Surveillance Atlas aggregate,https://atlas.ecdc.europa.eu/public/,13.32319391634981,0,J01M_quinolones,0.6993,0.7049,0.7416,0.8129,3.0832,0.5404,,,,0.7289879931389364,,,,0.6975519873650963,17533044,19.6618088308361,94.6294783220315,60141.9880911492,11.13498974,https://api.worldbank.org/v2/,13.337783711615486,14.565634420389149,14.708726130045926,-0.5384447349862033,0.6553217958784548,8.791181936736017,13.142936364896714,7213.0,,,,
EU_EEA,Netherlands,NLD,2022,Escherichia coli,Blood/invasive,Fluoroquinolones,948,7213,EUCAST,EUCAST required; exact version unavailable in Atlas aggregate,ECDC Surveillance Atlas aggregate,https://atlas.ecdc.europa.eu/public/,13.142936364896714,0,J01M_quinolones,0.7319999999999998,0.6993,0.7049,0.7416,3.5709,0.5727999999999998,,,,0.7504690431519704,,,,0.7289879931389364,17700982,19.9012830406524,94.9856177734136,59123.318556487,10.03109169,https://api.worldbank.org/v2/,13.32319391634981,13.337783711615486,14.565634420389149,-0.42826839617430257,0.5671208348822646,8.883778861463485,12.946428571428571,7840.0,,,,
EU_EEA,Netherlands,NLD,2023,Escherichia coli,Blood/invasive,Fluoroquinolones,1015,7840,EUCAST,EUCAST required; exact version unavailable in Atlas aggregate,ECDC Surveillance Atlas aggregate,https://atlas.ecdc.europa.eu/public/,12.946428571428571,0,J01M_quinolones,,,,,,,,,,,,,,,17877117,20.1567559021407,95.3221682092129,63515.6030780019,9.83150005,https://api.worldbank.org/v2/,13.142936364896714,13.32319391634981,13.337783711615486,-0.1354322972013857,0.1589806236785436,8.967121656230923,,,,,,
EU_EEA,Netherlands,NLD,2013,Escherichia coli,Blood/invasive,Third-generation cephalosporins,405,6665,EARS-Net mixed/not reported,Not reported in Atlas aggregate,ECDC Surveillance Atlas aggregate,https://atlas.ecdc.europa.eu/public/,6.0765191297824455,0,J01D_other_beta_lactams,0.2160999999999999,,,,3.9687,0.6279999999999997,,,,0.5696653216235462,,,,,16804432,16.8801636441145,89.1749992370605,52602.2860520766,10.50247383,https://api.worldbank.org/v2/,6.077535127814458,5.837937384898711,4.927119687949086,0.3687796068415821,0.47358295194045824,8.804775258867686,6.120157215047726,7124.0,6.593103448275862,7250.0,7.315598548972188,8270.0
EU_EEA,Netherlands,NLD,2014,Escherichia coli,Blood/invasive,Third-generation cephalosporins,436,7124,EARS-Net mixed/not reported,Not reported in Atlas aggregate,ECDC Surveillance Atlas aggregate,https://atlas.ecdc.europa.eu/public/,6.120157215047726,0,J01D_other_beta_lactams,0.2261999999999999,0.2160999999999999,,,3.8945,0.6365,,,,0.5071352753862484,,,,0.5696653216235462,16865008,17.3524406523196,89.8364787097165,53457.2234864322,10.45699596,https://api.worldbank.org/v2/,6.0765191297824455,6.077535127814458,5.837937384898711,0.08456434924150288,0.11115819723180848,8.871365005136852,6.078597681651117,7074.0,6.365694499933413,7509.0,7.52054794520548,7300.0
EU_EEA,Netherlands,NLD,2015,Escherichia coli,Blood/invasive,Third-generation cephalosporins,430,7074,EARS-Net mixed/not reported,Not reported in Atlas aggregate,ECDC Surveillance Atlas aggregate,https://atlas.ecdc.europa.eu/public/,6.078597681651117,0,J01D_other_beta_lactams,0.23679999999999998,0.2261999999999999,0.2160999999999999,,3.928399999999999,0.6486999999999999,,,,0.6231248557581354,,,,0.5071352753862484,16939923,17.7566909073968,90.2787737214621,45793.8135434697,10.18857956,https://api.worldbank.org/v2/,6.120157215047726,6.0765191297824455,6.077535127814458,0.004682574677524425,0.018463818118917445,8.864322722511439,6.593103448275862,7250.0,7.315598548972188,8270.0,6.645316253002402,7494.0
EU_EEA,Netherlands,NLD,2016,Escherichia coli,Blood/invasive,Third-generation cephalosporins,478,7250,EARS-Net mixed/not reported,Not reported in Atlas aggregate,ECDC Surveillance Atlas aggregate,https://atlas.ecdc.europa.eu/public/,6.593103448275862,0,J01D_other_beta_lactams,0.2346,0.23679999999999998,0.2261999999999999,0.2160999999999999,3.8701999999999996,0.6383999999999999,,,,0.6097560975609756,,,,0.6231248557581354,17030314,18.0943972670713,90.5803239452777,46808.5291492503,9.89148426,https://api.worldbank.org/v2/,6.078597681651117,6.120157215047726,6.0765191297824455,0.15081934220836285,0.21778565712756792,8.888894669371593,6.365694499933413,7509.0,7.52054794520548,7300.0,6.64638783269962,6575.0
EU_EEA,Netherlands,NLD,2017,Escherichia coli,Blood/invasive,Third-generation cephalosporins,478,7509,EARS-Net mixed/not reported,Not reported in Atlas aggregate,ECDC Surveillance Atlas aggregate,https://atlas.ecdc.europa.eu/public/,6.365694499933413,0,J01D_other_beta_lactams,0.2436999999999999,0.2346,0.23679999999999998,0.2261999999999999,3.6832,0.6323999999999996,,,,0.4796163069544365,,,,0.6097560975609756,17131296,18.4202330068604,91.1219700676602,49513.6817346384,9.93712521,https://api.worldbank.org/v2/,6.593103448275862,6.078597681651117,6.120157215047726,0.12511176212817968,0.20684376491600776,8.92399074475818,7.315598548972188,8270.0,6.645316253002402,7494.0,7.747747747747748,7215.0
EU_EEA,Netherlands,NLD,2018,Escherichia coli,Blood/invasive,Third-generation cephalosporins,605,8270,EARS-Net mixed/not reported,Not reported in Atlas aggregate,ECDC Surveillance Atlas aggregate,https://atlas.ecdc.europa.eu/public/,7.315598548972188,0,J01D_other_beta_lactams,0.25570000000000004,0.2436999999999999,0.2346,0.23679999999999998,3.6149,0.6363,,,,0.70591050490548,,,,0.4796163069544365,17231624,18.7510079268288,92.6062472401044,53955.0770024266,9.85083961,https://api.worldbank.org/v2/,6.365694499933413,6.593103448275862,6.078597681651117,0.3483593653620746,0.4578034250232117,9.020510699691906,7.52054794520548,7300.0,6.64638783269962,6575.0,7.971938775510204,7840.0
EU_EEA,Netherlands,NLD,2019,Escherichia coli,Blood/invasive,Third-generation cephalosporins,549,7300,EARS-Net mixed/not reported,Not reported in Atlas aggregate,ECDC Surveillance Atlas aggregate,https://atlas.ecdc.europa.eu/public/,7.52054794520548,0,J01D_other_beta_lactams,0.2594,0.25570000000000004,0.2436999999999999,0.2346,3.524,0.6149999999999999,,,,0.6256256256256255,,,,0.70591050490548,17344874,19.0648534024819,93.8898028856479,53554.9007491475,9.93616295,https://api.worldbank.org/v2/,7.315598548972188,6.365694499933413,6.593103448275862,0.37322375398276203,0.48165572070819573,8.895766604056085,6.645316253002402,7494.0,7.747747747747748,7215.0,,
EU_EEA,Netherlands,NLD,2020,Escherichia coli,Blood/invasive,Third-generation cephalosporins,498,7494,EUCAST,EUCAST required; exact version unavailable in Atlas aggregate,ECDC Surveillance Atlas aggregate,https://atlas.ecdc.europa.eu/public/,6.645316253002402,1,J01D_other_beta_lactams,0.2563,0.2594,0.25570000000000004,0.2436999999999999,3.0562,0.5821000000000001,,,,0.6975519873650963,,,,0.6256256256256255,17441500,19.3703952280046,94.2532277765935,53467.9277413737,10.94954681,https://api.worldbank.org/v2/,7.52054794520548,7.315598548972188,6.365694499933413,0.10438146554402475,0.4724606884155828,8.921991410536698,6.64638783269962,6575.0,7.971938775510204,7840.0,,
EU_EEA,Netherlands,NLD,2021,Escherichia coli,Blood/invasive,Third-generation cephalosporins,437,6575,EUCAST,EUCAST required; exact version unavailable in Atlas aggregate,ECDC Surveillance Atlas aggregate,https://atlas.ecdc.europa.eu/public/,6.64638783269962,0,J01D_other_beta_lactams,0.2607,0.2563,0.2594,0.25570000000000004,3.0832,0.5404,,,,0.7289879931389364,,,,0.6975519873650963,17533044,19.6618088308361,94.6294783220315,60141.9880911492,11.13498974,https://api.worldbank.org/v2/,6.645316253002402,7.52054794520548,7.315598548972188,-0.28828638410207935,0.3928512090869277,8.791181936736017,7.747747747747748,7215.0,,,,
EU_EEA,Netherlands,NLD,2022,Escherichia coli,Blood/invasive,Third-generation cephalosporins,559,7215,EUCAST,EUCAST required; exact version unavailable in Atlas aggregate,ECDC Surveillance Atlas aggregate,https://atlas.ecdc.europa.eu/public/,7.747747747747748,0,J01D_other_beta_lactams,0.2580999999999999,0.2607,0.2563,0.2594,3.5709,0.5727999999999998,,,,0.7504690431519704,,,,0.7289879931389364,17700982,19.9012830406524,94.9856177734136,59123.318556487,10.03109169,https://api.worldbank.org/v2/,6.64638783269962,6.645316253002402,7.52054794520548,0.06826709873240139,0.5006343587747284,8.88405606174246,7.971938775510204,7840.0,,,,
EU_EEA,Netherlands,NLD,2023,Escherichia coli,Blood/invasive,Third-generation cephalosporins,625,7840,EUCAST,EUCAST required; exact version unavailable in Atlas aggregate,ECDC Surveillance Atlas aggregate,https://atlas.ecdc.europa.eu/public/,7.971938775510204,0,J01D_other_beta_lactams,,,,,,,,,,,,,,,17877117,20.1567559021407,95.3221682092129,63515.6030780019,9.83150005,https://api.worldbank.org/v2/,7.747747747747748,6.64638783269962,6.645316253002402,0.5081227482571519,0.6121490957838901,8.967121656230923,,,,,,
EU_EEA,Norway,NOR,2013,Escherichia coli,Blood/invasive,Aminoglycosides,197,3079,EARS-Net mixed/not reported,Not reported in Atlas aggregate,ECDC Surveillance Atlas aggregate,https://atlas.ecdc.europa.eu/public/,6.398181227671322,0,J01G_aminoglycosides,,,,,6.816199999999999,1.0314,,,,0.325874429719748,,,,,5079623,15.7789144734543,79.9723980455359,106333.138368566,8.87431335,https://api.worldbank.org/v2/,5.755871650678134,4.089068825910931,4.3187889581478185,0.7904979633337708,0.9671040387476415,8.03268487596762,5.937408599005558,3419.0,5.506364139457665,3614.0,5.747422680412371,3880.0
EU_EEA,Norway,NOR,2014,Escherichia coli,Blood/invasive,Aminoglycosides,203,3419,EARS-Net mixed/not reported,Not reported in Atlas aggregate,ECDC Surveillance Atlas aggregate,https://atlas.ecdc.europa.eu/public/,5.937408599005558,0,J01G_aminoglycosides,,,,,6.6821,1.0464,,,,0.3374739714224168,,,,0.325874429719748,5137232,16.0283762490523,80.6117159535579,100410.020200979,9.28297901,https://api.worldbank.org/v2/,6.398181227671322,5.755871650678134,4.089068825910931,0.6187328896277055,0.8726547258599714,8.13739583005665,5.998182368979097,3301.0,7.181136120042872,3732.0,5.596465390279823,4074.0
EU_EEA,Norway,NOR,2015,Escherichia coli,Blood/invasive,Aminoglycosides,198,3301,EARS-Net mixed/not reported,Not reported in Atlas aggregate,ECDC Surveillance Atlas aggregate,https://atlas.ecdc.europa.eu/public/,5.998182368979097,0,J01G_aminoglycosides,,,,,6.6174,1.0339,,,,0.3457216940363007,,,,0.3374739714224168,5188607,16.2747739736493,81.2378240971353,77220.9524311414,10.06992245,https://api.worldbank.org/v2/,5.937408599005558,6.398181227671322,5.755871650678134,0.026615952623711667,0.23455219220732845,8.102283624480073,5.506364139457665,3614.0,5.747422680412371,3880.0,5.660377358490566,3763.0
EU_EEA,Norway,NOR,2016,Escherichia coli,Blood/invasive,Aminoglycosides,199,3614,EARS-Net mixed/not reported,Not reported in Atlas aggregate,ECDC Surveillance Atlas aggregate,https://atlas.ecdc.europa.eu/public/,5.506364139457665,0,J01G_aminoglycosides,,,,,6.319,1.0201,,,,0.3934999635648181,,,,0.3457216940363007,5234519,16.5172709689852,81.6800003051758,73222.4006864905,10.53049755,https://api.worldbank.org/v2/,5.998182368979097,5.937408599005558,6.398181227671322,-0.2614677494667446,0.3161315162659666,8.192847134592865,7.181136120042872,3732.0,5.596465390279823,4074.0,5.392029174264131,3839.0
EU_EEA,Norway,NOR,2017,Escherichia coli,Blood/invasive,Aminoglycosides,268,3732,EARS-Net mixed/not reported,Not reported in Atlas aggregate,ECDC Surveillance Atlas aggregate,https://atlas.ecdc.europa.eu/public/,7.181136120042872,0,J01G_aminoglycosides,,,,,6.0259,1.0292999999999999,,,,0.3972758229284902,,,,0.3934999635648181,5276968,16.7812420495177,81.9699745912375,78771.2151264554,10.22983646,https://api.worldbank.org/v2/,5.506364139457665,5.998182368979097,5.937408599005558,0.32393643335904937,0.6216146745979457,8.224967478914584,5.747422680412371,3880.0,5.660377358490566,3763.0,5.403288958496476,3831.0
EU_EEA,Norway,NOR,2018,Escherichia coli,Blood/invasive,Aminoglycosides,223,3880,EARS-Net mixed/not reported,Not reported in Atlas aggregate,ECDC Surveillance Atlas aggregate,https://atlas.ecdc.europa.eu/public/,5.747422680412371,0,J01G_aminoglycosides,,,,,5.8395,0.9541999999999999,,,,0.510894064613073,,,,0.3972758229284902,5311916,17.0853969570307,82.2452112401723,85579.0776455494,9.96037865,https://api.worldbank.org/v2/,7.181136120042872,5.506364139457665,5.998182368979097,0.09224929148850206,0.643362738058458,8.263848131368906,5.596465390279823,4074.0,5.392029174264131,3839.0,5.523474767762993,3983.0
EU_EEA,Norway,NOR,2019,Escherichia coli,Blood/invasive,Aminoglycosides,228,4074,EARS-Net mixed/not reported,Not reported in Atlas aggregate,ECDC Surveillance Atlas aggregate,https://atlas.ecdc.europa.eu/public/,5.596465390279823,0,J01G_aminoglycosides,,,,,6.024,0.9447000000000001,,,,0.5103189493433397,,,,0.510894064613073,5347896,17.3948556308139,82.4935894878281,79329.3075190012,10.43807507,https://api.worldbank.org/v2/,5.747422680412371,7.181136120042872,5.506364139457665,-0.11634096871640344,0.682852120461914,8.312626025674962,5.660377358490566,3763.0,5.403288958496476,3831.0,,
EU_EEA,Norway,NOR,2020,Escherichia coli,Blood/invasive,Aminoglycosides,213,3763,EUCAST,EUCAST required; exact version unavailable in Atlas aggregate,ECDC Surveillance Atlas aggregate,https://atlas.ecdc.europa.eu/public/,5.660377358490566,1,J01G_aminoglycosides,,,,,5.070899999999999,0.8333999999999999,,,,0.5363727790814615,,,,0.5103189493433397,5379475,17.7281839266957,82.7029885700532,71057.5879471399,11.42416382,https://api.worldbank.org/v2/,5.596465390279823,5.747422680412371,7.181136120042872,-0.4713233574789484,0.657356091227209,8.23323750070527,5.392029174264131,3839.0,5.523474767762993,3983.0,,
EU_EEA,Norway,NOR,2021,Escherichia coli,Blood/invasive,Aminoglycosides,207,3839,EUCAST,EUCAST required; exact version unavailable in Atlas aggregate,ECDC Surveillance Atlas aggregate,https://atlas.ecdc.europa.eu/public/,5.392029174264131,0,J01G_aminoglycosides,,,,,5.1297,0.8401999999999997,,,,0.5850432423266068,,,,0.5363727790814615,5408320,18.0740226148213,82.8612877226956,96442.5552173002,9.8142643,https://api.worldbank.org/v2/,5.660377358490566,5.596465390279823,5.747422680412371,-0.1002268550233997,0.13099598987231187,8.253227645581772,5.403288958496476,3831.0,,,,
EU_EEA,Norway,NOR,2022,Escherichia coli,Blood/invasive,Aminoglycosides,207,3831,EUCAST,EUCAST required; exact version unavailable in Atlas aggregate,ECDC Surveillance Atlas aggregate,https://atlas.ecdc.europa.eu/public/,5.403288958496476,0,J01G_aminoglycosides,,,,,6.0699000000000005,0.9233,,,,0.6492998513650943,,,,0.5850432423266068,5457127,18.3301335040316,82.9563661816034,113122.130765691,7.90873051,https://api.worldbank.org/v2/,5.392029174264131,5.660377358490566,5.596465390279823,-0.08478774795764862,0.1176403459771782,8.251142139090751,5.523474767762993,3983.0,,,,
EU_EEA,Norway,NOR,2023,Escherichia coli,Blood/invasive,Aminoglycosides,220,3983,EUCAST,EUCAST required; exact version unavailable in Atlas aggregate,ECDC Surveillance Atlas aggregate,https://atlas.ecdc.europa.eu/public/,5.523474767762993,0,J01G_aminoglycosides,,,,,,,,,,,,,,,5519601,18.5338475896816,83.0718560702166,90984.4087141111,9.42925453,https://api.worldbank.org/v2/,5.403288958496476,5.392029174264131,5.660377358490566,-0.039944798795038705,0.10859813196983067,8.290041618704489,,,,,,
EU_EEA,Norway,NOR,2013,Escherichia coli,Blood/invasive,Aminopenicillins,1296,3016,EARS-Net mixed/not reported,Not reported in Atlas aggregate,ECDC Surveillance Atlas aggregate,https://atlas.ecdc.europa.eu/public/,42.97082228116711,0,J01C_penicillins,6.802499999999999,,,,6.816199999999999,1.0314,,,,0.325874429719748,,,,,5079623,15.7789144734543,79.9723980455359,106333.138368566,8.87431335,https://api.worldbank.org/v2/,43.23873121869783,39.090561711883836,38.22751322751323,1.8378096667775587,2.245713232494635,8.012018239159062,41.80376028202115,3404.0,42.87690179806362,3615.0,42.29381443298969,3880.0
EU_EEA,Norway,NOR,2014,Escherichia coli,Blood/invasive,Aminopenicillins,1423,3404,EARS-Net mixed/not reported,Not reported in Atlas aggregate,ECDC Surveillance Atlas aggregate,https://atlas.ecdc.europa.eu/public/,41.80376028202115,0,J01C_penicillins,6.7504,6.802499999999999,,,6.6821,1.0464,,,,0.3374739714224168,,,,0.325874429719748,5137232,16.0283762490523,80.6117159535579,100410.020200979,9.28297901,https://api.worldbank.org/v2/,42.97082228116711,43.23873121869783,39.090561711883836,0.7871686772881142,1.6416099057319196,8.133000218583613,45.80175810851773,3299.0,42.1602787456446,3731.0,40.96267190569745,4072.0
EU_EEA,Norway,NOR,2015,Escherichia coli,Blood/invasive,Aminopenicillins,1511,3299,EARS-Net mixed/not reported,Not reported in Atlas aggregate,ECDC Surveillance Atlas aggregate,https://atlas.ecdc.europa.eu/public/,45.80175810851773,0,J01C_penicillins,6.757300000000001,6.7504,6.802499999999999,,6.6174,1.0339,,,,0.3457216940363007,,,,0.3374739714224168,5188607,16.2747739736493,81.2378240971353,77220.9524311414,10.06992245,https://api.worldbank.org/v2/,41.80376028202115,42.97082228116711,43.23873121869783,0.6522018670313672,1.4590288211459204,8.101677747454572,42.87690179806362,3615.0,42.29381443298969,3880.0,39.78179882916445,3758.0
EU_EEA,Norway,NOR,2016,Escherichia coli,Blood/invasive,Aminopenicillins,1550,3615,EARS-Net mixed/not reported,Not reported in Atlas aggregate,ECDC Surveillance Atlas aggregate,https://atlas.ecdc.europa.eu/public/,42.87690179806362,0,J01C_penicillins,6.513400000000001,6.757300000000001,6.7504,6.802499999999999,6.319,1.0201,,,,0.3934999635648181,,,,0.3457216940363007,5234519,16.5172709689852,81.6800003051758,73222.4006864905,10.53049755,https://api.worldbank.org/v2/,45.80175810851773,41.80376028202115,42.97082228116711,0.37162363771860424,1.4806133905517718,8.193123721512068,42.1602787456446,3731.0,40.96267190569745,4072.0,35.39223351576753,3837.0
EU_EEA,Norway,NOR,2017,Escherichia coli,Blood/invasive,Aminopenicillins,1573,3731,EARS-Net mixed/not reported,Not reported in Atlas aggregate,ECDC Surveillance Atlas aggregate,https://atlas.ecdc.europa.eu/public/,42.1602787456446,0,J01C_penicillins,6.2997,6.513400000000001,6.757300000000001,6.7504,6.0259,1.0292999999999999,,,,0.3972758229284902,,,,0.3934999635648181,5276968,16.7812420495177,81.9699745912375,78771.2151264554,10.22983646,https://api.worldbank.org/v2/,42.87690179806362,45.80175810851773,41.80376028202115,-0.18553009195838885,1.5730430249861052,8.224699561967235,42.29381443298969,3880.0,39.78179882916445,3758.0,37.78431897243778,3737.0
EU_EEA,Norway,NOR,2018,Escherichia coli,Blood/invasive,Aminopenicillins,1641,3880,EARS-Net mixed/not reported,Not reported in Atlas aggregate,ECDC Surveillance Atlas aggregate,https://atlas.ecdc.europa.eu/public/,42.29381443298969,0,J01C_penicillins,6.086600000000001,6.2997,6.513400000000001,6.757300000000001,5.8395,0.9541999999999999,,,,0.510894064613073,,,,0.3972758229284902,5311916,17.0853969570307,82.2452112401723,85579.0776455494,9.96037865,https://api.worldbank.org/v2/,42.1602787456446,42.87690179806362,45.80175810851773,-1.1240454079003224,1.4788550569627736,8.263848131368906,40.96267190569745,4072.0,35.39223351576753,3837.0,36.85664072307306,3983.0
EU_EEA,Norway,NOR,2019,Escherichia coli,Blood/invasive,Aminopenicillins,1668,4072,EARS-Net mixed/not reported,Not reported in Atlas aggregate,ECDC Surveillance Atlas aggregate,https://atlas.ecdc.europa.eu/public/,40.96267190569745,0,J01C_penicillins,6.3229999999999995,6.086600000000001,6.2997,6.513400000000001,6.024,0.9447000000000001,,,,0.5103189493433397,,,,0.510894064613073,5347896,17.3948556308139,82.4935894878281,79329.3075190012,10.43807507,https://api.worldbank.org/v2/,42.29381443298969,42.1602787456446,42.87690179806362,-0.5609153989753479,0.6956044990798325,8.312135107648412,39.78179882916445,3758.0,37.78431897243778,3737.0,,
EU_EEA,Norway,NOR,2020,Escherichia coli,Blood/invasive,Aminopenicillins,1495,3758,EUCAST,EUCAST required; exact version unavailable in Atlas aggregate,ECDC Surveillance Atlas aggregate,https://atlas.ecdc.europa.eu/public/,39.78179882916445,1,J01C_penicillins,5.3286999999999995,6.3229999999999995,6.086600000000001,6.2997,5.070899999999999,0.8333999999999999,,,,0.5363727790814615,,,,0.5103189493433397,5379475,17.7281839266957,82.7029885700532,71057.5879471399,11.42416382,https://api.worldbank.org/v2/,40.96267190569745,42.29381443298969,42.1602787456446,-0.8466582276732726,1.0181442886659073,8.231908243564177,35.39223351576753,3837.0,36.85664072307306,3983.0,,
EU_EEA,Norway,NOR,2021,Escherichia coli,Blood/invasive,Aminopenicillins,1358,3837,EUCAST,EUCAST required; exact version unavailable in Atlas aggregate,ECDC Surveillance Atlas aggregate,https://atlas.ecdc.europa.eu/public/,35.39223351576753,0,J01C_penicillins,5.4081,5.3286999999999995,6.3229999999999995,6.086600000000001,5.1297,0.8401999999999997,,,,0.5850432423266068,,,,0.5363727790814615,5408320,18.0740226148213,82.8612877226956,96442.5552173002,9.8142643,https://api.worldbank.org/v2/,39.78179882916445,40.96267190569745,42.29381443298969,-2.1885615828199585,2.5909278103877953,8.252706676567644,37.78431897243778,3737.0,,,,
EU_EEA,Norway,NOR,2022,Escherichia coli,Blood/invasive,Aminopenicillins,1412,3737,EUCAST,EUCAST required; exact version unavailable in Atlas aggregate,ECDC Surveillance Atlas aggregate,https://atlas.ecdc.europa.eu/public/,37.78431897243778,0,J01C_penicillins,6.413,5.4081,5.3286999999999995,6.3229999999999995,6.0699000000000005,0.9233,,,,0.6492998513650943,,,,0.5850432423266068,5457127,18.3301335040316,82.9563661816034,113122.130765691,7.90873051,https://api.worldbank.org/v2/,35.39223351576753,39.78179882916445,40.96267190569745,-1.3924624113175992,2.114037232079076,8.226305988015508,36.85664072307306,3983.0,,,,
EU_EEA,Norway,NOR,2023,Escherichia coli,Blood/invasive,Aminopenicillins,1468,3983,EUCAST,EUCAST required; exact version unavailable in Atlas aggregate,ECDC Surveillance Atlas aggregate,https://atlas.ecdc.europa.eu/public/,36.85664072307306,0,J01C_penicillins,,,,,,,,,,,,,,,5519601,18.5338475896816,83.0718560702166,90984.4087141111,9.42925453,https://api.worldbank.org/v2/,37.78431897243778,35.39223351576753,39.78179882916445,-0.6383388861603976,1.5918131878341748,8.290041618704489,,,,,,
EU_EEA,Norway,NOR,2013,Escherichia coli,Blood/invasive,Carbapenems,2,3079,EARS-Net mixed/not reported,Not reported in Atlas aggregate,ECDC Surveillance Atlas aggregate,https://atlas.ecdc.europa.eu/public/,0.06495615459564794,0,J01DH_carbapenems,0.0315,,,,6.816199999999999,1.0314,,,,0.325874429719748,,,,,5079623,15.7789144734543,79.9723980455359,106333.138368566,8.87431335,https://api.worldbank.org/v2/,0.0,0.03863987635239567,0.0,0.015622858743454815,0.027519573294907465,8.03268487596762,0.0,3420.0,0.05530973451327434,3616.0,0.025779840164990978,3879.0
EU_EEA,Norway,NOR,2014,Escherichia coli,Blood/invasive,Carbapenems,0,3420,EARS-Net mixed/not reported,Not reported in Atlas aggregate,ECDC Surveillance Atlas aggregate,https://atlas.ecdc.europa.eu/public/,0.0,0,J01DH_carbapenems,0.0326,0.0315,,,6.6821,1.0464,,,,0.3374739714224168,,,,0.325874429719748,5137232,16.0283762490523,80.6117159535579,100410.020200979,9.28297901,https://api.worldbank.org/v2/,0.06495615459564794,0.0,0.03863987635239567,-0.005096347446153913,0.027519573294907465,8.137688184977605,0.030330603579011222,3297.0,0.08036431824270024,3733.0,0.04950495049504951,4040.0
EU_EEA,Norway,NOR,2015,Escherichia coli,Blood/invasive,Carbapenems,1,3297,EARS-Net mixed/not reported,Not reported in Atlas aggregate,ECDC Surveillance Atlas aggregate,https://atlas.ecdc.europa.eu/public/,0.030330603579011222,0,J01DH_carbapenems,0.0271,0.0326,0.0315,,6.6174,1.0339,,,,0.3457216940363007,,,,0.3374739714224168,5188607,16.2747739736493,81.2378240971353,77220.9524311414,10.06992245,https://api.worldbank.org/v2/,0.0,0.06495615459564794,0.0,0.0026035656141385685,0.026783184848248754,8.101071503119543,0.05530973451327434,3616.0,0.025779840164990978,3879.0,0.027427317608337904,3646.0
EU_EEA,Norway,NOR,2016,Escherichia coli,Blood/invasive,Carbapenems,2,3616,EARS-Net mixed/not reported,Not reported in Atlas aggregate,ECDC Surveillance Atlas aggregate,https://atlas.ecdc.europa.eu/public/,0.05530973451327434,0,J01DH_carbapenems,0.0275,0.0271,0.0326,0.0315,6.319,1.0201,,,,0.3934999635648181,,,,0.3457216940363007,5234519,16.5172709689852,81.6800003051758,73222.4006864905,10.53049755,https://api.worldbank.org/v2/,0.030330603579011222,0.0,0.06495615459564794,0.0001391343331890369,0.02514253548656653,8.193400231952097,0.08036431824270024,3733.0,0.04950495049504951,4040.0,0.0,3820.0
EU_EEA,Norway,NOR,2017,Escherichia coli,Blood/invasive,Carbapenems,3,3733,EARS-Net mixed/not reported,Not reported in Atlas aggregate,ECDC Surveillance Atlas aggregate,https://atlas.ecdc.europa.eu/public/,0.08036431824270024,0,J01DH_carbapenems,0.0260999999999999,0.0275,0.0271,0.0326,6.0259,1.0292999999999999,,,,0.3972758229284902,,,,0.3934999635648181,5276968,16.7812420495177,81.9699745912375,78771.2151264554,10.22983646,https://api.worldbank.org/v2/,0.05530973451327434,0.030330603579011222,0.0,0.026607208566236388,0.029783172307470178,8.225235324101668,0.025779840164990978,3879.0,0.027427317608337904,3646.0,0.02675227394328518,3738.0
EU_EEA,Norway,NOR,2018,Escherichia coli,Blood/invasive,Carbapenems,1,3879,EARS-Net mixed/not reported,Not reported in Atlas aggregate,ECDC Surveillance Atlas aggregate,https://atlas.ecdc.europa.eu/public/,0.025779840164990978,0,J01DH_carbapenems,0.024,0.0260999999999999,0.0275,0.0271,5.8395,0.9541999999999999,,,,0.510894064613073,,,,0.3972758229284902,5311916,17.0853969570307,82.2452112401723,85579.0776455494,9.96037865,https://api.worldbank.org/v2/,0.08036431824270024,0.05530973451327434,0.030330603579011222,0.0011402293487365106,0.021833533706806945,8.263590432617319,0.04950495049504951,4040.0,0.0,3820.0,0.050200803212851405,3984.0
EU_EEA,Norway,NOR,2019,Escherichia coli,Blood/invasive,Carbapenems,2,4040,EARS-Net mixed/not reported,Not reported in Atlas aggregate,ECDC Surveillance Atlas aggregate,https://atlas.ecdc.europa.eu/public/,0.04950495049504951,0,J01DH_carbapenems,0.0232,0.024,0.0260999999999999,0.0275,6.024,0.9447000000000001,,,,0.5103189493433397,,,,0.510894064613073,5347896,17.3948556308139,82.4935894878281,79329.3075190012,10.43807507,https://api.worldbank.org/v2/,0.025779840164990978,0.08036431824270024,0.05530973451327434,-0.00719988301323839,0.019410192278394522,8.304247465078474,0.027427317608337904,3646.0,0.02675227394328518,3738.0,,
EU_EEA,Norway,NOR,2020,Escherichia coli,Blood/invasive,Carbapenems,1,3646,EUCAST,EUCAST required; exact version unavailable in Atlas aggregate,ECDC Surveillance Atlas aggregate,https://atlas.ecdc.europa.eu/public/,0.027427317608337904,1,J01DH_carbapenems,0.0221,0.0232,0.024,0.0260999999999999,5.070899999999999,0.8333999999999999,,,,0.5363727790814615,,,,0.5103189493433397,5379475,17.7281839266957,82.7029885700532,71057.5879471399,11.42416382,https://api.worldbank.org/v2/,0.04950495049504951,0.025779840164990978,0.08036431824270024,-0.013508589157302861,0.02206114907612381,8.20166019080868,0.0,3820.0,0.050200803212851405,3984.0,,
EU_EEA,Norway,NOR,2021,Escherichia coli,Blood/invasive,Carbapenems,0,3820,EUCAST,EUCAST required; exact version unavailable in Atlas aggregate,ECDC Surveillance Atlas aggregate,https://atlas.ecdc.europa.eu/public/,0.0,0,J01DH_carbapenems,0.0236,0.0221,0.0232,0.024,5.1297,0.8401999999999997,,,,0.5850432423266068,,,,0.5363727790814615,5408320,18.0740226148213,82.8612877226956,96442.5552173002,9.8142643,https://api.worldbank.org/v2/,0.027427317608337904,0.04950495049504951,0.025779840164990978,-0.009941715338168462,0.01753677377259464,8.2482674474469,0.02675227394328518,3738.0,,,,
EU_EEA,Norway,NOR,2022,Escherichia coli,Blood/invasive,Carbapenems,1,3738,EUCAST,EUCAST required; exact version unavailable in Atlas aggregate,ECDC Surveillance Atlas aggregate,https://atlas.ecdc.europa.eu/public/,0.02675227394328518,0,J01DH_carbapenems,0.0258,0.0236,0.0221,0.0232,6.0699000000000005,0.9233,,,,0.6492998513650943,,,,0.5850432423266068,5457127,18.3301335040316,82.9563661816034,113122.130765691,7.90873051,https://api.worldbank.org/v2/,0.0,0.027427317608337904,0.04950495049504951,-0.009568534726363098,0.017543239231862677,8.226573474977114,0.050200803212851405,3984.0,,,,
EU_EEA,Norway,NOR,2023,Escherichia coli,Blood/invasive,Carbapenems,2,3984,EUCAST,EUCAST required; exact version unavailable in Atlas aggregate,ECDC Surveillance Atlas aggregate,https://atlas.ecdc.europa.eu/public/,0.050200803212851405,0,J01DH_carbapenems,,,,,,,,,,,,,,,5519601,18.5338475896816,83.0718560702166,90984.4087141111,9.42925453,https://api.worldbank.org/v2/,0.02675227394328518,0.0,0.027427317608337904,0.009507273075682566,0.017778117537746815,8.290292591224315,,,,,,
EU_EEA,Norway,NOR,2013,Escherichia coli,Blood/invasive,Fluoroquinolones,324,2975,EARS-Net mixed/not reported,Not reported in Atlas aggregate,ECDC Surveillance Atlas aggregate,https://atlas.ecdc.europa.eu/public/,10.890756302521009,0,J01M_quinolones,0.6077,,,,6.816199999999999,1.0314,,,,0.325874429719748,,,,,5079623,15.7789144734543,79.9723980455359,106333.138368566,8.87431335,https://api.worldbank.org/v2/,11.290889905029898,8.982035928143713,8.734009704455227,0.8779093771083525,1.128739238874487,7.998335395952982,11.010248901903367,3415.0,10.938798116865135,3611.0,12.870776373484652,3877.0
EU_EEA,Norway,NOR,2014,Escherichia coli,Blood/invasive,Fluoroquinolones,376,3415,EARS-Net mixed/not reported,Not reported in Atlas aggregate,ECDC Surveillance Atlas aggregate,https://atlas.ecdc.europa.eu/public/,11.010248901903367,0,J01M_quinolones,0.5698,0.6077,,,6.6821,1.0464,,,,0.3374739714224168,,,,0.325874429719748,5137232,16.0283762490523,80.6117159535579,100410.020200979,9.28297901,https://api.worldbank.org/v2/,10.890756302521009,11.290889905029898,8.982035928143713,0.5684505318770057,0.9131269344563023,8.13622555490846,10.21831412977562,3298.0,13.562047708389171,3731.0,11.258603736479843,4068.0
EU_EEA,Norway,NOR,2015,Escherichia coli,Blood/invasive,Fluoroquinolones,337,3298,EARS-Net mixed/not reported,Not reported in Atlas aggregate,ECDC Surveillance Atlas aggregate,https://atlas.ecdc.europa.eu/public/,10.21831412977562,0,J01M_quinolones,0.5135,0.5698,0.6077,,6.6174,1.0339,,,,0.3457216940363007,,,,0.3374739714224168,5188607,16.2747739736493,81.2378240971353,77220.9524311414,10.06992245,https://api.worldbank.org/v2/,11.010248901903367,10.890756302521009,11.290889905029898,-0.3098234726380493,0.39393072887674074,8.101374671228582,10.938798116865135,3611.0,12.870776373484652,3877.0,9.959839357429718,3735.0
EU_EEA,Norway,NOR,2016,Escherichia coli,Blood/invasive,Fluoroquinolones,395,3611,EARS-Net mixed/not reported,Not reported in Atlas aggregate,ECDC Surveillance Atlas aggregate,https://atlas.ecdc.europa.eu/public/,10.938798116865135,0,J01M_quinolones,0.4630999999999999,0.5135,0.5698,0.6077,6.319,1.0201,,,,0.3934999635648181,,,,0.3457216940363007,5234519,16.5172709689852,81.6800003051758,73222.4006864905,10.53049755,https://api.worldbank.org/v2/,10.21831412977562,11.010248901903367,10.890756302521009,-0.06478093290953807,0.31821062664523975,8.192016914536875,13.562047708389171,3731.0,11.258603736479843,4068.0,9.87718839822315,3827.0
EU_EEA,Norway,NOR,2017,Escherichia coli,Blood/invasive,Fluoroquinolones,506,3731,EARS-Net mixed/not reported,Not reported in Atlas aggregate,ECDC Surveillance Atlas aggregate,https://atlas.ecdc.europa.eu/public/,13.562047708389171,0,J01M_quinolones,0.39949999999999997,0.4630999999999999,0.5135,0.5698,6.0259,1.0292999999999999,,,,0.3972758229284902,,,,0.3934999635648181,5276968,16.7812420495177,81.9699745912375,78771.2151264554,10.22983646,https://api.worldbank.org/v2/,10.938798116865135,10.21831412977562,11.010248901903367,0.8375880406546903,1.267996275788136,8.224699561967235,12.870776373484652,3877.0,9.959839357429718,3735.0,10.520665593129362,3726.0
EU_EEA,Norway,NOR,2018,Escherichia coli,Blood/invasive,Fluoroquinolones,499,3877,EARS-Net mixed/not reported,Not reported in Atlas aggregate,ECDC Surveillance Atlas aggregate,https://atlas.ecdc.europa.eu/public/,12.870776373484652,0,J01M_quinolones,0.3598999999999999,0.39949999999999997,0.4630999999999999,0.5135,5.8395,0.9541999999999999,,,,0.510894064613073,,,,0.3972758229284902,5311916,17.0853969570307,82.2452112401723,85579.0776455494,9.96037865,https://api.worldbank.org/v2/,13.562047708389171,10.938798116865135,10.21831412977562,1.0580636322651111,1.3653534761336663,8.263074835802596,11.258603736479843,4068.0,9.87718839822315,3827.0,10.123394610929237,3971.0
EU_EEA,Norway,NOR,2019,Escherichia coli,Blood/invasive,Fluoroquinolones,458,4068,EARS-Net mixed/not reported,Not reported in Atlas aggregate,ECDC Surveillance Atlas aggregate,https://atlas.ecdc.europa.eu/public/,11.258603736479843,0,J01M_quinolones,0.3144999999999999,0.3598999999999999,0.39949999999999997,0.4630999999999999,6.024,0.9447000000000001,,,,0.5103189493433397,,,,0.510894064613073,5347896,17.3948556308139,82.4935894878281,79329.3075190012,10.43807507,https://api.worldbank.org/v2/,12.870776373484652,13.562047708389171,10.938798116865135,0.026814552393958583,1.0925619215721842,8.31115254800169,9.959839357429718,3735.0,10.520665593129362,3726.0,,
EU_EEA,Norway,NOR,2020,Escherichia coli,Blood/invasive,Fluoroquinolones,372,3735,EUCAST,EUCAST required; exact version unavailable in Atlas aggregate,ECDC Surveillance Atlas aggregate,https://atlas.ecdc.europa.eu/public/,9.959839357429718,1,J01M_quinolones,0.2710999999999999,0.3144999999999999,0.3598999999999999,0.39949999999999997,5.070899999999999,0.8333999999999999,,,,0.5363727790814615,,,,0.5103189493433397,5379475,17.7281839266957,82.7029885700532,71057.5879471399,11.42416382,https://api.worldbank.org/v2/,11.258603736479843,12.870776373484652,13.562047708389171,-1.2418797689883188,1.4035459341686938,8.225770799348734,9.87718839822315,3827.0,10.123394610929237,3971.0,,
EU_EEA,Norway,NOR,2021,Escherichia coli,Blood/invasive,Fluoroquinolones,378,3827,EUCAST,EUCAST required; exact version unavailable in Atlas aggregate,ECDC Surveillance Atlas aggregate,https://atlas.ecdc.europa.eu/public/,9.87718839822315,0,J01M_quinolones,0.24659999999999987,0.2710999999999999,0.3144999999999999,0.3598999999999999,5.1297,0.8401999999999997,,,,0.5850432423266068,,,,0.5363727790814615,5408320,18.0740226148213,82.8612877226956,96442.5552173002,9.8142643,https://api.worldbank.org/v2/,9.959839357429718,11.258603736479843,12.870776373484652,-1.027952830483465,1.2154256538013295,8.250097752572845,10.520665593129362,3726.0,,,,
EU_EEA,Norway,NOR,2022,Escherichia coli,Blood/invasive,Fluoroquinolones,392,3726,EUCAST,EUCAST required; exact version unavailable in Atlas aggregate,ECDC Surveillance Atlas aggregate,https://atlas.ecdc.europa.eu/public/,10.520665593129362,0,J01M_quinolones,0.2442,0.24659999999999987,0.2710999999999999,0.3144999999999999,6.0699000000000005,0.9233,,,,0.6492998513650943,,,,0.5850432423266068,5457127,18.3301335040316,82.9563661816034,113122.130765691,7.90873051,https://api.worldbank.org/v2/,9.87718839822315,9.959839357429718,11.258603736479843,-0.22964653892580386,0.551989022792972,8.223358899479258,10.123394610929237,3971.0,,,,
EU_EEA,Norway,NOR,2023,Escherichia coli,Blood/invasive,Fluoroquinolones,402,3971,EUCAST,EUCAST required; exact version unavailable in Atlas aggregate,ECDC Surveillance Atlas aggregate,https://atlas.ecdc.europa.eu/public/,10.123394610929237,0,J01M_quinolones,,,,,,,,,,,,,,,5519601,18.5338475896816,83.0718560702166,90984.4087141111,9.42925453,https://api.worldbank.org/v2/,10.520665593129362,9.87718839822315,9.959839357429718,0.11341429554047448,0.24756466345832848,8.287025025165063,,,,,,
EU_EEA,Norway,NOR,2013,Escherichia coli,Blood/invasive,Third-generation cephalosporins,170,3077,EARS-Net mixed/not reported,Not reported in Atlas aggregate,ECDC Surveillance Atlas aggregate,https://atlas.ecdc.europa.eu/public/,5.524861878453039,0,J01D_other_beta_lactams,0.4059,,,,6.816199999999999,1.0314,,,,0.325874429719748,,,,,5079623,15.7789144734543,79.9723980455359,106333.138368566,8.87431335,https://api.worldbank.org/v2/,4.902285525008281,3.64645263575109,3.6923076923076925,0.6753495447693223,0.8030233002408069,8.032035314398824,5.787781350482315,3421.0,5.557091512303013,3617.0,6.754318123227636,3879.0
EU_EEA,Norway,NOR,2014,Escherichia coli,Blood/invasive,Third-generation cephalosporins,198,3421,EARS-Net mixed/not reported,Not reported in Atlas aggregate,ECDC Surveillance Atlas aggregate,https://atlas.ecdc.europa.eu/public/,5.787781350482315,0,J01D_other_beta_lactams,0.37570000000000003,0.4059,,,6.6821,1.0464,,,,0.3374739714224168,,,,0.325874429719748,5137232,16.0283762490523,80.6117159535579,100410.020200979,9.28297901,https://api.worldbank.org/v2/,5.524861878453039,4.902285525008281,3.64645263575109,0.7046562497638431,0.8265764111272969,8.137980454452139,6.028476219327477,3301.0,5.865024102838778,3734.0,6.184049079754601,4075.0
EU_EEA,Norway,NOR,2015,Escherichia coli,Blood/invasive,Third-generation cephalosporins,199,3301,EARS-Net mixed/not reported,Not reported in Atlas aggregate,ECDC Surveillance Atlas aggregate,https://atlas.ecdc.europa.eu/public/,6.028476219327477,0,J01D_other_beta_lactams,0.3533999999999999,0.37570000000000003,0.4059,,6.6174,1.0339,,,,0.3457216940363007,,,,0.3374739714224168,5188607,16.2747739736493,81.2378240971353,77220.9524311414,10.06992245,https://api.worldbank.org/v2/,5.787781350482315,5.524861878453039,4.902285525008281,0.3641491554986853,0.4198733235874988,8.102283624480073,5.557091512303013,3617.0,6.754318123227636,3879.0,5.7947900053163215,3762.0
EU_EEA,Norway,NOR,2016,Escherichia coli,Blood/invasive,Third-generation cephalosporins,201,3617,EARS-Net mixed/not reported,Not reported in Atlas aggregate,ECDC Surveillance Atlas aggregate,https://atlas.ecdc.europa.eu/public/,5.557091512303013,0,J01D_other_beta_lactams,0.3350999999999999,0.3533999999999999,0.37570000000000003,0.4059,6.319,1.0201,,,,0.3934999635648181,,,,0.3457216940363007,5234519,16.5172709689852,81.6800003051758,73222.4006864905,10.53049755,https://api.worldbank.org/v2/,6.028476219327477,5.787781350482315,5.524861878453039,0.03373837703950749,0.20266168942180024,8.193676665955241,5.865024102838778,3734.0,6.184049079754601,4075.0,5.496222974733003,3839.0
EU_EEA,Norway,NOR,2017,Escherichia coli,Blood/invasive,Third-generation cephalosporins,219,3734,EARS-Net mixed/not reported,Not reported in Atlas aggregate,ECDC Surveillance Atlas aggregate,https://atlas.ecdc.europa.eu/public/,5.865024102838778,0,J01D_other_beta_lactams,0.3298999999999999,0.3350999999999999,0.3533999999999999,0.37570000000000003,6.0259,1.0292999999999999,,,,0.3972758229284902,,,,0.3934999635648181,5276968,16.7812420495177,81.9699745912375,78771.2151264554,10.22983646,https://api.worldbank.org/v2/,5.557091512303013,6.028476219327477,5.787781350482315,-0.023965644995508583,0.16971683785691877,8.225503097566918,6.754318123227636,3879.0,5.7947900053163215,3762.0,5.830435945439957,3739.0
EU_EEA,Norway,NOR,2018,Escherichia coli,Blood/invasive,Third-generation cephalosporins,262,3879,EARS-Net mixed/not reported,Not reported in Atlas aggregate,ECDC Surveillance Atlas aggregate,https://atlas.ecdc.europa.eu/public/,6.754318123227636,0,J01D_other_beta_lactams,0.3232,0.3298999999999999,0.3350999999999999,0.3533999999999999,5.8395,0.9541999999999999,,,,0.510894064613073,,,,0.3972758229284902,5311916,17.0853969570307,82.2452112401723,85579.0776455494,9.96037865,https://api.worldbank.org/v2/,5.865024102838778,5.557091512303013,6.028476219327477,0.2485458302236233,0.4397999899654735,8.263590432617319,6.184049079754601,4075.0,5.496222974733003,3839.0,5.622489959839357,3984.0
EU_EEA,Norway,NOR,2019,Escherichia coli,Blood/invasive,Third-generation cephalosporins,252,4075,EARS-Net mixed/not reported,Not reported in Atlas aggregate,ECDC Surveillance Atlas aggregate,https://atlas.ecdc.europa.eu/public/,6.184049079754601,0,J01D_other_beta_lactams,0.308,0.3232,0.3298999999999999,0.3350999999999999,6.024,0.9447000000000001,,,,0.5103189493433397,,,,0.510894064613073,5347896,17.3948556308139,82.4935894878281,79329.3075190012,10.43807507,https://api.worldbank.org/v2/,6.754318123227636,5.865024102838778,5.557091512303013,0.2770166722743609,0.44293604237407336,8.312871394342615,5.7947900053163215,3762.0,5.830435945439957,3739.0,,
EU_EEA,Norway,NOR,2020,Escherichia coli,Blood/invasive,Third-generation cephalosporins,218,3762,EUCAST,EUCAST required; exact version unavailable in Atlas aggregate,ECDC Surveillance Atlas aggregate,https://atlas.ecdc.europa.eu/public/,5.7947900053163215,1,J01D_other_beta_lactams,0.2824,0.308,0.3232,0.3298999999999999,5.070899999999999,0.8333999999999999,,,,0.5363727790814615,,,,0.5103189493433397,5379475,17.7281839266957,82.7029885700532,71057.5879471399,11.42416382,https://api.worldbank.org/v2/,6.184049079754601,6.754318123227636,5.865024102838778,-0.07809713360404158,0.37872955696388283,8.232971790593437,5.496222974733003,3839.0,5.622489959839357,3984.0,,
EU_EEA,Norway,NOR,2021,Escherichia coli,Blood/invasive,Third-generation cephalosporins,211,3839,EUCAST,EUCAST required; exact version unavailable in Atlas aggregate,ECDC Surveillance Atlas aggregate,https://atlas.ecdc.europa.eu/public/,5.496222974733003,0,J01D_other_beta_lactams,0.2915999999999998,0.2824,0.308,0.3232,5.1297,0.8401999999999997,,,,0.5850432423266068,,,,0.5363727790814615,5408320,18.0740226148213,82.8612877226956,96442.5552173002,9.8142643,https://api.worldbank.org/v2/,5.7947900053163215,6.184049079754601,6.754318123227636,-0.41635445199221854,0.4705365317382968,8.253227645581772,5.830435945439957,3739.0,,,,
EU_EEA,Norway,NOR,2022,Escherichia coli,Blood/invasive,Third-generation cephalosporins,218,3739,EUCAST,EUCAST required; exact version unavailable in Atlas aggregate,ECDC Surveillance Atlas aggregate,https://atlas.ecdc.europa.eu/public/,5.830435945439957,0,J01D_other_beta_lactams,0.31020000000000003,0.2915999999999998,0.2824,0.308,6.0699000000000005,0.9233,,,,0.6492998513650943,,,,0.5850432423266068,5457127,18.3301335040316,82.9563661816034,113122.130765691,7.90873051,https://api.worldbank.org/v2/,5.496222974733003,5.7947900053163215,6.184049079754601,-0.13594064335272604,0.24389813974395116,8.226840890408578,5.622489959839357,3984.0,,,,
EU_EEA,Norway,NOR,2023,Escherichia coli,Blood/invasive,Third-generation cephalosporins,224,3984,EUCAST,EUCAST required; exact version unavailable in Atlas aggregate,ECDC Surveillance Atlas aggregate,https://atlas.ecdc.europa.eu/public/,5.622489959839357,0,J01D_other_beta_lactams,,,,,,,,,,,,,,,5519601,18.5338475896816,83.0718560702166,90984.4087141111,9.42925453,https://api.worldbank.org/v2/,5.830435945439957,5.496222974733003,5.7947900053163215,-0.018268716572394872,0.1348571940781288,8.290292591224315,,,,,,
EU_EEA,Poland,POL,2013,Escherichia coli,Blood/invasive,Aminoglycosides,112,1049,EARS-Net mixed/not reported,Not reported in Atlas aggregate,ECDC Surveillance Atlas aggregate,https://atlas.ecdc.europa.eu/public/,10.676835081029552,0,J01G_aminoglycosides,,,,,10.054600000000002,,,,,,,,,,38040196,14.4308218173312,60.5333187465323,13621.9023794031,6.44993687,https://api.worldbank.org/v2/,12.097560975609756,8.258527827648114,9.202453987730062,0.8262176427860107,1.4588370416549323,6.956545443151569,9.831460674157304,1068.0,13.288377627925426,2521.0,15.108207431604736,2449.0
EU_EEA,Poland,POL,2014,Escherichia coli,Blood/invasive,Aminoglycosides,105,1068,EARS-Net mixed/not reported,Not reported in Atlas aggregate,ECDC Surveillance Atlas aggregate,https://atlas.ecdc.europa.eu/public/,9.831460674157304,0,J01G_aminoglycosides,,,,,9.587,0.9051999999999996,,,,0.2976406533575319,,,,,38011735,14.8828006858362,60.4340063344328,14262.2841914116,6.39059496,https://api.worldbank.org/v2/,10.676835081029552,12.097560975609756,8.258527827648114,0.3298072644947343,1.3903424432963754,6.974478911025045,11.195445920303605,1581.0,14.012504597278411,2719.0,12.62433052792655,2614.0
EU_EEA,Poland,POL,2015,Escherichia coli,Blood/invasive,Aminoglycosides,177,1581,EARS-Net mixed/not reported,Not reported in Atlas aggregate,ECDC Surveillance Atlas aggregate,https://atlas.ecdc.europa.eu/public/,11.195445920303605,0,J01G_aminoglycosides,,,,,11.3234,0.8629999999999999,,,,0.8161737177087233,,,,0.2976406533575319,37986412,15.3775328347538,60.3362886805635,12637.5220324406,6.36490345,https://api.worldbank.org/v2/,9.831460674157304,10.676835081029552,12.097560975609756,-0.3551719572790719,0.8220232303171112,7.366445148327599,13.288377627925426,2521.0,15.108207431604736,2449.0,14.510575504181013,2033.0
EU_EEA,Poland,POL,2016,Escherichia coli,Blood/invasive,Aminoglycosides,335,2521,EARS-Net mixed/not reported,Not reported in Atlas aggregate,ECDC Surveillance Atlas aggregate,https://atlas.ecdc.europa.eu/public/,13.288377627925426,0,J01G_aminoglycosides,,,,,10.9977,1.0231,,,,1.0659978052986363,,,,0.8161737177087233,37970087,15.9129115092505,60.2402284228997,12464.0121044827,6.5470438,https://api.worldbank.org/v2/,11.195445920303605,9.831460674157304,10.676835081029552,0.9198612886833899,1.2746289478309378,7.8328075165248645,14.012504597278411,2719.0,12.62433052792655,2614.0,13.723696248856358,2186.0
EU_EEA,Poland,POL,2017,Escherichia coli,Blood/invasive,Aminoglycosides,381,2719,EARS-Net mixed/not reported,Not reported in Atlas aggregate,ECDC Surveillance Atlas aggregate,https://atlas.ecdc.europa.eu/public/,14.012504597278411,0,J01G_aminoglycosides,,,,,12.113800000000001,1.2166,,,,0.7896323086196505,,,,1.0659978052986363,37974826,16.4659360432975,60.145888199417,13913.3415190124,6.53713226,https://api.worldbank.org/v2/,13.288377627925426,11.195445920303605,9.831460674157304,1.4636063476985133,1.6608055548071852,7.908387159290043,15.108207431604736,2449.0,14.510575504181013,2033.0,12.325783972125436,2296.0
EU_EEA,Poland,POL,2018,Escherichia coli,Blood/invasive,Aminoglycosides,370,2449,EARS-Net mixed/not reported,Not reported in Atlas aggregate,ECDC Surveillance Atlas aggregate,https://atlas.ecdc.europa.eu/public/,15.108207431604736,0,J01G_aminoglycosides,,,,,11.2529,0.9561999999999998,,,,1.61862842538691,,,,0.7896323086196505,37974750,17.0145616085721,60.0533306480907,15658.210586693,6.25094128,https://api.worldbank.org/v2/,14.012504597278411,13.288377627925426,11.195445920303605,1.246241150325636,1.4287798651704096,7.803843303538772,12.62433052792655,2614.0,13.723696248856358,2186.0,14.136690647482014,2780.0
EU_EEA,Poland,POL,2019,Escherichia coli,Blood/invasive,Aminoglycosides,330,2614,EARS-Net mixed/not reported,Not reported in Atlas aggregate,ECDC Surveillance Atlas aggregate,https://atlas.ecdc.europa.eu/public/,12.62433052792655,0,J01G_aminoglycosides,,,,,11.2649,1.0372,,,,1.1029663629512918,,,,1.61862842538691,37965475,17.5584217024462,59.9626184068963,15874.5220531254,6.38906956,https://api.worldbank.org/v2/,15.108207431604736,14.012504597278411,13.288377627925426,-0.08964384656703381,0.9210841218951725,7.869019376499023,14.510575504181013,2033.0,12.325783972125436,2296.0,,
EU_EEA,Poland,POL,2020,Escherichia coli,Blood/invasive,Aminoglycosides,295,2033,EUCAST,EUCAST required; exact version unavailable in Atlas aggregate,ECDC Surveillance Atlas aggregate,https://atlas.ecdc.europa.eu/public/,14.510575504181013,1,J01G_aminoglycosides,,,,,7.890899999999999,0.9446,,,,1.3536866359447006,,,,1.1029663629512918,37515748,18.0760468179361,59.8738141138092,16150.9304813473,6.42739105,https://api.worldbank.org/v2/,12.62433052792655,15.108207431604736,14.012504597278411,-0.09896641829704036,0.9172102771455227,7.617759576608505,13.723696248856358,2186.0,14.136690647482014,2780.0,,
EU_EEA,Poland,POL,2021,Escherichia coli,Blood/invasive,Aminoglycosides,300,2186,EUCAST,EUCAST required; exact version unavailable in Atlas aggregate,ECDC Surveillance Atlas aggregate,https://atlas.ecdc.europa.eu/public/,13.723696248856358,0,J01G_aminoglycosides,,,,,8.7453,0.9781999999999998,,,,1.695154682864812,,,,1.3536866359447006,36981559,18.5352368986876,59.8096513205543,18635.5104895754,6.3654809,https://api.worldbank.org/v2/,14.510575504181013,12.62433052792655,15.108207431604736,-0.22672885719906943,0.9296969825472219,7.690286020676768,12.325783972125436,2296.0,,,,
EU_EEA,Poland,POL,2022,Escherichia coli,Blood/invasive,Aminoglycosides,283,2296,EUCAST,EUCAST required; exact version unavailable in Atlas aggregate,ECDC Surveillance Atlas aggregate,https://atlas.ecdc.europa.eu/public/,12.325783972125436,0,J01G_aminoglycosides,,,,,11.2542,0.9202999999999999,,,,2.0336448598130854,,,,1.695154682864812,36821749,19.0192157040405,59.8315488048321,18891.2121169279,6.46619797,https://api.worldbank.org/v2/,13.723696248856358,14.510575504181013,12.62433052792655,-0.16825189227280105,0.8732950131262414,7.739359202689098,14.136690647482014,2780.0,,,,
EU_EEA,Poland,POL,2023,Escherichia coli,Blood/invasive,Aminoglycosides,393,2780,EUCAST,EUCAST required; exact version unavailable in Atlas aggregate,ECDC Surveillance Atlas aggregate,https://atlas.ecdc.europa.eu/public/,14.136690647482014,0,J01G_aminoglycosides,,,,,,,,,,,,,,,36687353,19.5609114692528,59.8859561370214,22145.2660647429,7.13848782,https://api.worldbank.org/v2/,12.325783972125436,13.723696248856358,14.510575504181013,-0.2519566846827923,0.8267552910570475,7.930565854233965,,,,,,
EU_EEA,Poland,POL,2013,Escherichia coli,Blood/invasive,Aminopenicillins,181,277,EARS-Net mixed/not reported,Not reported in Atlas aggregate,ECDC Surveillance Atlas aggregate,https://atlas.ecdc.europa.eu/public/,65.34296028880867,0,J01C_penicillins,6.373700000000001,,,,10.054600000000002,,,,,,,,,,38040196,14.4308218173312,60.5333187465323,13621.9023794031,6.44993687,https://api.worldbank.org/v2/,63.31521739130435,61.99143468950749,60.22727272727273,1.66708453864046,1.869404896068174,5.627621113690637,59.701492537313435,268.0,64.50676982591877,1034.0,64.26966292134831,890.0
EU_EEA,Poland,POL,2014,Escherichia coli,Blood/invasive,Aminopenicillins,160,268,EARS-Net mixed/not reported,Not reported in Atlas aggregate,ECDC Surveillance Atlas aggregate,https://atlas.ecdc.europa.eu/public/,59.701492537313435,0,J01C_penicillins,6.394999999999999,6.373700000000001,,,9.587,0.9051999999999996,,,,0.2976406533575319,,,,,38011735,14.8828006858362,60.4340063344328,14262.2841914116,6.39059496,https://api.worldbank.org/v2/,65.34296028880867,63.31521739130435,61.99143468950749,-0.484208355907797,2.0497845392052043,5.594711379601839,64.73988439306359,346.0,69.44140197152245,913.0,61.60287081339713,836.0
EU_EEA,Poland,POL,2015,Escherichia coli,Blood/invasive,Aminopenicillins,224,346,EARS-Net mixed/not reported,Not reported in Atlas aggregate,ECDC Surveillance Atlas aggregate,https://atlas.ecdc.europa.eu/public/,64.73988439306359,0,J01C_penicillins,7.4289000000000005,6.394999999999999,6.373700000000001,,11.3234,0.8629999999999999,,,,0.8161737177087233,,,,0.2976406533575319,37986412,15.3775328347538,60.3362886805635,12637.5220324406,6.36490345,https://api.worldbank.org/v2/,59.701492537313435,65.34296028880867,63.31521739130435,-0.13674667462176163,2.190543255449322,5.849324779946859,64.50676982591877,1034.0,64.26966292134831,890.0,56.17529880478088,502.0
EU_EEA,Poland,POL,2016,Escherichia coli,Blood/invasive,Aminopenicillins,667,1034,EARS-Net mixed/not reported,Not reported in Atlas aggregate,ECDC Surveillance Atlas aggregate,https://atlas.ecdc.europa.eu/public/,64.50676982591877,0,J01C_penicillins,7.187,7.4289000000000005,6.394999999999999,6.373700000000001,10.9977,1.0231,,,,1.0659978052986363,,,,0.8161737177087233,37970087,15.9129115092505,60.2402284228997,12464.0121044827,6.5470438,https://api.worldbank.org/v2/,64.73988439306359,59.701492537313435,65.34296028880867,0.2529820467080335,2.2558188387383455,6.942156705699469,69.44140197152245,913.0,61.60287081339713,836.0,60.568603213844256,809.0
EU_EEA,Poland,POL,2017,Escherichia coli,Blood/invasive,Aminopenicillins,634,913,EARS-Net mixed/not reported,Not reported in Atlas aggregate,ECDC Surveillance Atlas aggregate,https://atlas.ecdc.europa.eu/public/,69.44140197152245,0,J01C_penicillins,7.0147,7.187,7.4289000000000005,6.394999999999999,12.113800000000001,1.2166,,,,0.7896323086196505,,,,1.0659978052986363,37974826,16.4659360432975,60.145888199417,13913.3415190124,6.53713226,https://api.worldbank.org/v2/,64.50676982591877,64.73988439306359,59.701492537313435,2.898661373548208,3.4446618343956175,6.81783057145415,64.26966292134831,890.0,56.17529880478088,502.0,57.17619603267211,857.0
EU_EEA,Poland,POL,2018,Escherichia coli,Blood/invasive,Aminopenicillins,572,890,EARS-Net mixed/not reported,Not reported in Atlas aggregate,ECDC Surveillance Atlas aggregate,https://atlas.ecdc.europa.eu/public/,64.26966292134831,0,J01C_penicillins,7.0722,7.0147,7.187,7.4289000000000005,11.2529,0.9561999999999998,,,,1.61862842538691,,,,0.7896323086196505,37974750,17.0145616085721,60.0533306480907,15658.210586693,6.25094128,https://api.worldbank.org/v2/,69.44140197152245,64.50676982591877,64.73988439306359,0.35239677304576955,2.1437907004030277,6.792344427470809,61.60287081339713,836.0,60.568603213844256,809.0,65.5857740585774,956.0
EU_EEA,Poland,POL,2019,Escherichia coli,Blood/invasive,Aminopenicillins,515,836,EARS-Net mixed/not reported,Not reported in Atlas aggregate,ECDC Surveillance Atlas aggregate,https://atlas.ecdc.europa.eu/public/,61.60287081339713,0,J01C_penicillins,6.6897,7.0722,7.0147,7.187,11.2649,1.0372,,,,1.1029663629512918,,,,1.61862842538691,37965475,17.5584217024462,59.9626184068963,15874.5220531254,6.38906956,https://api.worldbank.org/v2/,64.26966292134831,69.44140197152245,64.50676982591877,-1.3883436087739196,2.8299809985953686,6.729824070489475,56.17529880478088,502.0,57.17619603267211,857.0,,
EU_EEA,Poland,POL,2020,Escherichia coli,Blood/invasive,Aminopenicillins,282,502,EUCAST,EUCAST required; exact version unavailable in Atlas aggregate,ECDC Surveillance Atlas aggregate,https://atlas.ecdc.europa.eu/public/,56.17529880478088,1,J01C_penicillins,4.6501,6.6897,7.0722,7.0147,7.890899999999999,0.9446,,,,1.3536866359447006,,,,1.1029663629512918,37515748,18.0760468179361,59.8738141138092,16150.9304813473,6.42739105,https://api.worldbank.org/v2/,61.60287081339713,64.26966292134831,69.44140197152245,-4.246510160817604,4.78453235213451,6.220590170099739,60.568603213844256,809.0,65.5857740585774,956.0,,
EU_EEA,Poland,POL,2021,Escherichia coli,Blood/invasive,Aminopenicillins,490,809,EUCAST,EUCAST required; exact version unavailable in Atlas aggregate,ECDC Surveillance Atlas aggregate,https://atlas.ecdc.europa.eu/public/,60.568603213844256,0,J01C_penicillins,5.4534,4.6501,6.6897,7.0722,8.7453,0.9781999999999998,,,,1.695154682864812,,,,1.3536866359447006,36981559,18.5352368986876,59.8096513205543,18635.5104895754,6.3654809,https://api.worldbank.org/v2/,56.17529880478088,61.60287081339713,64.26966292134831,-1.6530751131128598,2.9171660537670188,6.697034247666484,57.17619603267211,857.0,,,,
EU_EEA,Poland,POL,2022,Escherichia coli,Blood/invasive,Aminopenicillins,490,857,EUCAST,EUCAST required; exact version unavailable in Atlas aggregate,ECDC Surveillance Atlas aggregate,https://atlas.ecdc.europa.eu/public/,57.17619603267211,0,J01C_penicillins,7.215400000000001,5.4534,4.6501,6.6897,11.2542,0.9202999999999999,,,,2.0336448598130854,,,,1.695154682864812,36821749,19.0192157040405,59.8315488048321,18891.2121169279,6.46619797,https://api.worldbank.org/v2/,60.568603213844256,56.17529880478088,61.60287081339713,-0.8886719933111809,2.262949435538582,6.754604099487962,65.5857740585774,956.0,,,,
EU_EEA,Poland,POL,2023,Escherichia coli,Blood/invasive,Aminopenicillins,627,956,EUCAST,EUCAST required; exact version unavailable in Atlas aggregate,ECDC Surveillance Atlas aggregate,https://atlas.ecdc.europa.eu/public/,65.5857740585774,0,J01C_penicillins,,,,,,,,,,,,,,,36687353,19.5609114692528,59.8859561370214,22145.2660647429,7.13848782,https://api.worldbank.org/v2/,57.17619603267211,60.568603213844256,56.17529880478088,2.483901858021735,3.676457157846651,6.863803391452954,,,,,,
EU_EEA,Poland,POL,2013,Escherichia coli,Blood/invasive,Carbapenems,0,938,EARS-Net mixed/not reported,Not reported in Atlas aggregate,ECDC Surveillance Atlas aggregate,https://atlas.ecdc.europa.eu/public/,0.0,0,J01DH_carbapenems,,,,,10.054600000000002,,,,,,,,,,38040196,14.4308218173312,60.5333187465323,13621.9023794031,6.44993687,https://api.worldbank.org/v2/,0.0,0.09398496240601503,0.1422475106685633,-0.052072749441170525,0.06147373853144578,6.844815479208263,0.20429009193054137,979.0,0.03916960438699569,2553.0,0.12,2500.0
EU_EEA,Poland,POL,2014,Escherichia coli,Blood/invasive,Carbapenems,2,979,EARS-Net mixed/not reported,Not reported in Atlas aggregate,ECDC Surveillance Atlas aggregate,https://atlas.ecdc.europa.eu/public/,0.20429009193054137,0,J01DH_carbapenems,0.0197999999999999,,,,9.587,0.9051999999999996,,,,0.2976406533575319,,,,,38011735,14.8828006858362,60.4340063344328,14262.2841914116,6.39059496,https://api.worldbank.org/v2/,0.0,0.0,0.09398496240601503,0.03309153885735789,0.08415107368533717,6.887552571664617,0.133422281521014,1499.0,0.036483035388544326,2741.0,0.0,2683.0
EU_EEA,Poland,POL,2015,Escherichia coli,Blood/invasive,Carbapenems,2,1499,EARS-Net mixed/not reported,Not reported in Atlas aggregate,ECDC Surveillance Atlas aggregate,https://atlas.ecdc.europa.eu/public/,0.133422281521014,0,J01DH_carbapenems,0.0149,0.0197999999999999,,,11.3234,0.8629999999999999,,,,0.8161737177087233,,,,0.2976406533575319,37986412,15.3775328347538,60.3362886805635,12637.5220324406,6.36490345,https://api.worldbank.org/v2/,0.20429009193054137,0.0,0.0,0.06045569364935835,0.08806749552430093,7.313220387090301,0.03916960438699569,2553.0,0.12,2500.0,0.04807692307692308,2080.0
EU_EEA,Poland,POL,2016,Escherichia coli,Blood/invasive,Carbapenems,1,2553,EARS-Net mixed/not reported,Not reported in Atlas aggregate,ECDC Surveillance Atlas aggregate,https://atlas.ecdc.europa.eu/public/,0.03916960438699569,0,J01DH_carbapenems,0.017,0.0149,0.0197999999999999,,10.9977,1.0231,,,,1.0659978052986363,,,,0.8161737177087233,37970087,15.9129115092505,60.2402284228997,12464.0121044827,6.5470438,https://api.worldbank.org/v2/,0.133422281521014,0.20429009193054137,0.0,0.004664100275145977,0.07993778591852072,7.845416036592485,0.036483035388544326,2741.0,0.0,2683.0,0.13100436681222707,2290.0
EU_EEA,Poland,POL,2017,Escherichia coli,Blood/invasive,Carbapenems,1,2741,EARS-Net mixed/not reported,Not reported in Atlas aggregate,ECDC Surveillance Atlas aggregate,https://atlas.ecdc.europa.eu/public/,0.036483035388544326,0,J01DH_carbapenems,0.023,0.017,0.0149,0.0197999999999999,12.113800000000001,1.2166,,,,0.7896323086196505,,,,1.0659978052986363,37974826,16.4659360432975,60.145888199417,13913.3415190124,6.53713226,https://api.worldbank.org/v2/,0.03916960438699569,0.133422281521014,0.20429009193054137,-0.05976738467600098,0.07014905221419265,7.91644286012226,0.12,2500.0,0.04807692307692308,2080.0,0.08159934720522236,2451.0
EU_EEA,Poland,POL,2018,Escherichia coli,Blood/invasive,Carbapenems,3,2500,EARS-Net mixed/not reported,Not reported in Atlas aggregate,ECDC Surveillance Atlas aggregate,https://atlas.ecdc.europa.eu/public/,0.12,0,J01DH_carbapenems,0.0257,0.023,0.017,0.0149,11.2529,0.9561999999999998,,,,1.61862842538691,,,,0.7896323086196505,37974750,17.0145616085721,60.0533306480907,15658.210586693,6.25094128,https://api.worldbank.org/v2/,0.036483035388544326,0.03916960438699569,0.133422281521014,-0.004295341356149363,0.044705142401867334,7.824445930877619,0.0,2683.0,0.13100436681222707,2290.0,0.20229265003371544,2966.0
EU_EEA,Poland,POL,2019,Escherichia coli,Blood/invasive,Carbapenems,0,2683,EARS-Net mixed/not reported,Not reported in Atlas aggregate,ECDC Surveillance Atlas aggregate,https://atlas.ecdc.europa.eu/public/,0.0,0,J01DH_carbapenems,0.031,0.0257,0.023,0.017,11.2649,1.0372,,,,1.1029663629512918,,,,1.61862842538691,37965475,17.5584217024462,59.9626184068963,15874.5220531254,6.38906956,https://api.worldbank.org/v2/,0.12,0.036483035388544326,0.03916960438699569,-0.0033991848549531508,0.043861375138643445,7.895063498091573,0.04807692307692308,2080.0,0.08159934720522236,2451.0,,
EU_EEA,Poland,POL,2020,Escherichia coli,Blood/invasive,Carbapenems,1,2080,EUCAST,EUCAST required; exact version unavailable in Atlas aggregate,ECDC Surveillance Atlas aggregate,https://atlas.ecdc.europa.eu/public/,0.04807692307692308,1,J01DH_carbapenems,0.0361,0.031,0.0257,0.023,7.890899999999999,0.9446,,,,1.3536866359447006,,,,1.1029663629512918,37515748,18.0760468179361,59.8738141138092,16150.9304813473,6.42739105,https://api.worldbank.org/v2/,0.0,0.12,0.036483035388544326,-0.008521833693486382,0.04353506704904028,7.640603826393634,0.13100436681222707,2290.0,0.20229265003371544,2966.0,,
EU_EEA,Poland,POL,2021,Escherichia coli,Blood/invasive,Carbapenems,3,2290,EUCAST,EUCAST required; exact version unavailable in Atlas aggregate,ECDC Surveillance Atlas aggregate,https://atlas.ecdc.europa.eu/public/,0.13100436681222707,0,J01DH_carbapenems,0.0429,0.0361,0.031,0.0257,8.7453,0.9781999999999998,,,,1.695154682864812,,,,1.3536866359447006,36981559,18.5352368986876,59.8096513205543,18635.5104895754,6.3654809,https://api.worldbank.org/v2/,0.04807692307692308,0.0,0.12,0.008109002351360422,0.05364496753186048,7.736743682453495,0.08159934720522236,2451.0,,,,
EU_EEA,Poland,POL,2022,Escherichia coli,Blood/invasive,Carbapenems,2,2451,EUCAST,EUCAST required; exact version unavailable in Atlas aggregate,ECDC Surveillance Atlas aggregate,https://atlas.ecdc.europa.eu/public/,0.08159934720522236,0,J01DH_carbapenems,0.0259,0.0429,0.0361,0.031,11.2542,0.9202999999999999,,,,2.0336448598130854,,,,1.695154682864812,36821749,19.0192157040405,59.8315488048321,18891.2121169279,6.46619797,https://api.worldbank.org/v2/,0.13100436681222707,0.04807692307692308,0.0,0.032772548535097104,0.047810536186476134,7.804659297056102,0.20229265003371544,2966.0,,,,
EU_EEA,Poland,POL,2023,Escherichia coli,Blood/invasive,Carbapenems,6,2966,EUCAST,EUCAST required; exact version unavailable in Atlas aggregate,ECDC Surveillance Atlas aggregate,https://atlas.ecdc.europa.eu/public/,0.20229265003371544,0,J01DH_carbapenems,,,,,,,,,,,,,,,36687353,19.5609114692528,59.8859561370214,22145.2660647429,7.13848782,https://api.worldbank.org/v2/,0.08159934720522236,0.13100436681222707,0.04807692307692308,0.041324216126337236,0.05802636950096887,7.995306620290822,,,,,,
EU_EEA,Poland,POL,2013,Escherichia coli,Blood/invasive,Fluoroquinolones,283,1035,EARS-Net mixed/not reported,Not reported in Atlas aggregate,ECDC Surveillance Atlas aggregate,https://atlas.ecdc.europa.eu/public/,27.342995169082126,0,J01M_quinolones,1.1767999999999998,,,,10.054600000000002,,,,,,,,,,38040196,14.4308218173312,60.5333187465323,13621.9023794031,6.44993687,https://api.worldbank.org/v2/,29.332042594385285,27.344434706397898,25.759768451519538,0.6737288040675129,1.2670293351750292,6.943122422819428,29.23368022705771,1057.0,33.06788016685628,2637.0,34.67082197117257,2567.0
EU_EEA,Poland,POL,2014,Escherichia coli,Blood/invasive,Fluoroquinolones,309,1057,EARS-Net mixed/not reported,Not reported in Atlas aggregate,ECDC Surveillance Atlas aggregate,https://atlas.ecdc.europa.eu/public/,29.23368022705771,0,J01M_quinolones,1.3515,1.1767999999999998,,,9.587,0.9051999999999996,,,,0.2976406533575319,,,,,38011735,14.8828006858362,60.4340063344328,14262.2841914116,6.39059496,https://api.worldbank.org/v2/,27.342995169082126,29.332042594385285,27.344434706397898,0.3678689136676204,0.9701968431024554,6.964135612418245,27.880330999363462,1571.0,35.86244541484716,1832.0,33.01852524518707,2753.0
EU_EEA,Poland,POL,2015,Escherichia coli,Blood/invasive,Fluoroquinolones,438,1571,EARS-Net mixed/not reported,Not reported in Atlas aggregate,ECDC Surveillance Atlas aggregate,https://atlas.ecdc.europa.eu/public/,27.880330999363462,0,J01M_quinolones,1.5418999999999998,1.3515,1.1767999999999998,,11.3234,0.8629999999999999,,,,0.8161737177087233,,,,0.2976406533575319,37986412,15.3775328347538,60.3362886805635,12637.5220324406,6.36490345,https://api.worldbank.org/v2/,29.23368022705771,27.342995169082126,29.332042594385285,-0.24644497270899363,0.8576284628843721,7.360103972989152,33.06788016685628,2637.0,34.67082197117257,2567.0,32.99208934388088,2149.0
EU_EEA,Poland,POL,2016,Escherichia coli,Blood/invasive,Fluoroquinolones,872,2637,EARS-Net mixed/not reported,Not reported in Atlas aggregate,ECDC Surveillance Atlas aggregate,https://atlas.ecdc.europa.eu/public/,33.06788016685628,0,J01M_quinolones,1.6201999999999999,1.5418999999999998,1.3515,1.1767999999999998,10.9977,1.0231,,,,1.0659978052986363,,,,0.8161737177087233,37970087,15.9129115092505,60.2402284228997,12464.0121044827,6.5470438,https://api.worldbank.org/v2/,27.880330999363462,29.23368022705771,27.342995169082126,1.582130576562817,2.2372002270737985,7.87777633327726,35.86244541484716,1832.0,33.01852524518707,2753.0,33.11287477954145,2268.0
EU_EEA,Poland,POL,2017,Escherichia coli,Blood/invasive,Fluoroquinolones,657,1832,EARS-Net mixed/not reported,Not reported in Atlas aggregate,ECDC Surveillance Atlas aggregate,https://atlas.ecdc.europa.eu/public/,35.86244541484716,0,J01M_quinolones,1.6613,1.6201999999999999,1.5418999999999998,1.3515,12.113800000000001,1.2166,,,,0.7896323086196505,,,,1.0659978052986363,37974826,16.4659360432975,60.145888199417,13913.3415190124,6.53713226,https://api.worldbank.org/v2/,33.06788016685628,27.880330999363462,29.23368022705771,2.5073844730861103,3.1514637775326912,7.513709247839705,34.67082197117257,2567.0,32.99208934388088,2149.0,30.81103678929766,2392.0
EU_EEA,Poland,POL,2018,Escherichia coli,Blood/invasive,Fluoroquinolones,890,2567,EARS-Net mixed/not reported,Not reported in Atlas aggregate,ECDC Surveillance Atlas aggregate,https://atlas.ecdc.europa.eu/public/,34.67082197117257,0,J01M_quinolones,1.6591999999999998,1.6613,1.6201999999999999,1.5418999999999998,11.2529,0.9561999999999998,,,,1.61862842538691,,,,0.7896323086196505,37974750,17.0145616085721,60.0533306480907,15658.210586693,6.25094128,https://api.worldbank.org/v2/,35.86244541484716,33.06788016685628,27.880330999363462,2.316603816341817,3.0468689700460314,7.850882664809852,33.01852524518707,2753.0,33.11287477954145,2268.0,32.203947368421055,3040.0
EU_EEA,Poland,POL,2019,Escherichia coli,Blood/invasive,Fluoroquinolones,909,2753,EARS-Net mixed/not reported,Not reported in Atlas aggregate,ECDC Surveillance Atlas aggregate,https://atlas.ecdc.europa.eu/public/,33.01852524518707,0,J01M_quinolones,1.5168000000000001,1.6591999999999998,1.6613,1.6201999999999999,11.2649,1.0372,,,,1.1029663629512918,,,,1.61862842538691,37965475,17.5584217024462,59.9626184068963,15874.5220531254,6.38906956,https://api.worldbank.org/v2/,34.67082197117257,35.86244541484716,33.06788016685628,-0.13396882086822756,1.1889960601074359,7.9208096792886,32.99208934388088,2149.0,30.81103678929766,2392.0,,
EU_EEA,Poland,POL,2020,Escherichia coli,Blood/invasive,Fluoroquinolones,709,2149,EUCAST,EUCAST required; exact version unavailable in Atlas aggregate,ECDC Surveillance Atlas aggregate,https://atlas.ecdc.europa.eu/public/,32.99208934388088,1,J01M_quinolones,1.2955999999999999,1.5168000000000001,1.6591999999999998,1.6613,7.890899999999999,0.9446,,,,1.3536866359447006,,,,1.1029663629512918,37515748,18.0760468179361,59.8738141138092,16150.9304813473,6.42739105,https://api.worldbank.org/v2/,33.01852524518707,34.67082197117257,35.86244541484716,-1.0263364938884407,1.2066409702808385,7.673223121121708,33.11287477954145,2268.0,32.203947368421055,3040.0,,
EU_EEA,Poland,POL,2021,Escherichia coli,Blood/invasive,Fluoroquinolones,751,2268,EUCAST,EUCAST required; exact version unavailable in Atlas aggregate,ECDC Surveillance Atlas aggregate,https://atlas.ecdc.europa.eu/public/,33.11287477954145,0,J01M_quinolones,1.4263,1.2955999999999999,1.5168000000000001,1.6591999999999998,8.7453,0.9781999999999998,,,,1.695154682864812,,,,1.3536866359447006,36981559,18.5352368986876,59.8096513205543,18635.5104895754,6.3654809,https://api.worldbank.org/v2/,32.99208934388088,33.01852524518707,34.67082197117257,-0.47002774761996136,0.7070898532687072,7.727094484779841,30.81103678929766,2392.0,,,,
EU_EEA,Poland,POL,2022,Escherichia coli,Blood/invasive,Fluoroquinolones,737,2392,EUCAST,EUCAST required; exact version unavailable in Atlas aggregate,ECDC Surveillance Atlas aggregate,https://atlas.ecdc.europa.eu/public/,30.81103678929766,0,J01M_quinolones,1.4694000000000003,1.4263,1.2955999999999999,1.5168000000000001,11.2542,0.9202999999999999,,,,2.0336448598130854,,,,1.695154682864812,36821749,19.0192157040405,59.8315488048321,18891.2121169279,6.46619797,https://api.worldbank.org/v2/,33.11287477954145,32.99208934388088,33.01852524518707,-0.6501679932007755,0.9667162030247713,7.780303087908373,32.203947368421055,3040.0,,,,
EU_EEA,Poland,POL,2023,Escherichia coli,Blood/invasive,Fluoroquinolones,979,3040,EUCAST,EUCAST required; exact version unavailable in Atlas aggregate,ECDC Surveillance Atlas aggregate,https://atlas.ecdc.europa.eu/public/,32.203947368421055,0,J01M_quinolones,,,,,,,,,,,,,,,36687353,19.5609114692528,59.8859561370214,22145.2660647429,7.13848782,https://api.worldbank.org/v2/,30.81103678929766,33.11287477954145,32.99208934388088,-0.4666263916623306,0.9171134810594567,8.019941687677365,,,,,,
EU_EEA,Poland,POL,2013,Escherichia coli,Blood/invasive,Third-generation cephalosporins,113,1036,EARS-Net mixed/not reported,Not reported in Atlas aggregate,ECDC Surveillance Atlas aggregate,https://atlas.ecdc.europa.eu/public/,10.907335907335908,0,J01D_other_beta_lactams,2.504100000000001,,,,10.054600000000002,,,,,,,,,,38040196,14.4308218173312,60.5333187465323,13621.9023794031,6.44993687,https://api.worldbank.org/v2/,12.92189006750241,11.727078891257996,7.526881720430108,1.1336173736961803,2.005199843834024,6.9440872082295275,10.506912442396313,1085.0,13.718278778962855,2719.0,17.595419847328245,2620.0
EU_EEA,Poland,POL,2014,Escherichia coli,Blood/invasive,Third-generation cephalosporins,114,1085,EARS-Net mixed/not reported,Not reported in Atlas aggregate,ECDC Surveillance Atlas aggregate,https://atlas.ecdc.europa.eu/public/,10.506912442396313,0,J01D_other_beta_lactams,2.7258999999999998,2.504100000000001,,,9.587,0.9051999999999996,,,,0.2976406533575319,,,,,38011735,14.8828006858362,60.4340063344328,14262.2841914116,6.39059496,https://api.worldbank.org/v2/,10.907335907335908,12.92189006750241,11.727078891257996,-0.5675053506751582,0.9232836378511227,6.990256500493881,11.925465838509316,1610.0,16.678297278436848,2866.0,17.12450945415626,2803.0
EU_EEA,Poland,POL,2015,Escherichia coli,Blood/invasive,Third-generation cephalosporins,192,1610,EARS-Net mixed/not reported,Not reported in Atlas aggregate,ECDC Surveillance Atlas aggregate,https://atlas.ecdc.europa.eu/public/,11.925465838509316,0,J01D_other_beta_lactams,3.2007000000000003,2.7258999999999998,2.504100000000001,,11.3234,0.8629999999999999,,,,0.8161737177087233,,,,0.2976406533575319,37986412,15.3775328347538,60.3362886805635,12637.5220324406,6.36490345,https://api.worldbank.org/v2/,10.506912442396313,10.907335907335908,12.92189006750241,-0.3389696151918899,0.9385037254781295,7.384610383176974,13.718278778962855,2719.0,17.595419847328245,2620.0,17.449355432780848,2172.0
EU_EEA,Poland,POL,2016,Escherichia coli,Blood/invasive,Third-generation cephalosporins,373,2719,EARS-Net mixed/not reported,Not reported in Atlas aggregate,ECDC Surveillance Atlas aggregate,https://atlas.ecdc.europa.eu/public/,13.718278778962855,0,J01D_other_beta_lactams,3.1965999999999997,3.2007000000000003,2.7258999999999998,2.504100000000001,10.9977,1.0231,,,,1.0659978052986363,,,,0.8161737177087233,37970087,15.9129115092505,60.2402284228997,12464.0121044827,6.5470438,https://api.worldbank.org/v2/,11.925465838509316,10.506912442396313,10.907335907335908,0.9851382010993832,1.2409087662951481,7.908387159290043,16.678297278436848,2866.0,17.12450945415626,2803.0,18.726275832981866,2371.0
EU_EEA,Poland,POL,2017,Escherichia coli,Blood/invasive,Third-generation cephalosporins,478,2866,EARS-Net mixed/not reported,Not reported in Atlas aggregate,ECDC Surveillance Atlas aggregate,https://atlas.ecdc.europa.eu/public/,16.678297278436848,0,J01D_other_beta_lactams,4.6314,3.1965999999999997,3.2007000000000003,2.7258999999999998,12.113800000000001,1.2166,,,,0.7896323086196505,,,,1.0659978052986363,37974826,16.4659360432975,60.145888199417,13913.3415190124,6.53713226,https://api.worldbank.org/v2/,13.718278778962855,11.925465838509316,10.506912442396313,2.0306967448575133,2.304566834743808,7.96102146588337,17.595419847328245,2620.0,17.449355432780848,2172.0,18.688265507704465,2531.0
EU_EEA,Poland,POL,2018,Escherichia coli,Blood/invasive,Third-generation cephalosporins,461,2620,EARS-Net mixed/not reported,Not reported in Atlas aggregate,ECDC Surveillance Atlas aggregate,https://atlas.ecdc.europa.eu/public/,17.595419847328245,0,J01D_other_beta_lactams,3.452,4.6314,3.1965999999999997,3.2007000000000003,11.2529,0.9561999999999998,,,,1.61862842538691,,,,0.7896323086196505,37974750,17.0145616085721,60.0533306480907,15658.210586693,6.25094128,https://api.worldbank.org/v2/,16.678297278436848,13.718278778962855,11.925465838509316,1.9969880525930745,2.27193488002995,7.8713112033234065,17.12450945415626,2803.0,18.726275832981866,2371.0,19.563090968373004,3067.0
EU_EEA,Poland,POL,2019,Escherichia coli,Blood/invasive,Third-generation cephalosporins,480,2803,EARS-Net mixed/not reported,Not reported in Atlas aggregate,ECDC Surveillance Atlas aggregate,https://atlas.ecdc.europa.eu/public/,17.12450945415626,0,J01D_other_beta_lactams,4.0646,3.452,4.6314,3.1965999999999997,11.2649,1.0372,,,,1.1029663629512918,,,,1.61862842538691,37965475,17.5584217024462,59.9626184068963,15874.5220531254,6.38906956,https://api.worldbank.org/v2/,17.595419847328245,16.678297278436848,13.718278778962855,1.1135814594471605,1.513652773599149,7.938802248154481,17.449355432780848,2172.0,18.688265507704465,2531.0,,
EU_EEA,Poland,POL,2020,Escherichia coli,Blood/invasive,Third-generation cephalosporins,379,2172,EUCAST,EUCAST required; exact version unavailable in Atlas aggregate,ECDC Surveillance Atlas aggregate,https://atlas.ecdc.europa.eu/public/,17.449355432780848,1,J01D_other_beta_lactams,2.8537,4.0646,3.452,4.6314,7.890899999999999,0.9446,,,,1.3536866359447006,,,,1.1029663629512918,37515748,18.0760468179361,59.8738141138092,16150.9304813473,6.42739105,https://api.worldbank.org/v2/,17.12450945415626,17.595419847328245,16.678297278436848,0.18422640698599982,0.3520800788647034,7.6838639802564295,18.726275832981866,2371.0,19.563090968373004,3067.0,,
EU_EEA,Poland,POL,2021,Escherichia coli,Blood/invasive,Third-generation cephalosporins,444,2371,EUCAST,EUCAST required; exact version unavailable in Atlas aggregate,ECDC Surveillance Atlas aggregate,https://atlas.ecdc.europa.eu/public/,18.726275832981866,0,J01D_other_beta_lactams,2.8009000000000004,2.8537,4.0646,3.452,8.7453,0.9781999999999998,,,,1.695154682864812,,,,1.3536866359447006,36981559,18.5352368986876,59.8096513205543,18635.5104895754,6.3654809,https://api.worldbank.org/v2/,17.449355432780848,17.12450945415626,17.595419847328245,0.37174139355854363,0.6033051063981659,7.771488760117616,18.688265507704465,2531.0,,,,
EU_EEA,Poland,POL,2022,Escherichia coli,Blood/invasive,Third-generation cephalosporins,473,2531,EUCAST,EUCAST required; exact version unavailable in Atlas aggregate,ECDC Surveillance Atlas aggregate,https://atlas.ecdc.europa.eu/public/,18.688265507704465,0,J01D_other_beta_lactams,3.4638,2.8009000000000004,2.8537,4.0646,11.2542,0.9202999999999999,,,,2.0336448598130854,,,,1.695154682864812,36821749,19.0192157040405,59.8315488048321,18891.2121169279,6.46619797,https://api.worldbank.org/v2/,18.726275832981866,17.449355432780848,17.12450945415626,0.596818856084559,0.7195216338042807,7.836764783264067,19.563090968373004,3067.0,,,,
EU_EEA,Poland,POL,2023,Escherichia coli,Blood/invasive,Third-generation cephalosporins,600,3067,EUCAST,EUCAST required; exact version unavailable in Atlas aggregate,ECDC Surveillance Atlas aggregate,https://atlas.ecdc.europa.eu/public/,19.563090968373004,0,J01D_other_beta_lactams,,,,,,,,,,,,,,,36687353,19.5609114692528,59.8859561370214,22145.2660647429,7.13848782,https://api.worldbank.org/v2/,18.688265507704465,18.726275832981866,17.449355432780848,0.6303196281499047,0.7541686540035062,8.028781162487148,,,,,,
EU_EEA,Portugal,PRT,2013,Escherichia coli,Blood/invasive,Aminoglycosides,408,2684,EARS-Net mixed/not reported,Not reported in Atlas aggregate,ECDC Surveillance Atlas aggregate,https://atlas.ecdc.europa.eu/public/,15.201192250372578,0,J01G_aminoglycosides,,,,,11.1586,1.1478,,,,3.067800979633927,,,,,10457295,19.6276592820198,61.1405315215642,21676.4859642714,9.39476109,https://api.worldbank.org/v2/,16.248839368616526,13.812436289500509,12.026275896917635,1.1961152139480833,1.5823789969366893,7.895436006942965,15.10719294730515,4991.0,13.148308759757155,5765.0,12.15450643776824,5825.0
EU_EEA,Portugal,PRT,2014,Escherichia coli,Blood/invasive,Aminoglycosides,754,4991,EARS-Net mixed/not reported,Not reported in Atlas aggregate,ECDC Surveillance Atlas aggregate,https://atlas.ecdc.europa.eu/public/,15.10719294730515,0,J01G_aminoglycosides,,,,,11.4434,1.1068,,,,3.2123573234912177,,,,3.067800979633927,10401062,20.1141031472732,61.1394537361116,22120.6850127107,9.33570766,https://api.worldbank.org/v2/,15.201192250372578,16.248839368616526,13.812436289500509,0.2836622855169945,0.8642502093703915,8.515591910049263,13.830975428145942,5372.0,11.930483795209017,6387.0,12.056627255756068,6428.0
EU_EEA,Portugal,PRT,2015,Escherichia coli,Blood/invasive,Aminoglycosides,743,5372,EARS-Net mixed/not reported,Not reported in Atlas aggregate,ECDC Surveillance Atlas aggregate,https://atlas.ecdc.europa.eu/public/,13.830975428145942,0,J01G_aminoglycosides,,,,,11.8892,1.1119999999999999,,,,3.6170498857066016,,,,3.2123573234912177,10358076,20.5742532955034,61.137469211538,19215.7813014347,9.33309937,https://api.worldbank.org/v2/,15.10719294730515,15.201192250372578,16.248839368616526,-0.7347591124479215,0.8573960664194515,8.589141690728821,13.148308759757155,5765.0,12.15450643776824,5825.0,11.679336558396683,5788.0
EU_EEA,Portugal,PRT,2016,Escherichia coli,Blood/invasive,Aminoglycosides,758,5765,EARS-Net mixed/not reported,Not reported in Atlas aggregate,ECDC Surveillance Atlas aggregate,https://atlas.ecdc.europa.eu/public/,13.148308759757155,0,J01G_aminoglycosides,,,,,12.076500000000001,1.1132,,,,3.6693575288544937,,,,3.6170498857066016,10325452,21.026998642616,61.1343011242723,19980.2808866516,9.39989281,https://api.worldbank.org/v2/,13.830975428145942,15.10719294730515,15.201192250372578,-0.7434867991005517,0.8672028609088145,8.659733878198347,11.930483795209017,6387.0,12.056627255756068,6428.0,10.615521855486174,5605.0
EU_EEA,Portugal,PRT,2017,Escherichia coli,Blood/invasive,Aminoglycosides,762,6387,EARS-Net mixed/not reported,Not reported in Atlas aggregate,ECDC Surveillance Atlas aggregate,https://atlas.ecdc.europa.eu/public/,11.930483795209017,0,J01G_aminoglycosides,,,,,12.052299999999999,1.0611,,,,3.913802363050484,,,,3.6693575288544937,10300300,21.4882830483163,61.1296726507436,21442.3842768879,9.32668972,https://api.worldbank.org/v2/,13.148308759757155,13.830975428145942,15.10719294730515,-1.0212794124677205,1.1488700787272144,8.762176509334903,12.15450643776824,5825.0,11.679336558396683,5788.0,11.706349206349206,5544.0
EU_EEA,Portugal,PRT,2018,Escherichia coli,Blood/invasive,Aminoglycosides,708,5825,EARS-Net mixed/not reported,Not reported in Atlas aggregate,ECDC Surveillance Atlas aggregate,https://atlas.ecdc.europa.eu/public/,12.15450643776824,0,J01G_aminoglycosides,,,,,12.5531,1.0731999999999997,,,,4.363787490475862,,,,3.913802363050484,10283822,21.9323930135851,61.1233069673808,23541.1401075289,9.42121029,https://api.worldbank.org/v2/,11.930483795209017,13.148308759757155,13.830975428145942,-0.6247231935681251,0.766867709685676,8.67008593751938,12.056627255756068,6428.0,10.615521855486174,5605.0,13.173091930700796,6407.0
EU_EEA,Portugal,PRT,2019,Escherichia coli,Blood/invasive,Aminoglycosides,775,6428,EARS-Net mixed/not reported,Not reported in Atlas aggregate,ECDC Surveillance Atlas aggregate,https://atlas.ecdc.europa.eu/public/,12.056627255756068,0,J01G_aminoglycosides,,,,,12.2525,1.0656999999999999,,,,4.908612572694544,,,,4.363787490475862,10286263,22.3900784021367,61.114927250613,23343.3628970034,9.50868607,https://api.worldbank.org/v2/,12.15450643776824,11.930483795209017,13.148308759757155,-0.3051021869444071,0.4833598463447532,8.768574284141687,11.679336558396683,5788.0,11.706349206349206,5544.0,,
EU_EEA,Portugal,PRT,2020,Escherichia coli,Blood/invasive,Aminoglycosides,676,5788,EUCAST,EUCAST required; exact version unavailable in Atlas aggregate,ECDC Surveillance Atlas aggregate,https://atlas.ecdc.europa.eu/public/,11.679336558396683,1,J01G_aminoglycosides,,,,,9.246699999999999,1.0996,,,,5.376057557790953,,,,4.908612572694544,10297081,22.8627033998973,61.1042566768691,22299.4044062173,10.52074051,https://api.worldbank.org/v2/,12.056627255756068,12.15450643776824,11.930483795209017,-0.08513208924491936,0.17799021574651427,8.663714844079005,10.615521855486174,5605.0,13.173091930700796,6407.0,,
EU_EEA,Portugal,PRT,2021,Escherichia coli,Blood/invasive,Aminoglycosides,595,5605,EUCAST,EUCAST required; exact version unavailable in Atlas aggregate,ECDC Surveillance Atlas aggregate,https://atlas.ecdc.europa.eu/public/,10.615521855486174,0,J01G_aminoglycosides,,,,,9.2089,1.1936,,,,5.402855525504748,,,,5.376057557790953,10361831,23.2908706037669,61.0951249296597,24711.4510062111,11.22031498,https://api.worldbank.org/v2/,11.679336558396683,12.056627255756068,12.15450643776824,-0.49942444442056017,0.6100550723174976,8.631592731724734,11.706349206349206,5544.0,,,,
EU_EEA,Portugal,PRT,2022,Escherichia coli,Blood/invasive,Aminoglycosides,649,5544,EUCAST,EUCAST required; exact version unavailable in Atlas aggregate,ECDC Surveillance Atlas aggregate,https://atlas.ecdc.europa.eu/public/,11.706349206349206,0,J01G_aminoglycosides,,,,,11.6785,1.2552999999999999,,,,5.032723990069962,,,,5.402855525504748,10434332,23.688003515383,61.1259255772782,24620.5197587181,10.5492239,https://api.worldbank.org/v2/,10.615521855486174,11.679336558396683,12.056627255756068,-0.2114648851131119,0.5399168611674277,8.620651899784468,13.173091930700796,6407.0,,,,
EU_EEA,Portugal,PRT,2023,Escherichia coli,Blood/invasive,Aminoglycosides,844,6407,EUCAST,EUCAST required; exact version unavailable in Atlas aggregate,ECDC Surveillance Atlas aggregate,https://atlas.ecdc.europa.eu/public/,13.173091930700796,0,J01G_aminoglycosides,,,,,,,,,,,,,,,10578174,24.1115106141099,61.2048652633664,27634.6183139773,10.02761173,https://api.worldbank.org/v2/,11.706349206349206,10.615521855486174,11.679336558396683,0.5572093467775355,0.9098811644944351,8.765302488748196,,,,,,
EU_EEA,Portugal,PRT,2013,Escherichia coli,Blood/invasive,Aminopenicillins,1591,2677,EARS-Net mixed/not reported,Not reported in Atlas aggregate,ECDC Surveillance Atlas aggregate,https://atlas.ecdc.europa.eu/public/,59.43220022413149,0,J01C_penicillins,8.0171,,,,11.1586,1.1478,,,,3.067800979633927,,,,,10457295,19.6276592820198,61.1405315215642,21676.4859642714,9.39476109,https://api.worldbank.org/v2/,59.433085501858734,56.5461029037188,55.81983805668016,1.3724069100493803,1.6450000988894358,7.8928255262511176,58.889569299857115,4899.0,59.234234234234236,5772.0,55.06361323155216,5895.0
EU_EEA,Portugal,PRT,2014,Escherichia coli,Blood/invasive,Aminopenicillins,2885,4899,EARS-Net mixed/not reported,Not reported in Atlas aggregate,ECDC Surveillance Atlas aggregate,https://atlas.ecdc.europa.eu/public/,58.889569299857115,0,J01C_penicillins,8.3388,8.0171,,,11.4434,1.1068,,,,3.2123573234912177,,,,3.067800979633927,10401062,20.1141031472732,61.1394537361116,22120.6850127107,9.33570766,https://api.worldbank.org/v2/,59.43220022413149,59.433085501858734,56.5461029037188,0.7029513910687585,1.192317071404976,8.496990484098719,57.75545682827892,5177.0,56.22097678142514,6245.0,58.53699646047531,5933.0
EU_EEA,Portugal,PRT,2015,Escherichia coli,Blood/invasive,Aminopenicillins,2990,5177,EARS-Net mixed/not reported,Not reported in Atlas aggregate,ECDC Surveillance Atlas aggregate,https://atlas.ecdc.europa.eu/public/,57.75545682827892,0,J01C_penicillins,8.7566,8.3388,8.0171,,11.8892,1.1119999999999999,,,,3.6170498857066016,,,,3.2123573234912177,10358076,20.5742532955034,61.137469211538,19215.7813014347,9.33309937,https://api.worldbank.org/v2/,58.889569299857115,59.43220022413149,59.433085501858734,-0.5575516945013813,0.684743402928963,8.552174160311482,59.234234234234236,5772.0,55.06361323155216,5895.0,54.35117114036588,5849.0
EU_EEA,Portugal,PRT,2016,Escherichia coli,Blood/invasive,Aminopenicillins,3419,5772,EARS-Net mixed/not reported,Not reported in Atlas aggregate,ECDC Surveillance Atlas aggregate,https://atlas.ecdc.europa.eu/public/,59.234234234234236,0,J01C_penicillins,9.1065,8.7566,8.3388,8.0171,12.076500000000001,1.1132,,,,3.6693575288544937,,,,3.6170498857066016,10325452,21.026998642616,61.1343011242723,19980.2808866516,9.39989281,https://api.worldbank.org/v2/,57.75545682827892,58.889569299857115,59.43220022413149,-0.1728010441270063,0.6488882270956216,8.660947155060933,56.22097678142514,6245.0,58.53699646047531,5933.0,52.730441518202944,5164.0
EU_EEA,Portugal,PRT,2017,Escherichia coli,Blood/invasive,Aminopenicillins,3511,6245,EARS-Net mixed/not reported,Not reported in Atlas aggregate,ECDC Surveillance Atlas aggregate,https://atlas.ecdc.europa.eu/public/,56.22097678142514,0,J01C_penicillins,9.135799999999998,9.1065,8.7566,8.3388,12.052299999999999,1.0611,,,,3.913802363050484,,,,3.6693575288544937,10300300,21.4882830483163,61.1296726507436,21442.3842768879,9.32668972,https://api.worldbank.org/v2/,59.234234234234236,57.75545682827892,58.889569299857115,-0.6527000149340734,1.1765288764007076,8.739696537843024,55.06361323155216,5895.0,54.35117114036588,5849.0,52.187386073641996,5486.0
EU_EEA,Portugal,PRT,2018,Escherichia coli,Blood/invasive,Aminopenicillins,3246,5895,EARS-Net mixed/not reported,Not reported in Atlas aggregate,ECDC Surveillance Atlas aggregate,https://atlas.ecdc.europa.eu/public/,55.06361323155216,0,J01C_penicillins,9.7125,9.135799999999998,9.1065,8.7566,12.5531,1.0731999999999997,,,,4.363787490475862,,,,3.913802363050484,10283822,21.9323930135851,61.1233069673808,23541.1401075289,9.42121029,https://api.worldbank.org/v2/,56.22097678142514,59.234234234234236,57.75545682827892,-1.1088788242989525,1.5732276534105734,8.682029433869172,58.53699646047531,5933.0,52.730441518202944,5164.0,54.36434239405707,5923.0
EU_EEA,Portugal,PRT,2019,Escherichia coli,Blood/invasive,Aminopenicillins,3473,5933,EARS-Net mixed/not reported,Not reported in Atlas aggregate,ECDC Surveillance Atlas aggregate,https://atlas.ecdc.europa.eu/public/,58.53699646047531,0,J01C_penicillins,9.566799999999999,9.7125,9.135799999999998,9.1065,12.2525,1.0656999999999999,,,,4.908612572694544,,,,4.363787490475862,10286263,22.3900784021367,61.114927250613,23343.3628970034,9.50868607,https://api.worldbank.org/v2/,55.06361323155216,56.22097678142514,59.234234234234236,-0.3249076871149853,1.6905577691505622,8.688453800850768,54.35117114036588,5849.0,52.187386073641996,5486.0,,
EU_EEA,Portugal,PRT,2020,Escherichia coli,Blood/invasive,Aminopenicillins,3179,5849,EUCAST,EUCAST required; exact version unavailable in Atlas aggregate,ECDC Surveillance Atlas aggregate,https://atlas.ecdc.europa.eu/public/,54.35117114036588,1,J01C_penicillins,7.191599999999999,9.566799999999999,9.7125,9.135799999999998,9.246699999999999,1.0996,,,,5.376057557790953,,,,4.908612572694544,10297081,22.8627033998973,61.1042566768691,22299.4044062173,10.52074051,https://api.worldbank.org/v2/,58.53699646047531,55.06361323155216,56.22097678142514,-0.21360336942547448,1.5869134560993396,8.674196940225903,52.730441518202944,5164.0,54.36434239405707,5923.0,,
EU_EEA,Portugal,PRT,2021,Escherichia coli,Blood/invasive,Aminopenicillins,2723,5164,EUCAST,EUCAST required; exact version unavailable in Atlas aggregate,ECDC Surveillance Atlas aggregate,https://atlas.ecdc.europa.eu/public/,52.730441518202944,0,J01C_penicillins,7.1328,7.191599999999999,9.566799999999999,9.7125,9.2089,1.1936,,,,5.402855525504748,,,,5.376057557790953,10361831,23.2908706037669,61.0951249296597,24711.4510062111,11.22031498,https://api.worldbank.org/v2/,54.35117114036588,58.53699646047531,55.06361323155216,-1.1185340460157138,2.1195464350964923,8.549660381553739,52.187386073641996,5486.0,,,,
EU_EEA,Portugal,PRT,2022,Escherichia coli,Blood/invasive,Aminopenicillins,2863,5486,EUCAST,EUCAST required; exact version unavailable in Atlas aggregate,ECDC Surveillance Atlas aggregate,https://atlas.ecdc.europa.eu/public/,52.187386073641996,0,J01C_penicillins,9.2034,7.1328,7.191599999999999,9.566799999999999,11.6785,1.2552999999999999,,,,5.032723990069962,,,,5.402855525504748,10434332,23.688003515383,61.1259255772782,24620.5197587181,10.5492239,https://api.worldbank.org/v2/,52.730441518202944,54.35117114036588,58.53699646047531,-2.066956078266299,2.4894578414747075,8.610136937058975,54.36434239405707,5923.0,,,,
EU_EEA,Portugal,PRT,2023,Escherichia coli,Blood/invasive,Aminopenicillins,3220,5923,EUCAST,EUCAST required; exact version unavailable in Atlas aggregate,ECDC Surveillance Atlas aggregate,https://atlas.ecdc.europa.eu/public/,54.36434239405707,0,J01C_penicillins,,,,,,,,,,,,,,,10578174,24.1115106141099,61.2048652633664,27634.6183139773,10.02761173,https://api.worldbank.org/v2/,52.187386073641996,52.730441518202944,54.35117114036588,-0.05035416834875045,0.9686518954852903,8.68676717538769,,,,,,
EU_EEA,Portugal,PRT,2013,Escherichia coli,Blood/invasive,Carbapenems,3,2668,EARS-Net mixed/not reported,Not reported in Atlas aggregate,ECDC Surveillance Atlas aggregate,https://atlas.ecdc.europa.eu/public/,0.11244377811094453,0,J01DH_carbapenems,0.1131,,,,11.1586,1.1478,,,,3.067800979633927,,,,,10457295,19.6276592820198,61.1405315215642,21676.4859642714,9.39476109,https://api.worldbank.org/v2/,0.14698677119059284,0.0,0.2772002772002772,-0.03472827260774054,0.09886296934748164,7.889459149404524,0.020008003201280513,4998.0,0.017361111111111112,5760.0,0.5347593582887701,5797.0
EU_EEA,Portugal,PRT,2014,Escherichia coli,Blood/invasive,Carbapenems,1,4998,EARS-Net mixed/not reported,Not reported in Atlas aggregate,ECDC Surveillance Atlas aggregate,https://atlas.ecdc.europa.eu/public/,0.020008003201280513,0,J01DH_carbapenems,0.1056,0.1131,,,11.4434,1.1068,,,,3.2123573234912177,,,,3.067800979633927,10401062,20.1141031472732,61.1394537361116,22120.6850127107,9.33570766,https://api.worldbank.org/v2/,0.11244377811094453,0.14698677119059284,0.0,0.0025481016524193296,0.06149706939518322,8.51699317141357,0.09338812103100486,5354.0,0.32894736842105265,6384.0,0.06277463904582549,6372.0
EU_EEA,Portugal,PRT,2015,Escherichia coli,Blood/invasive,Carbapenems,5,5354,EARS-Net mixed/not reported,Not reported in Atlas aggregate,ECDC Surveillance Atlas aggregate,https://atlas.ecdc.europa.eu/public/,0.09338812103100486,0,J01DH_carbapenems,0.1002,0.1056,0.1131,,11.8892,1.1119999999999999,,,,3.6170498857066016,,,,3.2123573234912177,10358076,20.5742532955034,61.137469211538,19215.7813014347,9.33309937,https://api.worldbank.org/v2/,0.020008003201280513,0.11244377811094453,0.14698677119059284,-0.025323172538842816,0.04642317136444136,8.585785982881848,0.017361111111111112,5760.0,0.5347593582887701,5797.0,0.15429453111606378,5833.0
EU_EEA,Portugal,PRT,2016,Escherichia coli,Blood/invasive,Carbapenems,1,5760,EARS-Net mixed/not reported,Not reported in Atlas aggregate,ECDC Surveillance Atlas aggregate,https://atlas.ecdc.europa.eu/public/,0.017361111111111112,0,J01DH_carbapenems,0.0924,0.1002,0.1056,0.1131,12.076500000000001,1.1132,,,,3.6693575288544937,,,,3.6170498857066016,10325452,21.026998642616,61.1343011242723,19980.2808866516,9.39989281,https://api.worldbank.org/v2/,0.09338812103100486,0.020008003201280513,0.11244377811094453,-0.021186788316977612,0.04266142730961738,8.658866349732383,0.32894736842105265,6384.0,0.06277463904582549,6372.0,0.32930845225027444,5466.0
EU_EEA,Portugal,PRT,2017,Escherichia coli,Blood/invasive,Carbapenems,21,6384,EARS-Net mixed/not reported,Not reported in Atlas aggregate,ECDC Surveillance Atlas aggregate,https://atlas.ecdc.europa.eu/public/,0.32894736842105265,0,J01DH_carbapenems,0.0828,0.0924,0.1002,0.1056,12.052299999999999,1.0611,,,,3.913802363050484,,,,3.6693575288544937,10300300,21.4882830483163,61.1296726507436,21442.3842768879,9.32668972,https://api.worldbank.org/v2/,0.017361111111111112,0.09338812103100486,0.020008003201280513,0.08507910857394228,0.12727662789313957,8.76170676846664,0.5347593582887701,5797.0,0.15429453111606378,5833.0,0.3170458784035807,5362.0
EU_EEA,Portugal,PRT,2018,Escherichia coli,Blood/invasive,Carbapenems,31,5797,EARS-Net mixed/not reported,Not reported in Atlas aggregate,ECDC Surveillance Atlas aggregate,https://atlas.ecdc.europa.eu/public/,0.5347593582887701,0,J01DH_carbapenems,0.0809999999999999,0.0828,0.0924,0.1002,12.5531,1.0731999999999997,,,,4.363787490475862,,,,3.913802363050484,10283822,21.9323930135851,61.1233069673808,23541.1401075289,9.42121029,https://api.worldbank.org/v2/,0.32894736842105265,0.017361111111111112,0.09338812103100486,0.16356999690832377,0.2035961614702952,8.6652683094816,0.06277463904582549,6372.0,0.32930845225027444,5466.0,0.5337214944201844,6183.0
EU_EEA,Portugal,PRT,2019,Escherichia coli,Blood/invasive,Carbapenems,4,6372,EARS-Net mixed/not reported,Not reported in Atlas aggregate,ECDC Surveillance Atlas aggregate,https://atlas.ecdc.europa.eu/public/,0.06277463904582549,0,J01DH_carbapenems,0.0753,0.0809999999999999,0.0828,0.0924,12.2525,1.0656999999999999,,,,4.908612572694544,,,,4.363787490475862,10286263,22.3900784021367,61.114927250613,23343.3628970034,9.50868607,https://api.worldbank.org/v2/,0.5347593582887701,0.32894736842105265,0.017361111111111112,0.03420525736718604,0.20958670680079172,8.759825595314295,0.15429453111606378,5833.0,0.3170458784035807,5362.0,,
EU_EEA,Portugal,PRT,2020,Escherichia coli,Blood/invasive,Carbapenems,9,5833,EUCAST,EUCAST required; exact version unavailable in Atlas aggregate,ECDC Surveillance Atlas aggregate,https://atlas.ecdc.europa.eu/public/,0.15429453111606378,1,J01DH_carbapenems,0.0812,0.0753,0.0809999999999999,0.0828,9.246699999999999,1.0996,,,,5.376057557790953,,,,4.908612572694544,10297081,22.8627033998973,61.1042566768691,22299.4044062173,10.52074051,https://api.worldbank.org/v2/,0.06277463904582549,0.5347593582887701,0.32894736842105265,-0.09959432311579124,0.18020978420544986,8.671458150427666,0.32930845225027444,5466.0,0.5337214944201844,6183.0,,
EU_EEA,Portugal,PRT,2021,Escherichia coli,Blood/invasive,Carbapenems,18,5466,EUCAST,EUCAST required; exact version unavailable in Atlas aggregate,ECDC Surveillance Atlas aggregate,https://atlas.ecdc.europa.eu/public/,0.32930845225027444,0,J01DH_carbapenems,0.0895,0.0812,0.0753,0.0809999999999999,9.2089,1.1936,,,,5.402855525504748,,,,5.376057557790953,10361831,23.2908706037669,61.0951249296597,24711.4510062111,11.22031498,https://api.worldbank.org/v2/,0.15429453111606378,0.06277463904582549,0.5347593582887701,-0.052483282604524964,0.18023928045848198,8.606485298894999,0.3170458784035807,5362.0,,,,
EU_EEA,Portugal,PRT,2022,Escherichia coli,Blood/invasive,Carbapenems,17,5362,EUCAST,EUCAST required; exact version unavailable in Atlas aggregate,ECDC Surveillance Atlas aggregate,https://atlas.ecdc.europa.eu/public/,0.3170458784035807,0,J01DH_carbapenems,0.0923,0.0895,0.0812,0.0753,11.6785,1.2552999999999999,,,,5.032723990069962,,,,5.402855525504748,10434332,23.688003515383,61.1259255772782,24620.5197587181,10.5492239,https://api.worldbank.org/v2/,0.32930845225027444,0.15429453111606378,0.06277463904582549,0.09378276392074764,0.11217683354374033,8.587278798982926,0.5337214944201844,6183.0,,,,
EU_EEA,Portugal,PRT,2023,Escherichia coli,Blood/invasive,Carbapenems,33,6183,EUCAST,EUCAST required; exact version unavailable in Atlas aggregate,ECDC Surveillance Atlas aggregate,https://atlas.ecdc.europa.eu/public/,0.5337214944201844,0,J01DH_carbapenems,,,,,,,,,,,,,,,10578174,24.1115106141099,61.2048652633664,27634.6183139773,10.02761173,https://api.worldbank.org/v2/,0.3170458784035807,0.32930845225027444,0.15429453111606378,0.11260183160656682,0.1346212462846081,8.729720590267258,,,,,,
EU_EEA,Portugal,PRT,2013,Escherichia coli,Blood/invasive,Fluoroquinolones,849,2685,EARS-Net mixed/not reported,Not reported in Atlas aggregate,ECDC Surveillance Atlas aggregate,https://atlas.ecdc.europa.eu/public/,31.620111731843576,0,J01M_quinolones,2.3421,,,,11.1586,1.1478,,,,3.067800979633927,,,,,10457295,19.6276592820198,61.1405315215642,21676.4859642714,9.39476109,https://api.worldbank.org/v2/,30.30583873957368,27.230046948356808,27.27745965642894,1.6103748017460693,1.9120086350575802,7.895808377083183,32.36522777004178,5027.0,28.946913366764655,5783.0,25.460122699386503,5868.0
EU_EEA,Portugal,PRT,2014,Escherichia coli,Blood/invasive,Fluoroquinolones,1627,5027,EARS-Net mixed/not reported,Not reported in Atlas aggregate,ECDC Surveillance Atlas aggregate,https://atlas.ecdc.europa.eu/public/,32.36522777004178,0,J01M_quinolones,2.2653000000000003,2.3421,,,11.4434,1.1068,,,,3.2123573234912177,,,,3.067800979633927,10401062,20.1141031472732,61.1394537361116,22120.6850127107,9.33570766,https://api.worldbank.org/v2/,31.620111731843576,30.30583873957368,27.230046948356808,1.6719815457324743,1.9625691166958177,8.522777569710138,29.659281325637682,5371.0,27.272727272727273,6424.0,26.46555745607215,6431.0
EU_EEA,Portugal,PRT,2015,Escherichia coli,Blood/invasive,Fluoroquinolones,1593,5371,EARS-Net mixed/not reported,Not reported in Atlas aggregate,ECDC Surveillance Atlas aggregate,https://atlas.ecdc.europa.eu/public/,29.659281325637682,0,J01M_quinolones,2.1833,2.2653000000000003,2.3421,,11.8892,1.1119999999999999,,,,3.6170498857066016,,,,3.2123573234912177,10358076,20.5742532955034,61.137469211538,19215.7813014347,9.33309937,https://api.worldbank.org/v2/,32.36522777004178,31.620111731843576,30.30583873957368,-0.11945562036098398,1.0638559911591243,8.588955557643128,28.946913366764655,5783.0,25.460122699386503,5868.0,23.934987168520102,5845.0
EU_EEA,Portugal,PRT,2016,Escherichia coli,Blood/invasive,Fluoroquinolones,1674,5783,EARS-Net mixed/not reported,Not reported in Atlas aggregate,ECDC Surveillance Atlas aggregate,https://atlas.ecdc.europa.eu/public/,28.946913366764655,0,J01M_quinolones,2.0425999999999997,2.1833,2.2653000000000003,2.3421,12.076500000000001,1.1132,,,,3.6693575288544937,,,,3.6170498857066016,10325452,21.026998642616,61.1343011242723,19980.2808866516,9.39989281,https://api.worldbank.org/v2/,29.659281325637682,32.36522777004178,31.620111731843576,-1.0725541539640941,1.3932993872416208,8.6628507638386,27.272727272727273,6424.0,26.46555745607215,6431.0,22.499110003559984,5618.0
EU_EEA,Portugal,PRT,2017,Escherichia coli,Blood/invasive,Fluoroquinolones,1752,6424,EARS-Net mixed/not reported,Not reported in Atlas aggregate,ECDC Surveillance Atlas aggregate,https://atlas.ecdc.europa.eu/public/,27.272727272727273,0,J01M_quinolones,1.8578000000000001,2.0425999999999997,2.1833,2.2653000000000003,12.052299999999999,1.0611,,,,3.913802363050484,,,,3.6693575288544937,10300300,21.4882830483163,61.1296726507436,21442.3842768879,9.32668972,https://api.worldbank.org/v2/,28.946913366764655,29.659281325637682,32.36522777004178,-1.598986945081656,1.8362085303102054,8.76795190976342,25.460122699386503,5868.0,23.934987168520102,5845.0,21.446654611211574,5530.0
EU_EEA,Portugal,PRT,2018,Escherichia coli,Blood/invasive,Fluoroquinolones,1494,5868,EARS-Net mixed/not reported,Not reported in Atlas aggregate,ECDC Surveillance Atlas aggregate,https://atlas.ecdc.europa.eu/public/,25.460122699386503,0,J01M_quinolones,1.8197999999999999,1.8578000000000001,2.0425999999999997,2.1833,12.5531,1.0731999999999997,,,,4.363787490475862,,,,3.913802363050484,10283822,21.9323930135851,61.1233069673808,23541.1401075289,9.42121029,https://api.worldbank.org/v2/,27.272727272727273,28.946913366764655,29.659281325637682,-1.4271661972790979,1.621769579417629,8.677439540558334,26.46555745607215,6431.0,22.499110003559984,5618.0,24.331926863572434,6399.0
EU_EEA,Portugal,PRT,2019,Escherichia coli,Blood/invasive,Fluoroquinolones,1702,6431,EARS-Net mixed/not reported,Not reported in Atlas aggregate,ECDC Surveillance Atlas aggregate,https://atlas.ecdc.europa.eu/public/,26.46555745607215,0,J01M_quinolones,1.6372,1.8197999999999999,1.8578000000000001,2.0425999999999997,12.2525,1.0656999999999999,,,,4.908612572694544,,,,4.363787490475862,10286263,22.3900784021367,61.114927250613,23343.3628970034,9.50868607,https://api.worldbank.org/v2/,25.460122699386503,27.272727272727273,28.946913366764655,-0.9256672305418333,1.2763642919754146,8.769040810858803,23.934987168520102,5845.0,21.446654611211574,5530.0,,
EU_EEA,Portugal,PRT,2020,Escherichia coli,Blood/invasive,Fluoroquinolones,1399,5845,EUCAST,EUCAST required; exact version unavailable in Atlas aggregate,ECDC Surveillance Atlas aggregate,https://atlas.ecdc.europa.eu/public/,23.934987168520102,1,J01M_quinolones,1.2953999999999999,1.6372,1.8197999999999999,1.8578000000000001,9.246699999999999,1.0996,,,,5.376057557790953,,,,4.908612572694544,10297081,22.8627033998973,61.1042566768691,22299.4044062173,10.52074051,https://api.worldbank.org/v2/,26.46555745607215,25.460122699386503,27.272727272727273,-0.9007785555935923,1.2454489871415733,8.673512945671192,22.499110003559984,5618.0,24.331926863572434,6399.0,,
EU_EEA,Portugal,PRT,2021,Escherichia coli,Blood/invasive,Fluoroquinolones,1264,5618,EUCAST,EUCAST required; exact version unavailable in Atlas aggregate,ECDC Surveillance Atlas aggregate,https://atlas.ecdc.europa.eu/public/,22.499110003559984,0,J01M_quinolones,1.2575,1.2953999999999999,1.6372,1.8197999999999999,9.2089,1.1936,,,,5.402855525504748,,,,5.376057557790953,10361831,23.2908706037669,61.0951249296597,24711.4510062111,11.22031498,https://api.worldbank.org/v2/,23.934987168520102,26.46555745607215,25.460122699386503,-1.1413608375031647,1.5062944646744796,8.633908991112198,21.446654611211574,5530.0,,,,
EU_EEA,Portugal,PRT,2022,Escherichia coli,Blood/invasive,Fluoroquinolones,1186,5530,EUCAST,EUCAST required; exact version unavailable in Atlas aggregate,ECDC Surveillance Atlas aggregate,https://atlas.ecdc.europa.eu/public/,21.446654611211574,0,J01M_quinolones,1.3808999999999998,1.2575,1.2953999999999999,1.6372,11.6785,1.2552999999999999,,,,5.032723990069962,,,,5.402855525504748,10434332,23.688003515383,61.1259255772782,24620.5197587181,10.5492239,https://api.worldbank.org/v2/,22.499110003559984,23.934987168520102,26.46555745607215,-1.649258569954189,1.8822705975999694,8.618123909994678,24.331926863572434,6399.0,,,,
EU_EEA,Portugal,PRT,2023,Escherichia coli,Blood/invasive,Fluoroquinolones,1557,6399,EUCAST,EUCAST required; exact version unavailable in Atlas aggregate,ECDC Surveillance Atlas aggregate,https://atlas.ecdc.europa.eu/public/,24.331926863572434,0,J01M_quinolones,,,,,,,,,,,,,,,10578174,24.1115106141099,61.2048652633664,27634.6183139773,10.02761173,https://api.worldbank.org/v2/,21.446654611211574,22.499110003559984,23.934987168520102,0.013836369280853762,1.1511618922743891,8.764053269347762,,,,,,
EU_EEA,Portugal,PRT,2013,Escherichia coli,Blood/invasive,Third-generation cephalosporins,400,2678,EARS-Net mixed/not reported,Not reported in Atlas aggregate,ECDC Surveillance Atlas aggregate,https://atlas.ecdc.europa.eu/public/,14.936519790888722,0,J01D_other_beta_lactams,1.8340999999999998,,,,11.1586,1.1478,,,,3.067800979633927,,,,,10457295,19.6276592820198,61.1405315215642,21676.4859642714,9.39476109,https://api.worldbank.org/v2/,13.50974930362117,11.257233035244608,10.425311203319502,1.578614203108421,1.7889156953738958,7.893198869544609,16.421178343949045,5024.0,16.06154910096819,5784.0,14.708382928073457,5881.0
EU_EEA,Portugal,PRT,2014,Escherichia coli,Blood/invasive,Third-generation cephalosporins,825,5024,EARS-Net mixed/not reported,Not reported in Atlas aggregate,ECDC Surveillance Atlas aggregate,https://atlas.ecdc.europa.eu/public/,16.421178343949045,0,J01D_other_beta_lactams,1.8405,1.8340999999999998,,,11.4434,1.1068,,,,3.2123573234912177,,,,3.067800979633927,10401062,20.1141031472732,61.1394537361116,22120.6850127107,9.33570766,https://api.worldbank.org/v2/,14.936519790888722,13.50974930362117,11.257233035244608,1.6918606413380837,1.9038384880982342,8.522180732927277,16.090029761904763,5376.0,15.587641670548052,6441.0,16.103286384976524,6390.0
EU_EEA,Portugal,PRT,2015,Escherichia coli,Blood/invasive,Third-generation cephalosporins,865,5376,EARS-Net mixed/not reported,Not reported in Atlas aggregate,ECDC Surveillance Atlas aggregate,https://atlas.ecdc.europa.eu/public/,16.090029761904763,0,J01D_other_beta_lactams,1.9611000000000005,1.8405,1.8340999999999998,,11.8892,1.1119999999999999,,,,3.6170498857066016,,,,3.2123573234912177,10358076,20.5742532955034,61.137469211538,19215.7813014347,9.33309937,https://api.worldbank.org/v2/,16.421178343949045,14.936519790888722,13.50974930362117,0.9225499927911075,1.140569922763406,8.589885876809678,16.06154910096819,5784.0,14.708382928073457,5881.0,14.44847229414811,5793.0
EU_EEA,Portugal,PRT,2016,Escherichia coli,Blood/invasive,Third-generation cephalosporins,929,5784,EARS-Net mixed/not reported,Not reported in Atlas aggregate,ECDC Surveillance Atlas aggregate,https://atlas.ecdc.europa.eu/public/,16.06154910096819,0,J01D_other_beta_lactams,1.9481999999999997,1.9611000000000005,1.8405,1.8340999999999998,12.076500000000001,1.1132,,,,3.6693575288544937,,,,3.6170498857066016,10325452,21.026998642616,61.1343011242723,19980.2808866516,9.39989281,https://api.worldbank.org/v2/,16.090029761904763,16.421178343949045,14.936519790888722,0.30439393481940863,0.5612648074210483,8.663023639627777,15.587641670548052,6441.0,16.103286384976524,6390.0,13.089937666963491,5615.0
EU_EEA,Portugal,PRT,2017,Escherichia coli,Blood/invasive,Third-generation cephalosporins,1004,6441,EARS-Net mixed/not reported,Not reported in Atlas aggregate,ECDC Surveillance Atlas aggregate,https://atlas.ecdc.europa.eu/public/,15.587641670548052,0,J01D_other_beta_lactams,2.037,1.9481999999999997,1.9611000000000005,1.8405,12.052299999999999,1.0611,,,,3.913802363050484,,,,3.6693575288544937,10300300,21.4882830483163,61.1296726507436,21442.3842768879,9.32668972,https://api.worldbank.org/v2/,16.06154910096819,16.090029761904763,16.421178343949045,-0.25290906811395675,0.29702368978464255,8.770594329891145,14.708382928073457,5881.0,14.44847229414811,5793.0,14.096996018820123,5526.0
EU_EEA,Portugal,PRT,2018,Escherichia coli,Blood/invasive,Third-generation cephalosporins,865,5881,EARS-Net mixed/not reported,Not reported in Atlas aggregate,ECDC Surveillance Atlas aggregate,https://atlas.ecdc.europa.eu/public/,14.708382928073457,0,J01D_other_beta_lactams,2.013,2.037,1.9481999999999997,1.9611000000000005,12.5531,1.0731999999999997,,,,4.363787490475862,,,,3.913802363050484,10283822,21.9323930135851,61.1233069673808,23541.1401075289,9.42121029,https://api.worldbank.org/v2/,15.587641670548052,16.06154910096819,16.090029761904763,-0.4618847931914092,0.5585078220195256,8.67965211911394,16.103286384976524,6390.0,13.089937666963491,5615.0,17.195064813368734,6403.0
EU_EEA,Portugal,PRT,2019,Escherichia coli,Blood/invasive,Third-generation cephalosporins,1029,6390,EARS-Net mixed/not reported,Not reported in Atlas aggregate,ECDC Surveillance Atlas aggregate,https://atlas.ecdc.europa.eu/public/,16.103286384976524,0,J01D_other_beta_lactams,2.0389,2.013,2.037,1.9481999999999997,12.2525,1.0656999999999999,,,,4.908612572694544,,,,4.363787490475862,10286263,22.3900784021367,61.114927250613,23343.3628970034,9.50868607,https://api.worldbank.org/v2/,14.708382928073457,15.587641670548052,16.06154910096819,-0.07540468904496114,0.5613671930411253,8.762646029650282,14.44847229414811,5793.0,14.096996018820123,5526.0,,
EU_EEA,Portugal,PRT,2020,Escherichia coli,Blood/invasive,Third-generation cephalosporins,837,5793,EUCAST,EUCAST required; exact version unavailable in Atlas aggregate,ECDC Surveillance Atlas aggregate,https://atlas.ecdc.europa.eu/public/,14.44847229414811,1,J01D_other_beta_lactams,1.7780999999999998,2.0389,2.013,2.037,9.246699999999999,1.0996,,,,5.376057557790953,,,,4.908612572694544,10297081,22.8627033998973,61.1042566768691,22299.4044062173,10.52074051,https://api.worldbank.org/v2/,16.103286384976524,14.708382928073457,15.587641670548052,-0.20226046722967864,0.6656017551234544,8.664578178329295,13.089937666963491,5615.0,17.195064813368734,6403.0,,
EU_EEA,Portugal,PRT,2021,Escherichia coli,Blood/invasive,Third-generation cephalosporins,735,5615,EUCAST,EUCAST required; exact version unavailable in Atlas aggregate,ECDC Surveillance Atlas aggregate,https://atlas.ecdc.europa.eu/public/,13.089937666963491,0,J01D_other_beta_lactams,1.9227,1.7780999999999998,2.0389,2.013,9.2089,1.1936,,,,5.402855525504748,,,,5.376057557790953,10361831,23.2908706037669,61.0951249296597,24711.4510062111,11.22031498,https://api.worldbank.org/v2/,14.44847229414811,16.103286384976524,14.708382928073457,-0.6510149874158336,1.0693739628788386,8.633374945705647,14.096996018820123,5526.0,,,,
EU_EEA,Portugal,PRT,2022,Escherichia coli,Blood/invasive,Third-generation cephalosporins,779,5526,EUCAST,EUCAST required; exact version unavailable in Atlas aggregate,ECDC Surveillance Atlas aggregate,https://atlas.ecdc.europa.eu/public/,14.096996018820123,0,J01D_other_beta_lactams,2.2572,1.9227,1.7780999999999998,2.0389,11.6785,1.2552999999999999,,,,5.032723990069962,,,,5.402855525504748,10434332,23.688003515383,61.1259255772782,24620.5197587181,10.5492239,https://api.worldbank.org/v2/,13.089937666963491,14.44847229414811,16.103286384976524,-0.7377405725653866,1.0847580270015516,8.617400451833262,17.195064813368734,6403.0,,,,
EU_EEA,Portugal,PRT,2023,Escherichia coli,Blood/invasive,Third-generation cephalosporins,1101,6403,EUCAST,EUCAST required; exact version unavailable in Atlas aggregate,ECDC Surveillance Atlas aggregate,https://atlas.ecdc.europa.eu/public/,17.195064813368734,0,J01D_other_beta_lactams,,,,,,,,,,,,,,,10578174,24.1115106141099,61.2048652633664,27634.6183139773,10.02761173,https://api.worldbank.org/v2/,14.096996018820123,13.089937666963491,14.44847229414811,0.9246835909518487,1.5202217774055526,8.764678074116606,,,,,,
EU_EEA,Romania,ROU,2013,Escherichia coli,Blood/invasive,Aminoglycosides,44,298,EARS-Net mixed/not reported,Not reported in Atlas aggregate,ECDC Surveillance Atlas aggregate,https://atlas.ecdc.europa.eu/public/,14.765100671140939,0,J01G_aminoglycosides,,,,,,,,,,,,,,,19983693,16.4582814237269,53.9101758034365,9497.67411615237,5.2240696,https://api.worldbank.org/v2/,24.324324324324323,18.0,12.121212121212121,1.4255989974110759,4.557320002675958,5.700443573390687,17.16171617161716,303.0,14.97584541062802,414.0,12.788906009244993,649.0
EU_EEA,Romania,ROU,2014,Escherichia coli,Blood/invasive,Aminoglycosides,52,303,EARS-Net mixed/not reported,Not reported in Atlas aggregate,ECDC Surveillance Atlas aggregate,https://atlas.ecdc.europa.eu/public/,17.16171617161716,0,J01G_aminoglycosides,,,,,,,,,,,,,,,19908979,16.7939266755188,53.8267187624053,10031.7710755404,5.0276823,https://api.worldbank.org/v2/,14.765100671140939,24.324324324324323,18.0,-1.2074075138331941,3.531906796104892,5.717027701406222,18.306010928961747,366.0,15.2046783625731,513.0,11.616161616161616,594.0
EU_EEA,Romania,ROU,2015,Escherichia coli,Blood/invasive,Aminoglycosides,67,366,EARS-Net mixed/not reported,Not reported in Atlas aggregate,ECDC Surveillance Atlas aggregate,https://atlas.ecdc.europa.eu/public/,18.306010928961747,0,J01G_aminoglycosides,,,,,,,,,,,,,,,19815616,17.209625303825,53.7071839518893,8977.01748158196,4.94292021,https://api.worldbank.org/v2/,17.16171617161716,14.765100671140939,24.324324324324323,-1.5658324685611544,3.5221888642607335,5.905361848054571,14.97584541062802,414.0,12.788906009244993,649.0,10.899182561307901,367.0
EU_EEA,Romania,ROU,2016,Escherichia coli,Blood/invasive,Aminoglycosides,62,414,EARS-Net mixed/not reported,Not reported in Atlas aggregate,ECDC Surveillance Atlas aggregate,https://atlas.ecdc.europa.eu/public/,14.97584541062802,0,J01G_aminoglycosides,,,,,,,,,,,,,,,19702267,17.5741928757273,53.5528171972639,9404.54005870715,5.08012772,https://api.worldbank.org/v2/,18.306010928961747,17.16171617161716,14.765100671140939,0.17765289758058053,1.4896238726440303,6.028278520230698,15.2046783625731,513.0,11.616161616161616,594.0,10.591133004926109,406.0
EU_EEA,Romania,ROU,2017,Escherichia coli,Blood/invasive,Aminoglycosides,78,513,EARS-Net mixed/not reported,Not reported in Atlas aggregate,ECDC Surveillance Atlas aggregate,https://atlas.ecdc.europa.eu/public/,15.2046783625731,0,J01G_aminoglycosides,,,,,,,,,,,,,,,19588715,17.9121340991497,53.3648643239046,10727.9822007426,5.18878555,https://api.worldbank.org/v2/,14.97584541062802,18.306010928961747,17.16171617161716,-0.9201278945465938,1.384694665084095,6.2422232654551655,12.788906009244993,649.0,10.899182561307901,367.0,11.960132890365449,602.0
EU_EEA,Romania,ROU,2018,Escherichia coli,Blood/invasive,Aminoglycosides,83,649,EARS-Net mixed/not reported,Not reported in Atlas aggregate,ECDC Surveillance Atlas aggregate,https://atlas.ecdc.europa.eu/public/,12.788906009244993,0,J01G_aminoglycosides,,,,,,,,,,,,,,,19473970,18.2496778221635,53.1445711571868,12416.134317959,5.51454878,https://api.worldbank.org/v2/,15.2046783625731,14.97584541062802,18.306010928961747,-1.6322481807205222,1.9656064154975939,6.476972362889683,11.616161616161616,594.0,10.591133004926109,406.0,12.716763005780347,865.0
EU_EEA,Romania,ROU,2019,Escherichia coli,Blood/invasive,Aminoglycosides,69,594,EARS-Net mixed/not reported,Not reported in Atlas aggregate,ECDC Surveillance Atlas aggregate,https://atlas.ecdc.europa.eu/public/,11.616161616161616,0,J01G_aminoglycosides,,,,,19.022,1.3842,,,,2.9836381135707413,,,,,19371648,18.604236526527,52.8931835224862,12909.6104013244,5.69924641,https://api.worldbank.org/v2/,12.788906009244993,15.2046783625731,14.97584541062802,-1.2494823736727347,1.5043952601025514,6.38856140554563,10.899182561307901,367.0,11.960132890365449,602.0,,
EU_EEA,Romania,ROU,2020,Escherichia coli,Blood/invasive,Aminoglycosides,40,367,EUCAST,EUCAST required; exact version unavailable in Atlas aggregate,ECDC Surveillance Atlas aggregate,https://atlas.ecdc.europa.eu/public/,10.899182561307901,1,J01G_aminoglycosides,,,,,17.2757,1.0817,,,,2.530617345663584,,,,2.9836381135707413,19265250,19.0166656963587,52.611947245178,13009.1525348396,6.20959711,https://api.worldbank.org/v2/,11.616161616161616,12.788906009244993,15.2046783625731,-1.4089231796879003,1.6338441190062514,5.908082938168931,10.591133004926109,406.0,12.716763005780347,865.0,,
EU_EEA,Romania,ROU,2021,Escherichia coli,Blood/invasive,Aminoglycosides,43,406,EUCAST,EUCAST required; exact version unavailable in Atlas aggregate,ECDC Surveillance Atlas aggregate,https://atlas.ecdc.europa.eu/public/,10.591133004926109,0,J01G_aminoglycosides,,,,,17.657700000000006,1.1701,,,,3.465250340047931,,,,2.530617345663584,19122059,19.3269658332554,52.2321512130811,14908.0412813921,6.45246983,https://api.worldbank.org/v2/,10.899182561307901,11.616161616161616,12.788906009244993,-0.7310298067810399,0.8454372924646655,6.008813185442595,11.960132890365449,602.0,,,,
EU_EEA,Romania,ROU,2022,Escherichia coli,Blood/invasive,Aminoglycosides,72,602,EUCAST,EUCAST required; exact version unavailable in Atlas aggregate,ECDC Surveillance Atlas aggregate,https://atlas.ecdc.europa.eu/public/,11.960132890365449,0,J01G_aminoglycosides,,,,,19.2311,1.1475000000000002,,,,3.4717452388385888,,,,3.465250340047931,19048502,19.5152470245056,52.1634832477272,15503.4691366242,5.79823256,https://api.worldbank.org/v2/,10.591133004926109,10.899182561307901,11.616161616161616,0.07238642662296849,0.5464504593666728,6.401917196727186,12.716763005780347,865.0,,,,
EU_EEA,Romania,ROU,2023,Escherichia coli,Blood/invasive,Aminoglycosides,110,865,EUCAST,EUCAST required; exact version unavailable in Atlas aggregate,ECDC Surveillance Atlas aggregate,https://atlas.ecdc.europa.eu/public/,12.716763005780347,0,J01G_aminoglycosides,,,,,,,,,,,,,,,19061062,19.7531409207066,52.1645747011867,18244.4186876321,5.70901489,https://api.worldbank.org/v2/,11.960132890365449,10.591133004926109,10.899182561307901,0.6821741218856674,0.8473879542621732,6.763884908562435,,,,,,
EU_EEA,Romania,ROU,2013,Escherichia coli,Blood/invasive,Aminopenicillins,188,279,EARS-Net mixed/not reported,Not reported in Atlas aggregate,ECDC Surveillance Atlas aggregate,https://atlas.ecdc.europa.eu/public/,67.38351254480287,0,J01C_penicillins,,,,,,,,,,,,,,,19983693,16.4582814237269,53.9101758034365,9497.67411615237,5.2240696,https://api.worldbank.org/v2/,58.91891891891892,70.83333333333333,82.6086956521739,-5.7589963736527645,8.504317872510255,5.634789603169249,67.98418972332016,253.0,72.34042553191489,376.0,62.17712177121771,542.0
EU_EEA,Romania,ROU,2014,Escherichia coli,Blood/invasive,Aminopenicillins,172,253,EARS-Net mixed/not reported,Not reported in Atlas aggregate,ECDC Surveillance Atlas aggregate,https://atlas.ecdc.europa.eu/public/,67.98418972332016,0,J01C_penicillins,,,,,,,,,,,,,,,19908979,16.7939266755188,53.8267187624053,10031.7710755404,5.0276823,https://api.worldbank.org/v2/,67.38351254480287,58.91891891891892,70.83333333333333,-0.00828372041556853,4.445232324518758,5.537334267018537,72.97297297297297,259.0,68.21862348178138,494.0,63.01115241635688,538.0
EU_EEA,Romania,ROU,2015,Escherichia coli,Blood/invasive,Aminopenicillins,189,259,EARS-Net mixed/not reported,Not reported in Atlas aggregate,ECDC Surveillance Atlas aggregate,https://atlas.ecdc.europa.eu/public/,72.97297297297297,0,J01C_penicillins,,,,,,,,,,,,,,,19815616,17.209625303825,53.7071839518893,8977.01748158196,4.94292021,https://api.worldbank.org/v2/,67.98418972332016,67.38351254480287,58.91891891891892,4.276283934067942,5.048735947155795,5.560681631015528,72.34042553191489,376.0,62.17712177121771,542.0,62.65822784810127,316.0
EU_EEA,Romania,ROU,2016,Escherichia coli,Blood/invasive,Aminopenicillins,272,376,EARS-Net mixed/not reported,Not reported in Atlas aggregate,ECDC Surveillance Atlas aggregate,https://atlas.ecdc.europa.eu/public/,72.34042553191489,0,J01C_penicillins,,,,,,,,,,,,,,,19702267,17.5741928757273,53.5528171972639,9404.54005870715,5.08012772,https://api.worldbank.org/v2/,72.97297297297297,67.98418972332016,67.38351254480287,1.9859522210988738,2.5054781518449962,5.932245187448011,68.21862348178138,494.0,63.01115241635688,538.0,64.20454545454545,352.0
EU_EEA,Romania,ROU,2017,Escherichia coli,Blood/invasive,Aminopenicillins,337,494,EARS-Net mixed/not reported,Not reported in Atlas aggregate,ECDC Surveillance Atlas aggregate,https://atlas.ecdc.europa.eu/public/,68.21862348178138,0,J01C_penicillins,,,,,,,,,,,,,,,19588715,17.9121340991497,53.3648643239046,10727.9822007426,5.18878555,https://api.worldbank.org/v2/,72.34042553191489,72.97297297297297,67.98418972332016,0.007075383432547666,2.290099826007535,6.20455776256869,62.17712177121771,542.0,62.65822784810127,316.0,62.361623616236166,542.0
EU_EEA,Romania,ROU,2018,Escherichia coli,Blood/invasive,Aminopenicillins,337,542,EARS-Net mixed/not reported,Not reported in Atlas aggregate,ECDC Surveillance Atlas aggregate,https://atlas.ecdc.europa.eu/public/,62.17712177121771,0,J01C_penicillins,,,,,,,,,,,,,,,19473970,18.2496778221635,53.1445711571868,12416.134317959,5.51454878,https://api.worldbank.org/v2/,68.21862348178138,72.34042553191489,72.97297297297297,-3.6509355655399363,4.303603845263413,6.297109319933935,63.01115241635688,538.0,64.20454545454545,352.0,61.71052631578947,760.0
EU_EEA,Romania,ROU,2019,Escherichia coli,Blood/invasive,Aminopenicillins,339,538,EARS-Net mixed/not reported,Not reported in Atlas aggregate,ECDC Surveillance Atlas aggregate,https://atlas.ecdc.europa.eu/public/,63.01115241635688,0,J01C_penicillins,11.623800000000001,,,,19.022,1.3842,,,,2.9836381135707413,,,,,19371648,18.604236526527,52.8931835224862,12909.6104013244,5.69924641,https://api.worldbank.org/v2/,62.17712177121771,68.21862348178138,72.34042553191489,-3.402932105723787,4.120303669561056,6.289715570908998,62.65822784810127,316.0,62.361623616236166,542.0,,
EU_EEA,Romania,ROU,2020,Escherichia coli,Blood/invasive,Aminopenicillins,198,316,EUCAST,EUCAST required; exact version unavailable in Atlas aggregate,ECDC Surveillance Atlas aggregate,https://atlas.ecdc.europa.eu/public/,62.65822784810127,1,J01C_penicillins,10.650300000000001,11.623800000000001,,,17.2757,1.0817,,,,2.530617345663584,,,,2.9836381135707413,19265250,19.0166656963587,52.611947245178,13009.1525348396,6.20959711,https://api.worldbank.org/v2/,63.01115241635688,62.17712177121771,68.21862348178138,-1.584715625590133,2.4442166861818486,5.75890177387728,64.20454545454545,352.0,61.71052631578947,760.0,,
EU_EEA,Romania,ROU,2021,Escherichia coli,Blood/invasive,Aminopenicillins,226,352,EUCAST,EUCAST required; exact version unavailable in Atlas aggregate,ECDC Surveillance Atlas aggregate,https://atlas.ecdc.europa.eu/public/,64.20454545454545,0,J01C_penicillins,10.733000000000004,10.650300000000001,11.623800000000001,,17.657700000000006,1.1701,,,,3.465250340047931,,,,2.530617345663584,19122059,19.3269658332554,52.2321512130811,14908.0412813921,6.45246983,https://api.worldbank.org/v2/,62.65822784810127,63.01115241635688,62.17712177121771,0.5729346481727541,0.7490559809038666,5.8664680569332965,62.361623616236166,542.0,,,,
EU_EEA,Romania,ROU,2022,Escherichia coli,Blood/invasive,Aminopenicillins,338,542,EUCAST,EUCAST required; exact version unavailable in Atlas aggregate,ECDC Surveillance Atlas aggregate,https://atlas.ecdc.europa.eu/public/,62.361623616236166,0,J01C_penicillins,11.7826,10.733000000000004,10.650300000000001,11.623800000000001,19.2311,1.1475000000000002,,,,3.4717452388385888,,,,3.465250340047931,19048502,19.5152470245056,52.1634832477272,15503.4691366242,5.79823256,https://api.worldbank.org/v2/,64.20454545454545,62.65822784810127,63.01115241635688,-0.040226879391812125,0.7002706382689536,6.297109319933935,61.71052631578947,760.0,,,,
EU_EEA,Romania,ROU,2023,Escherichia coli,Blood/invasive,Aminopenicillins,469,760,EUCAST,EUCAST required; exact version unavailable in Atlas aggregate,ECDC Surveillance Atlas aggregate,https://atlas.ecdc.europa.eu/public/,61.71052631578947,0,J01C_penicillins,,,,,,,,,,,,,,,19061062,19.7531409207066,52.1645747011867,18244.4186876321,5.70901489,https://api.worldbank.org/v2/,62.361623616236166,64.20454545454545,62.65822784810127,-0.4686026435244802,0.9157520975255995,6.634633357861686,,,,,,
EU_EEA,Romania,ROU,2013,Escherichia coli,Blood/invasive,Carbapenems,0,299,EARS-Net mixed/not reported,Not reported in Atlas aggregate,ECDC Surveillance Atlas aggregate,https://atlas.ecdc.europa.eu/public/,0.0,0,J01DH_carbapenems,,,,,,,,,,,,,,,19983693,16.4582814237269,53.9101758034365,9497.67411615237,5.2240696,https://api.worldbank.org/v2/,0.0,0.0,0.0,0.0,0.0,5.703782474656201,0.6557377049180327,305.0,0.9732360097323601,411.0,0.0,653.0
EU_EEA,Romania,ROU,2014,Escherichia coli,Blood/invasive,Carbapenems,2,305,EARS-Net mixed/not reported,Not reported in Atlas aggregate,ECDC Surveillance Atlas aggregate,https://atlas.ecdc.europa.eu/public/,0.6557377049180327,0,J01DH_carbapenems,,,,,,,,,,,,,,,19908979,16.7939266755188,53.8267187624053,10031.7710755404,5.0276823,https://api.worldbank.org/v2/,0.0,0.0,0.0,0.19672131147540986,0.28394275533915975,5.723585101952381,1.9021739130434783,368.0,0.39215686274509803,510.0,0.6006006006006006,666.0
EU_EEA,Romania,ROU,2015,Escherichia coli,Blood/invasive,Carbapenems,7,368,EARS-Net mixed/not reported,Not reported in Atlas aggregate,ECDC Surveillance Atlas aggregate,https://atlas.ecdc.europa.eu/public/,1.9021739130434783,0,J01DH_carbapenems,,,,,,,,,,,,,,,19815616,17.209625303825,53.7071839518893,8977.01748158196,4.94292021,https://api.worldbank.org/v2/,0.6557377049180327,0.0,0.0,0.6362259444048469,0.7766159880836679,5.910796644040527,0.9732360097323601,411.0,0.0,653.0,0.6607929515418502,454.0
EU_EEA,Romania,ROU,2016,Escherichia coli,Blood/invasive,Carbapenems,4,411,EARS-Net mixed/not reported,Not reported in Atlas aggregate,ECDC Surveillance Atlas aggregate,https://atlas.ecdc.europa.eu/public/,0.9732360097323601,0,J01DH_carbapenems,,,,,,,,,,,,,,,19702267,17.5741928757273,53.5528171972639,9404.54005870715,5.08012772,https://api.worldbank.org/v2/,1.9021739130434783,0.6557377049180327,0.0,0.41661442373225266,0.685236267941952,6.021023349349527,0.39215686274509803,510.0,0.6006006006006006,666.0,0.40160642570281124,498.0
EU_EEA,Romania,ROU,2017,Escherichia coli,Blood/invasive,Carbapenems,2,510,EARS-Net mixed/not reported,Not reported in Atlas aggregate,ECDC Surveillance Atlas aggregate,https://atlas.ecdc.europa.eu/public/,0.39215686274509803,0,J01DH_carbapenems,,,,,,,,,,,,,,,19588715,17.9121340991497,53.3648643239046,10727.9822007426,5.18878555,https://api.worldbank.org/v2/,0.9732360097323601,1.9021739130434783,0.6557377049180327,-0.17196804298299234,0.5703405424782428,6.236369590203704,0.0,653.0,0.6607929515418502,454.0,0.5738880918220947,697.0
EU_EEA,Romania,ROU,2018,Escherichia coli,Blood/invasive,Carbapenems,0,653,EARS-Net mixed/not reported,Not reported in Atlas aggregate,ECDC Surveillance Atlas aggregate,https://atlas.ecdc.europa.eu/public/,0.0,0,J01DH_carbapenems,,,,,,,,,,,,,,,19473970,18.2496778221635,53.1445711571868,12416.134317959,5.51454878,https://api.worldbank.org/v2/,0.39215686274509803,0.9732360097323601,1.9021739130434783,-0.62876008861177,0.7158897884173713,6.483107351457199,0.6006006006006006,666.0,0.40160642570281124,498.0,1.8274111675126903,985.0
EU_EEA,Romania,ROU,2019,Escherichia coli,Blood/invasive,Carbapenems,4,666,EARS-Net mixed/not reported,Not reported in Atlas aggregate,ECDC Surveillance Atlas aggregate,https://atlas.ecdc.europa.eu/public/,0.6006006006006006,0,J01DH_carbapenems,0.0723,,,,19.022,1.3842,,,,2.9836381135707413,,,,,19371648,18.604236526527,52.8931835224862,12909.6104013244,5.69924641,https://api.worldbank.org/v2/,0.0,0.39215686274509803,0.9732360097323601,-0.15100630901403778,0.3519282004305933,6.502790045915623,0.6607929515418502,454.0,0.5738880918220947,697.0,,
EU_EEA,Romania,ROU,2020,Escherichia coli,Blood/invasive,Carbapenems,3,454,EUCAST,EUCAST required; exact version unavailable in Atlas aggregate,ECDC Surveillance Atlas aggregate,https://atlas.ecdc.europa.eu/public/,0.6607929515418502,1,J01DH_carbapenems,0.0878,0.0723,,,17.2757,1.0817,,,,2.530617345663584,,,,2.9836381135707413,19265250,19.0166656963587,52.611947245178,13009.1525348396,6.20959711,https://api.worldbank.org/v2/,0.6006006006006006,0.0,0.39215686274509803,0.14065088669908568,0.2586494575693001,6.12029741895095,0.40160642570281124,498.0,1.8274111675126903,985.0,,
EU_EEA,Romania,ROU,2021,Escherichia coli,Blood/invasive,Carbapenems,2,498,EUCAST,EUCAST required; exact version unavailable in Atlas aggregate,ECDC Surveillance Atlas aggregate,https://atlas.ecdc.europa.eu/public/,0.40160642570281124,0,J01DH_carbapenems,0.1112,0.0878,0.0723,,17.657700000000006,1.1701,,,,3.465250340047931,,,,2.530617345663584,19122059,19.3269658332554,52.2321512130811,14908.0412813921,6.45246983,https://api.worldbank.org/v2/,0.6607929515418502,0.6006006006006006,0.0,0.12650116280496834,0.2584878603709676,6.212606095751519,0.5738880918220947,697.0,,,,
EU_EEA,Romania,ROU,2022,Escherichia coli,Blood/invasive,Carbapenems,4,697,EUCAST,EUCAST required; exact version unavailable in Atlas aggregate,ECDC Surveillance Atlas aggregate,https://atlas.ecdc.europa.eu/public/,0.5738880918220947,0,J01DH_carbapenems,0.0877,0.1112,0.0878,0.0723,19.2311,1.1475000000000002,,,,3.4717452388385888,,,,3.465250340047931,19048502,19.5152470245056,52.1634832477272,15503.4691366242,5.79823256,https://api.worldbank.org/v2/,0.40160642570281124,0.6607929515418502,0.6006006006006006,-0.033932405217455816,0.09628942088197617,6.548219102762372,1.8274111675126903,985.0,,,,
EU_EEA,Romania,ROU,2023,Escherichia coli,Blood/invasive,Carbapenems,18,985,EUCAST,EUCAST required; exact version unavailable in Atlas aggregate,ECDC Surveillance Atlas aggregate,https://atlas.ecdc.europa.eu/public/,1.8274111675126903,0,J01DH_carbapenems,,,,,,,,,,,,,,,19061062,19.7531409207066,52.1645747011867,18244.4186876321,5.70901489,https://api.worldbank.org/v2/,0.5738880918220947,0.40160642570281124,0.6607929515418502,0.36721363140318036,0.5628969936404653,6.893656354602635,,,,,,
EU_EEA,Romania,ROU,2013,Escherichia coli,Blood/invasive,Fluoroquinolones,93,300,EARS-Net mixed/not reported,Not reported in Atlas aggregate,ECDC Surveillance Atlas aggregate,https://atlas.ecdc.europa.eu/public/,31.0,0,J01M_quinolones,,,,,,,,,,,,,,,19983693,16.4582814237269,53.9101758034365,9497.67411615237,5.2240696,https://api.worldbank.org/v2/,29.032258064516128,28.0,24.242424242424242,2.1304985337243365,2.457949841496109,5.707110264748875,31.270358306188925,307.0,30.62200956937799,418.0,29.102167182662537,646.0
EU_EEA,Romania,ROU,2014,Escherichia coli,Blood/invasive,Fluoroquinolones,96,307,EARS-Net mixed/not reported,Not reported in Atlas aggregate,ECDC Surveillance Atlas aggregate,https://atlas.ecdc.europa.eu/public/,31.270358306188925,0,J01M_quinolones,,,,,,,,,,,,,,,19908979,16.7939266755188,53.8267187624053,10031.7710755404,5.0276823,https://api.worldbank.org/v2/,31.0,29.032258064516128,28.0,1.1778816854050582,1.3627865476840986,5.730099782973574,30.7277628032345,371.0,26.44787644787645,518.0,28.287461773700304,654.0
EU_EEA,Romania,ROU,2015,Escherichia coli,Blood/invasive,Fluoroquinolones,114,371,EARS-Net mixed/not reported,Not reported in Atlas aggregate,ECDC Surveillance Atlas aggregate,https://atlas.ecdc.europa.eu/public/,30.7277628032345,0,J01M_quinolones,,,,,,,,,,,,,,,19815616,17.209625303825,53.7071839518893,8977.01748158196,4.94292021,https://api.worldbank.org/v2/,31.270358306188925,31.0,29.032258064516128,0.5356872522344017,0.8731213375122864,5.918893854273146,30.62200956937799,418.0,29.102167182662537,646.0,26.0,450.0
EU_EEA,Romania,ROU,2016,Escherichia coli,Blood/invasive,Fluoroquinolones,128,418,EARS-Net mixed/not reported,Not reported in Atlas aggregate,ECDC Surveillance Atlas aggregate,https://atlas.ecdc.europa.eu/public/,30.62200956937799,0,J01M_quinolones,,,,,,,,,,,,,,,19702267,17.5741928757273,53.5528171972639,9404.54005870715,5.08012772,https://api.worldbank.org/v2/,30.7277628032345,31.270358306188925,31.0,-0.16765667948204804,0.2519961782313156,6.037870919922137,26.44787644787645,518.0,28.287461773700304,654.0,24.698795180722893,498.0
EU_EEA,Romania,ROU,2017,Escherichia coli,Blood/invasive,Fluoroquinolones,137,518,EARS-Net mixed/not reported,Not reported in Atlas aggregate,ECDC Surveillance Atlas aggregate,https://atlas.ecdc.europa.eu/public/,26.44787644787645,0,J01M_quinolones,,,,,,,,,,,,,,,19588715,17.9121340991497,53.3648643239046,10727.9822007426,5.18878555,https://api.worldbank.org/v2/,30.62200956937799,30.7277628032345,31.270358306188925,-1.4573198808794006,1.932017978619933,6.251903883165888,29.102167182662537,646.0,26.0,450.0,23.768115942028984,690.0
EU_EEA,Romania,ROU,2018,Escherichia coli,Blood/invasive,Fluoroquinolones,188,646,EARS-Net mixed/not reported,Not reported in Atlas aggregate,ECDC Surveillance Atlas aggregate,https://atlas.ecdc.europa.eu/public/,29.102167182662537,0,J01M_quinolones,,,,,,,,,,,,,,,19473970,18.2496778221635,53.1445711571868,12416.134317959,5.51454878,https://api.worldbank.org/v2/,26.44787644787645,30.62200956937799,30.7277628032345,-0.9050919983217501,1.7275296593712544,6.472346294500901,28.287461773700304,654.0,24.698795180722893,498.0,25.408163265306122,980.0
EU_EEA,Romania,ROU,2019,Escherichia coli,Blood/invasive,Fluoroquinolones,185,654,EARS-Net mixed/not reported,Not reported in Atlas aggregate,ECDC Surveillance Atlas aggregate,https://atlas.ecdc.europa.eu/public/,28.287461773700304,0,J01M_quinolones,3.3207,,,,19.022,1.3842,,,,2.9836381135707413,,,,,19371648,18.604236526527,52.8931835224862,12909.6104013244,5.69924641,https://api.worldbank.org/v2/,29.102167182662537,26.44787644787645,30.62200956937799,-0.4349352652247059,1.5057493978482592,6.484635235635252,26.0,450.0,23.768115942028984,690.0,,
EU_EEA,Romania,ROU,2020,Escherichia coli,Blood/invasive,Fluoroquinolones,117,450,EUCAST,EUCAST required; exact version unavailable in Atlas aggregate,ECDC Surveillance Atlas aggregate,https://atlas.ecdc.europa.eu/public/,26.0,1,J01M_quinolones,3.1245999999999996,3.3207,,,17.2757,1.0817,,,,2.530617345663584,,,,2.9836381135707413,19265250,19.0166656963587,52.611947245178,13009.1525348396,6.20959711,https://api.worldbank.org/v2/,28.287461773700304,29.102167182662537,26.44787644787645,-0.2158334752591629,1.2784168502253308,6.111467339502679,24.698795180722893,498.0,25.408163265306122,980.0,,
EU_EEA,Romania,ROU,2021,Escherichia coli,Blood/invasive,Fluoroquinolones,123,498,EUCAST,EUCAST required; exact version unavailable in Atlas aggregate,ECDC Surveillance Atlas aggregate,https://atlas.ecdc.europa.eu/public/,24.698795180722893,0,J01M_quinolones,3.3311,3.1245999999999996,3.3207,,17.657700000000006,1.1701,,,,3.465250340047931,,,,2.530617345663584,19122059,19.3269658332554,52.2321512130811,14908.0412813921,6.45246983,https://api.worldbank.org/v2/,26.0,28.287461773700304,29.102167182662537,-1.5497577779519287,1.7585685653296417,6.212606095751519,23.768115942028984,690.0,,,,
EU_EEA,Romania,ROU,2022,Escherichia coli,Blood/invasive,Fluoroquinolones,164,690,EUCAST,EUCAST required; exact version unavailable in Atlas aggregate,ECDC Surveillance Atlas aggregate,https://atlas.ecdc.europa.eu/public/,23.768115942028984,0,J01M_quinolones,3.4763,3.3311,3.1245999999999996,3.3207,19.2311,1.1475000000000002,,,,3.4717452388385888,,,,3.465250340047931,19048502,19.5152470245056,52.1634832477272,15503.4691366242,5.79823256,https://api.worldbank.org/v2/,24.698795180722893,26.0,28.287461773700304,-1.4859242314291086,1.696984463379242,6.53813982376767,25.408163265306122,980.0,,,,
EU_EEA,Romania,ROU,2023,Escherichia coli,Blood/invasive,Fluoroquinolones,249,980,EUCAST,EUCAST required; exact version unavailable in Atlas aggregate,ECDC Surveillance Atlas aggregate,https://atlas.ecdc.europa.eu/public/,25.408163265306122,0,J01M_quinolones,,,,,,,,,,,,,,,19061062,19.7531409207066,52.1645747011867,18244.4186876321,5.70901489,https://api.worldbank.org/v2/,23.768115942028984,24.698795180722893,26.0,-0.2706189442775592,0.8323097867462911,6.8885724595653635,,,,,,
EU_EEA,Romania,ROU,2013,Escherichia coli,Blood/invasive,Third-generation cephalosporins,68,298,EARS-Net mixed/not reported,Not reported in Atlas aggregate,ECDC Surveillance Atlas aggregate,https://atlas.ecdc.europa.eu/public/,22.818791946308725,0,J01D_other_beta_lactams,,,,,,,,,,,,,,,19983693,16.4582814237269,53.9101758034365,9497.67411615237,5.2240696,https://api.worldbank.org/v2/,25.130890052356023,21.05263157894737,20.58823529411765,1.0769928429981837,1.7840275959836494,5.700443573390687,29.41176470588235,306.0,23.444976076555022,418.0,20.18348623853211,654.0
EU_EEA,Romania,ROU,2014,Escherichia coli,Blood/invasive,Third-generation cephalosporins,90,306,EARS-Net mixed/not reported,Not reported in Atlas aggregate,ECDC Surveillance Atlas aggregate,https://atlas.ecdc.europa.eu/public/,29.41176470588235,0,J01D_other_beta_lactams,,,,,,,,,,,,,,,19908979,16.7939266755188,53.8267187624053,10031.7710755404,5.0276823,https://api.worldbank.org/v2/,22.818791946308725,25.130890052356023,21.05263157894737,2.2765301274757612,3.130151718693739,5.726847747587197,26.829268292682926,369.0,18.725868725868725,518.0,20.33132530120482,664.0
EU_EEA,Romania,ROU,2015,Escherichia coli,Blood/invasive,Third-generation cephalosporins,99,369,EARS-Net mixed/not reported,Not reported in Atlas aggregate,ECDC Surveillance Atlas aggregate,https://atlas.ecdc.europa.eu/public/,26.829268292682926,0,J01D_other_beta_lactams,,,,,,,,,,,,,,,19815616,17.209625303825,53.7071839518893,8977.01748158196,4.94292021,https://api.worldbank.org/v2/,29.41176470588235,22.818791946308725,25.130890052356023,1.1688107480554277,2.4080161979820582,5.91350300563827,23.444976076555022,418.0,20.18348623853211,654.0,19.690265486725664,452.0
EU_EEA,Romania,ROU,2016,Escherichia coli,Blood/invasive,Third-generation cephalosporins,98,418,EARS-Net mixed/not reported,Not reported in Atlas aggregate,ECDC Surveillance Atlas aggregate,https://atlas.ecdc.europa.eu/public/,23.444976076555022,0,J01D_other_beta_lactams,,,,,,,,,,,,,,,19702267,17.5741928757273,53.5528171972639,9404.54005870715,5.08012772,https://api.worldbank.org/v2/,26.829268292682926,29.41176470588235,22.818791946308725,-0.07039440224605677,2.6653869908242456,6.037870919922137,18.725868725868725,518.0,20.33132530120482,664.0,18.78787878787879,495.0
EU_EEA,Romania,ROU,2017,Escherichia coli,Blood/invasive,Third-generation cephalosporins,97,518,EARS-Net mixed/not reported,Not reported in Atlas aggregate,ECDC Surveillance Atlas aggregate,https://atlas.ecdc.europa.eu/public/,18.725868725868725,0,J01D_other_beta_lactams,,,,,,,,,,,,,,,19588715,17.9121340991497,53.3648643239046,10727.9822007426,5.18878555,https://api.worldbank.org/v2/,23.444976076555022,26.829268292682926,29.41176470588235,-3.5441980156168844,3.998817947983349,6.251903883165888,20.18348623853211,654.0,19.690265486725664,452.0,17.82608695652174,690.0
EU_EEA,Romania,ROU,2018,Escherichia coli,Blood/invasive,Third-generation cephalosporins,132,654,EARS-Net mixed/not reported,Not reported in Atlas aggregate,ECDC Surveillance Atlas aggregate,https://atlas.ecdc.europa.eu/public/,20.18348623853211,0,J01D_other_beta_lactams,,,,,,,,,,,,,,,19473970,18.2496778221635,53.1445711571868,12416.134317959,5.51454878,https://api.worldbank.org/v2/,18.725868725868725,23.444976076555022,26.829268292682926,-2.465645351313878,3.1256686926451596,6.484635235635252,20.33132530120482,664.0,18.78787878787879,495.0,19.09090909090909,990.0
EU_EEA,Romania,ROU,2019,Escherichia coli,Blood/invasive,Third-generation cephalosporins,135,664,EARS-Net mixed/not reported,Not reported in Atlas aggregate,ECDC Surveillance Atlas aggregate,https://atlas.ecdc.europa.eu/public/,20.33132530120482,0,J01D_other_beta_lactams,5.3894,,,,19.022,1.3842,,,,2.9836381135707413,,,,,19371648,18.604236526527,52.8931835224862,12909.6104013244,5.69924641,https://api.worldbank.org/v2/,20.18348623853211,18.725868725868725,23.444976076555022,-0.7883334813387242,1.7198493269512163,6.499787040655854,19.690265486725664,452.0,17.82608695652174,690.0,,
EU_EEA,Romania,ROU,2020,Escherichia coli,Blood/invasive,Third-generation cephalosporins,89,452,EUCAST,EUCAST required; exact version unavailable in Atlas aggregate,ECDC Surveillance Atlas aggregate,https://atlas.ecdc.europa.eu/public/,19.690265486725664,1,J01D_other_beta_lactams,4.4947,5.3894,,,17.2757,1.0817,,,,2.530617345663584,,,,2.9836381135707413,19265250,19.0166656963587,52.611947245178,13009.1525348396,6.20959711,https://api.worldbank.org/v2/,20.33132530120482,20.18348623853211,18.725868725868725,0.3041029345243477,0.6279073142724574,6.115892125483034,18.78787878787879,495.0,19.09090909090909,990.0,,
EU_EEA,Romania,ROU,2021,Escherichia coli,Blood/invasive,Third-generation cephalosporins,93,495,EUCAST,EUCAST required; exact version unavailable in Atlas aggregate,ECDC Surveillance Atlas aggregate,https://atlas.ecdc.europa.eu/public/,18.78787878787879,0,J01D_other_beta_lactams,4.6525,4.4947,5.3894,,17.657700000000006,1.1701,,,,3.465250340047931,,,,2.530617345663584,19122059,19.3269658332554,52.2321512130811,14908.0412813921,6.45246983,https://api.worldbank.org/v2/,19.690265486725664,20.33132530120482,20.18348623853211,-0.4827882166439148,0.6031339939370055,6.206575926724928,17.82608695652174,690.0,,,,
EU_EEA,Romania,ROU,2022,Escherichia coli,Blood/invasive,Third-generation cephalosporins,123,690,EUCAST,EUCAST required; exact version unavailable in Atlas aggregate,ECDC Surveillance Atlas aggregate,https://atlas.ecdc.europa.eu/public/,17.82608695652174,0,J01D_other_beta_lactams,5.032000000000001,4.6525,4.4947,5.3894,19.2311,1.1475000000000002,,,,3.4717452388385888,,,,3.465250340047931,19048502,19.5152470245056,52.1634832477272,15503.4691366242,5.79823256,https://api.worldbank.org/v2/,18.78787878787879,19.690265486725664,20.33132530120482,-0.8418101732896168,0.9448515380240864,6.53813982376767,19.09090909090909,990.0,,,,
EU_EEA,Romania,ROU,2023,Escherichia coli,Blood/invasive,Third-generation cephalosporins,189,990,EUCAST,EUCAST required; exact version unavailable in Atlas aggregate,ECDC Surveillance Atlas aggregate,https://atlas.ecdc.europa.eu/public/,19.09090909090909,0,J01D_other_beta_lactams,,,,,,,,,,,,,,,19061062,19.7531409207066,52.1645747011867,18244.4186876321,5.70901489,https://api.worldbank.org/v2/,17.82608695652174,18.78787878787879,19.690265486725664,-0.27598610188068107,0.6738572437371261,6.898714534329988,,,,,,
EU_EEA,Slovakia,SVK,2013,Escherichia coli,Blood/invasive,Aminoglycosides,194,807,EARS-Net mixed/not reported,Not reported in Atlas aggregate,ECDC Surveillance Atlas aggregate,https://atlas.ecdc.europa.eu/public/,24.039653035935565,0,J01G_aminoglycosides,,,,,13.2139,1.5431999999999997,,,,0.7938452491792031,,,,,5413393,13.2842884791878,54.1384024098892,18312.7805149823,7.48013163,https://api.worldbank.org/v2/,20.7492795389049,17.7027027027027,10.309278350515465,4.423770089246249,5.077183429088777,6.694562058521095,22.74774774774775,888.0,20.169082125603865,828.0,21.568627450980394,969.0
EU_EEA,Slovakia,SVK,2014,Escherichia coli,Blood/invasive,Aminoglycosides,202,888,EARS-Net mixed/not reported,Not reported in Atlas aggregate,ECDC Surveillance Atlas aggregate,https://atlas.ecdc.europa.eu/public/,22.74774774774775,0,J01G_aminoglycosides,,,,,11.1645,1.7903,,,,0.8019451435396492,,,,0.7938452491792031,5418649,13.6950033798192,54.0029125499893,18770.9289896545,6.86543369,https://api.worldbank.org/v2/,24.039653035935565,20.7492795389049,17.7027027027027,1.8425508632165788,2.3898287289134608,6.790097235513905,24.21875,896.0,22.514285714285716,875.0,16.646989374262102,847.0
EU_EEA,Slovakia,SVK,2015,Escherichia coli,Blood/invasive,Aminoglycosides,217,896,EARS-Net mixed/not reported,Not reported in Atlas aggregate,ECDC Surveillance Atlas aggregate,https://atlas.ecdc.europa.eu/public/,24.21875,0,J01G_aminoglycosides,,,,,13.5296,1.7648,,,,0.7796326476677089,,,,0.8019451435396492,5423801,14.1487853575038,53.8700628001622,16442.0760860018,6.74109745,https://api.worldbank.org/v2/,22.74774774774775,24.039653035935565,20.7492795389049,0.9116506095097443,1.385699300769386,6.799055862058796,20.169082125603865,828.0,21.568627450980394,969.0,18.467852257181942,731.0
EU_EEA,Slovakia,SVK,2016,Escherichia coli,Blood/invasive,Aminoglycosides,167,828,EARS-Net mixed/not reported,Not reported in Atlas aggregate,ECDC Surveillance Atlas aggregate,https://atlas.ecdc.europa.eu/public/,20.169082125603865,0,J01G_aminoglycosides,,,,,12.899500000000002,1.8633,,,,0.7939859785454856,,,,0.7796326476677089,5430798,14.6624290456748,53.7399327086517,16636.0769133073,7.06081343,https://api.worldbank.org/v2/,24.21875,22.74774774774775,24.039653035935565,-1.0140710478742876,1.6181700327446324,6.720220155135295,22.514285714285716,875.0,16.646989374262102,847.0,14.177978883861236,663.0
EU_EEA,Slovakia,SVK,2017,Escherichia coli,Blood/invasive,Aminoglycosides,197,875,EARS-Net mixed/not reported,Not reported in Atlas aggregate,ECDC Surveillance Atlas aggregate,https://atlas.ecdc.europa.eu/public/,22.514285714285716,0,J01G_aminoglycosides,,,,,11.7729,1.0365,,,,1.3852067868504772,,,,0.7939859785454856,5439232,15.2000556322042,53.6126018237016,17645.5298716761,6.73388767,https://api.worldbank.org/v2/,20.169082125603865,24.21875,22.74774774774775,-0.47500539747822573,1.450707947964189,6.775366090936392,21.568627450980394,969.0,18.467852257181942,731.0,13.793103448275861,783.0
EU_EEA,Slovakia,SVK,2018,Escherichia coli,Blood/invasive,Aminoglycosides,209,969,EARS-Net mixed/not reported,Not reported in Atlas aggregate,ECDC Surveillance Atlas aggregate,https://atlas.ecdc.europa.eu/public/,21.568627450980394,0,J01G_aminoglycosides,,,,,13.316900000000002,1.1162999999999998,,,,1.2571550847910982,,,,1.3852067868504772,5446771,15.7269155531126,53.4881496935559,19573.3717031314,6.63677502,https://api.worldbank.org/v2/,22.514285714285716,20.169082125603865,24.21875,-0.5605164058377011,1.4722672664151466,6.877296071497429,16.646989374262102,847.0,14.177978883861236,663.0,13.81294964028777,695.0
EU_EEA,Slovakia,SVK,2019,Escherichia coli,Blood/invasive,Aminoglycosides,141,847,EARS-Net mixed/not reported,Not reported in Atlas aggregate,ECDC Surveillance Atlas aggregate,https://atlas.ecdc.europa.eu/public/,16.646989374262102,0,J01G_aminoglycosides,,,,,11.1679,0.9447000000000001,,,,1.6301719969606965,,,,1.2571550847910982,5454147,16.259188968312,53.3666558664583,19406.0589683582,6.91102982,https://api.worldbank.org/v2/,21.568627450980394,22.514285714285716,20.169082125603865,-1.151193651733065,2.22774832496316,6.742880635791903,18.467852257181942,731.0,13.793103448275861,783.0,,
EU_EEA,Slovakia,SVK,2020,Escherichia coli,Blood/invasive,Aminoglycosides,135,731,EUCAST,EUCAST required; exact version unavailable in Atlas aggregate,ECDC Surveillance Atlas aggregate,https://atlas.ecdc.europa.eu/public/,18.467852257181942,1,J01G_aminoglycosides,,,,,7.7036,0.9010999999999998,,,,1.896267426172988,,,,1.6301719969606965,5458827,16.7640891006244,53.2481998906526,19735.4858280801,7.06027794,https://api.worldbank.org/v2/,16.646989374262102,21.568627450980394,22.514285714285716,-1.7060938448029639,2.356452967577205,6.595780513961311,14.177978883861236,663.0,13.81294964028777,695.0,,
EU_EEA,Slovakia,SVK,2021,Escherichia coli,Blood/invasive,Aminoglycosides,94,663,EUCAST,EUCAST required; exact version unavailable in Atlas aggregate,ECDC Surveillance Atlas aggregate,https://atlas.ecdc.europa.eu/public/,14.177978883861236,0,J01G_aminoglycosides,,,,,7.9609000000000005,0.9948999999999999,,,,3.0,,,,1.896267426172988,5447247,17.1648882487724,53.1901479870605,22123.3342114545,7.62857914,https://api.worldbank.org/v2/,18.467852257181942,16.646989374262102,21.568627450980394,-2.035108281843766,2.6957557196750224,6.498282149476434,13.793103448275861,783.0,,,,
EU_EEA,Slovakia,SVK,2022,Escherichia coli,Blood/invasive,Aminoglycosides,108,783,EUCAST,EUCAST required; exact version unavailable in Atlas aggregate,ECDC Surveillance Atlas aggregate,https://atlas.ecdc.europa.eu/public/,13.793103448275861,0,J01G_aminoglycosides,,,,,10.9071,0.7991999999999999,,,,2.34009360374415,,,,3.0,5431752,17.5706371952843,53.1902831072528,21317.7943982363,7.70245218,https://api.worldbank.org/v2/,14.177978883861236,18.467852257181942,16.646989374262102,-1.285153115127945,1.9032971129900147,6.664409020350408,13.81294964028777,695.0,,,,
EU_EEA,Slovakia,SVK,2023,Escherichia coli,Blood/invasive,Aminoglycosides,96,695,EUCAST,EUCAST required; exact version unavailable in Atlas aggregate,ECDC Surveillance Atlas aggregate,https://atlas.ecdc.europa.eu/public/,13.81294964028777,0,J01G_aminoglycosides,,,,,,,,,,,,,,,5426740,18.0508365765507,53.190805019646,24614.8734642794,7.35262203,https://api.worldbank.org/v2/,13.793103448275861,14.177978883861236,18.467852257181942,-1.434958328626793,1.9717723258400726,6.54534966033442,,,,,,
EU_EEA,Slovakia,SVK,2013,Escherichia coli,Blood/invasive,Aminopenicillins,483,786,EARS-Net mixed/not reported,Not reported in Atlas aggregate,ECDC Surveillance Atlas aggregate,https://atlas.ecdc.europa.eu/public/,61.45038167938932,0,J01C_penicillins,7.1328000000000005,,,,13.2139,1.5431999999999997,,,,0.7938452491792031,,,,,5413393,13.2842884791878,54.1384024098892,18312.7805149823,7.48013163,https://api.worldbank.org/v2/,64.93288590604027,68.36065573770492,58.76288659793814,0.4634715412688789,3.6145368220181875,6.668228248417403,64.54965357967667,866.0,62.30110159118727,817.0,61.73733195449845,967.0
EU_EEA,Slovakia,SVK,2014,Escherichia coli,Blood/invasive,Aminopenicillins,559,866,EARS-Net mixed/not reported,Not reported in Atlas aggregate,ECDC Surveillance Atlas aggregate,https://atlas.ecdc.europa.eu/public/,64.54965357967667,0,J01C_penicillins,6.951100000000001,7.1328000000000005,,,11.1645,1.7903,,,,0.8019451435396492,,,,0.7938452491792031,5418649,13.6950033798192,54.0029125499893,18770.9289896545,6.86543369,https://api.worldbank.org/v2/,61.45038167938932,64.93288590604027,68.36065573770492,-1.491551070073588,2.4482828171613162,6.7650389767805414,62.75626423690205,878.0,64.94724501758499,853.0,57.83274440518257,849.0
EU_EEA,Slovakia,SVK,2015,Escherichia coli,Blood/invasive,Aminopenicillins,551,878,EARS-Net mixed/not reported,Not reported in Atlas aggregate,ECDC Surveillance Atlas aggregate,https://atlas.ecdc.europa.eu/public/,62.75626423690205,0,J01C_penicillins,7.1046000000000005,6.951100000000001,7.1328000000000005,,13.5296,1.7648,,,,0.7796326476677089,,,,0.8019451435396492,5423801,14.1487853575038,53.8700628001622,16442.0760860018,6.74109745,https://api.worldbank.org/v2/,64.54965357967667,61.45038167938932,64.93288590604027,-0.3430593107127406,1.403999766200962,6.778784897685177,62.30110159118727,817.0,61.73733195449845,967.0,57.142857142857146,728.0
EU_EEA,Slovakia,SVK,2016,Escherichia coli,Blood/invasive,Aminopenicillins,509,817,EARS-Net mixed/not reported,Not reported in Atlas aggregate,ECDC Surveillance Atlas aggregate,https://atlas.ecdc.europa.eu/public/,62.30110159118727,0,J01C_penicillins,6.8026,7.1046000000000005,6.951100000000001,7.1328000000000005,12.899500000000002,1.8633,,,,0.7939859785454856,,,,0.7796326476677089,5430798,14.6624290456748,53.7399327086517,16636.0769133073,7.06081343,https://api.worldbank.org/v2/,62.75626423690205,64.54965357967667,61.45038167938932,0.0758770392619112,1.1323080507316452,6.706862336602747,64.94724501758499,853.0,57.83274440518257,849.0,54.54545454545455,660.0
EU_EEA,Slovakia,SVK,2017,Escherichia coli,Blood/invasive,Aminopenicillins,554,853,EARS-Net mixed/not reported,Not reported in Atlas aggregate,ECDC Surveillance Atlas aggregate,https://atlas.ecdc.europa.eu/public/,64.94724501758499,0,J01C_penicillins,5.3681,6.8026,7.1046000000000005,6.951100000000001,11.7729,1.0365,,,,1.3852067868504772,,,,0.7939859785454856,5439232,15.2000556322042,53.6126018237016,17645.5298716761,6.73388767,https://api.worldbank.org/v2/,62.30110159118727,62.75626423690205,64.54965357967667,0.07376116680100504,1.1302642163355734,6.74993119378857,61.73733195449845,967.0,57.142857142857146,728.0,54.23728813559322,767.0
EU_EEA,Slovakia,SVK,2018,Escherichia coli,Blood/invasive,Aminopenicillins,597,967,EARS-Net mixed/not reported,Not reported in Atlas aggregate,ECDC Surveillance Atlas aggregate,https://atlas.ecdc.europa.eu/public/,61.73733195449845,0,J01C_penicillins,5.343200000000001,5.3681,6.8026,7.1046000000000005,13.316900000000002,1.1162999999999998,,,,1.2571550847910982,,,,1.3852067868504772,5446771,15.7269155531126,53.4881496935559,19573.3717031314,6.63677502,https://api.worldbank.org/v2/,64.94724501758499,62.30110159118727,62.75626423690205,-0.04106534208131931,1.2162762309708262,6.875232087276577,57.83274440518257,849.0,54.54545454545455,660.0,58.47953216374269,684.0
EU_EEA,Slovakia,SVK,2019,Escherichia coli,Blood/invasive,Aminopenicillins,491,849,EARS-Net mixed/not reported,Not reported in Atlas aggregate,ECDC Surveillance Atlas aggregate,https://atlas.ecdc.europa.eu/public/,57.83274440518257,0,J01C_penicillins,5.1422,5.343200000000001,5.3681,6.8026,11.1679,0.9447000000000001,,,,1.6301719969606965,,,,1.2571550847910982,5454147,16.259188968312,53.3666558664583,19406.0589683582,6.91102982,https://api.worldbank.org/v2/,61.73733195449845,64.94724501758499,62.30110159118727,-1.6614984621100815,2.5427788925794426,6.745236349484363,57.142857142857146,728.0,54.23728813559322,767.0,,
EU_EEA,Slovakia,SVK,2020,Escherichia coli,Blood/invasive,Aminopenicillins,416,728,EUCAST,EUCAST required; exact version unavailable in Atlas aggregate,ECDC Surveillance Atlas aggregate,https://atlas.ecdc.europa.eu/public/,57.142857142857146,1,J01C_penicillins,3.5534000000000003,5.1422,5.343200000000001,5.3681,7.7036,0.9010999999999998,,,,1.896267426172988,,,,1.6301719969606965,5458827,16.7640891006244,53.2481998906526,19735.4858280801,7.06027794,https://api.worldbank.org/v2/,57.83274440518257,61.73733195449845,64.94724501758499,-2.7317751173499527,3.148998631464506,6.591673732008658,54.54545454545455,660.0,58.47953216374269,684.0,,
EU_EEA,Slovakia,SVK,2021,Escherichia coli,Blood/invasive,Aminopenicillins,360,660,EUCAST,EUCAST required; exact version unavailable in Atlas aggregate,ECDC Surveillance Atlas aggregate,https://atlas.ecdc.europa.eu/public/,54.54545454545455,0,J01C_penicillins,3.5416,3.5534000000000003,5.1422,5.343200000000001,7.9609000000000005,0.9948999999999999,,,,3.0,,,,1.896267426172988,5447247,17.1648882487724,53.1901479870605,22123.3342114545,7.62857914,https://api.worldbank.org/v2/,57.142857142857146,57.83274440518257,61.73733195449845,-2.2265519489457253,2.5752041509045904,6.493753839851686,54.23728813559322,767.0,,,,
EU_EEA,Slovakia,SVK,2022,Escherichia coli,Blood/invasive,Aminopenicillins,416,767,EUCAST,EUCAST required; exact version unavailable in Atlas aggregate,ECDC Surveillance Atlas aggregate,https://atlas.ecdc.europa.eu/public/,54.23728813559322,0,J01C_penicillins,4.8487,3.5416,3.5534000000000003,5.1422,10.9071,0.7991999999999999,,,,2.34009360374415,,,,3.0,5431752,17.5706371952843,53.1902831072528,21317.7943982363,7.70245218,https://api.worldbank.org/v2/,54.54545454545455,57.142857142857146,57.83274440518257,-1.3383771406170704,1.5710928300122449,6.643789733147672,58.47953216374269,684.0,,,,
EU_EEA,Slovakia,SVK,2023,Escherichia coli,Blood/invasive,Aminopenicillins,400,684,EUCAST,EUCAST required; exact version unavailable in Atlas aggregate,ECDC Surveillance Atlas aggregate,https://atlas.ecdc.europa.eu/public/,58.47953216374269,0,J01C_penicillins,,,,,,,,,,,,,,,5426740,18.0508365765507,53.190805019646,24614.8734642794,7.35262203,https://api.worldbank.org/v2/,54.23728813559322,54.54545454545455,57.142857142857146,0.3701858652795209,1.7773593344073697,6.529418838262226,,,,,,
EU_EEA,Slovakia,SVK,2013,Escherichia coli,Blood/invasive,Carbapenems,0,588,EARS-Net mixed/not reported,Not reported in Atlas aggregate,ECDC Surveillance Atlas aggregate,https://atlas.ecdc.europa.eu/public/,0.0,0,J01DH_carbapenems,0.0249999999999999,,,,13.2139,1.5431999999999997,,,,0.7938452491792031,,,,,5413393,13.2842884791878,54.1384024098892,18312.7805149823,7.48013163,https://api.worldbank.org/v2/,1.062215477996965,0.0,0.0,0.10622154779969653,0.4599527941192011,6.3784261836515865,0.0,820.0,0.0,751.0,0.0,924.0
EU_EEA,Slovakia,SVK,2014,Escherichia coli,Blood/invasive,Carbapenems,0,820,EARS-Net mixed/not reported,Not reported in Atlas aggregate,ECDC Surveillance Atlas aggregate,https://atlas.ecdc.europa.eu/public/,0.0,0,J01DH_carbapenems,0.0299,0.0249999999999999,,,11.1645,1.7903,,,,0.8019451435396492,,,,0.7938452491792031,5418649,13.6950033798192,54.0029125499893,18770.9289896545,6.86543369,https://api.worldbank.org/v2/,0.0,1.062215477996965,0.0,-0.1062215477996965,0.4599527941192011,6.710523109452428,0.0,830.0,0.0,844.0,0.12738853503184713,785.0
EU_EEA,Slovakia,SVK,2015,Escherichia coli,Blood/invasive,Carbapenems,0,830,EARS-Net mixed/not reported,Not reported in Atlas aggregate,ECDC Surveillance Atlas aggregate,https://atlas.ecdc.europa.eu/public/,0.0,0,J01DH_carbapenems,0.0341,0.0299,0.0249999999999999,,13.5296,1.7648,,,,0.7796326476677089,,,,0.8019451435396492,5423801,14.1487853575038,53.8700628001622,16442.0760860018,6.74109745,https://api.worldbank.org/v2/,0.0,0.0,1.062215477996965,-0.31866464339908973,0.4599527941192011,6.7226297948554485,0.0,751.0,0.0,924.0,0.14184397163120568,705.0
EU_EEA,Slovakia,SVK,2016,Escherichia coli,Blood/invasive,Carbapenems,0,751,EARS-Net mixed/not reported,Not reported in Atlas aggregate,ECDC Surveillance Atlas aggregate,https://atlas.ecdc.europa.eu/public/,0.0,0,J01DH_carbapenems,0.0385999999999999,0.0341,0.0299,0.0249999999999999,12.899500000000002,1.8633,,,,0.7939859785454856,,,,0.7796326476677089,5430798,14.6624290456748,53.7399327086517,16636.0769133073,7.06081343,https://api.worldbank.org/v2/,0.0,0.0,0.0,0.0,0.0,6.62273632394984,0.0,844.0,0.12738853503184713,785.0,0.0,625.0
EU_EEA,Slovakia,SVK,2017,Escherichia coli,Blood/invasive,Carbapenems,0,844,EARS-Net mixed/not reported,Not reported in Atlas aggregate,ECDC Surveillance Atlas aggregate,https://atlas.ecdc.europa.eu/public/,0.0,0,J01DH_carbapenems,0.039,0.0385999999999999,0.0341,0.0299,11.7729,1.0365,,,,1.3852067868504772,,,,0.7939859785454856,5439232,15.2000556322042,53.6126018237016,17645.5298716761,6.73388767,https://api.worldbank.org/v2/,0.0,0.0,0.0,0.0,0.0,6.739336627357174,0.0,924.0,0.14184397163120568,705.0,0.0,738.0
EU_EEA,Slovakia,SVK,2018,Escherichia coli,Blood/invasive,Carbapenems,0,924,EARS-Net mixed/not reported,Not reported in Atlas aggregate,ECDC Surveillance Atlas aggregate,https://atlas.ecdc.europa.eu/public/,0.0,0,J01DH_carbapenems,0.0458,0.039,0.0385999999999999,0.0341,13.316900000000002,1.1162999999999998,,,,1.2571550847910982,,,,1.3852067868504772,5446771,15.7269155531126,53.4881496935559,19573.3717031314,6.63677502,https://api.worldbank.org/v2/,0.0,0.0,0.0,0.0,0.0,6.829793737512425,0.12738853503184713,785.0,0.0,625.0,0.14367816091954022,696.0
EU_EEA,Slovakia,SVK,2019,Escherichia coli,Blood/invasive,Carbapenems,1,785,EARS-Net mixed/not reported,Not reported in Atlas aggregate,ECDC Surveillance Atlas aggregate,https://atlas.ecdc.europa.eu/public/,0.12738853503184713,0,J01DH_carbapenems,0.044,0.0458,0.039,0.0385999999999999,11.1679,0.9447000000000001,,,,1.6301719969606965,,,,1.2571550847910982,5454147,16.259188968312,53.3666558664583,19406.0589683582,6.91102982,https://api.worldbank.org/v2/,0.0,0.0,0.0,0.038216560509554146,0.05516085374423178,6.666956792429207,0.14184397163120568,705.0,0.0,738.0,,
EU_EEA,Slovakia,SVK,2020,Escherichia coli,Blood/invasive,Carbapenems,1,705,EUCAST,EUCAST required; exact version unavailable in Atlas aggregate,ECDC Surveillance Atlas aggregate,https://atlas.ecdc.europa.eu/public/,0.14184397163120568,1,J01DH_carbapenems,0.0456,0.044,0.0458,0.039,7.7036,0.9010999999999998,,,,1.896267426172988,,,,1.6301719969606965,5458827,16.7640891006244,53.2481998906526,19735.4858280801,7.06027794,https://api.worldbank.org/v2/,0.12738853503184713,0.0,0.0,0.05529204499254643,0.06750188050094744,6.559615237493242,0.0,625.0,0.14367816091954022,696.0,,
EU_EEA,Slovakia,SVK,2021,Escherichia coli,Blood/invasive,Carbapenems,0,625,EUCAST,EUCAST required; exact version unavailable in Atlas aggregate,ECDC Surveillance Atlas aggregate,https://atlas.ecdc.europa.eu/public/,0.0,0,J01DH_carbapenems,0.0585,0.0456,0.044,0.0458,7.9609000000000005,0.9948999999999999,,,,3.0,,,,1.896267426172988,5447247,17.1648882487724,53.1901479870605,22123.3342114545,7.62857914,https://api.worldbank.org/v2/,0.14184397163120568,0.12738853503184713,0.0,0.0014455436599358506,0.06750188050094744,6.439350371100098,0.0,738.0,,,,
EU_EEA,Slovakia,SVK,2022,Escherichia coli,Blood/invasive,Carbapenems,0,738,EUCAST,EUCAST required; exact version unavailable in Atlas aggregate,ECDC Surveillance Atlas aggregate,https://atlas.ecdc.europa.eu/public/,0.0,0,J01DH_carbapenems,0.0411,0.0585,0.0456,0.044,10.9071,0.7991999999999999,,,,2.34009360374415,,,,3.0,5431752,17.5706371952843,53.1902831072528,21317.7943982363,7.70245218,https://api.worldbank.org/v2/,0.0,0.14184397163120568,0.12738853503184713,-0.05240095767267473,0.06750188050094744,6.6052979209482015,0.14367816091954022,696.0,,,,
EU_EEA,Slovakia,SVK,2023,Escherichia coli,Blood/invasive,Carbapenems,1,696,EUCAST,EUCAST required; exact version unavailable in Atlas aggregate,ECDC Surveillance Atlas aggregate,https://atlas.ecdc.europa.eu/public/,0.14367816091954022,0,J01DH_carbapenems,,,,,,,,,,,,,,,5426740,18.0508365765507,53.190805019646,24614.8734642794,7.35262203,https://api.worldbank.org/v2/,0.0,0.0,0.14184397163120568,0.0005502567865003417,0.07138347877704997,6.546785410760524,,,,,,
EU_EEA,Slovakia,SVK,2013,Escherichia coli,Blood/invasive,Fluoroquinolones,326,808,EARS-Net mixed/not reported,Not reported in Atlas aggregate,ECDC Surveillance Atlas aggregate,https://atlas.ecdc.europa.eu/public/,40.34653465346535,0,J01M_quinolones,2.4495,,,,13.2139,1.5431999999999997,,,,0.7938452491792031,,,,,5413393,13.2842884791878,54.1384024098892,18312.7805149823,7.48013163,https://api.worldbank.org/v2/,41.29496402877698,41.81326116373478,14.393939393939394,7.733948864362006,11.598332235391839,6.695798917058491,42.95377677564825,887.0,40.43583535108959,826.0,42.10526315789474,969.0
EU_EEA,Slovakia,SVK,2014,Escherichia coli,Blood/invasive,Fluoroquinolones,381,887,EARS-Net mixed/not reported,Not reported in Atlas aggregate,ECDC Surveillance Atlas aggregate,https://atlas.ecdc.europa.eu/public/,42.95377677564825,0,J01M_quinolones,0.9214,2.4495,,,11.1645,1.7903,,,,0.8019451435396492,,,,0.7938452491792031,5418649,13.6950033798192,54.0029125499893,18770.9289896545,6.86543369,https://api.worldbank.org/v2/,40.34653465346535,41.29496402877698,41.81326116373478,0.24731174604286738,0.9410626948387975,6.78897174299217,44.1834451901566,894.0,43.197278911564624,882.0,34.0,850.0
EU_EEA,Slovakia,SVK,2015,Escherichia coli,Blood/invasive,Fluoroquinolones,395,894,EARS-Net mixed/not reported,Not reported in Atlas aggregate,ECDC Surveillance Atlas aggregate,https://atlas.ecdc.europa.eu/public/,44.1834451901566,0,J01M_quinolones,2.709,0.9214,2.4495,,13.5296,1.7648,,,,0.7796326476677089,,,,0.8019451435396492,5423801,14.1487853575038,53.8700628001622,16442.0760860018,6.74109745,https://api.worldbank.org/v2/,42.95377677564825,40.34653465346535,41.29496402877698,1.1272685606321662,1.4795729913703584,6.796823718274855,40.43583535108959,826.0,42.10526315789474,969.0,34.15637860082305,729.0
EU_EEA,Slovakia,SVK,2016,Escherichia coli,Blood/invasive,Fluoroquinolones,334,826,EARS-Net mixed/not reported,Not reported in Atlas aggregate,ECDC Surveillance Atlas aggregate,https://atlas.ecdc.europa.eu/public/,40.43583535108959,0,J01M_quinolones,2.5505,2.709,0.9214,2.4495,12.899500000000002,1.8633,,,,0.7939859785454856,,,,0.7796326476677089,5430798,14.6624290456748,53.7399327086517,16636.0769133073,7.06081343,https://api.worldbank.org/v2/,44.1834451901566,42.95377677564825,40.34653465346535,0.14975705073810325,1.6474271891702272,6.717804695023691,43.197278911564624,882.0,34.0,850.0,29.758308157099698,662.0
EU_EEA,Slovakia,SVK,2017,Escherichia coli,Blood/invasive,Fluoroquinolones,381,882,EARS-Net mixed/not reported,Not reported in Atlas aggregate,ECDC Surveillance Atlas aggregate,https://atlas.ecdc.europa.eu/public/,43.197278911564624,0,J01M_quinolones,2.399,2.5505,2.709,0.9214,11.7729,1.0365,,,,1.3852067868504772,,,,0.7939859785454856,5439232,15.2000556322042,53.6126018237016,17645.5298716761,6.73388767,https://api.worldbank.org/v2/,40.43583535108959,44.1834451901566,42.95377677564825,-0.3017103431317995,1.381893643925354,6.78332520060396,42.10526315789474,969.0,34.15637860082305,729.0,32.35294117647059,782.0
EU_EEA,Slovakia,SVK,2018,Escherichia coli,Blood/invasive,Fluoroquinolones,408,969,EARS-Net mixed/not reported,Not reported in Atlas aggregate,ECDC Surveillance Atlas aggregate,https://atlas.ecdc.europa.eu/public/,42.10526315789474,0,J01M_quinolones,2.3433,2.399,2.5505,2.709,13.316900000000002,1.1162999999999998,,,,1.2571550847910982,,,,1.3852067868504772,5446771,15.7269155531126,53.4881496935559,19573.3717031314,6.63677502,https://api.worldbank.org/v2/,43.197278911564624,40.43583535108959,44.1834451901566,-0.347310253631066,1.3906159188514797,6.877296071497429,34.0,850.0,29.758308157099698,662.0,31.16883116883117,693.0
EU_EEA,Slovakia,SVK,2019,Escherichia coli,Blood/invasive,Fluoroquinolones,289,850,EARS-Net mixed/not reported,Not reported in Atlas aggregate,ECDC Surveillance Atlas aggregate,https://atlas.ecdc.europa.eu/public/,34.0,0,J01M_quinolones,1.6628999999999998,2.3433,2.399,2.5505,11.1679,0.9447000000000001,,,,1.6301719969606965,,,,1.2571550847910982,5454147,16.259188968312,53.3666558664583,19406.0589683582,6.91102982,https://api.worldbank.org/v2/,42.10526315789474,43.197278911564624,40.43583535108959,-2.039952180693874,3.564672715063245,6.7464121285733745,34.15637860082305,729.0,32.35294117647059,782.0,,
EU_EEA,Slovakia,SVK,2020,Escherichia coli,Blood/invasive,Fluoroquinolones,249,729,EUCAST,EUCAST required; exact version unavailable in Atlas aggregate,ECDC Surveillance Atlas aggregate,https://atlas.ecdc.europa.eu/public/,34.15637860082305,1,J01M_quinolones,1.3166,1.6628999999999998,2.3433,2.399,7.7036,0.9010999999999998,,,,1.896267426172988,,,,1.6301719969606965,5458827,16.7640891006244,53.2481998906526,19735.4858280801,7.06027794,https://api.worldbank.org/v2/,34.0,42.10526315789474,43.197278911564624,-3.5227964090119515,4.304248098095353,6.593044534142437,29.758308157099698,662.0,31.16883116883117,693.0,,
EU_EEA,Slovakia,SVK,2021,Escherichia coli,Blood/invasive,Fluoroquinolones,197,662,EUCAST,EUCAST required; exact version unavailable in Atlas aggregate,ECDC Surveillance Atlas aggregate,https://atlas.ecdc.europa.eu/public/,29.758308157099698,0,J01M_quinolones,1.3586,1.3166,1.6628999999999998,2.3433,7.9609000000000005,0.9948999999999999,,,,3.0,,,,1.896267426172988,5447247,17.1648882487724,53.1901479870605,22123.3342114545,7.62857914,https://api.worldbank.org/v2/,34.15637860082305,34.0,42.10526315789474,-3.6884486401562135,4.46295013091757,6.4967749901858625,32.35294117647059,782.0,,,,
EU_EEA,Slovakia,SVK,2022,Escherichia coli,Blood/invasive,Fluoroquinolones,253,782,EUCAST,EUCAST required; exact version unavailable in Atlas aggregate,ECDC Surveillance Atlas aggregate,https://atlas.ecdc.europa.eu/public/,32.35294117647059,0,J01M_quinolones,1.4324999999999999,1.3586,1.3166,1.6628999999999998,10.9071,0.7991999999999999,,,,2.34009360374415,,,,3.0,5431752,17.5706371952843,53.1902831072528,21317.7943982363,7.70245218,https://api.worldbank.org/v2/,29.758308157099698,34.15637860082305,34.0,-0.9339246914311666,1.7687696536330062,6.663132695990803,31.16883116883117,693.0,,,,
EU_EEA,Slovakia,SVK,2023,Escherichia coli,Blood/invasive,Fluoroquinolones,216,693,EUCAST,EUCAST required; exact version unavailable in Atlas aggregate,ECDC Surveillance Atlas aggregate,https://atlas.ecdc.europa.eu/public/,31.16883116883117,0,J01M_quinolones,,,,,,,,,,,,,,,5426740,18.0508365765507,53.190805019646,24614.8734642794,7.35262203,https://api.worldbank.org/v2/,32.35294117647059,29.758308157099698,34.15637860082305,-0.6368009276604815,1.6133168863388434,6.542471960506805,,,,,,
EU_EEA,Slovakia,SVK,2013,Escherichia coli,Blood/invasive,Third-generation cephalosporins,240,807,EARS-Net mixed/not reported,Not reported in Atlas aggregate,ECDC Surveillance Atlas aggregate,https://atlas.ecdc.europa.eu/public/,29.739776951672862,0,J01D_other_beta_lactams,5.1498,,,,13.2139,1.5431999999999997,,,,0.7938452491792031,,,,,5413393,13.2842884791878,54.1384024098892,18312.7805149823,7.48013163,https://api.worldbank.org/v2/,30.735930735930737,30.945945945945947,8.24742268041237,6.426704760376625,9.635119736910148,6.694562058521095,31.83352080989876,889.0,29.733009708737864,824.0,30.11305241521069,973.0
EU_EEA,Slovakia,SVK,2014,Escherichia coli,Blood/invasive,Third-generation cephalosporins,283,889,EARS-Net mixed/not reported,Not reported in Atlas aggregate,ECDC Surveillance Atlas aggregate,https://atlas.ecdc.europa.eu/public/,31.83352080989876,0,J01D_other_beta_lactams,5.0524,5.1498,,,11.1645,1.7903,,,,0.8019451435396492,,,,0.7938452491792031,5418649,13.6950033798192,54.0029125499893,18770.9289896545,6.86543369,https://api.worldbank.org/v2/,29.739776951672862,30.735930735930737,30.945945945945947,0.1666570807600503,0.7444599068506041,6.7912214627261855,30.011198208286675,893.0,30.919540229885058,870.0,23.04964539007092,846.0
EU_EEA,Slovakia,SVK,2015,Escherichia coli,Blood/invasive,Third-generation cephalosporins,268,893,EARS-Net mixed/not reported,Not reported in Atlas aggregate,ECDC Surveillance Atlas aggregate,https://atlas.ecdc.europa.eu/public/,30.011198208286675,0,J01D_other_beta_lactams,5.4467,5.0524,5.1498,,13.5296,1.7648,,,,0.7796326476677089,,,,0.8019451435396492,5423801,14.1487853575038,53.8700628001622,16442.0760860018,6.74109745,https://api.worldbank.org/v2/,31.83352080989876,29.739776951672862,30.735930735930737,-0.008045372470634934,0.810114038104251,6.795705775173514,29.733009708737864,824.0,30.11305241521069,973.0,27.097661623108667,727.0
EU_EEA,Slovakia,SVK,2016,Escherichia coli,Blood/invasive,Third-generation cephalosporins,245,824,EARS-Net mixed/not reported,Not reported in Atlas aggregate,ECDC Surveillance Atlas aggregate,https://atlas.ecdc.europa.eu/public/,29.733009708737864,0,J01D_other_beta_lactams,5.371100000000001,5.4467,5.0524,5.1498,12.899500000000002,1.8633,,,,0.7939859785454856,,,,0.7796326476677089,5430798,14.6624290456748,53.7399327086517,16636.0769133073,7.06081343,https://api.worldbank.org/v2/,30.011198208286675,31.83352080989876,29.739776951672862,-0.18426243304171414,0.875638125515677,6.715383386334681,30.919540229885058,870.0,23.04964539007092,846.0,23.112480739599384,649.0
EU_EEA,Slovakia,SVK,2017,Escherichia coli,Blood/invasive,Third-generation cephalosporins,269,870,EARS-Net mixed/not reported,Not reported in Atlas aggregate,ECDC Surveillance Atlas aggregate,https://atlas.ecdc.europa.eu/public/,30.919540229885058,0,J01D_other_beta_lactams,5.003300000000001,5.371100000000001,5.4467,5.0524,11.7729,1.0365,,,,1.3852067868504772,,,,0.7939859785454856,5439232,15.2000556322042,53.6126018237016,17645.5298716761,6.73388767,https://api.worldbank.org/v2/,29.733009708737864,30.011198208286675,31.83352080989876,-0.30201302395899665,0.8245716993607117,6.769641976852503,30.11305241521069,973.0,27.097661623108667,727.0,23.697916666666668,768.0
EU_EEA,Slovakia,SVK,2018,Escherichia coli,Blood/invasive,Third-generation cephalosporins,293,973,EARS-Net mixed/not reported,Not reported in Atlas aggregate,ECDC Surveillance Atlas aggregate,https://atlas.ecdc.europa.eu/public/,30.11305241521069,0,J01D_other_beta_lactams,6.700900000000001,5.003300000000001,5.371100000000001,5.4467,13.316900000000002,1.1162999999999998,,,,1.2571550847910982,,,,1.3852067868504772,5446771,15.7269155531126,53.4881496935559,19573.3717031314,6.63677502,https://api.worldbank.org/v2/,30.919540229885058,29.733009708737864,30.011198208286675,0.1492093141919183,0.4412735886419189,6.881411303642535,23.04964539007092,846.0,23.112480739599384,649.0,21.551724137931036,696.0
EU_EEA,Slovakia,SVK,2019,Escherichia coli,Blood/invasive,Third-generation cephalosporins,195,846,EARS-Net mixed/not reported,Not reported in Atlas aggregate,ECDC Surveillance Atlas aggregate,https://atlas.ecdc.europa.eu/public/,23.04964539007092,0,J01D_other_beta_lactams,5.2635000000000005,6.700900000000001,5.003300000000001,5.371100000000001,11.1679,0.9447000000000001,,,,1.6301719969606965,,,,1.2571550847910982,5454147,16.259188968312,53.3666558664583,19406.0589683582,6.91102982,https://api.worldbank.org/v2/,30.11305241521069,30.919540229885058,29.733009708737864,-2.085658077067528,3.149375254912998,6.741700694652055,27.097661623108667,727.0,23.697916666666668,768.0,,
EU_EEA,Slovakia,SVK,2020,Escherichia coli,Blood/invasive,Third-generation cephalosporins,197,727,EUCAST,EUCAST required; exact version unavailable in Atlas aggregate,ECDC Surveillance Atlas aggregate,https://atlas.ecdc.europa.eu/public/,27.097661623108667,1,J01D_other_beta_lactams,3.6891,5.2635000000000005,6.700900000000001,5.003300000000001,7.7036,0.9010999999999998,,,,1.896267426172988,,,,1.6301719969606965,5458827,16.7640891006244,53.2481998906526,19735.4858280801,7.06027794,https://api.worldbank.org/v2/,23.04964539007092,30.11305241521069,30.919540229885058,-1.8529042845469013,3.0879115042038445,6.590301048196686,23.112480739599384,649.0,21.551724137931036,696.0,,
EU_EEA,Slovakia,SVK,2021,Escherichia coli,Blood/invasive,Third-generation cephalosporins,150,649,EUCAST,EUCAST required; exact version unavailable in Atlas aggregate,ECDC Surveillance Atlas aggregate,https://atlas.ecdc.europa.eu/public/,23.112480739599384,0,J01D_other_beta_lactams,3.9971,3.6891,5.2635000000000005,6.700900000000001,7.9609000000000005,0.9948999999999999,,,,3.0,,,,1.896267426172988,5447247,17.1648882487724,53.1901479870605,22123.3342114545,7.62857914,https://api.worldbank.org/v2/,27.097661623108667,23.04964539007092,30.11305241521069,-1.6953698793796206,2.9608313295807824,6.476972362889683,23.697916666666668,768.0,,,,
EU_EEA,Slovakia,SVK,2022,Escherichia coli,Blood/invasive,Third-generation cephalosporins,182,768,EUCAST,EUCAST required; exact version unavailable in Atlas aggregate,ECDC Surveillance Atlas aggregate,https://atlas.ecdc.europa.eu/public/,23.697916666666668,0,J01D_other_beta_lactams,5.384,3.9971,3.6891,5.2635000000000005,10.9071,0.7991999999999999,,,,2.34009360374415,,,,3.0,5431752,17.5706371952843,53.1902831072528,21317.7943982363,7.70245218,https://api.worldbank.org/v2/,23.112480739599384,27.097661623108667,23.04964539007092,-0.20403670537220836,1.6694555066695296,6.645090969505644,21.551724137931036,696.0,,,,
EU_EEA,Slovakia,SVK,2023,Escherichia coli,Blood/invasive,Third-generation cephalosporins,150,696,EUCAST,EUCAST required; exact version unavailable in Atlas aggregate,ECDC Surveillance Atlas aggregate,https://atlas.ecdc.europa.eu/public/,21.551724137931036,0,J01D_other_beta_lactams,,,,,,,,,,,,,,,5426740,18.0508365765507,53.190805019646,24614.8734642794,7.35262203,https://api.worldbank.org/v2/,23.697916666666668,23.112480739599384,27.097661623108667,-1.6052376528465633,2.024570846460293,6.546785410760524,,,,,,
EU_EEA,Slovenia,SVN,2013,Escherichia coli,Blood/invasive,Aminoglycosides,114,1224,EARS-Net mixed/not reported,Not reported in Atlas aggregate,ECDC Surveillance Atlas aggregate,https://atlas.ecdc.europa.eu/public/,9.313725490196079,0,J01G_aminoglycosides,,,,,8.5728,1.1215999999999997,,,,0.5747126436781611,,,,,2059953,17.1479957003396,50.0466580754027,23236.9655321695,8.84043884,https://api.worldbank.org/v2/,8.39041095890411,9.580838323353293,8.823529411764707,0.02801608708449142,0.4570542142658679,7.110696122978827,11.266447368421053,1216.0,10.633802816901408,1420.0,9.412470023980815,1668.0
EU_EEA,Slovenia,SVN,2014,Escherichia coli,Blood/invasive,Aminoglycosides,137,1216,EARS-Net mixed/not reported,Not reported in Atlas aggregate,ECDC Surveillance Atlas aggregate,https://atlas.ecdc.europa.eu/public/,11.266447368421053,0,J01G_aminoglycosides,,,,,8.3178,1.1418,,,,0.9393161238005135,,,,0.5747126436781611,2061980,17.5469496825326,50.983470916748,24013.0682060959,8.58487225,https://api.worldbank.org/v2/,9.313725490196079,8.39041095890411,9.580838323353293,0.5980141666495231,1.0388383631110987,7.104144092987527,12.895927601809955,1326.0,11.428571428571429,1435.0,7.826086956521739,1610.0
EU_EEA,Slovenia,SVN,2015,Escherichia coli,Blood/invasive,Aminoglycosides,171,1326,EARS-Net mixed/not reported,Not reported in Atlas aggregate,ECDC Surveillance Atlas aggregate,https://atlas.ecdc.europa.eu/public/,12.895927601809955,0,J01G_aminoglycosides,,,,,8.4319,1.1892,,,,1.1827053577198992,,,,0.9393161238005135,2063531,18.0184247458794,53.6612160294144,20697.2748530619,8.57742882,https://api.worldbank.org/v2/,11.266447368421053,9.313725490196079,8.39041095890411,1.5469271806942502,1.7450694095296444,7.190676034332207,10.633802816901408,1420.0,9.412470023980815,1668.0,6.806930693069307,1616.0
EU_EEA,Slovenia,SVN,2016,Escherichia coli,Blood/invasive,Aminoglycosides,151,1420,EARS-Net mixed/not reported,Not reported in Atlas aggregate,ECDC Surveillance Atlas aggregate,https://atlas.ecdc.europa.eu/public/,10.633802816901408,0,J01G_aminoglycosides,,,,,8.2775,1.1955,,,,1.1436648676432792,,,,1.1827053577198992,2065042,18.5120548294753,53.647274017334,21447.8377796036,8.5691185,https://api.worldbank.org/v2/,12.895927601809955,11.266447368421053,9.313725490196079,0.5589712213504873,1.2884232697540923,7.259116128097101,11.428571428571429,1435.0,7.826086956521739,1610.0,6.603212373587151,1681.0
EU_EEA,Slovenia,SVN,2017,Escherichia coli,Blood/invasive,Aminoglycosides,164,1435,EARS-Net mixed/not reported,Not reported in Atlas aggregate,ECDC Surveillance Atlas aggregate,https://atlas.ecdc.europa.eu/public/,11.428571428571429,0,J01G_aminoglycosides,,,,,8.3458,1.2111999999999998,,,,1.2082262210796917,,,,1.1436648676432792,2066388,19.0009988314642,55.2451133728027,23303.077705959,8.2588892,https://api.worldbank.org/v2/,10.633802816901408,12.895927601809955,11.266447368421053,-0.1775752604457441,0.8285427341946189,7.269616749608169,9.412470023980815,1668.0,6.806930693069307,1616.0,7.951807228915663,1660.0
EU_EEA,Slovenia,SVN,2018,Escherichia coli,Blood/invasive,Aminoglycosides,157,1668,EARS-Net mixed/not reported,Not reported in Atlas aggregate,ECDC Surveillance Atlas aggregate,https://atlas.ecdc.europa.eu/public/,9.412470023980815,0,J01G_aminoglycosides,,,,,8.3026,1.1918000000000002,,,,1.191251139174587,,,,1.2082262210796917,2073894,19.4617683036878,55.1913430955675,25888.0481065655,8.35228634,https://api.worldbank.org/v2/,11.428571428571429,10.633802816901408,12.895927601809955,-0.9655604121817416,1.264733054564419,7.419979923661835,7.826086956521739,1610.0,6.603212373587151,1681.0,6.955460646735815,1639.0
EU_EEA,Slovenia,SVN,2019,Escherichia coli,Blood/invasive,Aminoglycosides,126,1610,EARS-Net mixed/not reported,Not reported in Atlas aggregate,ECDC Surveillance Atlas aggregate,https://atlas.ecdc.europa.eu/public/,7.826086956521739,0,J01G_aminoglycosides,,,,,8.087,1.195,,,,1.27980250763334,,,,1.191251139174587,2088385,19.8516683589804,55.4523277282715,25814.1687167572,8.56564522,https://api.worldbank.org/v2/,9.412470023980815,11.428571428571429,10.633802816901408,-1.0439248985729639,1.3593599084555152,7.384610383176974,6.806930693069307,1616.0,7.951807228915663,1660.0,,
EU_EEA,Slovenia,SVN,2020,Escherichia coli,Blood/invasive,Aminoglycosides,110,1616,EUCAST,EUCAST required; exact version unavailable in Atlas aggregate,ECDC Surveillance Atlas aggregate,https://atlas.ecdc.europa.eu/public/,6.806930693069307,1,J01G_aminoglycosides,,,,,5.9647,1.0512,,,,1.5711780181233561,,,,1.27980250763334,2102419,20.1213887142885,55.384391784668,25392.0651093612,9.48984432,https://api.worldbank.org/v2/,7.826086956521739,9.412470023980815,11.428571428571429,-1.5451305273965457,1.7454628373297216,7.388327859577107,6.603212373587151,1681.0,6.955460646735815,1639.0,,
EU_EEA,Slovenia,SVN,2021,Escherichia coli,Blood/invasive,Aminoglycosides,111,1681,EUCAST,EUCAST required; exact version unavailable in Atlas aggregate,ECDC Surveillance Atlas aggregate,https://atlas.ecdc.europa.eu/public/,6.603212373587151,0,J01G_aminoglycosides,,,,,5.8693,1.1218,,,,2.6496902959394357,,,,1.5711780181233561,2108079,20.4309073032618,55.3046289429588,29192.8401933019,9.52724361,https://api.worldbank.org/v2/,6.806930693069307,7.826086956521739,9.412470023980815,-0.9446929214633435,1.1116704175630616,7.427738840532894,7.951807228915663,1660.0,,,,
EU_EEA,Slovenia,SVN,2022,Escherichia coli,Blood/invasive,Aminoglycosides,132,1660,EUCAST,EUCAST required; exact version unavailable in Atlas aggregate,ECDC Surveillance Atlas aggregate,https://atlas.ecdc.europa.eu/public/,7.951807228915663,0,J01G_aminoglycosides,,,,,7.6677,1.1645999999999996,,,,2.723325878173925,,,,2.6496902959394357,2112076,20.8812714279501,55.3377817873563,28360.3041467268,9.62683296,https://api.worldbank.org/v2/,6.603212373587151,6.806930693069307,7.826086956521739,0.0173442497699595,0.5979579229372661,7.415175109613295,6.955460646735815,1639.0,,,,
EU_EEA,Slovenia,SVN,2023,Escherichia coli,Blood/invasive,Aminoglycosides,114,1639,EUCAST,EUCAST required; exact version unavailable in Atlas aggregate,ECDC Surveillance Atlas aggregate,https://atlas.ecdc.europa.eu/public/,6.955460646735815,0,J01G_aminoglycosides,,,,,,,,,,,,,,,2120461,21.3323429613727,55.5378927789875,32660.4753581346,9.30008888,https://api.worldbank.org/v2/,7.951807228915663,6.603212373587151,6.806930693069307,0.17941847163280256,0.5190013261505491,7.402451520818244,,,,,,
EU_EEA,Slovenia,SVN,2013,Escherichia coli,Blood/invasive,Aminopenicillins,630,1224,EARS-Net mixed/not reported,Not reported in Atlas aggregate,ECDC Surveillance Atlas aggregate,https://atlas.ecdc.europa.eu/public/,51.470588235294116,0,J01C_penicillins,7.7374,,,,8.5728,1.1215999999999997,,,,0.5747126436781611,,,,,2059953,17.1479957003396,50.0466580754027,23236.9655321695,8.84043884,https://api.worldbank.org/v2/,50.428082191780824,53.89221556886228,48.034006376195535,0.6845612200214214,2.103741112247377,7.110696122978827,52.63157894736842,1216.0,57.11267605633803,1420.0,53.47721822541966,1668.0
EU_EEA,Slovenia,SVN,2014,Escherichia coli,Blood/invasive,Aminopenicillins,640,1216,EARS-Net mixed/not reported,Not reported in Atlas aggregate,ECDC Surveillance Atlas aggregate,https://atlas.ecdc.europa.eu/public/,52.63157894736842,0,J01C_penicillins,7.4958,7.7374,,,8.3178,1.1418,,,,0.9393161238005135,,,,0.5747126436781611,2061980,17.5469496825326,50.983470916748,24013.0682060959,8.58487225,https://api.worldbank.org/v2/,51.470588235294116,50.428082191780824,53.89221556886228,-0.2739403820968343,1.292860682858848,7.104144092987527,54.82654600301659,1326.0,51.56794425087108,1435.0,51.67701863354037,1610.0
EU_EEA,Slovenia,SVN,2015,Escherichia coli,Blood/invasive,Aminopenicillins,727,1326,EARS-Net mixed/not reported,Not reported in Atlas aggregate,ECDC Surveillance Atlas aggregate,https://atlas.ecdc.europa.eu/public/,54.82654600301659,0,J01C_penicillins,7.5671,7.4958,7.7374,,8.4319,1.1892,,,,1.1827053577198992,,,,0.9393161238005135,2063531,18.0184247458794,53.6612160294144,20697.2748530619,8.57742882,https://api.worldbank.org/v2/,52.63157894736842,51.470588235294116,50.428082191780824,1.4356382145781517,1.6339548082994566,7.190676034332207,57.11267605633803,1420.0,53.47721822541966,1668.0,51.26777983920841,1617.0
EU_EEA,Slovenia,SVN,2016,Escherichia coli,Blood/invasive,Aminopenicillins,811,1420,EARS-Net mixed/not reported,Not reported in Atlas aggregate,ECDC Surveillance Atlas aggregate,https://atlas.ecdc.europa.eu/public/,57.11267605633803,0,J01C_penicillins,7.4293000000000005,7.5671,7.4958,7.7374,8.2775,1.1955,,,,1.1436648676432792,,,,1.1827053577198992,2065042,18.5120548294753,53.647274017334,21447.8377796036,8.5691185,https://api.worldbank.org/v2/,54.82654600301659,52.63157894736842,51.470588235294116,1.9121230518779828,2.158819255529644,7.259116128097101,51.56794425087108,1435.0,51.67701863354037,1610.0,50.803093396787624,1681.0
EU_EEA,Slovenia,SVN,2017,Escherichia coli,Blood/invasive,Aminopenicillins,740,1435,EARS-Net mixed/not reported,Not reported in Atlas aggregate,ECDC Surveillance Atlas aggregate,https://atlas.ecdc.europa.eu/public/,51.56794425087108,0,J01C_penicillins,7.504200000000001,7.4293000000000005,7.5671,7.4958,8.3458,1.2111999999999998,,,,1.2082262210796917,,,,1.1436648676432792,2066388,19.0009988314642,55.2451133728027,23303.077705959,8.2588892,https://api.worldbank.org/v2/,57.11267605633803,54.82654600301659,52.63157894736842,-0.09047740361706619,2.130410131250157,7.269616749608169,53.47721822541966,1668.0,51.26777983920841,1617.0,49.00542495479204,1659.0
EU_EEA,Slovenia,SVN,2018,Escherichia coli,Blood/invasive,Aminopenicillins,892,1668,EARS-Net mixed/not reported,Not reported in Atlas aggregate,ECDC Surveillance Atlas aggregate,https://atlas.ecdc.europa.eu/public/,53.47721822541966,0,J01C_penicillins,7.510400000000001,7.504200000000001,7.4293000000000005,7.5671,8.3026,1.1918000000000002,,,,1.191251139174587,,,,1.2082262210796917,2073894,19.4617683036878,55.1913430955675,25888.0481065655,8.35228634,https://api.worldbank.org/v2/,51.56794425087108,57.11267605633803,54.82654600301659,-0.9592715138257804,2.0197693710547173,7.419979923661835,51.67701863354037,1610.0,50.803093396787624,1681.0,48.993288590604024,1639.0
EU_EEA,Slovenia,SVN,2019,Escherichia coli,Blood/invasive,Aminopenicillins,832,1610,EARS-Net mixed/not reported,Not reported in Atlas aggregate,ECDC Surveillance Atlas aggregate,https://atlas.ecdc.europa.eu/public/,51.67701863354037,0,J01C_penicillins,7.353700000000001,7.510400000000001,7.504200000000001,7.4293000000000005,8.087,1.195,,,,1.27980250763334,,,,1.191251139174587,2088385,19.8516683589804,55.4523277282715,25814.1687167572,8.56564522,https://api.worldbank.org/v2/,53.47721822541966,51.56794425087108,57.11267605633803,-1.439769829384453,2.241719749355454,7.384610383176974,51.26777983920841,1617.0,49.00542495479204,1659.0,,
EU_EEA,Slovenia,SVN,2020,Escherichia coli,Blood/invasive,Aminopenicillins,829,1617,EUCAST,EUCAST required; exact version unavailable in Atlas aggregate,ECDC Surveillance Atlas aggregate,https://atlas.ecdc.europa.eu/public/,51.26777983920841,1,J01C_penicillins,5.293899999999999,7.353700000000001,7.510400000000001,7.504200000000001,5.9647,1.0512,,,,1.5711780181233561,,,,1.27980250763334,2102419,20.1213887142885,55.384391784668,25392.0651093612,9.48984432,https://api.worldbank.org/v2/,51.67701863354037,53.47721822541966,51.56794425087108,-0.2700692826867398,0.8673643967764185,7.388946097618437,50.803093396787624,1681.0,48.993288590604024,1639.0,,
EU_EEA,Slovenia,SVN,2021,Escherichia coli,Blood/invasive,Aminopenicillins,854,1681,EUCAST,EUCAST required; exact version unavailable in Atlas aggregate,ECDC Surveillance Atlas aggregate,https://atlas.ecdc.europa.eu/public/,50.803093396787624,0,J01C_penicillins,5.164899999999999,5.293899999999999,7.353700000000001,7.510400000000001,5.8693,1.1218,,,,2.6496902959394357,,,,1.5711780181233561,2108079,20.4309073032618,55.3046289429588,29192.8401933019,9.52724361,https://api.worldbank.org/v2/,51.26777983920841,51.67701863354037,53.47721822541966,-0.843161328022815,1.013053409011662,7.427738840532894,49.00542495479204,1659.0,,,,
EU_EEA,Slovenia,SVN,2022,Escherichia coli,Blood/invasive,Aminopenicillins,813,1659,EUCAST,EUCAST required; exact version unavailable in Atlas aggregate,ECDC Surveillance Atlas aggregate,https://atlas.ecdc.europa.eu/public/,49.00542495479204,0,J01C_penicillins,6.9106,5.164899999999999,5.293899999999999,7.353700000000001,7.6677,1.1645999999999996,,,,2.723325878173925,,,,2.6496902959394357,2112076,20.8812714279501,55.3377817873563,28360.3041467268,9.62683296,https://api.worldbank.org/v2/,50.803093396787624,51.26777983920841,51.67701863354037,-0.847946747866586,1.0196331887836851,7.414572881350589,48.993288590604024,1639.0,,,,
EU_EEA,Slovenia,SVN,2023,Escherichia coli,Blood/invasive,Aminopenicillins,803,1639,EUCAST,EUCAST required; exact version unavailable in Atlas aggregate,ECDC Surveillance Atlas aggregate,https://atlas.ecdc.europa.eu/public/,48.993288590604024,0,J01C_penicillins,,,,,,,,,,,,,,,2120461,21.3323429613727,55.5378927789875,32660.4753581346,9.30008888,https://api.worldbank.org/v2/,49.00542495479204,50.803093396787624,51.26777983920841,-0.8621142187808817,1.031220336178151,7.402451520818244,,,,,,
EU_EEA,Slovenia,SVN,2013,Escherichia coli,Blood/invasive,Carbapenems,1,1224,EARS-Net mixed/not reported,Not reported in Atlas aggregate,ECDC Surveillance Atlas aggregate,https://atlas.ecdc.europa.eu/public/,0.08169934640522876,0,J01DH_carbapenems,0.0550999999999999,,,,8.5728,1.1215999999999997,,,,0.5747126436781611,,,,,2059953,17.1479957003396,50.0466580754027,23236.9655321695,8.84043884,https://api.worldbank.org/v2/,0.0,0.0,0.0,0.024509803921568634,0.035376854729756484,7.110696122978827,0.0,1216.0,0.0,1420.0,0.0,1668.0
EU_EEA,Slovenia,SVN,2014,Escherichia coli,Blood/invasive,Carbapenems,0,1216,EARS-Net mixed/not reported,Not reported in Atlas aggregate,ECDC Surveillance Atlas aggregate,https://atlas.ecdc.europa.eu/public/,0.0,0,J01DH_carbapenems,0.0597,0.0550999999999999,,,8.3178,1.1418,,,,0.9393161238005135,,,,0.5747126436781611,2061980,17.5469496825326,50.983470916748,24013.0682060959,8.58487225,https://api.worldbank.org/v2/,0.08169934640522876,0.0,0.0,0.00816993464052288,0.035376854729756484,7.104144092987527,0.0,1326.0,0.0,1435.0,0.0,1610.0
EU_EEA,Slovenia,SVN,2015,Escherichia coli,Blood/invasive,Carbapenems,0,1326,EARS-Net mixed/not reported,Not reported in Atlas aggregate,ECDC Surveillance Atlas aggregate,https://atlas.ecdc.europa.eu/public/,0.0,0,J01DH_carbapenems,0.0642,0.0597,0.0550999999999999,,8.4319,1.1892,,,,1.1827053577198992,,,,0.9393161238005135,2063531,18.0184247458794,53.6612160294144,20697.2748530619,8.57742882,https://api.worldbank.org/v2/,0.0,0.08169934640522876,0.0,-0.008169934640522881,0.035376854729756484,7.190676034332207,0.0,1420.0,0.0,1668.0,0.0,1617.0
EU_EEA,Slovenia,SVN,2016,Escherichia coli,Blood/invasive,Carbapenems,0,1420,EARS-Net mixed/not reported,Not reported in Atlas aggregate,ECDC Surveillance Atlas aggregate,https://atlas.ecdc.europa.eu/public/,0.0,0,J01DH_carbapenems,0.0626,0.0642,0.0597,0.0550999999999999,8.2775,1.1955,,,,1.1436648676432792,,,,1.1827053577198992,2065042,18.5120548294753,53.647274017334,21447.8377796036,8.5691185,https://api.worldbank.org/v2/,0.0,0.0,0.08169934640522876,-0.024509803921568638,0.035376854729756484,7.259116128097101,0.0,1435.0,0.0,1610.0,0.0,1681.0
EU_EEA,Slovenia,SVN,2017,Escherichia coli,Blood/invasive,Carbapenems,0,1435,EARS-Net mixed/not reported,Not reported in Atlas aggregate,ECDC Surveillance Atlas aggregate,https://atlas.ecdc.europa.eu/public/,0.0,0,J01DH_carbapenems,0.0605999999999999,0.0626,0.0642,0.0597,8.3458,1.2111999999999998,,,,1.2082262210796917,,,,1.1436648676432792,2066388,19.0009988314642,55.2451133728027,23303.077705959,8.2588892,https://api.worldbank.org/v2/,0.0,0.0,0.0,0.0,0.0,7.269616749608169,0.0,1668.0,0.0,1617.0,0.0,1660.0
EU_EEA,Slovenia,SVN,2018,Escherichia coli,Blood/invasive,Carbapenems,0,1668,EARS-Net mixed/not reported,Not reported in Atlas aggregate,ECDC Surveillance Atlas aggregate,https://atlas.ecdc.europa.eu/public/,0.0,0,J01DH_carbapenems,0.0563,0.0605999999999999,0.0626,0.0642,8.3026,1.1918000000000002,,,,1.191251139174587,,,,1.2082262210796917,2073894,19.4617683036878,55.1913430955675,25888.0481065655,8.35228634,https://api.worldbank.org/v2/,0.0,0.0,0.0,0.0,0.0,7.419979923661835,0.0,1610.0,0.0,1681.0,0.06101281269066504,1639.0
EU_EEA,Slovenia,SVN,2019,Escherichia coli,Blood/invasive,Carbapenems,0,1610,EARS-Net mixed/not reported,Not reported in Atlas aggregate,ECDC Surveillance Atlas aggregate,https://atlas.ecdc.europa.eu/public/,0.0,0,J01DH_carbapenems,0.0523,0.0563,0.0605999999999999,0.0626,8.087,1.195,,,,1.27980250763334,,,,1.191251139174587,2088385,19.8516683589804,55.4523277282715,25814.1687167572,8.56564522,https://api.worldbank.org/v2/,0.0,0.0,0.0,0.0,0.0,7.384610383176974,0.0,1617.0,0.0,1660.0,,
EU_EEA,Slovenia,SVN,2020,Escherichia coli,Blood/invasive,Carbapenems,0,1617,EUCAST,EUCAST required; exact version unavailable in Atlas aggregate,ECDC Surveillance Atlas aggregate,https://atlas.ecdc.europa.eu/public/,0.0,1,J01DH_carbapenems,0.0541,0.0523,0.0563,0.0605999999999999,5.9647,1.0512,,,,1.5711780181233561,,,,1.27980250763334,2102419,20.1213887142885,55.384391784668,25392.0651093612,9.48984432,https://api.worldbank.org/v2/,0.0,0.0,0.0,0.0,0.0,7.388946097618437,0.0,1681.0,0.06101281269066504,1639.0,,
EU_EEA,Slovenia,SVN,2021,Escherichia coli,Blood/invasive,Carbapenems,0,1681,EUCAST,EUCAST required; exact version unavailable in Atlas aggregate,ECDC Surveillance Atlas aggregate,https://atlas.ecdc.europa.eu/public/,0.0,0,J01DH_carbapenems,0.0621,0.0541,0.0523,0.0563,5.8693,1.1218,,,,2.6496902959394357,,,,1.5711780181233561,2108079,20.4309073032618,55.3046289429588,29192.8401933019,9.52724361,https://api.worldbank.org/v2/,0.0,0.0,0.0,0.0,0.0,7.427738840532894,0.0,1660.0,,,,
EU_EEA,Slovenia,SVN,2022,Escherichia coli,Blood/invasive,Carbapenems,0,1660,EUCAST,EUCAST required; exact version unavailable in Atlas aggregate,ECDC Surveillance Atlas aggregate,https://atlas.ecdc.europa.eu/public/,0.0,0,J01DH_carbapenems,0.0601,0.0621,0.0541,0.0523,7.6677,1.1645999999999996,,,,2.723325878173925,,,,2.6496902959394357,2112076,20.8812714279501,55.3377817873563,28360.3041467268,9.62683296,https://api.worldbank.org/v2/,0.0,0.0,0.0,0.0,0.0,7.415175109613295,0.06101281269066504,1639.0,,,,
EU_EEA,Slovenia,SVN,2023,Escherichia coli,Blood/invasive,Carbapenems,1,1639,EUCAST,EUCAST required; exact version unavailable in Atlas aggregate,ECDC Surveillance Atlas aggregate,https://atlas.ecdc.europa.eu/public/,0.06101281269066504,0,J01DH_carbapenems,,,,,,,,,,,,,,,2120461,21.3323429613727,55.5378927789875,32660.4753581346,9.30008888,https://api.worldbank.org/v2/,0.0,0.0,0.0,0.018303843807199516,0.026419322873228755,7.402451520818244,,,,,,
EU_EEA,Slovenia,SVN,2013,Escherichia coli,Blood/invasive,Fluoroquinolones,243,1224,EARS-Net mixed/not reported,Not reported in Atlas aggregate,ECDC Surveillance Atlas aggregate,https://atlas.ecdc.europa.eu/public/,19.852941176470587,0,J01M_quinolones,1.3071,,,,8.5728,1.1215999999999997,,,,0.5747126436781611,,,,,2059953,17.1479957003396,50.0466580754027,23236.9655321695,8.84043884,https://api.worldbank.org/v2/,21.404109589041095,20.65868263473054,19.327731092436974,0.23210572064113755,0.7893679982821751,7.110696122978827,23.273026315789473,1216.0,25.56338028169014,1420.0,22.781774580335732,1668.0
EU_EEA,Slovenia,SVN,2014,Escherichia coli,Blood/invasive,Fluoroquinolones,283,1216,EARS-Net mixed/not reported,Not reported in Atlas aggregate,ECDC Surveillance Atlas aggregate,https://atlas.ecdc.europa.eu/public/,23.273026315789473,0,J01M_quinolones,1.3213,1.3071,,,8.3178,1.1418,,,,0.9393161238005135,,,,0.5747126436781611,2061980,17.5469496825326,50.983470916748,24013.0682060959,8.58487225,https://api.worldbank.org/v2/,19.852941176470587,21.404109589041095,20.65868263473054,0.6291862630606269,1.2657909844325228,7.104144092987527,24.60377358490566,1325.0,24.87346348517715,1383.0,19.006211180124225,1610.0
EU_EEA,Slovenia,SVN,2015,Escherichia coli,Blood/invasive,Fluoroquinolones,326,1325,EARS-Net mixed/not reported,Not reported in Atlas aggregate,ECDC Surveillance Atlas aggregate,https://atlas.ecdc.europa.eu/public/,24.60377358490566,0,J01M_quinolones,1.3763999999999998,1.3213,1.3071,,8.4319,1.1892,,,,1.1827053577198992,,,,0.9393161238005135,2063531,18.0184247458794,53.6612160294144,20697.2748530619,8.57742882,https://api.worldbank.org/v2/,23.273026315789473,19.852941176470587,21.404109589041095,1.3019077126912528,1.8058083731669077,7.189922170745808,25.56338028169014,1420.0,22.781774580335732,1668.0,18.119975262832405,1617.0
EU_EEA,Slovenia,SVN,2016,Escherichia coli,Blood/invasive,Fluoroquinolones,363,1420,EARS-Net mixed/not reported,Not reported in Atlas aggregate,ECDC Surveillance Atlas aggregate,https://atlas.ecdc.europa.eu/public/,25.56338028169014,0,J01M_quinolones,1.3494,1.3763999999999998,1.3213,1.3071,8.2775,1.1955,,,,1.1436648676432792,,,,1.1827053577198992,2065042,18.5120548294753,53.647274017334,21447.8377796036,8.5691185,https://api.worldbank.org/v2/,24.60377358490566,23.273026315789473,19.852941176470587,1.8462064584774833,2.1623765904604015,7.259116128097101,24.87346348517715,1383.0,19.006211180124225,1610.0,16.65675193337299,1681.0
EU_EEA,Slovenia,SVN,2017,Escherichia coli,Blood/invasive,Fluoroquinolones,344,1383,EARS-Net mixed/not reported,Not reported in Atlas aggregate,ECDC Surveillance Atlas aggregate,https://atlas.ecdc.europa.eu/public/,24.87346348517715,0,J01M_quinolones,1.3093,1.3494,1.3763999999999998,1.3213,8.3458,1.2111999999999998,,,,1.2082262210796917,,,,1.1436648676432792,2066388,19.0009988314642,55.2451133728027,23303.077705959,8.2588892,https://api.worldbank.org/v2/,25.56338028169014,24.60377358490566,23.273026315789473,0.5760918204947476,0.8309471838460852,7.232733136177615,22.781774580335732,1668.0,18.119975262832405,1617.0,16.566265060240966,1660.0
EU_EEA,Slovenia,SVN,2018,Escherichia coli,Blood/invasive,Fluoroquinolones,380,1668,EARS-Net mixed/not reported,Not reported in Atlas aggregate,ECDC Surveillance Atlas aggregate,https://atlas.ecdc.europa.eu/public/,22.781774580335732,0,J01M_quinolones,1.3014,1.3093,1.3494,1.3763999999999998,8.3026,1.1918000000000002,,,,1.191251139174587,,,,1.2082262210796917,2073894,19.4617683036878,55.1913430955675,25888.0481065655,8.35228634,https://api.worldbank.org/v2/,24.87346348517715,25.56338028169014,24.60377358490566,-0.6155913810222797,1.0277930228781147,7.419979923661835,19.006211180124225,1610.0,16.65675193337299,1681.0,15.924344112263576,1639.0
EU_EEA,Slovenia,SVN,2019,Escherichia coli,Blood/invasive,Fluoroquinolones,306,1610,EARS-Net mixed/not reported,Not reported in Atlas aggregate,ECDC Surveillance Atlas aggregate,https://atlas.ecdc.europa.eu/public/,19.006211180124225,0,J01M_quinolones,1.1669,1.3014,1.3093,1.3494,8.087,1.195,,,,1.27980250763334,,,,1.191251139174587,2088385,19.8516683589804,55.4523277282715,25814.1687167572,8.56564522,https://api.worldbank.org/v2/,22.781774580335732,24.87346348517715,25.56338028169014,-2.17631962095392,2.5527494144212834,7.384610383176974,18.119975262832405,1617.0,16.566265060240966,1660.0,,
EU_EEA,Slovenia,SVN,2020,Escherichia coli,Blood/invasive,Fluoroquinolones,293,1617,EUCAST,EUCAST required; exact version unavailable in Atlas aggregate,ECDC Surveillance Atlas aggregate,https://atlas.ecdc.europa.eu/public/,18.119975262832405,1,J01M_quinolones,0.9712000000000001,1.1669,1.3014,1.3093,5.9647,1.0512,,,,1.5711780181233561,,,,1.27980250763334,2102419,20.1213887142885,55.384391784668,25392.0651093612,9.48984432,https://api.worldbank.org/v2/,19.006211180124225,22.781774580335732,24.87346348517715,-2.403602806724578,2.752068326980684,7.388946097618437,16.65675193337299,1681.0,15.924344112263576,1639.0,,
EU_EEA,Slovenia,SVN,2021,Escherichia coli,Blood/invasive,Fluoroquinolones,280,1681,EUCAST,EUCAST required; exact version unavailable in Atlas aggregate,ECDC Surveillance Atlas aggregate,https://atlas.ecdc.europa.eu/public/,16.65675193337299,0,J01M_quinolones,0.9775,0.9712000000000001,1.1669,1.3014,5.8693,1.1218,,,,2.6496902959394357,,,,1.5711780181233561,2108079,20.4309073032618,55.3046289429588,29192.8401933019,9.52724361,https://api.worldbank.org/v2/,18.119975262832405,19.006211180124225,22.781774580335732,-1.9261303858180063,2.2631497638332374,7.427738840532894,16.566265060240966,1660.0,,,,
EU_EEA,Slovenia,SVN,2022,Escherichia coli,Blood/invasive,Fluoroquinolones,275,1660,EUCAST,EUCAST required; exact version unavailable in Atlas aggregate,ECDC Surveillance Atlas aggregate,https://atlas.ecdc.europa.eu/public/,16.566265060240966,0,J01M_quinolones,1.0129,0.9775,0.9712000000000001,1.1669,7.6677,1.1645999999999996,,,,2.723325878173925,,,,2.6496902959394357,2112076,20.8812714279501,55.3377817873563,28360.3041467268,9.62683296,https://api.worldbank.org/v2/,16.65675193337299,18.119975262832405,19.006211180124225,-0.8783061689109214,1.0253638287486238,7.415175109613295,15.924344112263576,1639.0,,,,
EU_EEA,Slovenia,SVN,2023,Escherichia coli,Blood/invasive,Fluoroquinolones,261,1639,EUCAST,EUCAST required; exact version unavailable in Atlas aggregate,ECDC Surveillance Atlas aggregate,https://atlas.ecdc.europa.eu/public/,15.924344112263576,0,J01M_quinolones,,,,,,,,,,,,,,,2120461,21.3323429613727,55.5378927789875,32660.4753581346,9.30008888,https://api.worldbank.org/v2/,16.566265060240966,16.65675193337299,18.119975262832405,-0.6677380324838528,0.803605377694132,7.402451520818244,,,,,,
EU_EEA,Slovenia,SVN,2013,Escherichia coli,Blood/invasive,Third-generation cephalosporins,107,1224,EARS-Net mixed/not reported,Not reported in Atlas aggregate,ECDC Surveillance Atlas aggregate,https://atlas.ecdc.europa.eu/public/,8.741830065359476,0,J01D_other_beta_lactams,0.5947999999999999,,,,8.5728,1.1215999999999997,,,,0.5747126436781611,,,,,2059953,17.1479957003396,50.0466580754027,23236.9655321695,8.84043884,https://api.worldbank.org/v2/,9.503424657534246,8.782435129740518,6.617647058823529,0.7093538547401564,1.0789947341082322,7.110696122978827,12.74671052631579,1216.0,12.535211267605634,1420.0,11.33093525179856,1668.0
EU_EEA,Slovenia,SVN,2014,Escherichia coli,Blood/invasive,Third-generation cephalosporins,155,1216,EARS-Net mixed/not reported,Not reported in Atlas aggregate,ECDC Surveillance Atlas aggregate,https://atlas.ecdc.europa.eu/public/,12.74671052631579,0,J01D_other_beta_lactams,0.5828,0.5947999999999999,,,8.3178,1.1418,,,,0.9393161238005135,,,,0.5747126436781611,2061980,17.5469496825326,50.983470916748,24013.0682060959,8.58487225,https://api.worldbank.org/v2/,8.741830065359476,9.503424657534246,8.782435129740518,1.1131231597551032,1.6464915568101024,7.104144092987527,13.650075414781297,1326.0,12.473867595818815,1435.0,9.813664596273291,1610.0
EU_EEA,Slovenia,SVN,2015,Escherichia coli,Blood/invasive,Third-generation cephalosporins,181,1326,EARS-Net mixed/not reported,Not reported in Atlas aggregate,ECDC Surveillance Atlas aggregate,https://atlas.ecdc.europa.eu/public/,13.650075414781297,0,J01D_other_beta_lactams,0.6134,0.5828,0.5947999999999999,,8.4319,1.1892,,,,1.1827053577198992,,,,0.9393161238005135,2063531,18.0184247458794,53.6612160294144,20697.2748530619,8.57742882,https://api.worldbank.org/v2/,12.74671052631579,8.741830065359476,9.503424657534246,1.6444832732697454,2.0802591498781533,7.190676034332207,12.535211267605634,1420.0,11.33093525179856,1668.0,10.575139146567718,1617.0
EU_EEA,Slovenia,SVN,2016,Escherichia coli,Blood/invasive,Third-generation cephalosporins,178,1420,EARS-Net mixed/not reported,Not reported in Atlas aggregate,ECDC Surveillance Atlas aggregate,https://atlas.ecdc.europa.eu/public/,12.535211267605634,0,J01D_other_beta_lactams,0.6317,0.6134,0.5828,0.5947999999999999,8.2775,1.1955,,,,1.1436648676432792,,,,1.1827053577198992,2065042,18.5120548294753,53.647274017334,21447.8377796036,8.5691185,https://api.worldbank.org/v2/,13.650075414781297,12.74671052631579,8.741830065359476,1.2283508495203976,1.8812130891234482,7.259116128097101,12.473867595818815,1435.0,9.813664596273291,1610.0,9.280190362879239,1681.0
EU_EEA,Slovenia,SVN,2017,Escherichia coli,Blood/invasive,Third-generation cephalosporins,179,1435,EARS-Net mixed/not reported,Not reported in Atlas aggregate,ECDC Surveillance Atlas aggregate,https://atlas.ecdc.europa.eu/public/,12.473867595818815,0,J01D_other_beta_lactams,0.6829,0.6317,0.6134,0.5828,8.3458,1.2111999999999998,,,,1.2082262210796917,,,,1.1436648676432792,2066388,19.0009988314642,55.2451133728027,23303.077705959,8.2588892,https://api.worldbank.org/v2/,12.535211267605634,13.650075414781297,12.74671052631579,-0.19333929386665893,0.4720562247354717,7.269616749608169,11.33093525179856,1668.0,10.575139146567718,1617.0,9.337349397590362,1660.0
EU_EEA,Slovenia,SVN,2018,Escherichia coli,Blood/invasive,Third-generation cephalosporins,189,1668,EARS-Net mixed/not reported,Not reported in Atlas aggregate,ECDC Surveillance Atlas aggregate,https://atlas.ecdc.europa.eu/public/,11.33093525179856,0,J01D_other_beta_lactams,0.6262999999999999,0.6829,0.6317,0.6134,8.3026,1.1918000000000002,,,,1.191251139174587,,,,1.2082262210796917,2073894,19.4617683036878,55.1913430955675,25888.0481065655,8.35228634,https://api.worldbank.org/v2/,12.473867595818815,12.535211267605634,13.650075414781297,-0.7018764160735049,0.8202566712213485,7.419979923661835,9.813664596273291,1610.0,9.280190362879239,1681.0,8.663819402074436,1639.0
EU_EEA,Slovenia,SVN,2019,Escherichia coli,Blood/invasive,Third-generation cephalosporins,158,1610,EARS-Net mixed/not reported,Not reported in Atlas aggregate,ECDC Surveillance Atlas aggregate,https://atlas.ecdc.europa.eu/public/,9.813664596273291,0,J01D_other_beta_lactams,0.7091,0.6262999999999999,0.6829,0.6317,8.087,1.195,,,,1.27980250763334,,,,1.191251139174587,2088385,19.8516683589804,55.4523277282715,25814.1687167572,8.56564522,https://api.worldbank.org/v2/,11.33093525179856,12.473867595818815,12.535211267605634,-0.9307572358017305,1.105269894541414,7.384610383176974,10.575139146567718,1617.0,9.337349397590362,1660.0,,
EU_EEA,Slovenia,SVN,2020,Escherichia coli,Blood/invasive,Third-generation cephalosporins,171,1617,EUCAST,EUCAST required; exact version unavailable in Atlas aggregate,ECDC Surveillance Atlas aggregate,https://atlas.ecdc.europa.eu/public/,10.575139146567718,1,J01D_other_beta_lactams,0.6966999999999999,0.7091,0.6262999999999999,0.6829,5.9647,1.0512,,,,1.5711780181233561,,,,1.27980250763334,2102419,20.1213887142885,55.384391784668,25392.0651093612,9.48984432,https://api.worldbank.org/v2/,9.813664596273291,11.33093525179856,12.473867595818815,-0.7213456003278584,0.9823863023061642,7.388946097618437,9.280190362879239,1681.0,8.663819402074436,1639.0,,
EU_EEA,Slovenia,SVN,2021,Escherichia coli,Blood/invasive,Third-generation cephalosporins,156,1681,EUCAST,EUCAST required; exact version unavailable in Atlas aggregate,ECDC Surveillance Atlas aggregate,https://atlas.ecdc.europa.eu/public/,9.280190362879239,0,J01D_other_beta_lactams,0.7866,0.6966999999999999,0.7091,0.6262999999999999,5.8693,1.1218,,,,2.6496902959394357,,,,1.5711780181233561,2108079,20.4309073032618,55.3046289429588,29192.8401933019,9.52724361,https://api.worldbank.org/v2/,10.575139146567718,9.813664596273291,11.33093525179856,-0.5390760116463563,0.7754121160327676,7.427738840532894,9.337349397590362,1660.0,,,,
EU_EEA,Slovenia,SVN,2022,Escherichia coli,Blood/invasive,Third-generation cephalosporins,155,1660,EUCAST,EUCAST required; exact version unavailable in Atlas aggregate,ECDC Surveillance Atlas aggregate,https://atlas.ecdc.europa.eu/public/,9.337349397590362,0,J01D_other_beta_lactams,0.8486999999999999,0.7866,0.6966999999999999,0.7091,7.6677,1.1645999999999996,,,,2.723325878173925,,,,2.6496902959394357,2112076,20.8812714279501,55.3377817873563,28360.3041467268,9.62683296,https://api.worldbank.org/v2/,9.280190362879239,10.575139146567718,9.813664596273291,-0.27238943797372883,0.5186278402691896,7.415175109613295,8.663819402074436,1639.0,,,,
EU_EEA,Slovenia,SVN,2023,Escherichia coli,Blood/invasive,Third-generation cephalosporins,142,1639,EUCAST,EUCAST required; exact version unavailable in Atlas aggregate,ECDC Surveillance Atlas aggregate,https://atlas.ecdc.europa.eu/public/,8.663819402074436,0,J01D_other_beta_lactams,,,,,,,,,,,,,,,2120461,21.3323429613727,55.5378927789875,32660.4753581346,9.30008888,https://api.worldbank.org/v2/,9.337349397590362,9.280190362879239,10.575139146567718,-0.5676800198768746,0.693675984888283,7.402451520818244,,,,,,
EU_EEA,Sweden,SWE,2013,Escherichia coli,Blood/invasive,Aminoglycosides,429,7100,EARS-Net mixed/not reported,Not reported in Atlas aggregate,ECDC Surveillance Atlas aggregate,https://atlas.ecdc.europa.eu/public/,6.042253521126761,0,J01G_aminoglycosides,,,,,7.1459,1.2051999999999998,,,,0.2835595776772248,,,,,9600379,19.2744218602549,85.9249771259894,60843.9888799369,10.9872179,https://api.worldbank.org/v2/,5.815423514538558,4.762890867674467,3.444208539749941,0.8846667590994546,1.0279672565172833,8.867990898182093,6.0649304316803425,5606.0,7.224061015973521,6949.0,7.735217552993678,5378.0
EU_EEA,Sweden,SWE,2014,Escherichia coli,Blood/invasive,Aminoglycosides,340,5606,EARS-Net mixed/not reported,Not reported in Atlas aggregate,ECDC Surveillance Atlas aggregate,https://atlas.ecdc.europa.eu/public/,6.0649304316803425,0,J01G_aminoglycosides,,,,,7.2077,1.1243999999999998,,,,0.41062491979982035,,,,0.2835595776772248,9696110,19.5210692673755,86.2563838747314,59583.4584491714,11.07212639,https://api.worldbank.org/v2/,6.042253521126761,5.815423514538558,4.762890867674467,0.4132948698605824,0.5335096410713754,8.631771096123673,6.422496094428051,5761.0,6.495310871830497,5758.0,6.014877789585547,9410.0
EU_EEA,Sweden,SWE,2015,Escherichia coli,Blood/invasive,Aminoglycosides,370,5761,EARS-Net mixed/not reported,Not reported in Atlas aggregate,ECDC Surveillance Atlas aggregate,https://atlas.ecdc.europa.eu/public/,6.422496094428051,0,J01G_aminoglycosides,,,,,6.785200000000001,1.2009999999999998,,,,0.3588516746411483,,,,0.41062491979982035,9799186,19.6982615865952,86.6158654081858,51188.1652120493,10.93069172,https://api.worldbank.org/v2/,6.0649304316803425,6.042253521126761,5.815423514538558,0.18438946502220505,0.21725482313958655,8.659039915644474,7.224061015973521,6949.0,7.735217552993678,5378.0,5.884146341463414,9840.0
EU_EEA,Sweden,SWE,2016,Escherichia coli,Blood/invasive,Aminoglycosides,502,6949,EARS-Net mixed/not reported,Not reported in Atlas aggregate,ECDC Surveillance Atlas aggregate,https://atlas.ecdc.europa.eu/public/,7.224061015973521,0,J01G_aminoglycosides,,,,,6.7841000000000005,1.1895,,,,0.4934111559058909,,,,0.3588516746411483,9923085,19.773834861054,87.0,51703.5088332851,10.95692444,https://api.worldbank.org/v2/,6.422496094428051,6.0649304316803425,6.042253521126761,0.3902988147287979,0.4779978327465625,8.846496938558838,6.495310871830497,5758.0,6.014877789585547,9410.0,5.981163219730071,10299.0
EU_EEA,Sweden,SWE,2017,Escherichia coli,Blood/invasive,Aminoglycosides,374,5758,EARS-Net mixed/not reported,Not reported in Atlas aggregate,ECDC Surveillance Atlas aggregate,https://atlas.ecdc.europa.eu/public/,6.495310871830497,0,J01G_aminoglycosides,,,,,6.5764,1.1693999999999998,,,,0.4910797538385032,,,,0.4934111559058909,10057698,19.8018336203973,87.237373786911,53210.2233318965,10.94730949,https://api.worldbank.org/v2/,7.224061015973521,6.422496094428051,6.0649304316803425,0.20927062419959241,0.42097723555793753,8.658519127506672,7.735217552993678,5378.0,5.884146341463414,9840.0,5.659304199450185,10549.0
EU_EEA,Sweden,SWE,2018,Escherichia coli,Blood/invasive,Aminoglycosides,416,5378,EARS-Net mixed/not reported,Not reported in Atlas aggregate,ECDC Surveillance Atlas aggregate,https://atlas.ecdc.europa.eu/public/,7.735217552993678,0,J01G_aminoglycosides,,,,,6.338099999999999,1.3349,,,,0.5175388154111558,,,,0.4910797538385032,10175214,19.8625371600706,87.4737430925296,54018.4554391861,11.09132671,https://api.worldbank.org/v2/,6.495310871830497,7.224061015973521,6.422496094428051,0.3209414231553845,0.5420316122558257,8.590257762273243,6.014877789585547,9410.0,5.981163219730071,10299.0,6.160164271047228,10714.0
EU_EEA,Sweden,SWE,2019,Escherichia coli,Blood/invasive,Aminoglycosides,566,9410,EARS-Net mixed/not reported,Not reported in Atlas aggregate,ECDC Surveillance Atlas aggregate,https://atlas.ecdc.europa.eu/public/,6.014877789585547,0,J01G_aminoglycosides,,,,,6.102600000000001,1.1655,,,,0.7670182166826462,,,,0.5175388154111558,10278887,19.9506621429353,87.7088420242759,51648.9892820514,10.93444347,https://api.worldbank.org/v2/,7.735217552993678,6.495310871830497,7.224061015973521,-0.23876429980007538,0.6605979904115243,9.149634496858788,5.884146341463414,9840.0,5.659304199450185,10549.0,,
EU_EEA,Sweden,SWE,2020,Escherichia coli,Blood/invasive,Aminoglycosides,579,9840,EUCAST,EUCAST required; exact version unavailable in Atlas aggregate,ECDC Surveillance Atlas aggregate,https://atlas.ecdc.europa.eu/public/,5.884146341463414,1,J01G_aminoglycosides,,,,,5.0179,1.1324999999999998,,,,0.7893864013266999,,,,0.7670182166826462,10353442,20.0599853974717,87.9424046895699,52568.5726980146,11.42458725,https://api.worldbank.org/v2/,6.014877789585547,7.735217552993678,6.495310871830497,-0.35538333545093914,0.7307885659909598,9.194312610898985,5.981163219730071,10299.0,6.160164271047228,10714.0,,
EU_EEA,Sweden,SWE,2021,Escherichia coli,Blood/invasive,Aminoglycosides,616,10299,EUCAST,EUCAST required; exact version unavailable in Atlas aggregate,ECDC Surveillance Atlas aggregate,https://atlas.ecdc.europa.eu/public/,5.981163219730071,0,J01G_aminoglycosides,,,,,4.9135,1.1379000000000001,,,,0.9514875368533909,,,,0.7893864013266999,10415811,20.1967832299352,88.1741651958315,60647.5416365347,11.23013592,https://api.worldbank.org/v2/,5.884146341463414,6.014877789585547,7.735217552993678,-0.5392894447912968,0.7701615006839737,9.239899174217728,5.659304199450185,10549.0,,,,
EU_EEA,Sweden,SWE,2022,Escherichia coli,Blood/invasive,Aminoglycosides,597,10549,EUCAST,EUCAST required; exact version unavailable in Atlas aggregate,ECDC Surveillance Atlas aggregate,https://atlas.ecdc.europa.eu/public/,5.659304199450185,0,J01G_aminoglycosides,,,,,5.4364,1.2061,,,,0.9,,,,0.9514875368533909,10486941,20.3419018248482,88.4038576504809,54836.8907235124,10.85505676,https://api.worldbank.org/v2/,5.981163219730071,5.884146341463414,6.014877789585547,-0.09697038921394345,0.13879378907548087,9.263881138904212,6.160164271047228,10714.0,,,,
EU_EEA,Sweden,SWE,2023,Escherichia coli,Blood/invasive,Aminoglycosides,660,10714,EUCAST,EUCAST required; exact version unavailable in Atlas aggregate,ECDC Surveillance Atlas aggregate,https://atlas.ecdc.europa.eu/public/,6.160164271047228,0,J01G_aminoglycosides,,,,,,,,,,,,,,,10536632,20.5364235623884,88.631216160938,54950.2834725622,11.152915,https://api.worldbank.org/v2/,5.659304199450185,5.981163219730071,5.884146341463414,0.05061947684715503,0.1807359222680024,9.279399907907678,,,,,,
EU_EEA,Sweden,SWE,2013,Escherichia coli,Blood/invasive,Aminopenicillins,154,452,EARS-Net mixed/not reported,Not reported in Atlas aggregate,ECDC Surveillance Atlas aggregate,https://atlas.ecdc.europa.eu/public/,34.07079646017699,0,J01C_penicillins,7.0859,,,,7.1459,1.2051999999999998,,,,0.2835595776772248,,,,,9600379,19.2744218602549,85.9249771259894,60843.9888799369,10.9872179,https://api.worldbank.org/v2/,28.26086956521739,34.65909090909091,34.46808510638298,-0.759008728249152,2.666486727748671,6.115892125483034,,,,,,
EU_EEA,Sweden,SWE,2015,Escherichia coli,Blood/invasive,Aminopenicillins,135,396,EARS-Net mixed/not reported,Not reported in Atlas aggregate,ECDC Surveillance Atlas aggregate,https://atlas.ecdc.europa.eu/public/,34.09090909090909,0,J01C_penicillins,6.803100000000001,7.1343,7.0859,,6.785200000000001,1.2009999999999998,,,,0.3588516746411483,,,,0.41062491979982035,9799186,19.6982615865952,86.6158654081858,51188.1652120493,10.93069172,https://api.worldbank.org/v2/,34.07079646017699,28.26086956521739,34.65909090909091,0.41053814404141054,2.614277782870348,5.983936280687191,,,,,,
EU_EEA,Sweden,SWE,2013,Escherichia coli,Blood/invasive,Carbapenems,2,7347,EARS-Net mixed/not reported,Not reported in Atlas aggregate,ECDC Surveillance Atlas aggregate,https://atlas.ecdc.europa.eu/public/,0.027221995372260787,0,J01DH_carbapenems,0.0414,,,,7.1459,1.2051999999999998,,,,0.2835595776772248,,,,,9600379,19.2744218602549,85.9249771259894,60843.9888799369,10.9872179,https://api.worldbank.org/v2/,0.018086453246518357,0.0,0.02586652871184687,0.0022152853227760064,0.010848557290982276,8.902183446335016,0.0,6298.0,0.08661758336942399,6927.0,0.01855976243504083,5388.0
EU_EEA,Sweden,SWE,2014,Escherichia coli,Blood/invasive,Carbapenems,0,6298,EARS-Net mixed/not reported,Not reported in Atlas aggregate,ECDC Surveillance Atlas aggregate,https://atlas.ecdc.europa.eu/public/,0.0,0,J01DH_carbapenems,0.0398,0.0414,,,7.2077,1.1243999999999998,,,,0.41062491979982035,,,,0.2835595776772248,9696110,19.5210692673755,86.2563838747314,59583.4584491714,11.07212639,https://api.worldbank.org/v2/,0.027221995372260787,0.018086453246518357,0.0,0.0009135542125742427,0.011778613501021084,8.74814616962193,0.07537214999057848,5307.0,0.01733402669440111,5769.0,0.021247211303516412,9413.0
EU_EEA,Sweden,SWE,2015,Escherichia coli,Blood/invasive,Carbapenems,4,5307,EARS-Net mixed/not reported,Not reported in Atlas aggregate,ECDC Surveillance Atlas aggregate,https://atlas.ecdc.europa.eu/public/,0.07537214999057848,0,J01DH_carbapenems,0.0352,0.0398,0.0414,,6.785200000000001,1.2009999999999998,,,,0.3588516746411483,,,,0.41062491979982035,9799186,19.6982615865952,86.6158654081858,51188.1652120493,10.93069172,https://api.worldbank.org/v2/,0.0,0.027221995372260787,0.018086453246518357,0.014463509485991956,0.027875464557159935,8.576970395452099,0.08661758336942399,6927.0,0.01855976243504083,5388.0,0.010156408693885842,9846.0
EU_EEA,Sweden,SWE,2016,Escherichia coli,Blood/invasive,Carbapenems,6,6927,EARS-Net mixed/not reported,Not reported in Atlas aggregate,ECDC Surveillance Atlas aggregate,https://atlas.ecdc.europa.eu/public/,0.08661758336942399,0,J01DH_carbapenems,0.0368,0.0352,0.0398,0.0414,6.7841000000000005,1.1895,,,,0.4934111559058909,,,,0.3588516746411483,9923085,19.773834861054,87.0,51703.5088332851,10.95692444,https://api.worldbank.org/v2/,0.07537214999057848,0.0,0.027221995372260787,0.02535589139820681,0.035264480013697454,8.843326450242271,0.01733402669440111,5769.0,0.021247211303516412,9413.0,0.05646527385657821,10626.0
EU_EEA,Sweden,SWE,2017,Escherichia coli,Blood/invasive,Carbapenems,1,5769,EARS-Net mixed/not reported,Not reported in Atlas aggregate,ECDC Surveillance Atlas aggregate,https://atlas.ecdc.europa.eu/public/,0.01733402669440111,0,J01DH_carbapenems,0.038,0.0368,0.0352,0.0398,6.5764,1.1693999999999998,,,,0.4910797538385032,,,,0.4934111559058909,10057698,19.8018336203973,87.237373786911,53210.2233318965,10.94730949,https://api.worldbank.org/v2/,0.08661758336942399,0.07537214999057848,0.0,0.0063247513462048825,0.03689438471634694,8.660427359502146,0.01855976243504083,5388.0,0.010156408693885842,9846.0,0.03788596325061565,10558.0
EU_EEA,Sweden,SWE,2018,Escherichia coli,Blood/invasive,Carbapenems,1,5388,EARS-Net mixed/not reported,Not reported in Atlas aggregate,ECDC Surveillance Atlas aggregate,https://atlas.ecdc.europa.eu/public/,0.01855976243504083,0,J01DH_carbapenems,0.0402,0.038,0.0368,0.0352,6.338099999999999,1.3349,,,,0.5175388154111558,,,,0.4910797538385032,10175214,19.8625371600706,87.4737430925296,54018.4554391861,11.09132671,https://api.worldbank.org/v2/,0.01733402669440111,0.08661758336942399,0.07537214999057848,-0.0239720719341636,0.03177667339354895,8.592115117933497,0.021247211303516412,9413.0,0.05646527385657821,10626.0,0.037334328915437746,10714.0
EU_EEA,Sweden,SWE,2019,Escherichia coli,Blood/invasive,Carbapenems,2,9413,EARS-Net mixed/not reported,Not reported in Atlas aggregate,ECDC Surveillance Atlas aggregate,https://atlas.ecdc.europa.eu/public/,0.021247211303516412,0,J01DH_carbapenems,0.0394,0.0402,0.038,0.0368,6.102600000000001,1.1655,,,,0.7670182166826462,,,,0.5175388154111558,10278887,19.9506621429353,87.7088420242759,51648.9892820514,10.93444347,https://api.worldbank.org/v2/,0.01855976243504083,0.01733402669440111,0.08661758336942399,-0.01948853804570832,0.029293132283037385,9.149953221961088,0.010156408693885842,9846.0,0.03788596325061565,10558.0,,
EU_EEA,Sweden,SWE,2020,Escherichia coli,Blood/invasive,Carbapenems,1,9846,EUCAST,EUCAST required; exact version unavailable in Atlas aggregate,ECDC Surveillance Atlas aggregate,https://atlas.ecdc.europa.eu/public/,0.010156408693885842,1,J01DH_carbapenems,0.0407999999999999,0.0394,0.0402,0.038,5.0179,1.1324999999999998,,,,0.7893864013266999,,,,0.7670182166826462,10353442,20.0599853974717,87.9424046895699,52568.5726980146,11.42458725,https://api.worldbank.org/v2/,0.021247211303516412,0.01855976243504083,0.01733402669440111,-0.0018845405133070248,0.004101663382836738,9.194922119247803,0.05646527385657821,10626.0,0.037334328915437746,10714.0,,
EU_EEA,Sweden,SWE,2021,Escherichia coli,Blood/invasive,Carbapenems,6,10626,EUCAST,EUCAST required; exact version unavailable in Atlas aggregate,ECDC Surveillance Atlas aggregate,https://atlas.ecdc.europa.eu/public/,0.05646527385657821,0,J01DH_carbapenems,0.0421,0.0407999999999999,0.0394,0.0402,4.9135,1.1379000000000001,,,,0.9514875368533909,,,,0.7893864013266999,10415811,20.1967832299352,88.1741651958315,60647.5416365347,11.23013592,https://api.worldbank.org/v2/,0.010156408693885842,0.021247211303516412,0.01855976243504083,0.010262573165498154,0.017717391450248716,9.271153211372695,0.03788596325061565,10558.0,,,,
EU_EEA,Sweden,SWE,2022,Escherichia coli,Blood/invasive,Carbapenems,4,10558,EUCAST,EUCAST required; exact version unavailable in Atlas aggregate,ECDC Surveillance Atlas aggregate,https://atlas.ecdc.europa.eu/public/,0.03788596325061565,0,J01DH_carbapenems,,,,,5.4364,1.2061,,,,0.9,,,,0.9514875368533909,10486941,20.3419018248482,88.4038576504809,54836.8907235124,10.85505676,https://api.worldbank.org/v2/,0.05646527385657821,0.010156408693885842,0.021247211303516412,0.009622512100399008,0.017497849635809134,9.264733855806515,0.037334328915437746,10714.0,,,,
EU_EEA,Sweden,SWE,2023,Escherichia coli,Blood/invasive,Carbapenems,4,10714,EUCAST,EUCAST required; exact version unavailable in Atlas aggregate,ECDC Surveillance Atlas aggregate,https://atlas.ecdc.europa.eu/public/,0.037334328915437746,0,J01DH_carbapenems,,,,,,,,,,,,,,,10536632,20.5364235623884,88.631216160938,54950.2834725622,11.152915,https://api.worldbank.org/v2/,0.03788596325061565,0.05646527385657821,0.010156408693885842,0.006295445005869314,0.016514324603040937,9.279399907907678,,,,,,
EU_EEA,Sweden,SWE,2013,Escherichia coli,Blood/invasive,Fluoroquinolones,852,7356,EARS-Net mixed/not reported,Not reported in Atlas aggregate,ECDC Surveillance Atlas aggregate,https://atlas.ecdc.europa.eu/public/,11.582381729200652,0,J01M_quinolones,0.8694000000000001,,,,7.1459,1.2051999999999998,,,,0.2835595776772248,,,,,9600379,19.2744218602549,85.9249771259894,60843.9888799369,10.9872179,https://api.worldbank.org/v2/,11.08903738486545,10.056851597725936,10.505252626313156,0.42635730958019785,0.5776089482915514,8.903407519932264,11.299105406456631,5142.0,13.660572909169426,6947.0,18.055039047973224,5378.0
EU_EEA,Sweden,SWE,2014,Escherichia coli,Blood/invasive,Fluoroquinolones,581,5142,EARS-Net mixed/not reported,Not reported in Atlas aggregate,ECDC Surveillance Atlas aggregate,https://atlas.ecdc.europa.eu/public/,11.299105406456631,0,J01M_quinolones,0.8485,0.8694000000000001,,,7.2077,1.1243999999999998,,,,0.41062491979982035,,,,0.2835595776772248,9696110,19.5210692673755,86.2563838747314,59583.4584491714,11.07212639,https://api.worldbank.org/v2/,11.582381729200652,11.08903738486545,10.056851597725936,0.4220105770527263,0.5757390303627572,8.545391845774915,12.615384615384615,5525.0,15.793127386324192,5762.0,15.852103697407564,9412.0
EU_EEA,Sweden,SWE,2015,Escherichia coli,Blood/invasive,Fluoroquinolones,697,5525,EARS-Net mixed/not reported,Not reported in Atlas aggregate,ECDC Surveillance Atlas aggregate,https://atlas.ecdc.europa.eu/public/,12.615384615384615,0,J01M_quinolones,0.843,0.8485,0.8694000000000001,,6.785200000000001,1.2009999999999998,,,,0.3588516746411483,,,,0.41062491979982035,9799186,19.6982615865952,86.6158654081858,51188.1652120493,10.93069172,https://api.worldbank.org/v2/,11.299105406456631,11.582381729200652,11.08903738486545,0.4295765368813471,0.5861518829219197,8.617219505483362,13.660572909169426,6947.0,18.055039047973224,5378.0,14.084507042253522,9798.0
EU_EEA,Sweden,SWE,2016,Escherichia coli,Blood/invasive,Fluoroquinolones,949,6947,EARS-Net mixed/not reported,Not reported in Atlas aggregate,ECDC Surveillance Atlas aggregate,https://atlas.ecdc.europa.eu/public/,13.660572909169426,0,J01M_quinolones,0.8196,0.843,0.8485,0.8694000000000001,6.7841000000000005,1.1895,,,,0.4934111559058909,,,,0.3588516746411483,9923085,19.773834861054,87.0,51703.5088332851,10.95692444,https://api.worldbank.org/v2/,12.615384615384615,11.299105406456631,11.582381729200652,0.7550852748834278,0.9309859461239038,8.846209127360996,15.793127386324192,5762.0,15.852103697407564,9412.0,13.661305581835384,10570.0
EU_EEA,Sweden,SWE,2017,Escherichia coli,Blood/invasive,Fluoroquinolones,910,5762,EARS-Net mixed/not reported,Not reported in Atlas aggregate,ECDC Surveillance Atlas aggregate,https://atlas.ecdc.europa.eu/public/,15.793127386324192,0,J01M_quinolones,0.7759,0.8196,0.843,0.8485,6.5764,1.1693999999999998,,,,0.4910797538385032,,,,0.4934111559058909,10057698,19.8018336203973,87.237373786911,53210.2233318965,10.94730949,https://api.worldbank.org/v2/,13.660572909169426,12.615384615384615,11.299105406456631,1.452725423338746,1.6439968362864135,8.659213451436667,18.055039047973224,5378.0,14.084507042253522,9798.0,13.820983544183392,10513.0
EU_EEA,Sweden,SWE,2018,Escherichia coli,Blood/invasive,Fluoroquinolones,971,5378,EARS-Net mixed/not reported,Not reported in Atlas aggregate,ECDC Surveillance Atlas aggregate,https://atlas.ecdc.europa.eu/public/,18.055039047973224,0,J01M_quinolones,0.7478,0.7759,0.8196,0.843,6.338099999999999,1.3349,,,,0.5175388154111558,,,,0.4910797538385032,10175214,19.8625371600706,87.4737430925296,54018.4554391861,11.09132671,https://api.worldbank.org/v2/,15.793127386324192,13.660572909169426,12.615384615384615,1.8451517774920567,2.087996552348923,8.590257762273243,15.852103697407564,9412.0,13.661305581835384,10570.0,14.746112047967022,10674.0
EU_EEA,Sweden,SWE,2019,Escherichia coli,Blood/invasive,Fluoroquinolones,1492,9412,EARS-Net mixed/not reported,Not reported in Atlas aggregate,ECDC Surveillance Atlas aggregate,https://atlas.ecdc.europa.eu/public/,15.852103697407564,0,J01M_quinolones,0.6937,0.7478,0.7759,0.8196,6.102600000000001,1.1655,,,,0.7670182166826462,,,,0.5175388154111558,10278887,19.9506621429353,87.7088420242759,51648.9892820514,10.93444347,https://api.worldbank.org/v2/,18.055039047973224,15.793127386324192,13.660572909169426,0.8836504026363428,1.5539179347714056,9.14984699154722,14.084507042253522,9798.0,13.820983544183392,10513.0,,
EU_EEA,Sweden,SWE,2020,Escherichia coli,Blood/invasive,Fluoroquinolones,1380,9798,EUCAST,EUCAST required; exact version unavailable in Atlas aggregate,ECDC Surveillance Atlas aggregate,https://atlas.ecdc.europa.eu/public/,14.084507042253522,1,J01M_quinolones,0.624,0.6937,0.7478,0.7759,5.0179,1.1324999999999998,,,,0.7893864013266999,,,,0.7670182166826462,10353442,20.0599853974717,87.9424046895699,52568.5726980146,11.42458725,https://api.worldbank.org/v2/,15.852103697407564,18.055039047973224,15.793127386324192,-0.7328796382777715,1.409378243966875,9.190035618635818,13.661305581835384,10570.0,14.746112047967022,10674.0,,
EU_EEA,Sweden,SWE,2021,Escherichia coli,Blood/invasive,Fluoroquinolones,1444,10570,EUCAST,EUCAST required; exact version unavailable in Atlas aggregate,ECDC Surveillance Atlas aggregate,https://atlas.ecdc.europa.eu/public/,13.661305581835384,0,J01M_quinolones,0.6191,0.624,0.6937,0.7478,4.9135,1.1379000000000001,,,,0.9514875368533909,,,,0.7893864013266999,10415811,20.1967832299352,88.1741651958315,60647.5416365347,11.23013592,https://api.worldbank.org/v2/,14.084507042253522,15.852103697407564,18.055039047973224,-1.4948797053567597,1.7325204929033995,9.265869681768663,13.820983544183392,10513.0,,,,
EU_EEA,Sweden,SWE,2022,Escherichia coli,Blood/invasive,Fluoroquinolones,1453,10513,EUCAST,EUCAST required; exact version unavailable in Atlas aggregate,ECDC Surveillance Atlas aggregate,https://atlas.ecdc.europa.eu/public/,13.820983544183392,0,J01M_quinolones,0.6692,0.6191,0.624,0.6937,5.4364,1.2061,,,,0.9,,,,0.9514875368533909,10486941,20.3419018248482,88.4038576504809,54836.8907235124,10.85505676,https://api.worldbank.org/v2/,13.661305581835384,14.084507042253522,15.852103697407564,-0.6516561920090693,0.8776205243845507,9.260462981379394,14.746112047967022,10674.0,,,,
EU_EEA,Sweden,SWE,2023,Escherichia coli,Blood/invasive,Fluoroquinolones,1574,10674,EUCAST,EUCAST required; exact version unavailable in Atlas aggregate,ECDC Surveillance Atlas aggregate,https://atlas.ecdc.europa.eu/public/,14.746112047967022,0,J01M_quinolones,,,,,,,,,,,,,,,10536632,20.5364235623884,88.631216160938,54950.2834725622,11.152915,https://api.worldbank.org/v2/,13.820983544183392,13.661305581835384,14.084507042253522,0.21444929794884873,0.41415804372060494,9.275659838096825,,,,,,
EU_EEA,Sweden,SWE,2013,Escherichia coli,Blood/invasive,Third-generation cephalosporins,392,7532,EARS-Net mixed/not reported,Not reported in Atlas aggregate,ECDC Surveillance Atlas aggregate,https://atlas.ecdc.europa.eu/public/,5.204460966542751,0,J01D_other_beta_lactams,0.3543999999999999,,,,7.1459,1.2051999999999998,,,,0.2835595776772248,,,,,9600379,19.2744218602549,85.9249771259894,60843.9888799369,10.9872179,https://api.worldbank.org/v2/,4.460899404009392,3.6456291650333204,2.9082774049217,0.770382092383922,0.8614772045764836,8.927048647825695,5.560647723800795,6546.0,8.263868927852831,6958.0,8.330241187384045,5390.0
EU_EEA,Sweden,SWE,2014,Escherichia coli,Blood/invasive,Third-generation cephalosporins,364,6546,EARS-Net mixed/not reported,Not reported in Atlas aggregate,ECDC Surveillance Atlas aggregate,https://atlas.ecdc.europa.eu/public/,5.560647723800795,0,J01D_other_beta_lactams,0.3095,0.3543999999999999,,,7.2077,1.1243999999999998,,,,0.41062491979982035,,,,0.2835595776772248,9696110,19.5210692673755,86.2563838747314,59583.4584491714,11.07212639,https://api.worldbank.org/v2/,5.204460966542751,4.460899404009392,3.6456291650333204,0.6488617238835774,0.7353195478235592,8.786762208441091,6.238532110091743,5995.0,7.357512953367876,5790.0,7.824609831192271,9419.0
EU_EEA,Sweden,SWE,2015,Escherichia coli,Blood/invasive,Third-generation cephalosporins,374,5995,EARS-Net mixed/not reported,Not reported in Atlas aggregate,ECDC Surveillance Atlas aggregate,https://atlas.ecdc.europa.eu/public/,6.238532110091743,0,J01D_other_beta_lactams,0.3048999999999999,0.3095,0.3543999999999999,,6.785200000000001,1.2009999999999998,,,,0.3588516746411483,,,,0.41062491979982035,9799186,19.6982615865952,86.6158654081858,51188.1652120493,10.93069172,https://api.worldbank.org/v2/,5.560647723800795,5.204460966542751,4.460899404009392,0.5689084875505092,0.6411906687480708,8.698847859222488,8.263868927852831,6958.0,8.330241187384045,5390.0,7.866423061307349,9852.0
EU_EEA,Sweden,SWE,2016,Escherichia coli,Blood/invasive,Third-generation cephalosporins,575,6958,EARS-Net mixed/not reported,Not reported in Atlas aggregate,ECDC Surveillance Atlas aggregate,https://atlas.ecdc.europa.eu/public/,8.263868927852831,0,J01D_other_beta_lactams,0.3029,0.3048999999999999,0.3095,0.3543999999999999,6.7841000000000005,1.1895,,,,0.4934111559058909,,,,0.3588516746411483,9923085,19.773834861054,87.0,51703.5088332851,10.95692444,https://api.worldbank.org/v2/,6.238532110091743,5.560647723800795,5.204460966542751,0.9856108270221188,1.1838779116288154,8.84779106484485,7.357512953367876,5790.0,7.824609831192271,9419.0,7.119345434026145,10633.0
EU_EEA,Sweden,SWE,2017,Escherichia coli,Blood/invasive,Third-generation cephalosporins,426,5790,EARS-Net mixed/not reported,Not reported in Atlas aggregate,ECDC Surveillance Atlas aggregate,https://atlas.ecdc.europa.eu/public/,7.357512953367876,0,J01D_other_beta_lactams,0.2432,0.3029,0.3048999999999999,0.3095,6.5764,1.1693999999999998,,,,0.4910797538385032,,,,0.4934111559058909,10057698,19.8018336203973,87.237373786911,53210.2233318965,10.94730949,https://api.worldbank.org/v2/,8.263868927852831,6.238532110091743,5.560647723800795,0.741593250646232,1.035955032745095,8.66406026722579,8.330241187384045,5390.0,7.866423061307349,9852.0,7.507336930796176,10563.0
EU_EEA,Sweden,SWE,2018,Escherichia coli,Blood/invasive,Third-generation cephalosporins,449,5390,EARS-Net mixed/not reported,Not reported in Atlas aggregate,ECDC Surveillance Atlas aggregate,https://atlas.ecdc.europa.eu/public/,8.330241187384045,0,J01D_other_beta_lactams,0.2362,0.2432,0.3029,0.3048999999999999,6.338099999999999,1.3349,,,,0.5175388154111558,,,,0.4910797538385032,10175214,19.8625371600706,87.4737430925296,54018.4554391861,11.09132671,https://api.worldbank.org/v2/,7.357512953367876,8.263868927852831,6.238532110091743,0.5368771257391942,0.8478443571638061,8.592486175451668,7.824609831192271,9419.0,7.119345434026145,10633.0,7.925407925407925,10725.0
EU_EEA,Sweden,SWE,2019,Escherichia coli,Blood/invasive,Third-generation cephalosporins,737,9419,EARS-Net mixed/not reported,Not reported in Atlas aggregate,ECDC Surveillance Atlas aggregate,https://atlas.ecdc.europa.eu/public/,7.824609831192271,0,J01D_other_beta_lactams,0.22319999999999998,0.2362,0.2432,0.3029,6.102600000000001,1.1655,,,,0.7670182166826462,,,,0.5175388154111558,10278887,19.9506621429353,87.7088420242759,51648.9892820514,10.93444347,https://api.worldbank.org/v2/,8.330241187384045,7.357512953367876,8.263868927852831,-0.03450490559655266,0.3904226685756952,9.150590367570409,7.866423061307349,9852.0,7.507336930796176,10563.0,,
EU_EEA,Sweden,SWE,2020,Escherichia coli,Blood/invasive,Third-generation cephalosporins,775,9852,EUCAST,EUCAST required; exact version unavailable in Atlas aggregate,ECDC Surveillance Atlas aggregate,https://atlas.ecdc.europa.eu/public/,7.866423061307349,1,J01D_other_beta_lactams,0.20939999999999998,0.22319999999999998,0.2362,0.2432,5.0179,1.1324999999999998,,,,0.7893864013266999,,,,0.7670182166826462,10353442,20.0599853974717,87.9424046895699,52568.5726980146,11.42458725,https://api.worldbank.org/v2/,7.824609831192271,8.330241187384045,7.357512953367876,0.10210989676266324,0.34422992653333073,9.195531256322475,7.119345434026145,10633.0,7.925407925407925,10725.0,,
EU_EEA,Sweden,SWE,2021,Escherichia coli,Blood/invasive,Third-generation cephalosporins,757,10633,EUCAST,EUCAST required; exact version unavailable in Atlas aggregate,ECDC Surveillance Atlas aggregate,https://atlas.ecdc.europa.eu/public/,7.119345434026145,0,J01D_other_beta_lactams,0.21810000000000002,0.20939999999999998,0.22319999999999998,0.2362,4.9135,1.1379000000000001,,,,0.9514875368533909,,,,0.7893864013266999,10415811,20.1967832299352,88.1741651958315,60647.5416365347,11.23013592,https://api.worldbank.org/v2/,7.866423061307349,7.824609831192271,8.330241187384045,-0.35908740299586417,0.43260331462872814,9.271811694064283,7.507336930796176,10563.0,,,,
EU_EEA,Sweden,SWE,2022,Escherichia coli,Blood/invasive,Third-generation cephalosporins,793,10563,EUCAST,EUCAST required; exact version unavailable in Atlas aggregate,ECDC Surveillance Atlas aggregate,https://atlas.ecdc.europa.eu/public/,7.507336930796176,0,J01D_other_beta_lactams,0.1865,0.21810000000000002,0.20939999999999998,0.22319999999999998,5.4364,1.2061,,,,0.9,,,,0.9514875368533909,10486941,20.3419018248482,88.4038576504809,54836.8907235124,10.85505676,https://api.worldbank.org/v2/,7.119345434026145,7.866423061307349,7.824609831192271,-0.1698896328469501,0.29973045613094446,9.265207273417023,7.925407925407925,10725.0,,,,
EU_EEA,Sweden,SWE,2023,Escherichia coli,Blood/invasive,Third-generation cephalosporins,850,10725,EUCAST,EUCAST required; exact version unavailable in Atlas aggregate,ECDC Surveillance Atlas aggregate,https://atlas.ecdc.europa.eu/public/,7.925407925407925,0,J01D_other_beta_lactams,,,,,,,,,,,,,,,10536632,20.5364235623884,88.631216160938,54950.2834725622,11.152915,https://api.worldbank.org/v2/,7.507336930796176,7.119345434026145,7.866423061307349,0.056494608907174955,0.3226457560750785,9.280425979542871,,,,,,
