region,country,iso3,year,pathogen,specimen,antibiotic,resistant,tested,ast_standard,ast_version,test_method,source_url
EU_EEA,Austria,AUT,2001,Escherichia coli,Blood/invasive,Aminoglycosides,4,260,EARS-Net mixed/not reported,Not reported in Atlas aggregate,ECDC Surveillance Atlas aggregate,https://atlas.ecdc.europa.eu/public/
EU_EEA,Austria,AUT,2002,Escherichia coli,Blood/invasive,Aminoglycosides,17,475,EARS-Net mixed/not reported,Not reported in Atlas aggregate,ECDC Surveillance Atlas aggregate,https://atlas.ecdc.europa.eu/public/
EU_EEA,Austria,AUT,2003,Escherichia coli,Blood/invasive,Aminoglycosides,46,982,EARS-Net mixed/not reported,Not reported in Atlas aggregate,ECDC Surveillance Atlas aggregate,https://atlas.ecdc.europa.eu/public/
EU_EEA,Austria,AUT,2004,Escherichia coli,Blood/invasive,Aminoglycosides,101,1834,EARS-Net mixed/not reported,Not reported in Atlas aggregate,ECDC Surveillance Atlas aggregate,https://atlas.ecdc.europa.eu/public/
EU_EEA,Austria,AUT,2005,Escherichia coli,Blood/invasive,Aminoglycosides,111,2048,EARS-Net mixed/not reported,Not reported in Atlas aggregate,ECDC Surveillance Atlas aggregate,https://atlas.ecdc.europa.eu/public/
EU_EEA,Austria,AUT,2006,Escherichia coli,Blood/invasive,Aminoglycosides,188,2472,EARS-Net mixed/not reported,Not reported in Atlas aggregate,ECDC Surveillance Atlas aggregate,https://atlas.ecdc.europa.eu/public/
EU_EEA,Austria,AUT,2007,Escherichia coli,Blood/invasive,Aminoglycosides,178,2539,EARS-Net mixed/not reported,Not reported in Atlas aggregate,ECDC Surveillance Atlas aggregate,https://atlas.ecdc.europa.eu/public/
EU_EEA,Austria,AUT,2008,Escherichia coli,Blood/invasive,Aminoglycosides,195,2982,EARS-Net mixed/not reported,Not reported in Atlas aggregate,ECDC Surveillance Atlas aggregate,https://atlas.ecdc.europa.eu/public/
EU_EEA,Austria,AUT,2009,Escherichia coli,Blood/invasive,Aminoglycosides,152,2561,EARS-Net mixed/not reported,Not reported in Atlas aggregate,ECDC Surveillance Atlas aggregate,https://atlas.ecdc.europa.eu/public/
EU_EEA,Austria,AUT,2010,Escherichia coli,Blood/invasive,Aminoglycosides,181,2910,EARS-Net mixed/not reported,Not reported in Atlas aggregate,ECDC Surveillance Atlas aggregate,https://atlas.ecdc.europa.eu/public/
EU_EEA,Austria,AUT,2011,Escherichia coli,Blood/invasive,Aminoglycosides,228,3137,EARS-Net mixed/not reported,Not reported in Atlas aggregate,ECDC Surveillance Atlas aggregate,https://atlas.ecdc.europa.eu/public/
EU_EEA,Austria,AUT,2012,Escherichia coli,Blood/invasive,Aminoglycosides,232,3702,EARS-Net mixed/not reported,Not reported in Atlas aggregate,ECDC Surveillance Atlas aggregate,https://atlas.ecdc.europa.eu/public/
EU_EEA,Austria,AUT,2013,Escherichia coli,Blood/invasive,Aminoglycosides,313,4367,EARS-Net mixed/not reported,Not reported in Atlas aggregate,ECDC Surveillance Atlas aggregate,https://atlas.ecdc.europa.eu/public/
EU_EEA,Austria,AUT,2014,Escherichia coli,Blood/invasive,Aminoglycosides,335,4726,EARS-Net mixed/not reported,Not reported in Atlas aggregate,ECDC Surveillance Atlas aggregate,https://atlas.ecdc.europa.eu/public/
EU_EEA,Austria,AUT,2015,Escherichia coli,Blood/invasive,Aminoglycosides,341,4884,EARS-Net mixed/not reported,Not reported in Atlas aggregate,ECDC Surveillance Atlas aggregate,https://atlas.ecdc.europa.eu/public/
EU_EEA,Austria,AUT,2016,Escherichia coli,Blood/invasive,Aminoglycosides,410,5248,EARS-Net mixed/not reported,Not reported in Atlas aggregate,ECDC Surveillance Atlas aggregate,https://atlas.ecdc.europa.eu/public/
EU_EEA,Austria,AUT,2017,Escherichia coli,Blood/invasive,Aminoglycosides,410,5318,EARS-Net mixed/not reported,Not reported in Atlas aggregate,ECDC Surveillance Atlas aggregate,https://atlas.ecdc.europa.eu/public/
EU_EEA,Austria,AUT,2018,Escherichia coli,Blood/invasive,Aminoglycosides,462,5616,EARS-Net mixed/not reported,Not reported in Atlas aggregate,ECDC Surveillance Atlas aggregate,https://atlas.ecdc.europa.eu/public/
EU_EEA,Austria,AUT,2019,Escherichia coli,Blood/invasive,Aminoglycosides,424,6102,EARS-Net mixed/not reported,Not reported in Atlas aggregate,ECDC Surveillance Atlas aggregate,https://atlas.ecdc.europa.eu/public/
EU_EEA,Austria,AUT,2020,Escherichia coli,Blood/invasive,Aminoglycosides,326,5219,EUCAST,EUCAST required; exact version unavailable in Atlas aggregate,ECDC Surveillance Atlas aggregate,https://atlas.ecdc.europa.eu/public/
EU_EEA,Austria,AUT,2021,Escherichia coli,Blood/invasive,Aminoglycosides,306,5320,EUCAST,EUCAST required; exact version unavailable in Atlas aggregate,ECDC Surveillance Atlas aggregate,https://atlas.ecdc.europa.eu/public/
EU_EEA,Austria,AUT,2022,Escherichia coli,Blood/invasive,Aminoglycosides,255,4653,EUCAST,EUCAST required; exact version unavailable in Atlas aggregate,ECDC Surveillance Atlas aggregate,https://atlas.ecdc.europa.eu/public/
EU_EEA,Austria,AUT,2023,Escherichia coli,Blood/invasive,Aminoglycosides,252,4705,EUCAST,EUCAST required; exact version unavailable in Atlas aggregate,ECDC Surveillance Atlas aggregate,https://atlas.ecdc.europa.eu/public/
EU_EEA,Austria,AUT,2001,Escherichia coli,Blood/invasive,Aminopenicillins,90,259,EARS-Net mixed/not reported,Not reported in Atlas aggregate,ECDC Surveillance Atlas aggregate,https://atlas.ecdc.europa.eu/public/
EU_EEA,Austria,AUT,2002,Escherichia coli,Blood/invasive,Aminopenicillins,155,474,EARS-Net mixed/not reported,Not reported in Atlas aggregate,ECDC Surveillance Atlas aggregate,https://atlas.ecdc.europa.eu/public/
EU_EEA,Austria,AUT,2003,Escherichia coli,Blood/invasive,Aminopenicillins,398,979,EARS-Net mixed/not reported,Not reported in Atlas aggregate,ECDC Surveillance Atlas aggregate,https://atlas.ecdc.europa.eu/public/
EU_EEA,Austria,AUT,2004,Escherichia coli,Blood/invasive,Aminopenicillins,844,1843,EARS-Net mixed/not reported,Not reported in Atlas aggregate,ECDC Surveillance Atlas aggregate,https://atlas.ecdc.europa.eu/public/
EU_EEA,Austria,AUT,2005,Escherichia coli,Blood/invasive,Aminopenicillins,995,2050,EARS-Net mixed/not reported,Not reported in Atlas aggregate,ECDC Surveillance Atlas aggregate,https://atlas.ecdc.europa.eu/public/
EU_EEA,Austria,AUT,2006,Escherichia coli,Blood/invasive,Aminopenicillins,1317,2469,EARS-Net mixed/not reported,Not reported in Atlas aggregate,ECDC Surveillance Atlas aggregate,https://atlas.ecdc.europa.eu/public/
EU_EEA,Austria,AUT,2007,Escherichia coli,Blood/invasive,Aminopenicillins,1353,2542,EARS-Net mixed/not reported,Not reported in Atlas aggregate,ECDC Surveillance Atlas aggregate,https://atlas.ecdc.europa.eu/public/
EU_EEA,Austria,AUT,2008,Escherichia coli,Blood/invasive,Aminopenicillins,1505,2979,EARS-Net mixed/not reported,Not reported in Atlas aggregate,ECDC Surveillance Atlas aggregate,https://atlas.ecdc.europa.eu/public/
EU_EEA,Austria,AUT,2009,Escherichia coli,Blood/invasive,Aminopenicillins,1266,2605,EARS-Net mixed/not reported,Not reported in Atlas aggregate,ECDC Surveillance Atlas aggregate,https://atlas.ecdc.europa.eu/public/
EU_EEA,Austria,AUT,2010,Escherichia coli,Blood/invasive,Aminopenicillins,1482,2928,EARS-Net mixed/not reported,Not reported in Atlas aggregate,ECDC Surveillance Atlas aggregate,https://atlas.ecdc.europa.eu/public/
EU_EEA,Austria,AUT,2011,Escherichia coli,Blood/invasive,Aminopenicillins,1584,3148,EARS-Net mixed/not reported,Not reported in Atlas aggregate,ECDC Surveillance Atlas aggregate,https://atlas.ecdc.europa.eu/public/
EU_EEA,Austria,AUT,2012,Escherichia coli,Blood/invasive,Aminopenicillins,1833,3625,EARS-Net mixed/not reported,Not reported in Atlas aggregate,ECDC Surveillance Atlas aggregate,https://atlas.ecdc.europa.eu/public/
EU_EEA,Austria,AUT,2013,Escherichia coli,Blood/invasive,Aminopenicillins,2247,4379,EARS-Net mixed/not reported,Not reported in Atlas aggregate,ECDC Surveillance Atlas aggregate,https://atlas.ecdc.europa.eu/public/
EU_EEA,Austria,AUT,2014,Escherichia coli,Blood/invasive,Aminopenicillins,2388,4742,EARS-Net mixed/not reported,Not reported in Atlas aggregate,ECDC Surveillance Atlas aggregate,https://atlas.ecdc.europa.eu/public/
EU_EEA,Austria,AUT,2015,Escherichia coli,Blood/invasive,Aminopenicillins,2433,4880,EARS-Net mixed/not reported,Not reported in Atlas aggregate,ECDC Surveillance Atlas aggregate,https://atlas.ecdc.europa.eu/public/
EU_EEA,Austria,AUT,2016,Escherichia coli,Blood/invasive,Aminopenicillins,2572,5094,EARS-Net mixed/not reported,Not reported in Atlas aggregate,ECDC Surveillance Atlas aggregate,https://atlas.ecdc.europa.eu/public/
EU_EEA,Austria,AUT,2017,Escherichia coli,Blood/invasive,Aminopenicillins,2570,5188,EARS-Net mixed/not reported,Not reported in Atlas aggregate,ECDC Surveillance Atlas aggregate,https://atlas.ecdc.europa.eu/public/
EU_EEA,Austria,AUT,2018,Escherichia coli,Blood/invasive,Aminopenicillins,2764,5456,EARS-Net mixed/not reported,Not reported in Atlas aggregate,ECDC Surveillance Atlas aggregate,https://atlas.ecdc.europa.eu/public/
EU_EEA,Austria,AUT,2019,Escherichia coli,Blood/invasive,Aminopenicillins,2796,6042,EARS-Net mixed/not reported,Not reported in Atlas aggregate,ECDC Surveillance Atlas aggregate,https://atlas.ecdc.europa.eu/public/
EU_EEA,Austria,AUT,2020,Escherichia coli,Blood/invasive,Aminopenicillins,2207,4798,EUCAST,EUCAST required; exact version unavailable in Atlas aggregate,ECDC Surveillance Atlas aggregate,https://atlas.ecdc.europa.eu/public/
EU_EEA,Austria,AUT,2021,Escherichia coli,Blood/invasive,Aminopenicillins,2167,4805,EUCAST,EUCAST required; exact version unavailable in Atlas aggregate,ECDC Surveillance Atlas aggregate,https://atlas.ecdc.europa.eu/public/
EU_EEA,Austria,AUT,2022,Escherichia coli,Blood/invasive,Aminopenicillins,2145,4669,EUCAST,EUCAST required; exact version unavailable in Atlas aggregate,ECDC Surveillance Atlas aggregate,https://atlas.ecdc.europa.eu/public/
EU_EEA,Austria,AUT,2023,Escherichia coli,Blood/invasive,Aminopenicillins,2268,4885,EUCAST,EUCAST required; exact version unavailable in Atlas aggregate,ECDC Surveillance Atlas aggregate,https://atlas.ecdc.europa.eu/public/
EU_EEA,Austria,AUT,2001,Escherichia coli,Blood/invasive,Carbapenems,0,33,EARS-Net mixed/not reported,Not reported in Atlas aggregate,ECDC Surveillance Atlas aggregate,https://atlas.ecdc.europa.eu/public/
EU_EEA,Austria,AUT,2002,Escherichia coli,Blood/invasive,Carbapenems,0,234,EARS-Net mixed/not reported,Not reported in Atlas aggregate,ECDC Surveillance Atlas aggregate,https://atlas.ecdc.europa.eu/public/
EU_EEA,Austria,AUT,2003,Escherichia coli,Blood/invasive,Carbapenems,1,663,EARS-Net mixed/not reported,Not reported in Atlas aggregate,ECDC Surveillance Atlas aggregate,https://atlas.ecdc.europa.eu/public/
EU_EEA,Austria,AUT,2004,Escherichia coli,Blood/invasive,Carbapenems,3,1260,EARS-Net mixed/not reported,Not reported in Atlas aggregate,ECDC Surveillance Atlas aggregate,https://atlas.ecdc.europa.eu/public/
EU_EEA,Austria,AUT,2005,Escherichia coli,Blood/invasive,Carbapenems,3,1423,EARS-Net mixed/not reported,Not reported in Atlas aggregate,ECDC Surveillance Atlas aggregate,https://atlas.ecdc.europa.eu/public/
EU_EEA,Austria,AUT,2006,Escherichia coli,Blood/invasive,Carbapenems,5,1761,EARS-Net mixed/not reported,Not reported in Atlas aggregate,ECDC Surveillance Atlas aggregate,https://atlas.ecdc.europa.eu/public/
EU_EEA,Austria,AUT,2007,Escherichia coli,Blood/invasive,Carbapenems,4,2063,EARS-Net mixed/not reported,Not reported in Atlas aggregate,ECDC Surveillance Atlas aggregate,https://atlas.ecdc.europa.eu/public/
EU_EEA,Austria,AUT,2008,Escherichia coli,Blood/invasive,Carbapenems,4,2409,EARS-Net mixed/not reported,Not reported in Atlas aggregate,ECDC Surveillance Atlas aggregate,https://atlas.ecdc.europa.eu/public/
EU_EEA,Austria,AUT,2009,Escherichia coli,Blood/invasive,Carbapenems,3,2105,EARS-Net mixed/not reported,Not reported in Atlas aggregate,ECDC Surveillance Atlas aggregate,https://atlas.ecdc.europa.eu/public/
EU_EEA,Austria,AUT,2010,Escherichia coli,Blood/invasive,Carbapenems,1,2465,EARS-Net mixed/not reported,Not reported in Atlas aggregate,ECDC Surveillance Atlas aggregate,https://atlas.ecdc.europa.eu/public/
EU_EEA,Austria,AUT,2011,Escherichia coli,Blood/invasive,Carbapenems,1,2712,EARS-Net mixed/not reported,Not reported in Atlas aggregate,ECDC Surveillance Atlas aggregate,https://atlas.ecdc.europa.eu/public/
EU_EEA,Austria,AUT,2012,Escherichia coli,Blood/invasive,Carbapenems,2,3340,EARS-Net mixed/not reported,Not reported in Atlas aggregate,ECDC Surveillance Atlas aggregate,https://atlas.ecdc.europa.eu/public/
EU_EEA,Austria,AUT,2013,Escherichia coli,Blood/invasive,Carbapenems,1,4257,EARS-Net mixed/not reported,Not reported in Atlas aggregate,ECDC Surveillance Atlas aggregate,https://atlas.ecdc.europa.eu/public/
EU_EEA,Austria,AUT,2014,Escherichia coli,Blood/invasive,Carbapenems,1,4600,EARS-Net mixed/not reported,Not reported in Atlas aggregate,ECDC Surveillance Atlas aggregate,https://atlas.ecdc.europa.eu/public/
EU_EEA,Austria,AUT,2015,Escherichia coli,Blood/invasive,Carbapenems,1,4760,EARS-Net mixed/not reported,Not reported in Atlas aggregate,ECDC Surveillance Atlas aggregate,https://atlas.ecdc.europa.eu/public/
EU_EEA,Austria,AUT,2016,Escherichia coli,Blood/invasive,Carbapenems,1,5134,EARS-Net mixed/not reported,Not reported in Atlas aggregate,ECDC Surveillance Atlas aggregate,https://atlas.ecdc.europa.eu/public/
EU_EEA,Austria,AUT,2017,Escherichia coli,Blood/invasive,Carbapenems,1,5227,EARS-Net mixed/not reported,Not reported in Atlas aggregate,ECDC Surveillance Atlas aggregate,https://atlas.ecdc.europa.eu/public/
EU_EEA,Austria,AUT,2018,Escherichia coli,Blood/invasive,Carbapenems,4,5564,EARS-Net mixed/not reported,Not reported in Atlas aggregate,ECDC Surveillance Atlas aggregate,https://atlas.ecdc.europa.eu/public/
EU_EEA,Austria,AUT,2019,Escherichia coli,Blood/invasive,Carbapenems,0,5935,EARS-Net mixed/not reported,Not reported in Atlas aggregate,ECDC Surveillance Atlas aggregate,https://atlas.ecdc.europa.eu/public/
EU_EEA,Austria,AUT,2020,Escherichia coli,Blood/invasive,Carbapenems,5,5141,EUCAST,EUCAST required; exact version unavailable in Atlas aggregate,ECDC Surveillance Atlas aggregate,https://atlas.ecdc.europa.eu/public/
EU_EEA,Austria,AUT,2021,Escherichia coli,Blood/invasive,Carbapenems,1,5206,EUCAST,EUCAST required; exact version unavailable in Atlas aggregate,ECDC Surveillance Atlas aggregate,https://atlas.ecdc.europa.eu/public/
EU_EEA,Austria,AUT,2022,Escherichia coli,Blood/invasive,Carbapenems,6,4973,EUCAST,EUCAST required; exact version unavailable in Atlas aggregate,ECDC Surveillance Atlas aggregate,https://atlas.ecdc.europa.eu/public/
EU_EEA,Austria,AUT,2023,Escherichia coli,Blood/invasive,Carbapenems,7,5351,EUCAST,EUCAST required; exact version unavailable in Atlas aggregate,ECDC Surveillance Atlas aggregate,https://atlas.ecdc.europa.eu/public/
EU_EEA,Austria,AUT,2001,Escherichia coli,Blood/invasive,Fluoroquinolones,14,199,EARS-Net mixed/not reported,Not reported in Atlas aggregate,ECDC Surveillance Atlas aggregate,https://atlas.ecdc.europa.eu/public/
EU_EEA,Austria,AUT,2002,Escherichia coli,Blood/invasive,Fluoroquinolones,48,472,EARS-Net mixed/not reported,Not reported in Atlas aggregate,ECDC Surveillance Atlas aggregate,https://atlas.ecdc.europa.eu/public/
EU_EEA,Austria,AUT,2003,Escherichia coli,Blood/invasive,Fluoroquinolones,138,977,EARS-Net mixed/not reported,Not reported in Atlas aggregate,ECDC Surveillance Atlas aggregate,https://atlas.ecdc.europa.eu/public/
EU_EEA,Austria,AUT,2004,Escherichia coli,Blood/invasive,Fluoroquinolones,310,1854,EARS-Net mixed/not reported,Not reported in Atlas aggregate,ECDC Surveillance Atlas aggregate,https://atlas.ecdc.europa.eu/public/
EU_EEA,Austria,AUT,2005,Escherichia coli,Blood/invasive,Fluoroquinolones,397,2049,EARS-Net mixed/not reported,Not reported in Atlas aggregate,ECDC Surveillance Atlas aggregate,https://atlas.ecdc.europa.eu/public/
EU_EEA,Austria,AUT,2006,Escherichia coli,Blood/invasive,Fluoroquinolones,544,2463,EARS-Net mixed/not reported,Not reported in Atlas aggregate,ECDC Surveillance Atlas aggregate,https://atlas.ecdc.europa.eu/public/
EU_EEA,Austria,AUT,2007,Escherichia coli,Blood/invasive,Fluoroquinolones,650,2531,EARS-Net mixed/not reported,Not reported in Atlas aggregate,ECDC Surveillance Atlas aggregate,https://atlas.ecdc.europa.eu/public/
EU_EEA,Austria,AUT,2008,Escherichia coli,Blood/invasive,Fluoroquinolones,682,2975,EARS-Net mixed/not reported,Not reported in Atlas aggregate,ECDC Surveillance Atlas aggregate,https://atlas.ecdc.europa.eu/public/
EU_EEA,Austria,AUT,2009,Escherichia coli,Blood/invasive,Fluoroquinolones,536,2616,EARS-Net mixed/not reported,Not reported in Atlas aggregate,ECDC Surveillance Atlas aggregate,https://atlas.ecdc.europa.eu/public/
EU_EEA,Austria,AUT,2010,Escherichia coli,Blood/invasive,Fluoroquinolones,611,2925,EARS-Net mixed/not reported,Not reported in Atlas aggregate,ECDC Surveillance Atlas aggregate,https://atlas.ecdc.europa.eu/public/
EU_EEA,Austria,AUT,2011,Escherichia coli,Blood/invasive,Fluoroquinolones,704,3162,EARS-Net mixed/not reported,Not reported in Atlas aggregate,ECDC Surveillance Atlas aggregate,https://atlas.ecdc.europa.eu/public/
EU_EEA,Austria,AUT,2012,Escherichia coli,Blood/invasive,Fluoroquinolones,742,3610,EARS-Net mixed/not reported,Not reported in Atlas aggregate,ECDC Surveillance Atlas aggregate,https://atlas.ecdc.europa.eu/public/
EU_EEA,Austria,AUT,2013,Escherichia coli,Blood/invasive,Fluoroquinolones,940,4279,EARS-Net mixed/not reported,Not reported in Atlas aggregate,ECDC Surveillance Atlas aggregate,https://atlas.ecdc.europa.eu/public/
EU_EEA,Austria,AUT,2014,Escherichia coli,Blood/invasive,Fluoroquinolones,920,4642,EARS-Net mixed/not reported,Not reported in Atlas aggregate,ECDC Surveillance Atlas aggregate,https://atlas.ecdc.europa.eu/public/
EU_EEA,Austria,AUT,2015,Escherichia coli,Blood/invasive,Fluoroquinolones,963,4808,EARS-Net mixed/not reported,Not reported in Atlas aggregate,ECDC Surveillance Atlas aggregate,https://atlas.ecdc.europa.eu/public/
EU_EEA,Austria,AUT,2016,Escherichia coli,Blood/invasive,Fluoroquinolones,1047,5278,EARS-Net mixed/not reported,Not reported in Atlas aggregate,ECDC Surveillance Atlas aggregate,https://atlas.ecdc.europa.eu/public/
EU_EEA,Austria,AUT,2017,Escherichia coli,Blood/invasive,Fluoroquinolones,1098,5367,EARS-Net mixed/not reported,Not reported in Atlas aggregate,ECDC Surveillance Atlas aggregate,https://atlas.ecdc.europa.eu/public/
EU_EEA,Austria,AUT,2018,Escherichia coli,Blood/invasive,Fluoroquinolones,1241,5679,EARS-Net mixed/not reported,Not reported in Atlas aggregate,ECDC Surveillance Atlas aggregate,https://atlas.ecdc.europa.eu/public/
EU_EEA,Austria,AUT,2019,Escherichia coli,Blood/invasive,Fluoroquinolones,1113,6111,EARS-Net mixed/not reported,Not reported in Atlas aggregate,ECDC Surveillance Atlas aggregate,https://atlas.ecdc.europa.eu/public/
EU_EEA,Austria,AUT,2020,Escherichia coli,Blood/invasive,Fluoroquinolones,932,5373,EUCAST,EUCAST required; exact version unavailable in Atlas aggregate,ECDC Surveillance Atlas aggregate,https://atlas.ecdc.europa.eu/public/
EU_EEA,Austria,AUT,2021,Escherichia coli,Blood/invasive,Fluoroquinolones,835,5539,EUCAST,EUCAST required; exact version unavailable in Atlas aggregate,ECDC Surveillance Atlas aggregate,https://atlas.ecdc.europa.eu/public/
EU_EEA,Austria,AUT,2022,Escherichia coli,Blood/invasive,Fluoroquinolones,667,4788,EUCAST,EUCAST required; exact version unavailable in Atlas aggregate,ECDC Surveillance Atlas aggregate,https://atlas.ecdc.europa.eu/public/
EU_EEA,Austria,AUT,2023,Escherichia coli,Blood/invasive,Fluoroquinolones,813,5409,EUCAST,EUCAST required; exact version unavailable in Atlas aggregate,ECDC Surveillance Atlas aggregate,https://atlas.ecdc.europa.eu/public/
EU_EEA,Austria,AUT,2001,Escherichia coli,Blood/invasive,Third-generation cephalosporins,0,257,EARS-Net mixed/not reported,Not reported in Atlas aggregate,ECDC Surveillance Atlas aggregate,https://atlas.ecdc.europa.eu/public/
EU_EEA,Austria,AUT,2002,Escherichia coli,Blood/invasive,Third-generation cephalosporins,6,477,EARS-Net mixed/not reported,Not reported in Atlas aggregate,ECDC Surveillance Atlas aggregate,https://atlas.ecdc.europa.eu/public/
EU_EEA,Austria,AUT,2003,Escherichia coli,Blood/invasive,Third-generation cephalosporins,18,977,EARS-Net mixed/not reported,Not reported in Atlas aggregate,ECDC Surveillance Atlas aggregate,https://atlas.ecdc.europa.eu/public/
EU_EEA,Austria,AUT,2004,Escherichia coli,Blood/invasive,Third-generation cephalosporins,47,1856,EARS-Net mixed/not reported,Not reported in Atlas aggregate,ECDC Surveillance Atlas aggregate,https://atlas.ecdc.europa.eu/public/
EU_EEA,Austria,AUT,2005,Escherichia coli,Blood/invasive,Third-generation cephalosporins,86,2046,EARS-Net mixed/not reported,Not reported in Atlas aggregate,ECDC Surveillance Atlas aggregate,https://atlas.ecdc.europa.eu/public/
EU_EEA,Austria,AUT,2006,Escherichia coli,Blood/invasive,Third-generation cephalosporins,163,2471,EARS-Net mixed/not reported,Not reported in Atlas aggregate,ECDC Surveillance Atlas aggregate,https://atlas.ecdc.europa.eu/public/
EU_EEA,Austria,AUT,2007,Escherichia coli,Blood/invasive,Third-generation cephalosporins,224,2525,EARS-Net mixed/not reported,Not reported in Atlas aggregate,ECDC Surveillance Atlas aggregate,https://atlas.ecdc.europa.eu/public/
EU_EEA,Austria,AUT,2008,Escherichia coli,Blood/invasive,Third-generation cephalosporins,220,2968,EARS-Net mixed/not reported,Not reported in Atlas aggregate,ECDC Surveillance Atlas aggregate,https://atlas.ecdc.europa.eu/public/
EU_EEA,Austria,AUT,2009,Escherichia coli,Blood/invasive,Third-generation cephalosporins,196,2597,EARS-Net mixed/not reported,Not reported in Atlas aggregate,ECDC Surveillance Atlas aggregate,https://atlas.ecdc.europa.eu/public/
EU_EEA,Austria,AUT,2010,Escherichia coli,Blood/invasive,Third-generation cephalosporins,212,2922,EARS-Net mixed/not reported,Not reported in Atlas aggregate,ECDC Surveillance Atlas aggregate,https://atlas.ecdc.europa.eu/public/
EU_EEA,Austria,AUT,2011,Escherichia coli,Blood/invasive,Third-generation cephalosporins,289,3160,EARS-Net mixed/not reported,Not reported in Atlas aggregate,ECDC Surveillance Atlas aggregate,https://atlas.ecdc.europa.eu/public/
EU_EEA,Austria,AUT,2012,Escherichia coli,Blood/invasive,Third-generation cephalosporins,321,3710,EARS-Net mixed/not reported,Not reported in Atlas aggregate,ECDC Surveillance Atlas aggregate,https://atlas.ecdc.europa.eu/public/
EU_EEA,Austria,AUT,2013,Escherichia coli,Blood/invasive,Third-generation cephalosporins,431,4376,EARS-Net mixed/not reported,Not reported in Atlas aggregate,ECDC Surveillance Atlas aggregate,https://atlas.ecdc.europa.eu/public/
EU_EEA,Austria,AUT,2014,Escherichia coli,Blood/invasive,Third-generation cephalosporins,444,4739,EARS-Net mixed/not reported,Not reported in Atlas aggregate,ECDC Surveillance Atlas aggregate,https://atlas.ecdc.europa.eu/public/
EU_EEA,Austria,AUT,2015,Escherichia coli,Blood/invasive,Third-generation cephalosporins,474,4900,EARS-Net mixed/not reported,Not reported in Atlas aggregate,ECDC Surveillance Atlas aggregate,https://atlas.ecdc.europa.eu/public/
EU_EEA,Austria,AUT,2016,Escherichia coli,Blood/invasive,Third-generation cephalosporins,527,5267,EARS-Net mixed/not reported,Not reported in Atlas aggregate,ECDC Surveillance Atlas aggregate,https://atlas.ecdc.europa.eu/public/
EU_EEA,Austria,AUT,2017,Escherichia coli,Blood/invasive,Third-generation cephalosporins,494,5129,EARS-Net mixed/not reported,Not reported in Atlas aggregate,ECDC Surveillance Atlas aggregate,https://atlas.ecdc.europa.eu/public/
EU_EEA,Austria,AUT,2018,Escherichia coli,Blood/invasive,Third-generation cephalosporins,579,5672,EARS-Net mixed/not reported,Not reported in Atlas aggregate,ECDC Surveillance Atlas aggregate,https://atlas.ecdc.europa.eu/public/
EU_EEA,Austria,AUT,2019,Escherichia coli,Blood/invasive,Third-generation cephalosporins,569,6106,EARS-Net mixed/not reported,Not reported in Atlas aggregate,ECDC Surveillance Atlas aggregate,https://atlas.ecdc.europa.eu/public/
EU_EEA,Austria,AUT,2020,Escherichia coli,Blood/invasive,Third-generation cephalosporins,509,5376,EUCAST,EUCAST required; exact version unavailable in Atlas aggregate,ECDC Surveillance Atlas aggregate,https://atlas.ecdc.europa.eu/public/
EU_EEA,Austria,AUT,2021,Escherichia coli,Blood/invasive,Third-generation cephalosporins,459,5537,EUCAST,EUCAST required; exact version unavailable in Atlas aggregate,ECDC Surveillance Atlas aggregate,https://atlas.ecdc.europa.eu/public/
EU_EEA,Austria,AUT,2022,Escherichia coli,Blood/invasive,Third-generation cephalosporins,424,5096,EUCAST,EUCAST required; exact version unavailable in Atlas aggregate,ECDC Surveillance Atlas aggregate,https://atlas.ecdc.europa.eu/public/
EU_EEA,Austria,AUT,2023,Escherichia coli,Blood/invasive,Third-generation cephalosporins,541,5491,EUCAST,EUCAST required; exact version unavailable in Atlas aggregate,ECDC Surveillance Atlas aggregate,https://atlas.ecdc.europa.eu/public/
EU_EEA,Belgium,BEL,2001,Escherichia coli,Blood/invasive,Aminoglycosides,6,141,EARS-Net mixed/not reported,Not reported in Atlas aggregate,ECDC Surveillance Atlas aggregate,https://atlas.ecdc.europa.eu/public/
EU_EEA,Belgium,BEL,2002,Escherichia coli,Blood/invasive,Aminoglycosides,48,846,EARS-Net mixed/not reported,Not reported in Atlas aggregate,ECDC Surveillance Atlas aggregate,https://atlas.ecdc.europa.eu/public/
EU_EEA,Belgium,BEL,2003,Escherichia coli,Blood/invasive,Aminoglycosides,51,1093,EARS-Net mixed/not reported,Not reported in Atlas aggregate,ECDC Surveillance Atlas aggregate,https://atlas.ecdc.europa.eu/public/
EU_EEA,Belgium,BEL,2004,Escherichia coli,Blood/invasive,Aminoglycosides,57,1256,EARS-Net mixed/not reported,Not reported in Atlas aggregate,ECDC Surveillance Atlas aggregate,https://atlas.ecdc.europa.eu/public/
EU_EEA,Belgium,BEL,2005,Escherichia coli,Blood/invasive,Aminoglycosides,53,1274,EARS-Net mixed/not reported,Not reported in Atlas aggregate,ECDC Surveillance Atlas aggregate,https://atlas.ecdc.europa.eu/public/
EU_EEA,Belgium,BEL,2006,Escherichia coli,Blood/invasive,Aminoglycosides,65,1112,EARS-Net mixed/not reported,Not reported in Atlas aggregate,ECDC Surveillance Atlas aggregate,https://atlas.ecdc.europa.eu/public/
EU_EEA,Belgium,BEL,2007,Escherichia coli,Blood/invasive,Aminoglycosides,54,1091,EARS-Net mixed/not reported,Not reported in Atlas aggregate,ECDC Surveillance Atlas aggregate,https://atlas.ecdc.europa.eu/public/
EU_EEA,Belgium,BEL,2008,Escherichia coli,Blood/invasive,Aminoglycosides,44,1011,EARS-Net mixed/not reported,Not reported in Atlas aggregate,ECDC Surveillance Atlas aggregate,https://atlas.ecdc.europa.eu/public/
EU_EEA,Belgium,BEL,2009,Escherichia coli,Blood/invasive,Aminoglycosides,87,1195,EARS-Net mixed/not reported,Not reported in Atlas aggregate,ECDC Surveillance Atlas aggregate,https://atlas.ecdc.europa.eu/public/
EU_EEA,Belgium,BEL,2010,Escherichia coli,Blood/invasive,Aminoglycosides,89,1584,EARS-Net mixed/not reported,Not reported in Atlas aggregate,ECDC Surveillance Atlas aggregate,https://atlas.ecdc.europa.eu/public/
EU_EEA,Belgium,BEL,2011,Escherichia coli,Blood/invasive,Aminoglycosides,204,2867,EARS-Net mixed/not reported,Not reported in Atlas aggregate,ECDC Surveillance Atlas aggregate,https://atlas.ecdc.europa.eu/public/
EU_EEA,Belgium,BEL,2012,Escherichia coli,Blood/invasive,Aminoglycosides,219,3010,EARS-Net mixed/not reported,Not reported in Atlas aggregate,ECDC Surveillance Atlas aggregate,https://atlas.ecdc.europa.eu/public/
EU_EEA,Belgium,BEL,2013,Escherichia coli,Blood/invasive,Aminoglycosides,243,3309,EARS-Net mixed/not reported,Not reported in Atlas aggregate,ECDC Surveillance Atlas aggregate,https://atlas.ecdc.europa.eu/public/
EU_EEA,Belgium,BEL,2014,Escherichia coli,Blood/invasive,Aminoglycosides,181,2045,EARS-Net mixed/not reported,Not reported in Atlas aggregate,ECDC Surveillance Atlas aggregate,https://atlas.ecdc.europa.eu/public/
EU_EEA,Belgium,BEL,2015,Escherichia coli,Blood/invasive,Aminoglycosides,191,2286,EARS-Net mixed/not reported,Not reported in Atlas aggregate,ECDC Surveillance Atlas aggregate,https://atlas.ecdc.europa.eu/public/
EU_EEA,Belgium,BEL,2016,Escherichia coli,Blood/invasive,Aminoglycosides,294,3499,EARS-Net mixed/not reported,Not reported in Atlas aggregate,ECDC Surveillance Atlas aggregate,https://atlas.ecdc.europa.eu/public/
EU_EEA,Belgium,BEL,2017,Escherichia coli,Blood/invasive,Aminoglycosides,305,3769,EARS-Net mixed/not reported,Not reported in Atlas aggregate,ECDC Surveillance Atlas aggregate,https://atlas.ecdc.europa.eu/public/
EU_EEA,Belgium,BEL,2018,Escherichia coli,Blood/invasive,Aminoglycosides,283,3822,EARS-Net mixed/not reported,Not reported in Atlas aggregate,ECDC Surveillance Atlas aggregate,https://atlas.ecdc.europa.eu/public/
EU_EEA,Belgium,BEL,2019,Escherichia coli,Blood/invasive,Aminoglycosides,271,3922,EARS-Net mixed/not reported,Not reported in Atlas aggregate,ECDC Surveillance Atlas aggregate,https://atlas.ecdc.europa.eu/public/
EU_EEA,Belgium,BEL,2020,Escherichia coli,Blood/invasive,Aminoglycosides,322,4312,EUCAST,EUCAST required; exact version unavailable in Atlas aggregate,ECDC Surveillance Atlas aggregate,https://atlas.ecdc.europa.eu/public/
EU_EEA,Belgium,BEL,2021,Escherichia coli,Blood/invasive,Aminoglycosides,259,4267,EUCAST,EUCAST required; exact version unavailable in Atlas aggregate,ECDC Surveillance Atlas aggregate,https://atlas.ecdc.europa.eu/public/
EU_EEA,Belgium,BEL,2022,Escherichia coli,Blood/invasive,Aminoglycosides,239,3733,EUCAST,EUCAST required; exact version unavailable in Atlas aggregate,ECDC Surveillance Atlas aggregate,https://atlas.ecdc.europa.eu/public/
EU_EEA,Belgium,BEL,2023,Escherichia coli,Blood/invasive,Aminoglycosides,306,4039,EUCAST,EUCAST required; exact version unavailable in Atlas aggregate,ECDC Surveillance Atlas aggregate,https://atlas.ecdc.europa.eu/public/
EU_EEA,Belgium,BEL,2001,Escherichia coli,Blood/invasive,Aminopenicillins,116,220,EARS-Net mixed/not reported,Not reported in Atlas aggregate,ECDC Surveillance Atlas aggregate,https://atlas.ecdc.europa.eu/public/
EU_EEA,Belgium,BEL,2002,Escherichia coli,Blood/invasive,Aminopenicillins,549,1167,EARS-Net mixed/not reported,Not reported in Atlas aggregate,ECDC Surveillance Atlas aggregate,https://atlas.ecdc.europa.eu/public/
EU_EEA,Belgium,BEL,2003,Escherichia coli,Blood/invasive,Aminopenicillins,651,1309,EARS-Net mixed/not reported,Not reported in Atlas aggregate,ECDC Surveillance Atlas aggregate,https://atlas.ecdc.europa.eu/public/
EU_EEA,Belgium,BEL,2004,Escherichia coli,Blood/invasive,Aminopenicillins,799,1585,EARS-Net mixed/not reported,Not reported in Atlas aggregate,ECDC Surveillance Atlas aggregate,https://atlas.ecdc.europa.eu/public/
EU_EEA,Belgium,BEL,2005,Escherichia coli,Blood/invasive,Aminopenicillins,832,1579,EARS-Net mixed/not reported,Not reported in Atlas aggregate,ECDC Surveillance Atlas aggregate,https://atlas.ecdc.europa.eu/public/
EU_EEA,Belgium,BEL,2006,Escherichia coli,Blood/invasive,Aminopenicillins,878,1618,EARS-Net mixed/not reported,Not reported in Atlas aggregate,ECDC Surveillance Atlas aggregate,https://atlas.ecdc.europa.eu/public/
EU_EEA,Belgium,BEL,2007,Escherichia coli,Blood/invasive,Aminopenicillins,826,1446,EARS-Net mixed/not reported,Not reported in Atlas aggregate,ECDC Surveillance Atlas aggregate,https://atlas.ecdc.europa.eu/public/
EU_EEA,Belgium,BEL,2008,Escherichia coli,Blood/invasive,Aminopenicillins,786,1425,EARS-Net mixed/not reported,Not reported in Atlas aggregate,ECDC Surveillance Atlas aggregate,https://atlas.ecdc.europa.eu/public/
EU_EEA,Belgium,BEL,2009,Escherichia coli,Blood/invasive,Aminopenicillins,899,1607,EARS-Net mixed/not reported,Not reported in Atlas aggregate,ECDC Surveillance Atlas aggregate,https://atlas.ecdc.europa.eu/public/
EU_EEA,Belgium,BEL,2010,Escherichia coli,Blood/invasive,Aminopenicillins,1114,1957,EARS-Net mixed/not reported,Not reported in Atlas aggregate,ECDC Surveillance Atlas aggregate,https://atlas.ecdc.europa.eu/public/
EU_EEA,Belgium,BEL,2011,Escherichia coli,Blood/invasive,Aminopenicillins,2057,3507,EARS-Net mixed/not reported,Not reported in Atlas aggregate,ECDC Surveillance Atlas aggregate,https://atlas.ecdc.europa.eu/public/
EU_EEA,Belgium,BEL,2012,Escherichia coli,Blood/invasive,Aminopenicillins,2193,3898,EARS-Net mixed/not reported,Not reported in Atlas aggregate,ECDC Surveillance Atlas aggregate,https://atlas.ecdc.europa.eu/public/
EU_EEA,Belgium,BEL,2013,Escherichia coli,Blood/invasive,Aminopenicillins,2470,4350,EARS-Net mixed/not reported,Not reported in Atlas aggregate,ECDC Surveillance Atlas aggregate,https://atlas.ecdc.europa.eu/public/
EU_EEA,Belgium,BEL,2014,Escherichia coli,Blood/invasive,Aminopenicillins,1694,2876,EARS-Net mixed/not reported,Not reported in Atlas aggregate,ECDC Surveillance Atlas aggregate,https://atlas.ecdc.europa.eu/public/
EU_EEA,Belgium,BEL,2015,Escherichia coli,Blood/invasive,Aminopenicillins,1552,2674,EARS-Net mixed/not reported,Not reported in Atlas aggregate,ECDC Surveillance Atlas aggregate,https://atlas.ecdc.europa.eu/public/
EU_EEA,Belgium,BEL,2016,Escherichia coli,Blood/invasive,Aminopenicillins,2167,3736,EARS-Net mixed/not reported,Not reported in Atlas aggregate,ECDC Surveillance Atlas aggregate,https://atlas.ecdc.europa.eu/public/
EU_EEA,Belgium,BEL,2017,Escherichia coli,Blood/invasive,Aminopenicillins,2683,4669,EARS-Net mixed/not reported,Not reported in Atlas aggregate,ECDC Surveillance Atlas aggregate,https://atlas.ecdc.europa.eu/public/
EU_EEA,Belgium,BEL,2018,Escherichia coli,Blood/invasive,Aminopenicillins,2480,4445,EARS-Net mixed/not reported,Not reported in Atlas aggregate,ECDC Surveillance Atlas aggregate,https://atlas.ecdc.europa.eu/public/
EU_EEA,Belgium,BEL,2019,Escherichia coli,Blood/invasive,Aminopenicillins,2033,3601,EARS-Net mixed/not reported,Not reported in Atlas aggregate,ECDC Surveillance Atlas aggregate,https://atlas.ecdc.europa.eu/public/
EU_EEA,Belgium,BEL,2020,Escherichia coli,Blood/invasive,Aminopenicillins,2265,4009,EUCAST,EUCAST required; exact version unavailable in Atlas aggregate,ECDC Surveillance Atlas aggregate,https://atlas.ecdc.europa.eu/public/
EU_EEA,Belgium,BEL,2021,Escherichia coli,Blood/invasive,Aminopenicillins,2423,4389,EUCAST,EUCAST required; exact version unavailable in Atlas aggregate,ECDC Surveillance Atlas aggregate,https://atlas.ecdc.europa.eu/public/
EU_EEA,Belgium,BEL,2022,Escherichia coli,Blood/invasive,Aminopenicillins,2379,4205,EUCAST,EUCAST required; exact version unavailable in Atlas aggregate,ECDC Surveillance Atlas aggregate,https://atlas.ecdc.europa.eu/public/
EU_EEA,Belgium,BEL,2023,Escherichia coli,Blood/invasive,Aminopenicillins,2587,4648,EUCAST,EUCAST required; exact version unavailable in Atlas aggregate,ECDC Surveillance Atlas aggregate,https://atlas.ecdc.europa.eu/public/
EU_EEA,Belgium,BEL,2010,Escherichia coli,Blood/invasive,Carbapenems,0,1014,EARS-Net mixed/not reported,Not reported in Atlas aggregate,ECDC Surveillance Atlas aggregate,https://atlas.ecdc.europa.eu/public/
EU_EEA,Belgium,BEL,2011,Escherichia coli,Blood/invasive,Carbapenems,0,3989,EARS-Net mixed/not reported,Not reported in Atlas aggregate,ECDC Surveillance Atlas aggregate,https://atlas.ecdc.europa.eu/public/
EU_EEA,Belgium,BEL,2012,Escherichia coli,Blood/invasive,Carbapenems,1,4119,EARS-Net mixed/not reported,Not reported in Atlas aggregate,ECDC Surveillance Atlas aggregate,https://atlas.ecdc.europa.eu/public/
EU_EEA,Belgium,BEL,2013,Escherichia coli,Blood/invasive,Carbapenems,2,4246,EARS-Net mixed/not reported,Not reported in Atlas aggregate,ECDC Surveillance Atlas aggregate,https://atlas.ecdc.europa.eu/public/
EU_EEA,Belgium,BEL,2014,Escherichia coli,Blood/invasive,Carbapenems,1,2614,EARS-Net mixed/not reported,Not reported in Atlas aggregate,ECDC Surveillance Atlas aggregate,https://atlas.ecdc.europa.eu/public/
EU_EEA,Belgium,BEL,2015,Escherichia coli,Blood/invasive,Carbapenems,0,2588,EARS-Net mixed/not reported,Not reported in Atlas aggregate,ECDC Surveillance Atlas aggregate,https://atlas.ecdc.europa.eu/public/
EU_EEA,Belgium,BEL,2016,Escherichia coli,Blood/invasive,Carbapenems,2,3845,EARS-Net mixed/not reported,Not reported in Atlas aggregate,ECDC Surveillance Atlas aggregate,https://atlas.ecdc.europa.eu/public/
EU_EEA,Belgium,BEL,2017,Escherichia coli,Blood/invasive,Carbapenems,1,4672,EARS-Net mixed/not reported,Not reported in Atlas aggregate,ECDC Surveillance Atlas aggregate,https://atlas.ecdc.europa.eu/public/
EU_EEA,Belgium,BEL,2018,Escherichia coli,Blood/invasive,Carbapenems,3,4641,EARS-Net mixed/not reported,Not reported in Atlas aggregate,ECDC Surveillance Atlas aggregate,https://atlas.ecdc.europa.eu/public/
EU_EEA,Belgium,BEL,2019,Escherichia coli,Blood/invasive,Carbapenems,2,3926,EARS-Net mixed/not reported,Not reported in Atlas aggregate,ECDC Surveillance Atlas aggregate,https://atlas.ecdc.europa.eu/public/
EU_EEA,Belgium,BEL,2020,Escherichia coli,Blood/invasive,Carbapenems,1,4126,EUCAST,EUCAST required; exact version unavailable in Atlas aggregate,ECDC Surveillance Atlas aggregate,https://atlas.ecdc.europa.eu/public/
EU_EEA,Belgium,BEL,2021,Escherichia coli,Blood/invasive,Carbapenems,2,4722,EUCAST,EUCAST required; exact version unavailable in Atlas aggregate,ECDC Surveillance Atlas aggregate,https://atlas.ecdc.europa.eu/public/
EU_EEA,Belgium,BEL,2022,Escherichia coli,Blood/invasive,Carbapenems,3,4296,EUCAST,EUCAST required; exact version unavailable in Atlas aggregate,ECDC Surveillance Atlas aggregate,https://atlas.ecdc.europa.eu/public/
EU_EEA,Belgium,BEL,2023,Escherichia coli,Blood/invasive,Carbapenems,4,4958,EUCAST,EUCAST required; exact version unavailable in Atlas aggregate,ECDC Surveillance Atlas aggregate,https://atlas.ecdc.europa.eu/public/
EU_EEA,Belgium,BEL,2001,Escherichia coli,Blood/invasive,Fluoroquinolones,17,191,EARS-Net mixed/not reported,Not reported in Atlas aggregate,ECDC Surveillance Atlas aggregate,https://atlas.ecdc.europa.eu/public/
EU_EEA,Belgium,BEL,2002,Escherichia coli,Blood/invasive,Fluoroquinolones,126,952,EARS-Net mixed/not reported,Not reported in Atlas aggregate,ECDC Surveillance Atlas aggregate,https://atlas.ecdc.europa.eu/public/
EU_EEA,Belgium,BEL,2003,Escherichia coli,Blood/invasive,Fluoroquinolones,141,1219,EARS-Net mixed/not reported,Not reported in Atlas aggregate,ECDC Surveillance Atlas aggregate,https://atlas.ecdc.europa.eu/public/
EU_EEA,Belgium,BEL,2004,Escherichia coli,Blood/invasive,Fluoroquinolones,205,1333,EARS-Net mixed/not reported,Not reported in Atlas aggregate,ECDC Surveillance Atlas aggregate,https://atlas.ecdc.europa.eu/public/
EU_EEA,Belgium,BEL,2005,Escherichia coli,Blood/invasive,Fluoroquinolones,246,1461,EARS-Net mixed/not reported,Not reported in Atlas aggregate,ECDC Surveillance Atlas aggregate,https://atlas.ecdc.europa.eu/public/
EU_EEA,Belgium,BEL,2006,Escherichia coli,Blood/invasive,Fluoroquinolones,301,1554,EARS-Net mixed/not reported,Not reported in Atlas aggregate,ECDC Surveillance Atlas aggregate,https://atlas.ecdc.europa.eu/public/
EU_EEA,Belgium,BEL,2007,Escherichia coli,Blood/invasive,Fluoroquinolones,267,1393,EARS-Net mixed/not reported,Not reported in Atlas aggregate,ECDC Surveillance Atlas aggregate,https://atlas.ecdc.europa.eu/public/
EU_EEA,Belgium,BEL,2008,Escherichia coli,Blood/invasive,Fluoroquinolones,223,1324,EARS-Net mixed/not reported,Not reported in Atlas aggregate,ECDC Surveillance Atlas aggregate,https://atlas.ecdc.europa.eu/public/
EU_EEA,Belgium,BEL,2009,Escherichia coli,Blood/invasive,Fluoroquinolones,300,1504,EARS-Net mixed/not reported,Not reported in Atlas aggregate,ECDC Surveillance Atlas aggregate,https://atlas.ecdc.europa.eu/public/
EU_EEA,Belgium,BEL,2010,Escherichia coli,Blood/invasive,Fluoroquinolones,384,1782,EARS-Net mixed/not reported,Not reported in Atlas aggregate,ECDC Surveillance Atlas aggregate,https://atlas.ecdc.europa.eu/public/
EU_EEA,Belgium,BEL,2011,Escherichia coli,Blood/invasive,Fluoroquinolones,764,3549,EARS-Net mixed/not reported,Not reported in Atlas aggregate,ECDC Surveillance Atlas aggregate,https://atlas.ecdc.europa.eu/public/
EU_EEA,Belgium,BEL,2012,Escherichia coli,Blood/invasive,Fluoroquinolones,779,3515,EARS-Net mixed/not reported,Not reported in Atlas aggregate,ECDC Surveillance Atlas aggregate,https://atlas.ecdc.europa.eu/public/
EU_EEA,Belgium,BEL,2013,Escherichia coli,Blood/invasive,Fluoroquinolones,944,4113,EARS-Net mixed/not reported,Not reported in Atlas aggregate,ECDC Surveillance Atlas aggregate,https://atlas.ecdc.europa.eu/public/
EU_EEA,Belgium,BEL,2014,Escherichia coli,Blood/invasive,Fluoroquinolones,694,2599,EARS-Net mixed/not reported,Not reported in Atlas aggregate,ECDC Surveillance Atlas aggregate,https://atlas.ecdc.europa.eu/public/
EU_EEA,Belgium,BEL,2015,Escherichia coli,Blood/invasive,Fluoroquinolones,682,2565,EARS-Net mixed/not reported,Not reported in Atlas aggregate,ECDC Surveillance Atlas aggregate,https://atlas.ecdc.europa.eu/public/
EU_EEA,Belgium,BEL,2016,Escherichia coli,Blood/invasive,Fluoroquinolones,946,3854,EARS-Net mixed/not reported,Not reported in Atlas aggregate,ECDC Surveillance Atlas aggregate,https://atlas.ecdc.europa.eu/public/
EU_EEA,Belgium,BEL,2017,Escherichia coli,Blood/invasive,Fluoroquinolones,1043,4382,EARS-Net mixed/not reported,Not reported in Atlas aggregate,ECDC Surveillance Atlas aggregate,https://atlas.ecdc.europa.eu/public/
EU_EEA,Belgium,BEL,2018,Escherichia coli,Blood/invasive,Fluoroquinolones,918,4211,EARS-Net mixed/not reported,Not reported in Atlas aggregate,ECDC Surveillance Atlas aggregate,https://atlas.ecdc.europa.eu/public/
EU_EEA,Belgium,BEL,2019,Escherichia coli,Blood/invasive,Fluoroquinolones,748,3925,EARS-Net mixed/not reported,Not reported in Atlas aggregate,ECDC Surveillance Atlas aggregate,https://atlas.ecdc.europa.eu/public/
EU_EEA,Belgium,BEL,2020,Escherichia coli,Blood/invasive,Fluoroquinolones,781,4320,EUCAST,EUCAST required; exact version unavailable in Atlas aggregate,ECDC Surveillance Atlas aggregate,https://atlas.ecdc.europa.eu/public/
EU_EEA,Belgium,BEL,2021,Escherichia coli,Blood/invasive,Fluoroquinolones,875,4721,EUCAST,EUCAST required; exact version unavailable in Atlas aggregate,ECDC Surveillance Atlas aggregate,https://atlas.ecdc.europa.eu/public/
EU_EEA,Belgium,BEL,2022,Escherichia coli,Blood/invasive,Fluoroquinolones,796,4536,EUCAST,EUCAST required; exact version unavailable in Atlas aggregate,ECDC Surveillance Atlas aggregate,https://atlas.ecdc.europa.eu/public/
EU_EEA,Belgium,BEL,2023,Escherichia coli,Blood/invasive,Fluoroquinolones,904,4957,EUCAST,EUCAST required; exact version unavailable in Atlas aggregate,ECDC Surveillance Atlas aggregate,https://atlas.ecdc.europa.eu/public/
EU_EEA,Belgium,BEL,2001,Escherichia coli,Blood/invasive,Third-generation cephalosporins,4,222,EARS-Net mixed/not reported,Not reported in Atlas aggregate,ECDC Surveillance Atlas aggregate,https://atlas.ecdc.europa.eu/public/
EU_EEA,Belgium,BEL,2002,Escherichia coli,Blood/invasive,Third-generation cephalosporins,33,1181,EARS-Net mixed/not reported,Not reported in Atlas aggregate,ECDC Surveillance Atlas aggregate,https://atlas.ecdc.europa.eu/public/
EU_EEA,Belgium,BEL,2003,Escherichia coli,Blood/invasive,Third-generation cephalosporins,46,1316,EARS-Net mixed/not reported,Not reported in Atlas aggregate,ECDC Surveillance Atlas aggregate,https://atlas.ecdc.europa.eu/public/
EU_EEA,Belgium,BEL,2004,Escherichia coli,Blood/invasive,Third-generation cephalosporins,42,1587,EARS-Net mixed/not reported,Not reported in Atlas aggregate,ECDC Surveillance Atlas aggregate,https://atlas.ecdc.europa.eu/public/
EU_EEA,Belgium,BEL,2005,Escherichia coli,Blood/invasive,Third-generation cephalosporins,57,1577,EARS-Net mixed/not reported,Not reported in Atlas aggregate,ECDC Surveillance Atlas aggregate,https://atlas.ecdc.europa.eu/public/
EU_EEA,Belgium,BEL,2006,Escherichia coli,Blood/invasive,Third-generation cephalosporins,47,1615,EARS-Net mixed/not reported,Not reported in Atlas aggregate,ECDC Surveillance Atlas aggregate,https://atlas.ecdc.europa.eu/public/
EU_EEA,Belgium,BEL,2007,Escherichia coli,Blood/invasive,Third-generation cephalosporins,57,1451,EARS-Net mixed/not reported,Not reported in Atlas aggregate,ECDC Surveillance Atlas aggregate,https://atlas.ecdc.europa.eu/public/
EU_EEA,Belgium,BEL,2008,Escherichia coli,Blood/invasive,Third-generation cephalosporins,59,1409,EARS-Net mixed/not reported,Not reported in Atlas aggregate,ECDC Surveillance Atlas aggregate,https://atlas.ecdc.europa.eu/public/
EU_EEA,Belgium,BEL,2009,Escherichia coli,Blood/invasive,Third-generation cephalosporins,103,1596,EARS-Net mixed/not reported,Not reported in Atlas aggregate,ECDC Surveillance Atlas aggregate,https://atlas.ecdc.europa.eu/public/
EU_EEA,Belgium,BEL,2010,Escherichia coli,Blood/invasive,Third-generation cephalosporins,101,1952,EARS-Net mixed/not reported,Not reported in Atlas aggregate,ECDC Surveillance Atlas aggregate,https://atlas.ecdc.europa.eu/public/
EU_EEA,Belgium,BEL,2011,Escherichia coli,Blood/invasive,Third-generation cephalosporins,241,3985,EARS-Net mixed/not reported,Not reported in Atlas aggregate,ECDC Surveillance Atlas aggregate,https://atlas.ecdc.europa.eu/public/
EU_EEA,Belgium,BEL,2012,Escherichia coli,Blood/invasive,Third-generation cephalosporins,282,4097,EARS-Net mixed/not reported,Not reported in Atlas aggregate,ECDC Surveillance Atlas aggregate,https://atlas.ecdc.europa.eu/public/
EU_EEA,Belgium,BEL,2013,Escherichia coli,Blood/invasive,Third-generation cephalosporins,324,4051,EARS-Net mixed/not reported,Not reported in Atlas aggregate,ECDC Surveillance Atlas aggregate,https://atlas.ecdc.europa.eu/public/
EU_EEA,Belgium,BEL,2014,Escherichia coli,Blood/invasive,Third-generation cephalosporins,273,2802,EARS-Net mixed/not reported,Not reported in Atlas aggregate,ECDC Surveillance Atlas aggregate,https://atlas.ecdc.europa.eu/public/
EU_EEA,Belgium,BEL,2015,Escherichia coli,Blood/invasive,Third-generation cephalosporins,251,2593,EARS-Net mixed/not reported,Not reported in Atlas aggregate,ECDC Surveillance Atlas aggregate,https://atlas.ecdc.europa.eu/public/
EU_EEA,Belgium,BEL,2016,Escherichia coli,Blood/invasive,Third-generation cephalosporins,392,3737,EARS-Net mixed/not reported,Not reported in Atlas aggregate,ECDC Surveillance Atlas aggregate,https://atlas.ecdc.europa.eu/public/
EU_EEA,Belgium,BEL,2017,Escherichia coli,Blood/invasive,Third-generation cephalosporins,455,4672,EARS-Net mixed/not reported,Not reported in Atlas aggregate,ECDC Surveillance Atlas aggregate,https://atlas.ecdc.europa.eu/public/
EU_EEA,Belgium,BEL,2018,Escherichia coli,Blood/invasive,Third-generation cephalosporins,419,4644,EARS-Net mixed/not reported,Not reported in Atlas aggregate,ECDC Surveillance Atlas aggregate,https://atlas.ecdc.europa.eu/public/
EU_EEA,Belgium,BEL,2019,Escherichia coli,Blood/invasive,Third-generation cephalosporins,393,3937,EARS-Net mixed/not reported,Not reported in Atlas aggregate,ECDC Surveillance Atlas aggregate,https://atlas.ecdc.europa.eu/public/
EU_EEA,Belgium,BEL,2020,Escherichia coli,Blood/invasive,Third-generation cephalosporins,427,4320,EUCAST,EUCAST required; exact version unavailable in Atlas aggregate,ECDC Surveillance Atlas aggregate,https://atlas.ecdc.europa.eu/public/
EU_EEA,Belgium,BEL,2021,Escherichia coli,Blood/invasive,Third-generation cephalosporins,390,4721,EUCAST,EUCAST required; exact version unavailable in Atlas aggregate,ECDC Surveillance Atlas aggregate,https://atlas.ecdc.europa.eu/public/
EU_EEA,Belgium,BEL,2022,Escherichia coli,Blood/invasive,Third-generation cephalosporins,394,4500,EUCAST,EUCAST required; exact version unavailable in Atlas aggregate,ECDC Surveillance Atlas aggregate,https://atlas.ecdc.europa.eu/public/
EU_EEA,Belgium,BEL,2023,Escherichia coli,Blood/invasive,Third-generation cephalosporins,500,4956,EUCAST,EUCAST required; exact version unavailable in Atlas aggregate,ECDC Surveillance Atlas aggregate,https://atlas.ecdc.europa.eu/public/
EU_EEA,Bulgaria,BGR,2001,Escherichia coli,Blood/invasive,Aminoglycosides,15,95,EARS-Net mixed/not reported,Not reported in Atlas aggregate,ECDC Surveillance Atlas aggregate,https://atlas.ecdc.europa.eu/public/
EU_EEA,Bulgaria,BGR,2002,Escherichia coli,Blood/invasive,Aminoglycosides,22,132,EARS-Net mixed/not reported,Not reported in Atlas aggregate,ECDC Surveillance Atlas aggregate,https://atlas.ecdc.europa.eu/public/
EU_EEA,Bulgaria,BGR,2003,Escherichia coli,Blood/invasive,Aminoglycosides,35,158,EARS-Net mixed/not reported,Not reported in Atlas aggregate,ECDC Surveillance Atlas aggregate,https://atlas.ecdc.europa.eu/public/
EU_EEA,Bulgaria,BGR,2004,Escherichia coli,Blood/invasive,Aminoglycosides,33,160,EARS-Net mixed/not reported,Not reported in Atlas aggregate,ECDC Surveillance Atlas aggregate,https://atlas.ecdc.europa.eu/public/
EU_EEA,Bulgaria,BGR,2005,Escherichia coli,Blood/invasive,Aminoglycosides,43,188,EARS-Net mixed/not reported,Not reported in Atlas aggregate,ECDC Surveillance Atlas aggregate,https://atlas.ecdc.europa.eu/public/
EU_EEA,Bulgaria,BGR,2006,Escherichia coli,Blood/invasive,Aminoglycosides,53,188,EARS-Net mixed/not reported,Not reported in Atlas aggregate,ECDC Surveillance Atlas aggregate,https://atlas.ecdc.europa.eu/public/
EU_EEA,Bulgaria,BGR,2007,Escherichia coli,Blood/invasive,Aminoglycosides,23,125,EARS-Net mixed/not reported,Not reported in Atlas aggregate,ECDC Surveillance Atlas aggregate,https://atlas.ecdc.europa.eu/public/
EU_EEA,Bulgaria,BGR,2008,Escherichia coli,Blood/invasive,Aminoglycosides,45,147,EARS-Net mixed/not reported,Not reported in Atlas aggregate,ECDC Surveillance Atlas aggregate,https://atlas.ecdc.europa.eu/public/
EU_EEA,Bulgaria,BGR,2009,Escherichia coli,Blood/invasive,Aminoglycosides,33,192,EARS-Net mixed/not reported,Not reported in Atlas aggregate,ECDC Surveillance Atlas aggregate,https://atlas.ecdc.europa.eu/public/
EU_EEA,Bulgaria,BGR,2010,Escherichia coli,Blood/invasive,Aminoglycosides,22,150,EARS-Net mixed/not reported,Not reported in Atlas aggregate,ECDC Surveillance Atlas aggregate,https://atlas.ecdc.europa.eu/public/
EU_EEA,Bulgaria,BGR,2011,Escherichia coli,Blood/invasive,Aminoglycosides,31,176,EARS-Net mixed/not reported,Not reported in Atlas aggregate,ECDC Surveillance Atlas aggregate,https://atlas.ecdc.europa.eu/public/
EU_EEA,Bulgaria,BGR,2012,Escherichia coli,Blood/invasive,Aminoglycosides,58,219,EARS-Net mixed/not reported,Not reported in Atlas aggregate,ECDC Surveillance Atlas aggregate,https://atlas.ecdc.europa.eu/public/
EU_EEA,Bulgaria,BGR,2013,Escherichia coli,Blood/invasive,Aminoglycosides,58,187,EARS-Net mixed/not reported,Not reported in Atlas aggregate,ECDC Surveillance Atlas aggregate,https://atlas.ecdc.europa.eu/public/
EU_EEA,Bulgaria,BGR,2014,Escherichia coli,Blood/invasive,Aminoglycosides,55,189,EARS-Net mixed/not reported,Not reported in Atlas aggregate,ECDC Surveillance Atlas aggregate,https://atlas.ecdc.europa.eu/public/
EU_EEA,Bulgaria,BGR,2015,Escherichia coli,Blood/invasive,Aminoglycosides,36,182,EARS-Net mixed/not reported,Not reported in Atlas aggregate,ECDC Surveillance Atlas aggregate,https://atlas.ecdc.europa.eu/public/
EU_EEA,Bulgaria,BGR,2016,Escherichia coli,Blood/invasive,Aminoglycosides,73,210,EARS-Net mixed/not reported,Not reported in Atlas aggregate,ECDC Surveillance Atlas aggregate,https://atlas.ecdc.europa.eu/public/
EU_EEA,Bulgaria,BGR,2017,Escherichia coli,Blood/invasive,Aminoglycosides,83,229,EARS-Net mixed/not reported,Not reported in Atlas aggregate,ECDC Surveillance Atlas aggregate,https://atlas.ecdc.europa.eu/public/
EU_EEA,Bulgaria,BGR,2018,Escherichia coli,Blood/invasive,Aminoglycosides,78,275,EARS-Net mixed/not reported,Not reported in Atlas aggregate,ECDC Surveillance Atlas aggregate,https://atlas.ecdc.europa.eu/public/
EU_EEA,Bulgaria,BGR,2019,Escherichia coli,Blood/invasive,Aminoglycosides,86,352,EARS-Net mixed/not reported,Not reported in Atlas aggregate,ECDC Surveillance Atlas aggregate,https://atlas.ecdc.europa.eu/public/
EU_EEA,Bulgaria,BGR,2020,Escherichia coli,Blood/invasive,Aminoglycosides,75,219,EUCAST,EUCAST required; exact version unavailable in Atlas aggregate,ECDC Surveillance Atlas aggregate,https://atlas.ecdc.europa.eu/public/
EU_EEA,Bulgaria,BGR,2021,Escherichia coli,Blood/invasive,Aminoglycosides,71,263,EUCAST,EUCAST required; exact version unavailable in Atlas aggregate,ECDC Surveillance Atlas aggregate,https://atlas.ecdc.europa.eu/public/
EU_EEA,Bulgaria,BGR,2022,Escherichia coli,Blood/invasive,Aminoglycosides,58,239,EUCAST,EUCAST required; exact version unavailable in Atlas aggregate,ECDC Surveillance Atlas aggregate,https://atlas.ecdc.europa.eu/public/
EU_EEA,Bulgaria,BGR,2023,Escherichia coli,Blood/invasive,Aminoglycosides,87,306,EUCAST,EUCAST required; exact version unavailable in Atlas aggregate,ECDC Surveillance Atlas aggregate,https://atlas.ecdc.europa.eu/public/
EU_EEA,Bulgaria,BGR,2001,Escherichia coli,Blood/invasive,Aminopenicillins,41,86,EARS-Net mixed/not reported,Not reported in Atlas aggregate,ECDC Surveillance Atlas aggregate,https://atlas.ecdc.europa.eu/public/
EU_EEA,Bulgaria,BGR,2002,Escherichia coli,Blood/invasive,Aminopenicillins,68,131,EARS-Net mixed/not reported,Not reported in Atlas aggregate,ECDC Surveillance Atlas aggregate,https://atlas.ecdc.europa.eu/public/
EU_EEA,Bulgaria,BGR,2003,Escherichia coli,Blood/invasive,Aminopenicillins,85,156,EARS-Net mixed/not reported,Not reported in Atlas aggregate,ECDC Surveillance Atlas aggregate,https://atlas.ecdc.europa.eu/public/
EU_EEA,Bulgaria,BGR,2004,Escherichia coli,Blood/invasive,Aminopenicillins,103,161,EARS-Net mixed/not reported,Not reported in Atlas aggregate,ECDC Surveillance Atlas aggregate,https://atlas.ecdc.europa.eu/public/
EU_EEA,Bulgaria,BGR,2005,Escherichia coli,Blood/invasive,Aminopenicillins,130,189,EARS-Net mixed/not reported,Not reported in Atlas aggregate,ECDC Surveillance Atlas aggregate,https://atlas.ecdc.europa.eu/public/
EU_EEA,Bulgaria,BGR,2006,Escherichia coli,Blood/invasive,Aminopenicillins,113,177,EARS-Net mixed/not reported,Not reported in Atlas aggregate,ECDC Surveillance Atlas aggregate,https://atlas.ecdc.europa.eu/public/
EU_EEA,Bulgaria,BGR,2007,Escherichia coli,Blood/invasive,Aminopenicillins,89,127,EARS-Net mixed/not reported,Not reported in Atlas aggregate,ECDC Surveillance Atlas aggregate,https://atlas.ecdc.europa.eu/public/
EU_EEA,Bulgaria,BGR,2008,Escherichia coli,Blood/invasive,Aminopenicillins,83,128,EARS-Net mixed/not reported,Not reported in Atlas aggregate,ECDC Surveillance Atlas aggregate,https://atlas.ecdc.europa.eu/public/
EU_EEA,Bulgaria,BGR,2009,Escherichia coli,Blood/invasive,Aminopenicillins,120,181,EARS-Net mixed/not reported,Not reported in Atlas aggregate,ECDC Surveillance Atlas aggregate,https://atlas.ecdc.europa.eu/public/
EU_EEA,Bulgaria,BGR,2010,Escherichia coli,Blood/invasive,Aminopenicillins,102,142,EARS-Net mixed/not reported,Not reported in Atlas aggregate,ECDC Surveillance Atlas aggregate,https://atlas.ecdc.europa.eu/public/
EU_EEA,Bulgaria,BGR,2011,Escherichia coli,Blood/invasive,Aminopenicillins,92,152,EARS-Net mixed/not reported,Not reported in Atlas aggregate,ECDC Surveillance Atlas aggregate,https://atlas.ecdc.europa.eu/public/
EU_EEA,Bulgaria,BGR,2012,Escherichia coli,Blood/invasive,Aminopenicillins,147,207,EARS-Net mixed/not reported,Not reported in Atlas aggregate,ECDC Surveillance Atlas aggregate,https://atlas.ecdc.europa.eu/public/
EU_EEA,Bulgaria,BGR,2013,Escherichia coli,Blood/invasive,Aminopenicillins,119,160,EARS-Net mixed/not reported,Not reported in Atlas aggregate,ECDC Surveillance Atlas aggregate,https://atlas.ecdc.europa.eu/public/
EU_EEA,Bulgaria,BGR,2014,Escherichia coli,Blood/invasive,Aminopenicillins,116,159,EARS-Net mixed/not reported,Not reported in Atlas aggregate,ECDC Surveillance Atlas aggregate,https://atlas.ecdc.europa.eu/public/
EU_EEA,Bulgaria,BGR,2015,Escherichia coli,Blood/invasive,Aminopenicillins,95,143,EARS-Net mixed/not reported,Not reported in Atlas aggregate,ECDC Surveillance Atlas aggregate,https://atlas.ecdc.europa.eu/public/
EU_EEA,Bulgaria,BGR,2016,Escherichia coli,Blood/invasive,Aminopenicillins,145,186,EARS-Net mixed/not reported,Not reported in Atlas aggregate,ECDC Surveillance Atlas aggregate,https://atlas.ecdc.europa.eu/public/
EU_EEA,Bulgaria,BGR,2017,Escherichia coli,Blood/invasive,Aminopenicillins,150,203,EARS-Net mixed/not reported,Not reported in Atlas aggregate,ECDC Surveillance Atlas aggregate,https://atlas.ecdc.europa.eu/public/
EU_EEA,Bulgaria,BGR,2018,Escherichia coli,Blood/invasive,Aminopenicillins,191,287,EARS-Net mixed/not reported,Not reported in Atlas aggregate,ECDC Surveillance Atlas aggregate,https://atlas.ecdc.europa.eu/public/
EU_EEA,Bulgaria,BGR,2019,Escherichia coli,Blood/invasive,Aminopenicillins,223,352,EARS-Net mixed/not reported,Not reported in Atlas aggregate,ECDC Surveillance Atlas aggregate,https://atlas.ecdc.europa.eu/public/
EU_EEA,Bulgaria,BGR,2020,Escherichia coli,Blood/invasive,Aminopenicillins,174,261,EUCAST,EUCAST required; exact version unavailable in Atlas aggregate,ECDC Surveillance Atlas aggregate,https://atlas.ecdc.europa.eu/public/
EU_EEA,Bulgaria,BGR,2021,Escherichia coli,Blood/invasive,Aminopenicillins,161,263,EUCAST,EUCAST required; exact version unavailable in Atlas aggregate,ECDC Surveillance Atlas aggregate,https://atlas.ecdc.europa.eu/public/
EU_EEA,Bulgaria,BGR,2022,Escherichia coli,Blood/invasive,Aminopenicillins,164,239,EUCAST,EUCAST required; exact version unavailable in Atlas aggregate,ECDC Surveillance Atlas aggregate,https://atlas.ecdc.europa.eu/public/
EU_EEA,Bulgaria,BGR,2023,Escherichia coli,Blood/invasive,Aminopenicillins,205,306,EUCAST,EUCAST required; exact version unavailable in Atlas aggregate,ECDC Surveillance Atlas aggregate,https://atlas.ecdc.europa.eu/public/
EU_EEA,Bulgaria,BGR,2001,Escherichia coli,Blood/invasive,Carbapenems,0,71,EARS-Net mixed/not reported,Not reported in Atlas aggregate,ECDC Surveillance Atlas aggregate,https://atlas.ecdc.europa.eu/public/
EU_EEA,Bulgaria,BGR,2002,Escherichia coli,Blood/invasive,Carbapenems,0,94,EARS-Net mixed/not reported,Not reported in Atlas aggregate,ECDC Surveillance Atlas aggregate,https://atlas.ecdc.europa.eu/public/
EU_EEA,Bulgaria,BGR,2003,Escherichia coli,Blood/invasive,Carbapenems,0,118,EARS-Net mixed/not reported,Not reported in Atlas aggregate,ECDC Surveillance Atlas aggregate,https://atlas.ecdc.europa.eu/public/
EU_EEA,Bulgaria,BGR,2004,Escherichia coli,Blood/invasive,Carbapenems,0,113,EARS-Net mixed/not reported,Not reported in Atlas aggregate,ECDC Surveillance Atlas aggregate,https://atlas.ecdc.europa.eu/public/
EU_EEA,Bulgaria,BGR,2005,Escherichia coli,Blood/invasive,Carbapenems,0,156,EARS-Net mixed/not reported,Not reported in Atlas aggregate,ECDC Surveillance Atlas aggregate,https://atlas.ecdc.europa.eu/public/
EU_EEA,Bulgaria,BGR,2006,Escherichia coli,Blood/invasive,Carbapenems,0,149,EARS-Net mixed/not reported,Not reported in Atlas aggregate,ECDC Surveillance Atlas aggregate,https://atlas.ecdc.europa.eu/public/
EU_EEA,Bulgaria,BGR,2007,Escherichia coli,Blood/invasive,Carbapenems,0,78,EARS-Net mixed/not reported,Not reported in Atlas aggregate,ECDC Surveillance Atlas aggregate,https://atlas.ecdc.europa.eu/public/
EU_EEA,Bulgaria,BGR,2008,Escherichia coli,Blood/invasive,Carbapenems,0,118,EARS-Net mixed/not reported,Not reported in Atlas aggregate,ECDC Surveillance Atlas aggregate,https://atlas.ecdc.europa.eu/public/
EU_EEA,Bulgaria,BGR,2009,Escherichia coli,Blood/invasive,Carbapenems,1,151,EARS-Net mixed/not reported,Not reported in Atlas aggregate,ECDC Surveillance Atlas aggregate,https://atlas.ecdc.europa.eu/public/
EU_EEA,Bulgaria,BGR,2010,Escherichia coli,Blood/invasive,Carbapenems,0,146,EARS-Net mixed/not reported,Not reported in Atlas aggregate,ECDC Surveillance Atlas aggregate,https://atlas.ecdc.europa.eu/public/
EU_EEA,Bulgaria,BGR,2011,Escherichia coli,Blood/invasive,Carbapenems,0,145,EARS-Net mixed/not reported,Not reported in Atlas aggregate,ECDC Surveillance Atlas aggregate,https://atlas.ecdc.europa.eu/public/
EU_EEA,Bulgaria,BGR,2012,Escherichia coli,Blood/invasive,Carbapenems,5,191,EARS-Net mixed/not reported,Not reported in Atlas aggregate,ECDC Surveillance Atlas aggregate,https://atlas.ecdc.europa.eu/public/
EU_EEA,Bulgaria,BGR,2013,Escherichia coli,Blood/invasive,Carbapenems,5,176,EARS-Net mixed/not reported,Not reported in Atlas aggregate,ECDC Surveillance Atlas aggregate,https://atlas.ecdc.europa.eu/public/
EU_EEA,Bulgaria,BGR,2014,Escherichia coli,Blood/invasive,Carbapenems,1,197,EARS-Net mixed/not reported,Not reported in Atlas aggregate,ECDC Surveillance Atlas aggregate,https://atlas.ecdc.europa.eu/public/
EU_EEA,Bulgaria,BGR,2015,Escherichia coli,Blood/invasive,Carbapenems,0,182,EARS-Net mixed/not reported,Not reported in Atlas aggregate,ECDC Surveillance Atlas aggregate,https://atlas.ecdc.europa.eu/public/
EU_EEA,Bulgaria,BGR,2016,Escherichia coli,Blood/invasive,Carbapenems,2,224,EARS-Net mixed/not reported,Not reported in Atlas aggregate,ECDC Surveillance Atlas aggregate,https://atlas.ecdc.europa.eu/public/
EU_EEA,Bulgaria,BGR,2017,Escherichia coli,Blood/invasive,Carbapenems,0,247,EARS-Net mixed/not reported,Not reported in Atlas aggregate,ECDC Surveillance Atlas aggregate,https://atlas.ecdc.europa.eu/public/
EU_EEA,Bulgaria,BGR,2018,Escherichia coli,Blood/invasive,Carbapenems,4,292,EARS-Net mixed/not reported,Not reported in Atlas aggregate,ECDC Surveillance Atlas aggregate,https://atlas.ecdc.europa.eu/public/
EU_EEA,Bulgaria,BGR,2019,Escherichia coli,Blood/invasive,Carbapenems,0,352,EARS-Net mixed/not reported,Not reported in Atlas aggregate,ECDC Surveillance Atlas aggregate,https://atlas.ecdc.europa.eu/public/
EU_EEA,Bulgaria,BGR,2020,Escherichia coli,Blood/invasive,Carbapenems,2,261,EUCAST,EUCAST required; exact version unavailable in Atlas aggregate,ECDC Surveillance Atlas aggregate,https://atlas.ecdc.europa.eu/public/
EU_EEA,Bulgaria,BGR,2021,Escherichia coli,Blood/invasive,Carbapenems,1,263,EUCAST,EUCAST required; exact version unavailable in Atlas aggregate,ECDC Surveillance Atlas aggregate,https://atlas.ecdc.europa.eu/public/
EU_EEA,Bulgaria,BGR,2022,Escherichia coli,Blood/invasive,Carbapenems,0,239,EUCAST,EUCAST required; exact version unavailable in Atlas aggregate,ECDC Surveillance Atlas aggregate,https://atlas.ecdc.europa.eu/public/
EU_EEA,Bulgaria,BGR,2023,Escherichia coli,Blood/invasive,Carbapenems,1,306,EUCAST,EUCAST required; exact version unavailable in Atlas aggregate,ECDC Surveillance Atlas aggregate,https://atlas.ecdc.europa.eu/public/
EU_EEA,Bulgaria,BGR,2001,Escherichia coli,Blood/invasive,Fluoroquinolones,7,89,EARS-Net mixed/not reported,Not reported in Atlas aggregate,ECDC Surveillance Atlas aggregate,https://atlas.ecdc.europa.eu/public/
EU_EEA,Bulgaria,BGR,2002,Escherichia coli,Blood/invasive,Fluoroquinolones,19,135,EARS-Net mixed/not reported,Not reported in Atlas aggregate,ECDC Surveillance Atlas aggregate,https://atlas.ecdc.europa.eu/public/
EU_EEA,Bulgaria,BGR,2003,Escherichia coli,Blood/invasive,Fluoroquinolones,30,155,EARS-Net mixed/not reported,Not reported in Atlas aggregate,ECDC Surveillance Atlas aggregate,https://atlas.ecdc.europa.eu/public/
EU_EEA,Bulgaria,BGR,2004,Escherichia coli,Blood/invasive,Fluoroquinolones,39,163,EARS-Net mixed/not reported,Not reported in Atlas aggregate,ECDC Surveillance Atlas aggregate,https://atlas.ecdc.europa.eu/public/
EU_EEA,Bulgaria,BGR,2005,Escherichia coli,Blood/invasive,Fluoroquinolones,56,196,EARS-Net mixed/not reported,Not reported in Atlas aggregate,ECDC Surveillance Atlas aggregate,https://atlas.ecdc.europa.eu/public/
EU_EEA,Bulgaria,BGR,2006,Escherichia coli,Blood/invasive,Fluoroquinolones,50,191,EARS-Net mixed/not reported,Not reported in Atlas aggregate,ECDC Surveillance Atlas aggregate,https://atlas.ecdc.europa.eu/public/
EU_EEA,Bulgaria,BGR,2007,Escherichia coli,Blood/invasive,Fluoroquinolones,44,127,EARS-Net mixed/not reported,Not reported in Atlas aggregate,ECDC Surveillance Atlas aggregate,https://atlas.ecdc.europa.eu/public/
EU_EEA,Bulgaria,BGR,2008,Escherichia coli,Blood/invasive,Fluoroquinolones,46,146,EARS-Net mixed/not reported,Not reported in Atlas aggregate,ECDC Surveillance Atlas aggregate,https://atlas.ecdc.europa.eu/public/
EU_EEA,Bulgaria,BGR,2009,Escherichia coli,Blood/invasive,Fluoroquinolones,54,193,EARS-Net mixed/not reported,Not reported in Atlas aggregate,ECDC Surveillance Atlas aggregate,https://atlas.ecdc.europa.eu/public/
EU_EEA,Bulgaria,BGR,2010,Escherichia coli,Blood/invasive,Fluoroquinolones,50,151,EARS-Net mixed/not reported,Not reported in Atlas aggregate,ECDC Surveillance Atlas aggregate,https://atlas.ecdc.europa.eu/public/
EU_EEA,Bulgaria,BGR,2011,Escherichia coli,Blood/invasive,Fluoroquinolones,54,179,EARS-Net mixed/not reported,Not reported in Atlas aggregate,ECDC Surveillance Atlas aggregate,https://atlas.ecdc.europa.eu/public/
EU_EEA,Bulgaria,BGR,2012,Escherichia coli,Blood/invasive,Fluoroquinolones,76,223,EARS-Net mixed/not reported,Not reported in Atlas aggregate,ECDC Surveillance Atlas aggregate,https://atlas.ecdc.europa.eu/public/
EU_EEA,Bulgaria,BGR,2013,Escherichia coli,Blood/invasive,Fluoroquinolones,70,187,EARS-Net mixed/not reported,Not reported in Atlas aggregate,ECDC Surveillance Atlas aggregate,https://atlas.ecdc.europa.eu/public/
EU_EEA,Bulgaria,BGR,2014,Escherichia coli,Blood/invasive,Fluoroquinolones,83,215,EARS-Net mixed/not reported,Not reported in Atlas aggregate,ECDC Surveillance Atlas aggregate,https://atlas.ecdc.europa.eu/public/
EU_EEA,Bulgaria,BGR,2015,Escherichia coli,Blood/invasive,Fluoroquinolones,72,204,EARS-Net mixed/not reported,Not reported in Atlas aggregate,ECDC Surveillance Atlas aggregate,https://atlas.ecdc.europa.eu/public/
EU_EEA,Bulgaria,BGR,2016,Escherichia coli,Blood/invasive,Fluoroquinolones,100,237,EARS-Net mixed/not reported,Not reported in Atlas aggregate,ECDC Surveillance Atlas aggregate,https://atlas.ecdc.europa.eu/public/
EU_EEA,Bulgaria,BGR,2017,Escherichia coli,Blood/invasive,Fluoroquinolones,104,247,EARS-Net mixed/not reported,Not reported in Atlas aggregate,ECDC Surveillance Atlas aggregate,https://atlas.ecdc.europa.eu/public/
EU_EEA,Bulgaria,BGR,2018,Escherichia coli,Blood/invasive,Fluoroquinolones,122,292,EARS-Net mixed/not reported,Not reported in Atlas aggregate,ECDC Surveillance Atlas aggregate,https://atlas.ecdc.europa.eu/public/
EU_EEA,Bulgaria,BGR,2019,Escherichia coli,Blood/invasive,Fluoroquinolones,136,352,EARS-Net mixed/not reported,Not reported in Atlas aggregate,ECDC Surveillance Atlas aggregate,https://atlas.ecdc.europa.eu/public/
EU_EEA,Bulgaria,BGR,2020,Escherichia coli,Blood/invasive,Fluoroquinolones,112,261,EUCAST,EUCAST required; exact version unavailable in Atlas aggregate,ECDC Surveillance Atlas aggregate,https://atlas.ecdc.europa.eu/public/
EU_EEA,Bulgaria,BGR,2021,Escherichia coli,Blood/invasive,Fluoroquinolones,88,263,EUCAST,EUCAST required; exact version unavailable in Atlas aggregate,ECDC Surveillance Atlas aggregate,https://atlas.ecdc.europa.eu/public/
EU_EEA,Bulgaria,BGR,2022,Escherichia coli,Blood/invasive,Fluoroquinolones,97,239,EUCAST,EUCAST required; exact version unavailable in Atlas aggregate,ECDC Surveillance Atlas aggregate,https://atlas.ecdc.europa.eu/public/
EU_EEA,Bulgaria,BGR,2023,Escherichia coli,Blood/invasive,Fluoroquinolones,122,306,EUCAST,EUCAST required; exact version unavailable in Atlas aggregate,ECDC Surveillance Atlas aggregate,https://atlas.ecdc.europa.eu/public/
EU_EEA,Bulgaria,BGR,2001,Escherichia coli,Blood/invasive,Third-generation cephalosporins,6,90,EARS-Net mixed/not reported,Not reported in Atlas aggregate,ECDC Surveillance Atlas aggregate,https://atlas.ecdc.europa.eu/public/
EU_EEA,Bulgaria,BGR,2002,Escherichia coli,Blood/invasive,Third-generation cephalosporins,18,135,EARS-Net mixed/not reported,Not reported in Atlas aggregate,ECDC Surveillance Atlas aggregate,https://atlas.ecdc.europa.eu/public/
EU_EEA,Bulgaria,BGR,2003,Escherichia coli,Blood/invasive,Third-generation cephalosporins,29,158,EARS-Net mixed/not reported,Not reported in Atlas aggregate,ECDC Surveillance Atlas aggregate,https://atlas.ecdc.europa.eu/public/
EU_EEA,Bulgaria,BGR,2004,Escherichia coli,Blood/invasive,Third-generation cephalosporins,36,167,EARS-Net mixed/not reported,Not reported in Atlas aggregate,ECDC Surveillance Atlas aggregate,https://atlas.ecdc.europa.eu/public/
EU_EEA,Bulgaria,BGR,2005,Escherichia coli,Blood/invasive,Third-generation cephalosporins,57,203,EARS-Net mixed/not reported,Not reported in Atlas aggregate,ECDC Surveillance Atlas aggregate,https://atlas.ecdc.europa.eu/public/
EU_EEA,Bulgaria,BGR,2006,Escherichia coli,Blood/invasive,Third-generation cephalosporins,56,196,EARS-Net mixed/not reported,Not reported in Atlas aggregate,ECDC Surveillance Atlas aggregate,https://atlas.ecdc.europa.eu/public/
EU_EEA,Bulgaria,BGR,2007,Escherichia coli,Blood/invasive,Third-generation cephalosporins,29,127,EARS-Net mixed/not reported,Not reported in Atlas aggregate,ECDC Surveillance Atlas aggregate,https://atlas.ecdc.europa.eu/public/
EU_EEA,Bulgaria,BGR,2008,Escherichia coli,Blood/invasive,Third-generation cephalosporins,43,147,EARS-Net mixed/not reported,Not reported in Atlas aggregate,ECDC Surveillance Atlas aggregate,https://atlas.ecdc.europa.eu/public/
EU_EEA,Bulgaria,BGR,2009,Escherichia coli,Blood/invasive,Third-generation cephalosporins,37,193,EARS-Net mixed/not reported,Not reported in Atlas aggregate,ECDC Surveillance Atlas aggregate,https://atlas.ecdc.europa.eu/public/
EU_EEA,Bulgaria,BGR,2010,Escherichia coli,Blood/invasive,Third-generation cephalosporins,38,153,EARS-Net mixed/not reported,Not reported in Atlas aggregate,ECDC Surveillance Atlas aggregate,https://atlas.ecdc.europa.eu/public/
EU_EEA,Bulgaria,BGR,2011,Escherichia coli,Blood/invasive,Third-generation cephalosporins,41,179,EARS-Net mixed/not reported,Not reported in Atlas aggregate,ECDC Surveillance Atlas aggregate,https://atlas.ecdc.europa.eu/public/
EU_EEA,Bulgaria,BGR,2012,Escherichia coli,Blood/invasive,Third-generation cephalosporins,85,223,EARS-Net mixed/not reported,Not reported in Atlas aggregate,ECDC Surveillance Atlas aggregate,https://atlas.ecdc.europa.eu/public/
EU_EEA,Bulgaria,BGR,2013,Escherichia coli,Blood/invasive,Third-generation cephalosporins,74,187,EARS-Net mixed/not reported,Not reported in Atlas aggregate,ECDC Surveillance Atlas aggregate,https://atlas.ecdc.europa.eu/public/
EU_EEA,Bulgaria,BGR,2014,Escherichia coli,Blood/invasive,Third-generation cephalosporins,88,218,EARS-Net mixed/not reported,Not reported in Atlas aggregate,ECDC Surveillance Atlas aggregate,https://atlas.ecdc.europa.eu/public/
EU_EEA,Bulgaria,BGR,2015,Escherichia coli,Blood/invasive,Third-generation cephalosporins,79,205,EARS-Net mixed/not reported,Not reported in Atlas aggregate,ECDC Surveillance Atlas aggregate,https://atlas.ecdc.europa.eu/public/
EU_EEA,Bulgaria,BGR,2016,Escherichia coli,Blood/invasive,Third-generation cephalosporins,99,238,EARS-Net mixed/not reported,Not reported in Atlas aggregate,ECDC Surveillance Atlas aggregate,https://atlas.ecdc.europa.eu/public/
EU_EEA,Bulgaria,BGR,2017,Escherichia coli,Blood/invasive,Third-generation cephalosporins,102,247,EARS-Net mixed/not reported,Not reported in Atlas aggregate,ECDC Surveillance Atlas aggregate,https://atlas.ecdc.europa.eu/public/
EU_EEA,Bulgaria,BGR,2018,Escherichia coli,Blood/invasive,Third-generation cephalosporins,113,292,EARS-Net mixed/not reported,Not reported in Atlas aggregate,ECDC Surveillance Atlas aggregate,https://atlas.ecdc.europa.eu/public/
EU_EEA,Bulgaria,BGR,2019,Escherichia coli,Blood/invasive,Third-generation cephalosporins,136,352,EARS-Net mixed/not reported,Not reported in Atlas aggregate,ECDC Surveillance Atlas aggregate,https://atlas.ecdc.europa.eu/public/
EU_EEA,Bulgaria,BGR,2020,Escherichia coli,Blood/invasive,Third-generation cephalosporins,108,261,EUCAST,EUCAST required; exact version unavailable in Atlas aggregate,ECDC Surveillance Atlas aggregate,https://atlas.ecdc.europa.eu/public/
EU_EEA,Bulgaria,BGR,2021,Escherichia coli,Blood/invasive,Third-generation cephalosporins,98,263,EUCAST,EUCAST required; exact version unavailable in Atlas aggregate,ECDC Surveillance Atlas aggregate,https://atlas.ecdc.europa.eu/public/
EU_EEA,Bulgaria,BGR,2022,Escherichia coli,Blood/invasive,Third-generation cephalosporins,96,239,EUCAST,EUCAST required; exact version unavailable in Atlas aggregate,ECDC Surveillance Atlas aggregate,https://atlas.ecdc.europa.eu/public/
EU_EEA,Bulgaria,BGR,2023,Escherichia coli,Blood/invasive,Third-generation cephalosporins,114,306,EUCAST,EUCAST required; exact version unavailable in Atlas aggregate,ECDC Surveillance Atlas aggregate,https://atlas.ecdc.europa.eu/public/
EU_EEA,Cyprus,CYP,2003,Escherichia coli,Blood/invasive,Aminoglycosides,2,19,EARS-Net mixed/not reported,Not reported in Atlas aggregate,ECDC Surveillance Atlas aggregate,https://atlas.ecdc.europa.eu/public/
EU_EEA,Cyprus,CYP,2004,Escherichia coli,Blood/invasive,Aminoglycosides,5,46,EARS-Net mixed/not reported,Not reported in Atlas aggregate,ECDC Surveillance Atlas aggregate,https://atlas.ecdc.europa.eu/public/
EU_EEA,Cyprus,CYP,2005,Escherichia coli,Blood/invasive,Aminoglycosides,9,75,EARS-Net mixed/not reported,Not reported in Atlas aggregate,ECDC Surveillance Atlas aggregate,https://atlas.ecdc.europa.eu/public/
EU_EEA,Cyprus,CYP,2006,Escherichia coli,Blood/invasive,Aminoglycosides,7,90,EARS-Net mixed/not reported,Not reported in Atlas aggregate,ECDC Surveillance Atlas aggregate,https://atlas.ecdc.europa.eu/public/
EU_EEA,Cyprus,CYP,2007,Escherichia coli,Blood/invasive,Aminoglycosides,12,109,EARS-Net mixed/not reported,Not reported in Atlas aggregate,ECDC Surveillance Atlas aggregate,https://atlas.ecdc.europa.eu/public/
EU_EEA,Cyprus,CYP,2008,Escherichia coli,Blood/invasive,Aminoglycosides,12,119,EARS-Net mixed/not reported,Not reported in Atlas aggregate,ECDC Surveillance Atlas aggregate,https://atlas.ecdc.europa.eu/public/
EU_EEA,Cyprus,CYP,2009,Escherichia coli,Blood/invasive,Aminoglycosides,13,136,EARS-Net mixed/not reported,Not reported in Atlas aggregate,ECDC Surveillance Atlas aggregate,https://atlas.ecdc.europa.eu/public/
EU_EEA,Cyprus,CYP,2010,Escherichia coli,Blood/invasive,Aminoglycosides,22,138,EARS-Net mixed/not reported,Not reported in Atlas aggregate,ECDC Surveillance Atlas aggregate,https://atlas.ecdc.europa.eu/public/
EU_EEA,Cyprus,CYP,2011,Escherichia coli,Blood/invasive,Aminoglycosides,32,138,EARS-Net mixed/not reported,Not reported in Atlas aggregate,ECDC Surveillance Atlas aggregate,https://atlas.ecdc.europa.eu/public/
EU_EEA,Cyprus,CYP,2012,Escherichia coli,Blood/invasive,Aminoglycosides,37,176,EARS-Net mixed/not reported,Not reported in Atlas aggregate,ECDC Surveillance Atlas aggregate,https://atlas.ecdc.europa.eu/public/
EU_EEA,Cyprus,CYP,2013,Escherichia coli,Blood/invasive,Aminoglycosides,40,162,EARS-Net mixed/not reported,Not reported in Atlas aggregate,ECDC Surveillance Atlas aggregate,https://atlas.ecdc.europa.eu/public/
EU_EEA,Cyprus,CYP,2014,Escherichia coli,Blood/invasive,Aminoglycosides,27,153,EARS-Net mixed/not reported,Not reported in Atlas aggregate,ECDC Surveillance Atlas aggregate,https://atlas.ecdc.europa.eu/public/
EU_EEA,Cyprus,CYP,2015,Escherichia coli,Blood/invasive,Aminoglycosides,17,123,EARS-Net mixed/not reported,Not reported in Atlas aggregate,ECDC Surveillance Atlas aggregate,https://atlas.ecdc.europa.eu/public/
EU_EEA,Cyprus,CYP,2016,Escherichia coli,Blood/invasive,Aminoglycosides,24,149,EARS-Net mixed/not reported,Not reported in Atlas aggregate,ECDC Surveillance Atlas aggregate,https://atlas.ecdc.europa.eu/public/
EU_EEA,Cyprus,CYP,2017,Escherichia coli,Blood/invasive,Aminoglycosides,34,156,EARS-Net mixed/not reported,Not reported in Atlas aggregate,ECDC Surveillance Atlas aggregate,https://atlas.ecdc.europa.eu/public/
EU_EEA,Cyprus,CYP,2018,Escherichia coli,Blood/invasive,Aminoglycosides,30,151,EARS-Net mixed/not reported,Not reported in Atlas aggregate,ECDC Surveillance Atlas aggregate,https://atlas.ecdc.europa.eu/public/
EU_EEA,Cyprus,CYP,2019,Escherichia coli,Blood/invasive,Aminoglycosides,10,92,EARS-Net mixed/not reported,Not reported in Atlas aggregate,ECDC Surveillance Atlas aggregate,https://atlas.ecdc.europa.eu/public/
EU_EEA,Cyprus,CYP,2020,Escherichia coli,Blood/invasive,Aminoglycosides,24,114,EUCAST,EUCAST required; exact version unavailable in Atlas aggregate,ECDC Surveillance Atlas aggregate,https://atlas.ecdc.europa.eu/public/
EU_EEA,Cyprus,CYP,2021,Escherichia coli,Blood/invasive,Aminoglycosides,38,192,EUCAST,EUCAST required; exact version unavailable in Atlas aggregate,ECDC Surveillance Atlas aggregate,https://atlas.ecdc.europa.eu/public/
EU_EEA,Cyprus,CYP,2022,Escherichia coli,Blood/invasive,Aminoglycosides,34,224,EUCAST,EUCAST required; exact version unavailable in Atlas aggregate,ECDC Surveillance Atlas aggregate,https://atlas.ecdc.europa.eu/public/
EU_EEA,Cyprus,CYP,2023,Escherichia coli,Blood/invasive,Aminoglycosides,61,330,EUCAST,EUCAST required; exact version unavailable in Atlas aggregate,ECDC Surveillance Atlas aggregate,https://atlas.ecdc.europa.eu/public/
EU_EEA,Cyprus,CYP,2003,Escherichia coli,Blood/invasive,Aminopenicillins,12,19,EARS-Net mixed/not reported,Not reported in Atlas aggregate,ECDC Surveillance Atlas aggregate,https://atlas.ecdc.europa.eu/public/
EU_EEA,Cyprus,CYP,2004,Escherichia coli,Blood/invasive,Aminopenicillins,28,46,EARS-Net mixed/not reported,Not reported in Atlas aggregate,ECDC Surveillance Atlas aggregate,https://atlas.ecdc.europa.eu/public/
EU_EEA,Cyprus,CYP,2005,Escherichia coli,Blood/invasive,Aminopenicillins,54,75,EARS-Net mixed/not reported,Not reported in Atlas aggregate,ECDC Surveillance Atlas aggregate,https://atlas.ecdc.europa.eu/public/
EU_EEA,Cyprus,CYP,2006,Escherichia coli,Blood/invasive,Aminopenicillins,56,90,EARS-Net mixed/not reported,Not reported in Atlas aggregate,ECDC Surveillance Atlas aggregate,https://atlas.ecdc.europa.eu/public/
EU_EEA,Cyprus,CYP,2007,Escherichia coli,Blood/invasive,Aminopenicillins,79,109,EARS-Net mixed/not reported,Not reported in Atlas aggregate,ECDC Surveillance Atlas aggregate,https://atlas.ecdc.europa.eu/public/
EU_EEA,Cyprus,CYP,2008,Escherichia coli,Blood/invasive,Aminopenicillins,69,119,EARS-Net mixed/not reported,Not reported in Atlas aggregate,ECDC Surveillance Atlas aggregate,https://atlas.ecdc.europa.eu/public/
EU_EEA,Cyprus,CYP,2009,Escherichia coli,Blood/invasive,Aminopenicillins,90,136,EARS-Net mixed/not reported,Not reported in Atlas aggregate,ECDC Surveillance Atlas aggregate,https://atlas.ecdc.europa.eu/public/
EU_EEA,Cyprus,CYP,2010,Escherichia coli,Blood/invasive,Aminopenicillins,85,137,EARS-Net mixed/not reported,Not reported in Atlas aggregate,ECDC Surveillance Atlas aggregate,https://atlas.ecdc.europa.eu/public/
EU_EEA,Cyprus,CYP,2011,Escherichia coli,Blood/invasive,Aminopenicillins,104,134,EARS-Net mixed/not reported,Not reported in Atlas aggregate,ECDC Surveillance Atlas aggregate,https://atlas.ecdc.europa.eu/public/
EU_EEA,Cyprus,CYP,2012,Escherichia coli,Blood/invasive,Aminopenicillins,124,176,EARS-Net mixed/not reported,Not reported in Atlas aggregate,ECDC Surveillance Atlas aggregate,https://atlas.ecdc.europa.eu/public/
EU_EEA,Cyprus,CYP,2013,Escherichia coli,Blood/invasive,Aminopenicillins,125,162,EARS-Net mixed/not reported,Not reported in Atlas aggregate,ECDC Surveillance Atlas aggregate,https://atlas.ecdc.europa.eu/public/
EU_EEA,Cyprus,CYP,2014,Escherichia coli,Blood/invasive,Aminopenicillins,109,153,EARS-Net mixed/not reported,Not reported in Atlas aggregate,ECDC Surveillance Atlas aggregate,https://atlas.ecdc.europa.eu/public/
EU_EEA,Cyprus,CYP,2015,Escherichia coli,Blood/invasive,Aminopenicillins,84,123,EARS-Net mixed/not reported,Not reported in Atlas aggregate,ECDC Surveillance Atlas aggregate,https://atlas.ecdc.europa.eu/public/
EU_EEA,Cyprus,CYP,2016,Escherichia coli,Blood/invasive,Aminopenicillins,103,149,EARS-Net mixed/not reported,Not reported in Atlas aggregate,ECDC Surveillance Atlas aggregate,https://atlas.ecdc.europa.eu/public/
EU_EEA,Cyprus,CYP,2017,Escherichia coli,Blood/invasive,Aminopenicillins,102,156,EARS-Net mixed/not reported,Not reported in Atlas aggregate,ECDC Surveillance Atlas aggregate,https://atlas.ecdc.europa.eu/public/
EU_EEA,Cyprus,CYP,2018,Escherichia coli,Blood/invasive,Aminopenicillins,98,151,EARS-Net mixed/not reported,Not reported in Atlas aggregate,ECDC Surveillance Atlas aggregate,https://atlas.ecdc.europa.eu/public/
EU_EEA,Cyprus,CYP,2019,Escherichia coli,Blood/invasive,Aminopenicillins,66,92,EARS-Net mixed/not reported,Not reported in Atlas aggregate,ECDC Surveillance Atlas aggregate,https://atlas.ecdc.europa.eu/public/
EU_EEA,Cyprus,CYP,2020,Escherichia coli,Blood/invasive,Aminopenicillins,77,114,EUCAST,EUCAST required; exact version unavailable in Atlas aggregate,ECDC Surveillance Atlas aggregate,https://atlas.ecdc.europa.eu/public/
EU_EEA,Cyprus,CYP,2021,Escherichia coli,Blood/invasive,Aminopenicillins,134,191,EUCAST,EUCAST required; exact version unavailable in Atlas aggregate,ECDC Surveillance Atlas aggregate,https://atlas.ecdc.europa.eu/public/
EU_EEA,Cyprus,CYP,2022,Escherichia coli,Blood/invasive,Aminopenicillins,141,223,EUCAST,EUCAST required; exact version unavailable in Atlas aggregate,ECDC Surveillance Atlas aggregate,https://atlas.ecdc.europa.eu/public/
EU_EEA,Cyprus,CYP,2023,Escherichia coli,Blood/invasive,Aminopenicillins,226,328,EUCAST,EUCAST required; exact version unavailable in Atlas aggregate,ECDC Surveillance Atlas aggregate,https://atlas.ecdc.europa.eu/public/
EU_EEA,Cyprus,CYP,2003,Escherichia coli,Blood/invasive,Carbapenems,0,19,EARS-Net mixed/not reported,Not reported in Atlas aggregate,ECDC Surveillance Atlas aggregate,https://atlas.ecdc.europa.eu/public/
EU_EEA,Cyprus,CYP,2004,Escherichia coli,Blood/invasive,Carbapenems,0,46,EARS-Net mixed/not reported,Not reported in Atlas aggregate,ECDC Surveillance Atlas aggregate,https://atlas.ecdc.europa.eu/public/
EU_EEA,Cyprus,CYP,2005,Escherichia coli,Blood/invasive,Carbapenems,0,73,EARS-Net mixed/not reported,Not reported in Atlas aggregate,ECDC Surveillance Atlas aggregate,https://atlas.ecdc.europa.eu/public/
EU_EEA,Cyprus,CYP,2006,Escherichia coli,Blood/invasive,Carbapenems,0,90,EARS-Net mixed/not reported,Not reported in Atlas aggregate,ECDC Surveillance Atlas aggregate,https://atlas.ecdc.europa.eu/public/
EU_EEA,Cyprus,CYP,2007,Escherichia coli,Blood/invasive,Carbapenems,2,108,EARS-Net mixed/not reported,Not reported in Atlas aggregate,ECDC Surveillance Atlas aggregate,https://atlas.ecdc.europa.eu/public/
EU_EEA,Cyprus,CYP,2008,Escherichia coli,Blood/invasive,Carbapenems,0,119,EARS-Net mixed/not reported,Not reported in Atlas aggregate,ECDC Surveillance Atlas aggregate,https://atlas.ecdc.europa.eu/public/
EU_EEA,Cyprus,CYP,2009,Escherichia coli,Blood/invasive,Carbapenems,0,133,EARS-Net mixed/not reported,Not reported in Atlas aggregate,ECDC Surveillance Atlas aggregate,https://atlas.ecdc.europa.eu/public/
EU_EEA,Cyprus,CYP,2010,Escherichia coli,Blood/invasive,Carbapenems,1,138,EARS-Net mixed/not reported,Not reported in Atlas aggregate,ECDC Surveillance Atlas aggregate,https://atlas.ecdc.europa.eu/public/
EU_EEA,Cyprus,CYP,2011,Escherichia coli,Blood/invasive,Carbapenems,1,138,EARS-Net mixed/not reported,Not reported in Atlas aggregate,ECDC Surveillance Atlas aggregate,https://atlas.ecdc.europa.eu/public/
EU_EEA,Cyprus,CYP,2012,Escherichia coli,Blood/invasive,Carbapenems,0,176,EARS-Net mixed/not reported,Not reported in Atlas aggregate,ECDC Surveillance Atlas aggregate,https://atlas.ecdc.europa.eu/public/
EU_EEA,Cyprus,CYP,2013,Escherichia coli,Blood/invasive,Carbapenems,0,162,EARS-Net mixed/not reported,Not reported in Atlas aggregate,ECDC Surveillance Atlas aggregate,https://atlas.ecdc.europa.eu/public/
EU_EEA,Cyprus,CYP,2014,Escherichia coli,Blood/invasive,Carbapenems,0,153,EARS-Net mixed/not reported,Not reported in Atlas aggregate,ECDC Surveillance Atlas aggregate,https://atlas.ecdc.europa.eu/public/
EU_EEA,Cyprus,CYP,2015,Escherichia coli,Blood/invasive,Carbapenems,0,123,EARS-Net mixed/not reported,Not reported in Atlas aggregate,ECDC Surveillance Atlas aggregate,https://atlas.ecdc.europa.eu/public/
EU_EEA,Cyprus,CYP,2016,Escherichia coli,Blood/invasive,Carbapenems,0,149,EARS-Net mixed/not reported,Not reported in Atlas aggregate,ECDC Surveillance Atlas aggregate,https://atlas.ecdc.europa.eu/public/
EU_EEA,Cyprus,CYP,2017,Escherichia coli,Blood/invasive,Carbapenems,2,156,EARS-Net mixed/not reported,Not reported in Atlas aggregate,ECDC Surveillance Atlas aggregate,https://atlas.ecdc.europa.eu/public/
EU_EEA,Cyprus,CYP,2018,Escherichia coli,Blood/invasive,Carbapenems,3,150,EARS-Net mixed/not reported,Not reported in Atlas aggregate,ECDC Surveillance Atlas aggregate,https://atlas.ecdc.europa.eu/public/
EU_EEA,Cyprus,CYP,2019,Escherichia coli,Blood/invasive,Carbapenems,0,92,EARS-Net mixed/not reported,Not reported in Atlas aggregate,ECDC Surveillance Atlas aggregate,https://atlas.ecdc.europa.eu/public/
EU_EEA,Cyprus,CYP,2020,Escherichia coli,Blood/invasive,Carbapenems,0,114,EUCAST,EUCAST required; exact version unavailable in Atlas aggregate,ECDC Surveillance Atlas aggregate,https://atlas.ecdc.europa.eu/public/
EU_EEA,Cyprus,CYP,2021,Escherichia coli,Blood/invasive,Carbapenems,2,192,EUCAST,EUCAST required; exact version unavailable in Atlas aggregate,ECDC Surveillance Atlas aggregate,https://atlas.ecdc.europa.eu/public/
EU_EEA,Cyprus,CYP,2022,Escherichia coli,Blood/invasive,Carbapenems,2,212,EUCAST,EUCAST required; exact version unavailable in Atlas aggregate,ECDC Surveillance Atlas aggregate,https://atlas.ecdc.europa.eu/public/
EU_EEA,Cyprus,CYP,2023,Escherichia coli,Blood/invasive,Carbapenems,3,331,EUCAST,EUCAST required; exact version unavailable in Atlas aggregate,ECDC Surveillance Atlas aggregate,https://atlas.ecdc.europa.eu/public/
EU_EEA,Cyprus,CYP,2003,Escherichia coli,Blood/invasive,Fluoroquinolones,6,19,EARS-Net mixed/not reported,Not reported in Atlas aggregate,ECDC Surveillance Atlas aggregate,https://atlas.ecdc.europa.eu/public/
EU_EEA,Cyprus,CYP,2004,Escherichia coli,Blood/invasive,Fluoroquinolones,10,46,EARS-Net mixed/not reported,Not reported in Atlas aggregate,ECDC Surveillance Atlas aggregate,https://atlas.ecdc.europa.eu/public/
EU_EEA,Cyprus,CYP,2005,Escherichia coli,Blood/invasive,Fluoroquinolones,21,73,EARS-Net mixed/not reported,Not reported in Atlas aggregate,ECDC Surveillance Atlas aggregate,https://atlas.ecdc.europa.eu/public/
EU_EEA,Cyprus,CYP,2006,Escherichia coli,Blood/invasive,Fluoroquinolones,31,89,EARS-Net mixed/not reported,Not reported in Atlas aggregate,ECDC Surveillance Atlas aggregate,https://atlas.ecdc.europa.eu/public/
EU_EEA,Cyprus,CYP,2007,Escherichia coli,Blood/invasive,Fluoroquinolones,43,109,EARS-Net mixed/not reported,Not reported in Atlas aggregate,ECDC Surveillance Atlas aggregate,https://atlas.ecdc.europa.eu/public/
EU_EEA,Cyprus,CYP,2008,Escherichia coli,Blood/invasive,Fluoroquinolones,54,119,EARS-Net mixed/not reported,Not reported in Atlas aggregate,ECDC Surveillance Atlas aggregate,https://atlas.ecdc.europa.eu/public/
EU_EEA,Cyprus,CYP,2009,Escherichia coli,Blood/invasive,Fluoroquinolones,59,136,EARS-Net mixed/not reported,Not reported in Atlas aggregate,ECDC Surveillance Atlas aggregate,https://atlas.ecdc.europa.eu/public/
EU_EEA,Cyprus,CYP,2010,Escherichia coli,Blood/invasive,Fluoroquinolones,59,138,EARS-Net mixed/not reported,Not reported in Atlas aggregate,ECDC Surveillance Atlas aggregate,https://atlas.ecdc.europa.eu/public/
EU_EEA,Cyprus,CYP,2011,Escherichia coli,Blood/invasive,Fluoroquinolones,65,137,EARS-Net mixed/not reported,Not reported in Atlas aggregate,ECDC Surveillance Atlas aggregate,https://atlas.ecdc.europa.eu/public/
EU_EEA,Cyprus,CYP,2012,Escherichia coli,Blood/invasive,Fluoroquinolones,74,176,EARS-Net mixed/not reported,Not reported in Atlas aggregate,ECDC Surveillance Atlas aggregate,https://atlas.ecdc.europa.eu/public/
EU_EEA,Cyprus,CYP,2013,Escherichia coli,Blood/invasive,Fluoroquinolones,84,162,EARS-Net mixed/not reported,Not reported in Atlas aggregate,ECDC Surveillance Atlas aggregate,https://atlas.ecdc.europa.eu/public/
EU_EEA,Cyprus,CYP,2014,Escherichia coli,Blood/invasive,Fluoroquinolones,71,153,EARS-Net mixed/not reported,Not reported in Atlas aggregate,ECDC Surveillance Atlas aggregate,https://atlas.ecdc.europa.eu/public/
EU_EEA,Cyprus,CYP,2015,Escherichia coli,Blood/invasive,Fluoroquinolones,56,123,EARS-Net mixed/not reported,Not reported in Atlas aggregate,ECDC Surveillance Atlas aggregate,https://atlas.ecdc.europa.eu/public/
EU_EEA,Cyprus,CYP,2016,Escherichia coli,Blood/invasive,Fluoroquinolones,70,149,EARS-Net mixed/not reported,Not reported in Atlas aggregate,ECDC Surveillance Atlas aggregate,https://atlas.ecdc.europa.eu/public/
EU_EEA,Cyprus,CYP,2017,Escherichia coli,Blood/invasive,Fluoroquinolones,67,156,EARS-Net mixed/not reported,Not reported in Atlas aggregate,ECDC Surveillance Atlas aggregate,https://atlas.ecdc.europa.eu/public/
EU_EEA,Cyprus,CYP,2018,Escherichia coli,Blood/invasive,Fluoroquinolones,64,151,EARS-Net mixed/not reported,Not reported in Atlas aggregate,ECDC Surveillance Atlas aggregate,https://atlas.ecdc.europa.eu/public/
EU_EEA,Cyprus,CYP,2019,Escherichia coli,Blood/invasive,Fluoroquinolones,40,92,EARS-Net mixed/not reported,Not reported in Atlas aggregate,ECDC Surveillance Atlas aggregate,https://atlas.ecdc.europa.eu/public/
EU_EEA,Cyprus,CYP,2020,Escherichia coli,Blood/invasive,Fluoroquinolones,55,114,EUCAST,EUCAST required; exact version unavailable in Atlas aggregate,ECDC Surveillance Atlas aggregate,https://atlas.ecdc.europa.eu/public/
EU_EEA,Cyprus,CYP,2021,Escherichia coli,Blood/invasive,Fluoroquinolones,99,192,EUCAST,EUCAST required; exact version unavailable in Atlas aggregate,ECDC Surveillance Atlas aggregate,https://atlas.ecdc.europa.eu/public/
EU_EEA,Cyprus,CYP,2022,Escherichia coli,Blood/invasive,Fluoroquinolones,102,220,EUCAST,EUCAST required; exact version unavailable in Atlas aggregate,ECDC Surveillance Atlas aggregate,https://atlas.ecdc.europa.eu/public/
EU_EEA,Cyprus,CYP,2023,Escherichia coli,Blood/invasive,Fluoroquinolones,142,331,EUCAST,EUCAST required; exact version unavailable in Atlas aggregate,ECDC Surveillance Atlas aggregate,https://atlas.ecdc.europa.eu/public/
EU_EEA,Cyprus,CYP,2003,Escherichia coli,Blood/invasive,Third-generation cephalosporins,2,19,EARS-Net mixed/not reported,Not reported in Atlas aggregate,ECDC Surveillance Atlas aggregate,https://atlas.ecdc.europa.eu/public/
EU_EEA,Cyprus,CYP,2004,Escherichia coli,Blood/invasive,Third-generation cephalosporins,4,46,EARS-Net mixed/not reported,Not reported in Atlas aggregate,ECDC Surveillance Atlas aggregate,https://atlas.ecdc.europa.eu/public/
EU_EEA,Cyprus,CYP,2005,Escherichia coli,Blood/invasive,Third-generation cephalosporins,12,75,EARS-Net mixed/not reported,Not reported in Atlas aggregate,ECDC Surveillance Atlas aggregate,https://atlas.ecdc.europa.eu/public/
EU_EEA,Cyprus,CYP,2006,Escherichia coli,Blood/invasive,Third-generation cephalosporins,14,90,EARS-Net mixed/not reported,Not reported in Atlas aggregate,ECDC Surveillance Atlas aggregate,https://atlas.ecdc.europa.eu/public/
EU_EEA,Cyprus,CYP,2007,Escherichia coli,Blood/invasive,Third-generation cephalosporins,20,109,EARS-Net mixed/not reported,Not reported in Atlas aggregate,ECDC Surveillance Atlas aggregate,https://atlas.ecdc.europa.eu/public/
EU_EEA,Cyprus,CYP,2008,Escherichia coli,Blood/invasive,Third-generation cephalosporins,23,119,EARS-Net mixed/not reported,Not reported in Atlas aggregate,ECDC Surveillance Atlas aggregate,https://atlas.ecdc.europa.eu/public/
EU_EEA,Cyprus,CYP,2009,Escherichia coli,Blood/invasive,Third-generation cephalosporins,19,136,EARS-Net mixed/not reported,Not reported in Atlas aggregate,ECDC Surveillance Atlas aggregate,https://atlas.ecdc.europa.eu/public/
EU_EEA,Cyprus,CYP,2010,Escherichia coli,Blood/invasive,Third-generation cephalosporins,28,139,EARS-Net mixed/not reported,Not reported in Atlas aggregate,ECDC Surveillance Atlas aggregate,https://atlas.ecdc.europa.eu/public/
EU_EEA,Cyprus,CYP,2011,Escherichia coli,Blood/invasive,Third-generation cephalosporins,50,138,EARS-Net mixed/not reported,Not reported in Atlas aggregate,ECDC Surveillance Atlas aggregate,https://atlas.ecdc.europa.eu/public/
EU_EEA,Cyprus,CYP,2012,Escherichia coli,Blood/invasive,Third-generation cephalosporins,56,176,EARS-Net mixed/not reported,Not reported in Atlas aggregate,ECDC Surveillance Atlas aggregate,https://atlas.ecdc.europa.eu/public/
EU_EEA,Cyprus,CYP,2013,Escherichia coli,Blood/invasive,Third-generation cephalosporins,63,162,EARS-Net mixed/not reported,Not reported in Atlas aggregate,ECDC Surveillance Atlas aggregate,https://atlas.ecdc.europa.eu/public/
EU_EEA,Cyprus,CYP,2014,Escherichia coli,Blood/invasive,Third-generation cephalosporins,44,153,EARS-Net mixed/not reported,Not reported in Atlas aggregate,ECDC Surveillance Atlas aggregate,https://atlas.ecdc.europa.eu/public/
EU_EEA,Cyprus,CYP,2015,Escherichia coli,Blood/invasive,Third-generation cephalosporins,35,123,EARS-Net mixed/not reported,Not reported in Atlas aggregate,ECDC Surveillance Atlas aggregate,https://atlas.ecdc.europa.eu/public/
EU_EEA,Cyprus,CYP,2016,Escherichia coli,Blood/invasive,Third-generation cephalosporins,45,149,EARS-Net mixed/not reported,Not reported in Atlas aggregate,ECDC Surveillance Atlas aggregate,https://atlas.ecdc.europa.eu/public/
EU_EEA,Cyprus,CYP,2017,Escherichia coli,Blood/invasive,Third-generation cephalosporins,48,156,EARS-Net mixed/not reported,Not reported in Atlas aggregate,ECDC Surveillance Atlas aggregate,https://atlas.ecdc.europa.eu/public/
EU_EEA,Cyprus,CYP,2018,Escherichia coli,Blood/invasive,Third-generation cephalosporins,56,151,EARS-Net mixed/not reported,Not reported in Atlas aggregate,ECDC Surveillance Atlas aggregate,https://atlas.ecdc.europa.eu/public/
EU_EEA,Cyprus,CYP,2019,Escherichia coli,Blood/invasive,Third-generation cephalosporins,19,92,EARS-Net mixed/not reported,Not reported in Atlas aggregate,ECDC Surveillance Atlas aggregate,https://atlas.ecdc.europa.eu/public/
EU_EEA,Cyprus,CYP,2020,Escherichia coli,Blood/invasive,Third-generation cephalosporins,34,114,EUCAST,EUCAST required; exact version unavailable in Atlas aggregate,ECDC Surveillance Atlas aggregate,https://atlas.ecdc.europa.eu/public/
EU_EEA,Cyprus,CYP,2021,Escherichia coli,Blood/invasive,Third-generation cephalosporins,63,192,EUCAST,EUCAST required; exact version unavailable in Atlas aggregate,ECDC Surveillance Atlas aggregate,https://atlas.ecdc.europa.eu/public/
EU_EEA,Cyprus,CYP,2022,Escherichia coli,Blood/invasive,Third-generation cephalosporins,73,225,EUCAST,EUCAST required; exact version unavailable in Atlas aggregate,ECDC Surveillance Atlas aggregate,https://atlas.ecdc.europa.eu/public/
EU_EEA,Cyprus,CYP,2023,Escherichia coli,Blood/invasive,Third-generation cephalosporins,115,331,EUCAST,EUCAST required; exact version unavailable in Atlas aggregate,ECDC Surveillance Atlas aggregate,https://atlas.ecdc.europa.eu/public/
EU_EEA,Czechia,CZE,2001,Escherichia coli,Blood/invasive,Aminoglycosides,64,1176,EARS-Net mixed/not reported,Not reported in Atlas aggregate,ECDC Surveillance Atlas aggregate,https://atlas.ecdc.europa.eu/public/
EU_EEA,Czechia,CZE,2002,Escherichia coli,Blood/invasive,Aminoglycosides,94,1587,EARS-Net mixed/not reported,Not reported in Atlas aggregate,ECDC Surveillance Atlas aggregate,https://atlas.ecdc.europa.eu/public/
EU_EEA,Czechia,CZE,2003,Escherichia coli,Blood/invasive,Aminoglycosides,94,1765,EARS-Net mixed/not reported,Not reported in Atlas aggregate,ECDC Surveillance Atlas aggregate,https://atlas.ecdc.europa.eu/public/
EU_EEA,Czechia,CZE,2004,Escherichia coli,Blood/invasive,Aminoglycosides,98,1966,EARS-Net mixed/not reported,Not reported in Atlas aggregate,ECDC Surveillance Atlas aggregate,https://atlas.ecdc.europa.eu/public/
EU_EEA,Czechia,CZE,2005,Escherichia coli,Blood/invasive,Aminoglycosides,139,2234,EARS-Net mixed/not reported,Not reported in Atlas aggregate,ECDC Surveillance Atlas aggregate,https://atlas.ecdc.europa.eu/public/
EU_EEA,Czechia,CZE,2006,Escherichia coli,Blood/invasive,Aminoglycosides,133,2153,EARS-Net mixed/not reported,Not reported in Atlas aggregate,ECDC Surveillance Atlas aggregate,https://atlas.ecdc.europa.eu/public/
EU_EEA,Czechia,CZE,2007,Escherichia coli,Blood/invasive,Aminoglycosides,168,2407,EARS-Net mixed/not reported,Not reported in Atlas aggregate,ECDC Surveillance Atlas aggregate,https://atlas.ecdc.europa.eu/public/
EU_EEA,Czechia,CZE,2008,Escherichia coli,Blood/invasive,Aminoglycosides,225,2738,EARS-Net mixed/not reported,Not reported in Atlas aggregate,ECDC Surveillance Atlas aggregate,https://atlas.ecdc.europa.eu/public/
EU_EEA,Czechia,CZE,2009,Escherichia coli,Blood/invasive,Aminoglycosides,221,2739,EARS-Net mixed/not reported,Not reported in Atlas aggregate,ECDC Surveillance Atlas aggregate,https://atlas.ecdc.europa.eu/public/
EU_EEA,Czechia,CZE,2010,Escherichia coli,Blood/invasive,Aminoglycosides,194,2447,EARS-Net mixed/not reported,Not reported in Atlas aggregate,ECDC Surveillance Atlas aggregate,https://atlas.ecdc.europa.eu/public/
EU_EEA,Czechia,CZE,2011,Escherichia coli,Blood/invasive,Aminoglycosides,219,2670,EARS-Net mixed/not reported,Not reported in Atlas aggregate,ECDC Surveillance Atlas aggregate,https://atlas.ecdc.europa.eu/public/
EU_EEA,Czechia,CZE,2012,Escherichia coli,Blood/invasive,Aminoglycosides,230,2812,EARS-Net mixed/not reported,Not reported in Atlas aggregate,ECDC Surveillance Atlas aggregate,https://atlas.ecdc.europa.eu/public/
EU_EEA,Czechia,CZE,2013,Escherichia coli,Blood/invasive,Aminoglycosides,268,2957,EARS-Net mixed/not reported,Not reported in Atlas aggregate,ECDC Surveillance Atlas aggregate,https://atlas.ecdc.europa.eu/public/
EU_EEA,Czechia,CZE,2014,Escherichia coli,Blood/invasive,Aminoglycosides,318,2979,EARS-Net mixed/not reported,Not reported in Atlas aggregate,ECDC Surveillance Atlas aggregate,https://atlas.ecdc.europa.eu/public/
EU_EEA,Czechia,CZE,2015,Escherichia coli,Blood/invasive,Aminoglycosides,360,3172,EARS-Net mixed/not reported,Not reported in Atlas aggregate,ECDC Surveillance Atlas aggregate,https://atlas.ecdc.europa.eu/public/
EU_EEA,Czechia,CZE,2016,Escherichia coli,Blood/invasive,Aminoglycosides,372,3061,EARS-Net mixed/not reported,Not reported in Atlas aggregate,ECDC Surveillance Atlas aggregate,https://atlas.ecdc.europa.eu/public/
EU_EEA,Czechia,CZE,2017,Escherichia coli,Blood/invasive,Aminoglycosides,342,3199,EARS-Net mixed/not reported,Not reported in Atlas aggregate,ECDC Surveillance Atlas aggregate,https://atlas.ecdc.europa.eu/public/
EU_EEA,Czechia,CZE,2018,Escherichia coli,Blood/invasive,Aminoglycosides,345,3643,EARS-Net mixed/not reported,Not reported in Atlas aggregate,ECDC Surveillance Atlas aggregate,https://atlas.ecdc.europa.eu/public/
EU_EEA,Czechia,CZE,2019,Escherichia coli,Blood/invasive,Aminoglycosides,406,3559,EARS-Net mixed/not reported,Not reported in Atlas aggregate,ECDC Surveillance Atlas aggregate,https://atlas.ecdc.europa.eu/public/
EU_EEA,Czechia,CZE,2020,Escherichia coli,Blood/invasive,Aminoglycosides,305,2999,EUCAST,EUCAST required; exact version unavailable in Atlas aggregate,ECDC Surveillance Atlas aggregate,https://atlas.ecdc.europa.eu/public/
EU_EEA,Czechia,CZE,2021,Escherichia coli,Blood/invasive,Aminoglycosides,282,2935,EUCAST,EUCAST required; exact version unavailable in Atlas aggregate,ECDC Surveillance Atlas aggregate,https://atlas.ecdc.europa.eu/public/
EU_EEA,Czechia,CZE,2022,Escherichia coli,Blood/invasive,Aminoglycosides,336,3567,EUCAST,EUCAST required; exact version unavailable in Atlas aggregate,ECDC Surveillance Atlas aggregate,https://atlas.ecdc.europa.eu/public/
EU_EEA,Czechia,CZE,2023,Escherichia coli,Blood/invasive,Aminoglycosides,380,3892,EUCAST,EUCAST required; exact version unavailable in Atlas aggregate,ECDC Surveillance Atlas aggregate,https://atlas.ecdc.europa.eu/public/
EU_EEA,Czechia,CZE,2001,Escherichia coli,Blood/invasive,Aminopenicillins,491,1157,EARS-Net mixed/not reported,Not reported in Atlas aggregate,ECDC Surveillance Atlas aggregate,https://atlas.ecdc.europa.eu/public/
EU_EEA,Czechia,CZE,2002,Escherichia coli,Blood/invasive,Aminopenicillins,718,1587,EARS-Net mixed/not reported,Not reported in Atlas aggregate,ECDC Surveillance Atlas aggregate,https://atlas.ecdc.europa.eu/public/
EU_EEA,Czechia,CZE,2003,Escherichia coli,Blood/invasive,Aminopenicillins,802,1766,EARS-Net mixed/not reported,Not reported in Atlas aggregate,ECDC Surveillance Atlas aggregate,https://atlas.ecdc.europa.eu/public/
EU_EEA,Czechia,CZE,2004,Escherichia coli,Blood/invasive,Aminopenicillins,924,1965,EARS-Net mixed/not reported,Not reported in Atlas aggregate,ECDC Surveillance Atlas aggregate,https://atlas.ecdc.europa.eu/public/
EU_EEA,Czechia,CZE,2005,Escherichia coli,Blood/invasive,Aminopenicillins,1122,2234,EARS-Net mixed/not reported,Not reported in Atlas aggregate,ECDC Surveillance Atlas aggregate,https://atlas.ecdc.europa.eu/public/
EU_EEA,Czechia,CZE,2006,Escherichia coli,Blood/invasive,Aminopenicillins,1200,2155,EARS-Net mixed/not reported,Not reported in Atlas aggregate,ECDC Surveillance Atlas aggregate,https://atlas.ecdc.europa.eu/public/
EU_EEA,Czechia,CZE,2007,Escherichia coli,Blood/invasive,Aminopenicillins,1343,2407,EARS-Net mixed/not reported,Not reported in Atlas aggregate,ECDC Surveillance Atlas aggregate,https://atlas.ecdc.europa.eu/public/
EU_EEA,Czechia,CZE,2008,Escherichia coli,Blood/invasive,Aminopenicillins,1642,2738,EARS-Net mixed/not reported,Not reported in Atlas aggregate,ECDC Surveillance Atlas aggregate,https://atlas.ecdc.europa.eu/public/
EU_EEA,Czechia,CZE,2009,Escherichia coli,Blood/invasive,Aminopenicillins,1673,2759,EARS-Net mixed/not reported,Not reported in Atlas aggregate,ECDC Surveillance Atlas aggregate,https://atlas.ecdc.europa.eu/public/
EU_EEA,Czechia,CZE,2010,Escherichia coli,Blood/invasive,Aminopenicillins,1472,2481,EARS-Net mixed/not reported,Not reported in Atlas aggregate,ECDC Surveillance Atlas aggregate,https://atlas.ecdc.europa.eu/public/
EU_EEA,Czechia,CZE,2011,Escherichia coli,Blood/invasive,Aminopenicillins,1628,2683,EARS-Net mixed/not reported,Not reported in Atlas aggregate,ECDC Surveillance Atlas aggregate,https://atlas.ecdc.europa.eu/public/
EU_EEA,Czechia,CZE,2012,Escherichia coli,Blood/invasive,Aminopenicillins,1597,2811,EARS-Net mixed/not reported,Not reported in Atlas aggregate,ECDC Surveillance Atlas aggregate,https://atlas.ecdc.europa.eu/public/
EU_EEA,Czechia,CZE,2013,Escherichia coli,Blood/invasive,Aminopenicillins,1623,2954,EARS-Net mixed/not reported,Not reported in Atlas aggregate,ECDC Surveillance Atlas aggregate,https://atlas.ecdc.europa.eu/public/
EU_EEA,Czechia,CZE,2014,Escherichia coli,Blood/invasive,Aminopenicillins,1619,2978,EARS-Net mixed/not reported,Not reported in Atlas aggregate,ECDC Surveillance Atlas aggregate,https://atlas.ecdc.europa.eu/public/
EU_EEA,Czechia,CZE,2015,Escherichia coli,Blood/invasive,Aminopenicillins,1721,3172,EARS-Net mixed/not reported,Not reported in Atlas aggregate,ECDC Surveillance Atlas aggregate,https://atlas.ecdc.europa.eu/public/
EU_EEA,Czechia,CZE,2016,Escherichia coli,Blood/invasive,Aminopenicillins,1682,3055,EARS-Net mixed/not reported,Not reported in Atlas aggregate,ECDC Surveillance Atlas aggregate,https://atlas.ecdc.europa.eu/public/
EU_EEA,Czechia,CZE,2017,Escherichia coli,Blood/invasive,Aminopenicillins,1695,3198,EARS-Net mixed/not reported,Not reported in Atlas aggregate,ECDC Surveillance Atlas aggregate,https://atlas.ecdc.europa.eu/public/
EU_EEA,Czechia,CZE,2018,Escherichia coli,Blood/invasive,Aminopenicillins,1973,3640,EARS-Net mixed/not reported,Not reported in Atlas aggregate,ECDC Surveillance Atlas aggregate,https://atlas.ecdc.europa.eu/public/
EU_EEA,Czechia,CZE,2019,Escherichia coli,Blood/invasive,Aminopenicillins,1942,3556,EARS-Net mixed/not reported,Not reported in Atlas aggregate,ECDC Surveillance Atlas aggregate,https://atlas.ecdc.europa.eu/public/
EU_EEA,Czechia,CZE,2020,Escherichia coli,Blood/invasive,Aminopenicillins,1578,2997,EUCAST,EUCAST required; exact version unavailable in Atlas aggregate,ECDC Surveillance Atlas aggregate,https://atlas.ecdc.europa.eu/public/
EU_EEA,Czechia,CZE,2021,Escherichia coli,Blood/invasive,Aminopenicillins,1509,2934,EUCAST,EUCAST required; exact version unavailable in Atlas aggregate,ECDC Surveillance Atlas aggregate,https://atlas.ecdc.europa.eu/public/
EU_EEA,Czechia,CZE,2022,Escherichia coli,Blood/invasive,Aminopenicillins,1840,3564,EUCAST,EUCAST required; exact version unavailable in Atlas aggregate,ECDC Surveillance Atlas aggregate,https://atlas.ecdc.europa.eu/public/
EU_EEA,Czechia,CZE,2023,Escherichia coli,Blood/invasive,Aminopenicillins,2007,3892,EUCAST,EUCAST required; exact version unavailable in Atlas aggregate,ECDC Surveillance Atlas aggregate,https://atlas.ecdc.europa.eu/public/
EU_EEA,Czechia,CZE,2001,Escherichia coli,Blood/invasive,Carbapenems,0,182,EARS-Net mixed/not reported,Not reported in Atlas aggregate,ECDC Surveillance Atlas aggregate,https://atlas.ecdc.europa.eu/public/
EU_EEA,Czechia,CZE,2005,Escherichia coli,Blood/invasive,Carbapenems,0,87,EARS-Net mixed/not reported,Not reported in Atlas aggregate,ECDC Surveillance Atlas aggregate,https://atlas.ecdc.europa.eu/public/
EU_EEA,Czechia,CZE,2006,Escherichia coli,Blood/invasive,Carbapenems,0,46,EARS-Net mixed/not reported,Not reported in Atlas aggregate,ECDC Surveillance Atlas aggregate,https://atlas.ecdc.europa.eu/public/
EU_EEA,Czechia,CZE,2007,Escherichia coli,Blood/invasive,Carbapenems,2,887,EARS-Net mixed/not reported,Not reported in Atlas aggregate,ECDC Surveillance Atlas aggregate,https://atlas.ecdc.europa.eu/public/
EU_EEA,Czechia,CZE,2008,Escherichia coli,Blood/invasive,Carbapenems,1,2113,EARS-Net mixed/not reported,Not reported in Atlas aggregate,ECDC Surveillance Atlas aggregate,https://atlas.ecdc.europa.eu/public/
EU_EEA,Czechia,CZE,2009,Escherichia coli,Blood/invasive,Carbapenems,1,1676,EARS-Net mixed/not reported,Not reported in Atlas aggregate,ECDC Surveillance Atlas aggregate,https://atlas.ecdc.europa.eu/public/
EU_EEA,Czechia,CZE,2010,Escherichia coli,Blood/invasive,Carbapenems,1,1647,EARS-Net mixed/not reported,Not reported in Atlas aggregate,ECDC Surveillance Atlas aggregate,https://atlas.ecdc.europa.eu/public/
EU_EEA,Czechia,CZE,2011,Escherichia coli,Blood/invasive,Carbapenems,0,1675,EARS-Net mixed/not reported,Not reported in Atlas aggregate,ECDC Surveillance Atlas aggregate,https://atlas.ecdc.europa.eu/public/
EU_EEA,Czechia,CZE,2012,Escherichia coli,Blood/invasive,Carbapenems,1,1729,EARS-Net mixed/not reported,Not reported in Atlas aggregate,ECDC Surveillance Atlas aggregate,https://atlas.ecdc.europa.eu/public/
EU_EEA,Czechia,CZE,2013,Escherichia coli,Blood/invasive,Carbapenems,0,1733,EARS-Net mixed/not reported,Not reported in Atlas aggregate,ECDC Surveillance Atlas aggregate,https://atlas.ecdc.europa.eu/public/
EU_EEA,Czechia,CZE,2014,Escherichia coli,Blood/invasive,Carbapenems,0,1702,EARS-Net mixed/not reported,Not reported in Atlas aggregate,ECDC Surveillance Atlas aggregate,https://atlas.ecdc.europa.eu/public/
EU_EEA,Czechia,CZE,2015,Escherichia coli,Blood/invasive,Carbapenems,0,1471,EARS-Net mixed/not reported,Not reported in Atlas aggregate,ECDC Surveillance Atlas aggregate,https://atlas.ecdc.europa.eu/public/
EU_EEA,Czechia,CZE,2016,Escherichia coli,Blood/invasive,Carbapenems,0,1483,EARS-Net mixed/not reported,Not reported in Atlas aggregate,ECDC Surveillance Atlas aggregate,https://atlas.ecdc.europa.eu/public/
EU_EEA,Czechia,CZE,2017,Escherichia coli,Blood/invasive,Carbapenems,0,1431,EARS-Net mixed/not reported,Not reported in Atlas aggregate,ECDC Surveillance Atlas aggregate,https://atlas.ecdc.europa.eu/public/
EU_EEA,Czechia,CZE,2018,Escherichia coli,Blood/invasive,Carbapenems,1,1752,EARS-Net mixed/not reported,Not reported in Atlas aggregate,ECDC Surveillance Atlas aggregate,https://atlas.ecdc.europa.eu/public/
EU_EEA,Czechia,CZE,2019,Escherichia coli,Blood/invasive,Carbapenems,0,1689,EARS-Net mixed/not reported,Not reported in Atlas aggregate,ECDC Surveillance Atlas aggregate,https://atlas.ecdc.europa.eu/public/
EU_EEA,Czechia,CZE,2020,Escherichia coli,Blood/invasive,Carbapenems,2,1500,EUCAST,EUCAST required; exact version unavailable in Atlas aggregate,ECDC Surveillance Atlas aggregate,https://atlas.ecdc.europa.eu/public/
EU_EEA,Czechia,CZE,2021,Escherichia coli,Blood/invasive,Carbapenems,0,1342,EUCAST,EUCAST required; exact version unavailable in Atlas aggregate,ECDC Surveillance Atlas aggregate,https://atlas.ecdc.europa.eu/public/
EU_EEA,Czechia,CZE,2022,Escherichia coli,Blood/invasive,Carbapenems,3,1685,EUCAST,EUCAST required; exact version unavailable in Atlas aggregate,ECDC Surveillance Atlas aggregate,https://atlas.ecdc.europa.eu/public/
EU_EEA,Czechia,CZE,2023,Escherichia coli,Blood/invasive,Carbapenems,0,1846,EUCAST,EUCAST required; exact version unavailable in Atlas aggregate,ECDC Surveillance Atlas aggregate,https://atlas.ecdc.europa.eu/public/
EU_EEA,Czechia,CZE,2001,Escherichia coli,Blood/invasive,Fluoroquinolones,95,1174,EARS-Net mixed/not reported,Not reported in Atlas aggregate,ECDC Surveillance Atlas aggregate,https://atlas.ecdc.europa.eu/public/
EU_EEA,Czechia,CZE,2002,Escherichia coli,Blood/invasive,Fluoroquinolones,165,1586,EARS-Net mixed/not reported,Not reported in Atlas aggregate,ECDC Surveillance Atlas aggregate,https://atlas.ecdc.europa.eu/public/
EU_EEA,Czechia,CZE,2003,Escherichia coli,Blood/invasive,Fluoroquinolones,233,1764,EARS-Net mixed/not reported,Not reported in Atlas aggregate,ECDC Surveillance Atlas aggregate,https://atlas.ecdc.europa.eu/public/
EU_EEA,Czechia,CZE,2004,Escherichia coli,Blood/invasive,Fluoroquinolones,313,1965,EARS-Net mixed/not reported,Not reported in Atlas aggregate,ECDC Surveillance Atlas aggregate,https://atlas.ecdc.europa.eu/public/
EU_EEA,Czechia,CZE,2005,Escherichia coli,Blood/invasive,Fluoroquinolones,452,2233,EARS-Net mixed/not reported,Not reported in Atlas aggregate,ECDC Surveillance Atlas aggregate,https://atlas.ecdc.europa.eu/public/
EU_EEA,Czechia,CZE,2006,Escherichia coli,Blood/invasive,Fluoroquinolones,498,2144,EARS-Net mixed/not reported,Not reported in Atlas aggregate,ECDC Surveillance Atlas aggregate,https://atlas.ecdc.europa.eu/public/
EU_EEA,Czechia,CZE,2007,Escherichia coli,Blood/invasive,Fluoroquinolones,581,2406,EARS-Net mixed/not reported,Not reported in Atlas aggregate,ECDC Surveillance Atlas aggregate,https://atlas.ecdc.europa.eu/public/
EU_EEA,Czechia,CZE,2008,Escherichia coli,Blood/invasive,Fluoroquinolones,712,2736,EARS-Net mixed/not reported,Not reported in Atlas aggregate,ECDC Surveillance Atlas aggregate,https://atlas.ecdc.europa.eu/public/
EU_EEA,Czechia,CZE,2009,Escherichia coli,Blood/invasive,Fluoroquinolones,639,2758,EARS-Net mixed/not reported,Not reported in Atlas aggregate,ECDC Surveillance Atlas aggregate,https://atlas.ecdc.europa.eu/public/
EU_EEA,Czechia,CZE,2010,Escherichia coli,Blood/invasive,Fluoroquinolones,564,2481,EARS-Net mixed/not reported,Not reported in Atlas aggregate,ECDC Surveillance Atlas aggregate,https://atlas.ecdc.europa.eu/public/
EU_EEA,Czechia,CZE,2011,Escherichia coli,Blood/invasive,Fluoroquinolones,630,2682,EARS-Net mixed/not reported,Not reported in Atlas aggregate,ECDC Surveillance Atlas aggregate,https://atlas.ecdc.europa.eu/public/
EU_EEA,Czechia,CZE,2012,Escherichia coli,Blood/invasive,Fluoroquinolones,589,2809,EARS-Net mixed/not reported,Not reported in Atlas aggregate,ECDC Surveillance Atlas aggregate,https://atlas.ecdc.europa.eu/public/
EU_EEA,Czechia,CZE,2013,Escherichia coli,Blood/invasive,Fluoroquinolones,613,2953,EARS-Net mixed/not reported,Not reported in Atlas aggregate,ECDC Surveillance Atlas aggregate,https://atlas.ecdc.europa.eu/public/
EU_EEA,Czechia,CZE,2014,Escherichia coli,Blood/invasive,Fluoroquinolones,643,2976,EARS-Net mixed/not reported,Not reported in Atlas aggregate,ECDC Surveillance Atlas aggregate,https://atlas.ecdc.europa.eu/public/
EU_EEA,Czechia,CZE,2015,Escherichia coli,Blood/invasive,Fluoroquinolones,715,3165,EARS-Net mixed/not reported,Not reported in Atlas aggregate,ECDC Surveillance Atlas aggregate,https://atlas.ecdc.europa.eu/public/
EU_EEA,Czechia,CZE,2016,Escherichia coli,Blood/invasive,Fluoroquinolones,846,3061,EARS-Net mixed/not reported,Not reported in Atlas aggregate,ECDC Surveillance Atlas aggregate,https://atlas.ecdc.europa.eu/public/
EU_EEA,Czechia,CZE,2017,Escherichia coli,Blood/invasive,Fluoroquinolones,783,3199,EARS-Net mixed/not reported,Not reported in Atlas aggregate,ECDC Surveillance Atlas aggregate,https://atlas.ecdc.europa.eu/public/
EU_EEA,Czechia,CZE,2018,Escherichia coli,Blood/invasive,Fluoroquinolones,883,3638,EARS-Net mixed/not reported,Not reported in Atlas aggregate,ECDC Surveillance Atlas aggregate,https://atlas.ecdc.europa.eu/public/
EU_EEA,Czechia,CZE,2019,Escherichia coli,Blood/invasive,Fluoroquinolones,819,3554,EARS-Net mixed/not reported,Not reported in Atlas aggregate,ECDC Surveillance Atlas aggregate,https://atlas.ecdc.europa.eu/public/
EU_EEA,Czechia,CZE,2020,Escherichia coli,Blood/invasive,Fluoroquinolones,605,2997,EUCAST,EUCAST required; exact version unavailable in Atlas aggregate,ECDC Surveillance Atlas aggregate,https://atlas.ecdc.europa.eu/public/
EU_EEA,Czechia,CZE,2021,Escherichia coli,Blood/invasive,Fluoroquinolones,578,2934,EUCAST,EUCAST required; exact version unavailable in Atlas aggregate,ECDC Surveillance Atlas aggregate,https://atlas.ecdc.europa.eu/public/
EU_EEA,Czechia,CZE,2022,Escherichia coli,Blood/invasive,Fluoroquinolones,650,3564,EUCAST,EUCAST required; exact version unavailable in Atlas aggregate,ECDC Surveillance Atlas aggregate,https://atlas.ecdc.europa.eu/public/
EU_EEA,Czechia,CZE,2023,Escherichia coli,Blood/invasive,Fluoroquinolones,668,3889,EUCAST,EUCAST required; exact version unavailable in Atlas aggregate,ECDC Surveillance Atlas aggregate,https://atlas.ecdc.europa.eu/public/
EU_EEA,Czechia,CZE,2001,Escherichia coli,Blood/invasive,Third-generation cephalosporins,27,1167,EARS-Net mixed/not reported,Not reported in Atlas aggregate,ECDC Surveillance Atlas aggregate,https://atlas.ecdc.europa.eu/public/
EU_EEA,Czechia,CZE,2002,Escherichia coli,Blood/invasive,Third-generation cephalosporins,19,1585,EARS-Net mixed/not reported,Not reported in Atlas aggregate,ECDC Surveillance Atlas aggregate,https://atlas.ecdc.europa.eu/public/
EU_EEA,Czechia,CZE,2003,Escherichia coli,Blood/invasive,Third-generation cephalosporins,20,1759,EARS-Net mixed/not reported,Not reported in Atlas aggregate,ECDC Surveillance Atlas aggregate,https://atlas.ecdc.europa.eu/public/
EU_EEA,Czechia,CZE,2004,Escherichia coli,Blood/invasive,Third-generation cephalosporins,33,1965,EARS-Net mixed/not reported,Not reported in Atlas aggregate,ECDC Surveillance Atlas aggregate,https://atlas.ecdc.europa.eu/public/
EU_EEA,Czechia,CZE,2005,Escherichia coli,Blood/invasive,Third-generation cephalosporins,50,2233,EARS-Net mixed/not reported,Not reported in Atlas aggregate,ECDC Surveillance Atlas aggregate,https://atlas.ecdc.europa.eu/public/
EU_EEA,Czechia,CZE,2006,Escherichia coli,Blood/invasive,Third-generation cephalosporins,111,2160,EARS-Net mixed/not reported,Not reported in Atlas aggregate,ECDC Surveillance Atlas aggregate,https://atlas.ecdc.europa.eu/public/
EU_EEA,Czechia,CZE,2007,Escherichia coli,Blood/invasive,Third-generation cephalosporins,178,2407,EARS-Net mixed/not reported,Not reported in Atlas aggregate,ECDC Surveillance Atlas aggregate,https://atlas.ecdc.europa.eu/public/
EU_EEA,Czechia,CZE,2008,Escherichia coli,Blood/invasive,Third-generation cephalosporins,270,2738,EARS-Net mixed/not reported,Not reported in Atlas aggregate,ECDC Surveillance Atlas aggregate,https://atlas.ecdc.europa.eu/public/
EU_EEA,Czechia,CZE,2009,Escherichia coli,Blood/invasive,Third-generation cephalosporins,270,2759,EARS-Net mixed/not reported,Not reported in Atlas aggregate,ECDC Surveillance Atlas aggregate,https://atlas.ecdc.europa.eu/public/
EU_EEA,Czechia,CZE,2010,Escherichia coli,Blood/invasive,Third-generation cephalosporins,257,2482,EARS-Net mixed/not reported,Not reported in Atlas aggregate,ECDC Surveillance Atlas aggregate,https://atlas.ecdc.europa.eu/public/
EU_EEA,Czechia,CZE,2011,Escherichia coli,Blood/invasive,Third-generation cephalosporins,305,2684,EARS-Net mixed/not reported,Not reported in Atlas aggregate,ECDC Surveillance Atlas aggregate,https://atlas.ecdc.europa.eu/public/
EU_EEA,Czechia,CZE,2012,Escherichia coli,Blood/invasive,Third-generation cephalosporins,322,2812,EARS-Net mixed/not reported,Not reported in Atlas aggregate,ECDC Surveillance Atlas aggregate,https://atlas.ecdc.europa.eu/public/
EU_EEA,Czechia,CZE,2013,Escherichia coli,Blood/invasive,Third-generation cephalosporins,387,2954,EARS-Net mixed/not reported,Not reported in Atlas aggregate,ECDC Surveillance Atlas aggregate,https://atlas.ecdc.europa.eu/public/
EU_EEA,Czechia,CZE,2014,Escherichia coli,Blood/invasive,Third-generation cephalosporins,416,2978,EARS-Net mixed/not reported,Not reported in Atlas aggregate,ECDC Surveillance Atlas aggregate,https://atlas.ecdc.europa.eu/public/
EU_EEA,Czechia,CZE,2015,Escherichia coli,Blood/invasive,Third-generation cephalosporins,460,3172,EARS-Net mixed/not reported,Not reported in Atlas aggregate,ECDC Surveillance Atlas aggregate,https://atlas.ecdc.europa.eu/public/
EU_EEA,Czechia,CZE,2016,Escherichia coli,Blood/invasive,Third-generation cephalosporins,461,3061,EARS-Net mixed/not reported,Not reported in Atlas aggregate,ECDC Surveillance Atlas aggregate,https://atlas.ecdc.europa.eu/public/
EU_EEA,Czechia,CZE,2017,Escherichia coli,Blood/invasive,Third-generation cephalosporins,455,3199,EARS-Net mixed/not reported,Not reported in Atlas aggregate,ECDC Surveillance Atlas aggregate,https://atlas.ecdc.europa.eu/public/
EU_EEA,Czechia,CZE,2018,Escherichia coli,Blood/invasive,Third-generation cephalosporins,554,3641,EARS-Net mixed/not reported,Not reported in Atlas aggregate,ECDC Surveillance Atlas aggregate,https://atlas.ecdc.europa.eu/public/
EU_EEA,Czechia,CZE,2019,Escherichia coli,Blood/invasive,Third-generation cephalosporins,566,3557,EARS-Net mixed/not reported,Not reported in Atlas aggregate,ECDC Surveillance Atlas aggregate,https://atlas.ecdc.europa.eu/public/
EU_EEA,Czechia,CZE,2020,Escherichia coli,Blood/invasive,Third-generation cephalosporins,398,2997,EUCAST,EUCAST required; exact version unavailable in Atlas aggregate,ECDC Surveillance Atlas aggregate,https://atlas.ecdc.europa.eu/public/
EU_EEA,Czechia,CZE,2021,Escherichia coli,Blood/invasive,Third-generation cephalosporins,423,2934,EUCAST,EUCAST required; exact version unavailable in Atlas aggregate,ECDC Surveillance Atlas aggregate,https://atlas.ecdc.europa.eu/public/
EU_EEA,Czechia,CZE,2022,Escherichia coli,Blood/invasive,Third-generation cephalosporins,526,3566,EUCAST,EUCAST required; exact version unavailable in Atlas aggregate,ECDC Surveillance Atlas aggregate,https://atlas.ecdc.europa.eu/public/
EU_EEA,Czechia,CZE,2023,Escherichia coli,Blood/invasive,Third-generation cephalosporins,618,3892,EUCAST,EUCAST required; exact version unavailable in Atlas aggregate,ECDC Surveillance Atlas aggregate,https://atlas.ecdc.europa.eu/public/
EU_EEA,Germany,DEU,2000,Escherichia coli,Blood/invasive,Aminoglycosides,12,180,EARS-Net mixed/not reported,Not reported in Atlas aggregate,ECDC Surveillance Atlas aggregate,https://atlas.ecdc.europa.eu/public/
EU_EEA,Germany,DEU,2001,Escherichia coli,Blood/invasive,Aminoglycosides,62,1255,EARS-Net mixed/not reported,Not reported in Atlas aggregate,ECDC Surveillance Atlas aggregate,https://atlas.ecdc.europa.eu/public/
EU_EEA,Germany,DEU,2002,Escherichia coli,Blood/invasive,Aminoglycosides,54,1065,EARS-Net mixed/not reported,Not reported in Atlas aggregate,ECDC Surveillance Atlas aggregate,https://atlas.ecdc.europa.eu/public/
EU_EEA,Germany,DEU,2003,Escherichia coli,Blood/invasive,Aminoglycosides,52,990,EARS-Net mixed/not reported,Not reported in Atlas aggregate,ECDC Surveillance Atlas aggregate,https://atlas.ecdc.europa.eu/public/
EU_EEA,Germany,DEU,2004,Escherichia coli,Blood/invasive,Aminoglycosides,52,1214,EARS-Net mixed/not reported,Not reported in Atlas aggregate,ECDC Surveillance Atlas aggregate,https://atlas.ecdc.europa.eu/public/
EU_EEA,Germany,DEU,2005,Escherichia coli,Blood/invasive,Aminoglycosides,57,959,EARS-Net mixed/not reported,Not reported in Atlas aggregate,ECDC Surveillance Atlas aggregate,https://atlas.ecdc.europa.eu/public/
EU_EEA,Germany,DEU,2006,Escherichia coli,Blood/invasive,Aminoglycosides,84,850,EARS-Net mixed/not reported,Not reported in Atlas aggregate,ECDC Surveillance Atlas aggregate,https://atlas.ecdc.europa.eu/public/
EU_EEA,Germany,DEU,2007,Escherichia coli,Blood/invasive,Aminoglycosides,59,972,EARS-Net mixed/not reported,Not reported in Atlas aggregate,ECDC Surveillance Atlas aggregate,https://atlas.ecdc.europa.eu/public/
EU_EEA,Germany,DEU,2008,Escherichia coli,Blood/invasive,Aminoglycosides,111,1615,EARS-Net mixed/not reported,Not reported in Atlas aggregate,ECDC Surveillance Atlas aggregate,https://atlas.ecdc.europa.eu/public/
EU_EEA,Germany,DEU,2009,Escherichia coli,Blood/invasive,Aminoglycosides,235,2795,EARS-Net mixed/not reported,Not reported in Atlas aggregate,ECDC Surveillance Atlas aggregate,https://atlas.ecdc.europa.eu/public/
EU_EEA,Germany,DEU,2010,Escherichia coli,Blood/invasive,Aminoglycosides,262,3021,EARS-Net mixed/not reported,Not reported in Atlas aggregate,ECDC Surveillance Atlas aggregate,https://atlas.ecdc.europa.eu/public/
EU_EEA,Germany,DEU,2011,Escherichia coli,Blood/invasive,Aminoglycosides,277,3645,EARS-Net mixed/not reported,Not reported in Atlas aggregate,ECDC Surveillance Atlas aggregate,https://atlas.ecdc.europa.eu/public/
EU_EEA,Germany,DEU,2012,Escherichia coli,Blood/invasive,Aminoglycosides,296,4190,EARS-Net mixed/not reported,Not reported in Atlas aggregate,ECDC Surveillance Atlas aggregate,https://atlas.ecdc.europa.eu/public/
EU_EEA,Germany,DEU,2013,Escherichia coli,Blood/invasive,Aminoglycosides,373,5337,EARS-Net mixed/not reported,Not reported in Atlas aggregate,ECDC Surveillance Atlas aggregate,https://atlas.ecdc.europa.eu/public/
EU_EEA,Germany,DEU,2014,Escherichia coli,Blood/invasive,Aminoglycosides,431,6244,EARS-Net mixed/not reported,Not reported in Atlas aggregate,ECDC Surveillance Atlas aggregate,https://atlas.ecdc.europa.eu/public/
EU_EEA,Germany,DEU,2015,Escherichia coli,Blood/invasive,Aminoglycosides,642,9029,EARS-Net mixed/not reported,Not reported in Atlas aggregate,ECDC Surveillance Atlas aggregate,https://atlas.ecdc.europa.eu/public/
EU_EEA,Germany,DEU,2016,Escherichia coli,Blood/invasive,Aminoglycosides,1184,17023,EARS-Net mixed/not reported,Not reported in Atlas aggregate,ECDC Surveillance Atlas aggregate,https://atlas.ecdc.europa.eu/public/
EU_EEA,Germany,DEU,2017,Escherichia coli,Blood/invasive,Aminoglycosides,1574,22478,EARS-Net mixed/not reported,Not reported in Atlas aggregate,ECDC Surveillance Atlas aggregate,https://atlas.ecdc.europa.eu/public/
EU_EEA,Germany,DEU,2018,Escherichia coli,Blood/invasive,Aminoglycosides,1488,21634,EARS-Net mixed/not reported,Not reported in Atlas aggregate,ECDC Surveillance Atlas aggregate,https://atlas.ecdc.europa.eu/public/
EU_EEA,Germany,DEU,2019,Escherichia coli,Blood/invasive,Aminoglycosides,1912,22990,EARS-Net mixed/not reported,Not reported in Atlas aggregate,ECDC Surveillance Atlas aggregate,https://atlas.ecdc.europa.eu/public/
EU_EEA,Germany,DEU,2020,Escherichia coli,Blood/invasive,Aminoglycosides,2035,27124,EUCAST,EUCAST required; exact version unavailable in Atlas aggregate,ECDC Surveillance Atlas aggregate,https://atlas.ecdc.europa.eu/public/
EU_EEA,Germany,DEU,2021,Escherichia coli,Blood/invasive,Aminoglycosides,1536,27447,EUCAST,EUCAST required; exact version unavailable in Atlas aggregate,ECDC Surveillance Atlas aggregate,https://atlas.ecdc.europa.eu/public/
EU_EEA,Germany,DEU,2022,Escherichia coli,Blood/invasive,Aminoglycosides,1649,32063,EUCAST,EUCAST required; exact version unavailable in Atlas aggregate,ECDC Surveillance Atlas aggregate,https://atlas.ecdc.europa.eu/public/
EU_EEA,Germany,DEU,2023,Escherichia coli,Blood/invasive,Aminoglycosides,1800,33668,EUCAST,EUCAST required; exact version unavailable in Atlas aggregate,ECDC Surveillance Atlas aggregate,https://atlas.ecdc.europa.eu/public/
EU_EEA,Germany,DEU,2000,Escherichia coli,Blood/invasive,Aminopenicillins,84,180,EARS-Net mixed/not reported,Not reported in Atlas aggregate,ECDC Surveillance Atlas aggregate,https://atlas.ecdc.europa.eu/public/
EU_EEA,Germany,DEU,2001,Escherichia coli,Blood/invasive,Aminopenicillins,575,1260,EARS-Net mixed/not reported,Not reported in Atlas aggregate,ECDC Surveillance Atlas aggregate,https://atlas.ecdc.europa.eu/public/
EU_EEA,Germany,DEU,2002,Escherichia coli,Blood/invasive,Aminopenicillins,528,1066,EARS-Net mixed/not reported,Not reported in Atlas aggregate,ECDC Surveillance Atlas aggregate,https://atlas.ecdc.europa.eu/public/
EU_EEA,Germany,DEU,2003,Escherichia coli,Blood/invasive,Aminopenicillins,466,983,EARS-Net mixed/not reported,Not reported in Atlas aggregate,ECDC Surveillance Atlas aggregate,https://atlas.ecdc.europa.eu/public/
EU_EEA,Germany,DEU,2004,Escherichia coli,Blood/invasive,Aminopenicillins,660,1204,EARS-Net mixed/not reported,Not reported in Atlas aggregate,ECDC Surveillance Atlas aggregate,https://atlas.ecdc.europa.eu/public/
EU_EEA,Germany,DEU,2005,Escherichia coli,Blood/invasive,Aminopenicillins,515,959,EARS-Net mixed/not reported,Not reported in Atlas aggregate,ECDC Surveillance Atlas aggregate,https://atlas.ecdc.europa.eu/public/
EU_EEA,Germany,DEU,2006,Escherichia coli,Blood/invasive,Aminopenicillins,512,849,EARS-Net mixed/not reported,Not reported in Atlas aggregate,ECDC Surveillance Atlas aggregate,https://atlas.ecdc.europa.eu/public/
EU_EEA,Germany,DEU,2007,Escherichia coli,Blood/invasive,Aminopenicillins,536,975,EARS-Net mixed/not reported,Not reported in Atlas aggregate,ECDC Surveillance Atlas aggregate,https://atlas.ecdc.europa.eu/public/
EU_EEA,Germany,DEU,2008,Escherichia coli,Blood/invasive,Aminopenicillins,549,1000,EARS-Net mixed/not reported,Not reported in Atlas aggregate,ECDC Surveillance Atlas aggregate,https://atlas.ecdc.europa.eu/public/
EU_EEA,Germany,DEU,2009,Escherichia coli,Blood/invasive,Aminopenicillins,1210,2158,EARS-Net mixed/not reported,Not reported in Atlas aggregate,ECDC Surveillance Atlas aggregate,https://atlas.ecdc.europa.eu/public/
EU_EEA,Germany,DEU,2010,Escherichia coli,Blood/invasive,Aminopenicillins,1644,3022,EARS-Net mixed/not reported,Not reported in Atlas aggregate,ECDC Surveillance Atlas aggregate,https://atlas.ecdc.europa.eu/public/
EU_EEA,Germany,DEU,2011,Escherichia coli,Blood/invasive,Aminopenicillins,1902,3638,EARS-Net mixed/not reported,Not reported in Atlas aggregate,ECDC Surveillance Atlas aggregate,https://atlas.ecdc.europa.eu/public/
EU_EEA,Germany,DEU,2012,Escherichia coli,Blood/invasive,Aminopenicillins,2064,4162,EARS-Net mixed/not reported,Not reported in Atlas aggregate,ECDC Surveillance Atlas aggregate,https://atlas.ecdc.europa.eu/public/
EU_EEA,Germany,DEU,2013,Escherichia coli,Blood/invasive,Aminopenicillins,2808,5306,EARS-Net mixed/not reported,Not reported in Atlas aggregate,ECDC Surveillance Atlas aggregate,https://atlas.ecdc.europa.eu/public/
EU_EEA,Germany,DEU,2014,Escherichia coli,Blood/invasive,Aminopenicillins,2867,5543,EARS-Net mixed/not reported,Not reported in Atlas aggregate,ECDC Surveillance Atlas aggregate,https://atlas.ecdc.europa.eu/public/
EU_EEA,Germany,DEU,2015,Escherichia coli,Blood/invasive,Aminopenicillins,4126,8358,EARS-Net mixed/not reported,Not reported in Atlas aggregate,ECDC Surveillance Atlas aggregate,https://atlas.ecdc.europa.eu/public/
EU_EEA,Germany,DEU,2016,Escherichia coli,Blood/invasive,Aminopenicillins,7814,15957,EARS-Net mixed/not reported,Not reported in Atlas aggregate,ECDC Surveillance Atlas aggregate,https://atlas.ecdc.europa.eu/public/
EU_EEA,Germany,DEU,2017,Escherichia coli,Blood/invasive,Aminopenicillins,10593,21646,EARS-Net mixed/not reported,Not reported in Atlas aggregate,ECDC Surveillance Atlas aggregate,https://atlas.ecdc.europa.eu/public/
EU_EEA,Germany,DEU,2018,Escherichia coli,Blood/invasive,Aminopenicillins,10260,20841,EARS-Net mixed/not reported,Not reported in Atlas aggregate,ECDC Surveillance Atlas aggregate,https://atlas.ecdc.europa.eu/public/
EU_EEA,Germany,DEU,2019,Escherichia coli,Blood/invasive,Aminopenicillins,11350,23324,EARS-Net mixed/not reported,Not reported in Atlas aggregate,ECDC Surveillance Atlas aggregate,https://atlas.ecdc.europa.eu/public/
EU_EEA,Germany,DEU,2020,Escherichia coli,Blood/invasive,Aminopenicillins,13431,28227,EUCAST,EUCAST required; exact version unavailable in Atlas aggregate,ECDC Surveillance Atlas aggregate,https://atlas.ecdc.europa.eu/public/
EU_EEA,Germany,DEU,2021,Escherichia coli,Blood/invasive,Aminopenicillins,12999,28500,EUCAST,EUCAST required; exact version unavailable in Atlas aggregate,ECDC Surveillance Atlas aggregate,https://atlas.ecdc.europa.eu/public/
EU_EEA,Germany,DEU,2022,Escherichia coli,Blood/invasive,Aminopenicillins,15232,33180,EUCAST,EUCAST required; exact version unavailable in Atlas aggregate,ECDC Surveillance Atlas aggregate,https://atlas.ecdc.europa.eu/public/
EU_EEA,Germany,DEU,2023,Escherichia coli,Blood/invasive,Aminopenicillins,15878,34267,EUCAST,EUCAST required; exact version unavailable in Atlas aggregate,ECDC Surveillance Atlas aggregate,https://atlas.ecdc.europa.eu/public/
EU_EEA,Germany,DEU,2001,Escherichia coli,Blood/invasive,Carbapenems,0,37,EARS-Net mixed/not reported,Not reported in Atlas aggregate,ECDC Surveillance Atlas aggregate,https://atlas.ecdc.europa.eu/public/
EU_EEA,Germany,DEU,2002,Escherichia coli,Blood/invasive,Carbapenems,0,146,EARS-Net mixed/not reported,Not reported in Atlas aggregate,ECDC Surveillance Atlas aggregate,https://atlas.ecdc.europa.eu/public/
EU_EEA,Germany,DEU,2003,Escherichia coli,Blood/invasive,Carbapenems,0,210,EARS-Net mixed/not reported,Not reported in Atlas aggregate,ECDC Surveillance Atlas aggregate,https://atlas.ecdc.europa.eu/public/
EU_EEA,Germany,DEU,2004,Escherichia coli,Blood/invasive,Carbapenems,5,720,EARS-Net mixed/not reported,Not reported in Atlas aggregate,ECDC Surveillance Atlas aggregate,https://atlas.ecdc.europa.eu/public/
EU_EEA,Germany,DEU,2005,Escherichia coli,Blood/invasive,Carbapenems,2,808,EARS-Net mixed/not reported,Not reported in Atlas aggregate,ECDC Surveillance Atlas aggregate,https://atlas.ecdc.europa.eu/public/
EU_EEA,Germany,DEU,2006,Escherichia coli,Blood/invasive,Carbapenems,1,743,EARS-Net mixed/not reported,Not reported in Atlas aggregate,ECDC Surveillance Atlas aggregate,https://atlas.ecdc.europa.eu/public/
EU_EEA,Germany,DEU,2007,Escherichia coli,Blood/invasive,Carbapenems,2,954,EARS-Net mixed/not reported,Not reported in Atlas aggregate,ECDC Surveillance Atlas aggregate,https://atlas.ecdc.europa.eu/public/
EU_EEA,Germany,DEU,2008,Escherichia coli,Blood/invasive,Carbapenems,0,1589,EARS-Net mixed/not reported,Not reported in Atlas aggregate,ECDC Surveillance Atlas aggregate,https://atlas.ecdc.europa.eu/public/
EU_EEA,Germany,DEU,2009,Escherichia coli,Blood/invasive,Carbapenems,0,2727,EARS-Net mixed/not reported,Not reported in Atlas aggregate,ECDC Surveillance Atlas aggregate,https://atlas.ecdc.europa.eu/public/
EU_EEA,Germany,DEU,2010,Escherichia coli,Blood/invasive,Carbapenems,1,2931,EARS-Net mixed/not reported,Not reported in Atlas aggregate,ECDC Surveillance Atlas aggregate,https://atlas.ecdc.europa.eu/public/
EU_EEA,Germany,DEU,2011,Escherichia coli,Blood/invasive,Carbapenems,1,3593,EARS-Net mixed/not reported,Not reported in Atlas aggregate,ECDC Surveillance Atlas aggregate,https://atlas.ecdc.europa.eu/public/
EU_EEA,Germany,DEU,2012,Escherichia coli,Blood/invasive,Carbapenems,1,4184,EARS-Net mixed/not reported,Not reported in Atlas aggregate,ECDC Surveillance Atlas aggregate,https://atlas.ecdc.europa.eu/public/
EU_EEA,Germany,DEU,2013,Escherichia coli,Blood/invasive,Carbapenems,5,5333,EARS-Net mixed/not reported,Not reported in Atlas aggregate,ECDC Surveillance Atlas aggregate,https://atlas.ecdc.europa.eu/public/
EU_EEA,Germany,DEU,2014,Escherichia coli,Blood/invasive,Carbapenems,4,6247,EARS-Net mixed/not reported,Not reported in Atlas aggregate,ECDC Surveillance Atlas aggregate,https://atlas.ecdc.europa.eu/public/
EU_EEA,Germany,DEU,2015,Escherichia coli,Blood/invasive,Carbapenems,3,9032,EARS-Net mixed/not reported,Not reported in Atlas aggregate,ECDC Surveillance Atlas aggregate,https://atlas.ecdc.europa.eu/public/
EU_EEA,Germany,DEU,2016,Escherichia coli,Blood/invasive,Carbapenems,1,17196,EARS-Net mixed/not reported,Not reported in Atlas aggregate,ECDC Surveillance Atlas aggregate,https://atlas.ecdc.europa.eu/public/
EU_EEA,Germany,DEU,2017,Escherichia coli,Blood/invasive,Carbapenems,3,22940,EARS-Net mixed/not reported,Not reported in Atlas aggregate,ECDC Surveillance Atlas aggregate,https://atlas.ecdc.europa.eu/public/
EU_EEA,Germany,DEU,2018,Escherichia coli,Blood/invasive,Carbapenems,4,21957,EARS-Net mixed/not reported,Not reported in Atlas aggregate,ECDC Surveillance Atlas aggregate,https://atlas.ecdc.europa.eu/public/
EU_EEA,Germany,DEU,2019,Escherichia coli,Blood/invasive,Carbapenems,3,23391,EARS-Net mixed/not reported,Not reported in Atlas aggregate,ECDC Surveillance Atlas aggregate,https://atlas.ecdc.europa.eu/public/
EU_EEA,Germany,DEU,2020,Escherichia coli,Blood/invasive,Carbapenems,5,28458,EUCAST,EUCAST required; exact version unavailable in Atlas aggregate,ECDC Surveillance Atlas aggregate,https://atlas.ecdc.europa.eu/public/
EU_EEA,Germany,DEU,2021,Escherichia coli,Blood/invasive,Carbapenems,12,29015,EUCAST,EUCAST required; exact version unavailable in Atlas aggregate,ECDC Surveillance Atlas aggregate,https://atlas.ecdc.europa.eu/public/
EU_EEA,Germany,DEU,2022,Escherichia coli,Blood/invasive,Carbapenems,12,33782,EUCAST,EUCAST required; exact version unavailable in Atlas aggregate,ECDC Surveillance Atlas aggregate,https://atlas.ecdc.europa.eu/public/
EU_EEA,Germany,DEU,2023,Escherichia coli,Blood/invasive,Carbapenems,16,35623,EUCAST,EUCAST required; exact version unavailable in Atlas aggregate,ECDC Surveillance Atlas aggregate,https://atlas.ecdc.europa.eu/public/
EU_EEA,Germany,DEU,2000,Escherichia coli,Blood/invasive,Fluoroquinolones,14,180,EARS-Net mixed/not reported,Not reported in Atlas aggregate,ECDC Surveillance Atlas aggregate,https://atlas.ecdc.europa.eu/public/
EU_EEA,Germany,DEU,2001,Escherichia coli,Blood/invasive,Fluoroquinolones,138,1227,EARS-Net mixed/not reported,Not reported in Atlas aggregate,ECDC Surveillance Atlas aggregate,https://atlas.ecdc.europa.eu/public/
EU_EEA,Germany,DEU,2002,Escherichia coli,Blood/invasive,Fluoroquinolones,155,1068,EARS-Net mixed/not reported,Not reported in Atlas aggregate,ECDC Surveillance Atlas aggregate,https://atlas.ecdc.europa.eu/public/
EU_EEA,Germany,DEU,2003,Escherichia coli,Blood/invasive,Fluoroquinolones,135,967,EARS-Net mixed/not reported,Not reported in Atlas aggregate,ECDC Surveillance Atlas aggregate,https://atlas.ecdc.europa.eu/public/
EU_EEA,Germany,DEU,2004,Escherichia coli,Blood/invasive,Fluoroquinolones,290,1191,EARS-Net mixed/not reported,Not reported in Atlas aggregate,ECDC Surveillance Atlas aggregate,https://atlas.ecdc.europa.eu/public/
EU_EEA,Germany,DEU,2005,Escherichia coli,Blood/invasive,Fluoroquinolones,224,957,EARS-Net mixed/not reported,Not reported in Atlas aggregate,ECDC Surveillance Atlas aggregate,https://atlas.ecdc.europa.eu/public/
EU_EEA,Germany,DEU,2006,Escherichia coli,Blood/invasive,Fluoroquinolones,248,847,EARS-Net mixed/not reported,Not reported in Atlas aggregate,ECDC Surveillance Atlas aggregate,https://atlas.ecdc.europa.eu/public/
EU_EEA,Germany,DEU,2007,Escherichia coli,Blood/invasive,Fluoroquinolones,289,972,EARS-Net mixed/not reported,Not reported in Atlas aggregate,ECDC Surveillance Atlas aggregate,https://atlas.ecdc.europa.eu/public/
EU_EEA,Germany,DEU,2008,Escherichia coli,Blood/invasive,Fluoroquinolones,377,1610,EARS-Net mixed/not reported,Not reported in Atlas aggregate,ECDC Surveillance Atlas aggregate,https://atlas.ecdc.europa.eu/public/
EU_EEA,Germany,DEU,2009,Escherichia coli,Blood/invasive,Fluoroquinolones,652,2786,EARS-Net mixed/not reported,Not reported in Atlas aggregate,ECDC Surveillance Atlas aggregate,https://atlas.ecdc.europa.eu/public/
EU_EEA,Germany,DEU,2010,Escherichia coli,Blood/invasive,Fluoroquinolones,747,3017,EARS-Net mixed/not reported,Not reported in Atlas aggregate,ECDC Surveillance Atlas aggregate,https://atlas.ecdc.europa.eu/public/
EU_EEA,Germany,DEU,2011,Escherichia coli,Blood/invasive,Fluoroquinolones,863,3636,EARS-Net mixed/not reported,Not reported in Atlas aggregate,ECDC Surveillance Atlas aggregate,https://atlas.ecdc.europa.eu/public/
EU_EEA,Germany,DEU,2012,Escherichia coli,Blood/invasive,Fluoroquinolones,884,4188,EARS-Net mixed/not reported,Not reported in Atlas aggregate,ECDC Surveillance Atlas aggregate,https://atlas.ecdc.europa.eu/public/
EU_EEA,Germany,DEU,2013,Escherichia coli,Blood/invasive,Fluoroquinolones,1169,5296,EARS-Net mixed/not reported,Not reported in Atlas aggregate,ECDC Surveillance Atlas aggregate,https://atlas.ecdc.europa.eu/public/
EU_EEA,Germany,DEU,2014,Escherichia coli,Blood/invasive,Fluoroquinolones,1269,6163,EARS-Net mixed/not reported,Not reported in Atlas aggregate,ECDC Surveillance Atlas aggregate,https://atlas.ecdc.europa.eu/public/
EU_EEA,Germany,DEU,2015,Escherichia coli,Blood/invasive,Fluoroquinolones,1748,9019,EARS-Net mixed/not reported,Not reported in Atlas aggregate,ECDC Surveillance Atlas aggregate,https://atlas.ecdc.europa.eu/public/
EU_EEA,Germany,DEU,2016,Escherichia coli,Blood/invasive,Fluoroquinolones,3344,17196,EARS-Net mixed/not reported,Not reported in Atlas aggregate,ECDC Surveillance Atlas aggregate,https://atlas.ecdc.europa.eu/public/
EU_EEA,Germany,DEU,2017,Escherichia coli,Blood/invasive,Fluoroquinolones,4760,22940,EARS-Net mixed/not reported,Not reported in Atlas aggregate,ECDC Surveillance Atlas aggregate,https://atlas.ecdc.europa.eu/public/
EU_EEA,Germany,DEU,2018,Escherichia coli,Blood/invasive,Fluoroquinolones,4354,21958,EARS-Net mixed/not reported,Not reported in Atlas aggregate,ECDC Surveillance Atlas aggregate,https://atlas.ecdc.europa.eu/public/
EU_EEA,Germany,DEU,2019,Escherichia coli,Blood/invasive,Fluoroquinolones,4098,23374,EARS-Net mixed/not reported,Not reported in Atlas aggregate,ECDC Surveillance Atlas aggregate,https://atlas.ecdc.europa.eu/public/
EU_EEA,Germany,DEU,2020,Escherichia coli,Blood/invasive,Fluoroquinolones,4704,28446,EUCAST,EUCAST required; exact version unavailable in Atlas aggregate,ECDC Surveillance Atlas aggregate,https://atlas.ecdc.europa.eu/public/
EU_EEA,Germany,DEU,2021,Escherichia coli,Blood/invasive,Fluoroquinolones,4251,28997,EUCAST,EUCAST required; exact version unavailable in Atlas aggregate,ECDC Surveillance Atlas aggregate,https://atlas.ecdc.europa.eu/public/
EU_EEA,Germany,DEU,2022,Escherichia coli,Blood/invasive,Fluoroquinolones,5129,33757,EUCAST,EUCAST required; exact version unavailable in Atlas aggregate,ECDC Surveillance Atlas aggregate,https://atlas.ecdc.europa.eu/public/
EU_EEA,Germany,DEU,2023,Escherichia coli,Blood/invasive,Fluoroquinolones,5895,35535,EUCAST,EUCAST required; exact version unavailable in Atlas aggregate,ECDC Surveillance Atlas aggregate,https://atlas.ecdc.europa.eu/public/
EU_EEA,Germany,DEU,2000,Escherichia coli,Blood/invasive,Third-generation cephalosporins,0,180,EARS-Net mixed/not reported,Not reported in Atlas aggregate,ECDC Surveillance Atlas aggregate,https://atlas.ecdc.europa.eu/public/
EU_EEA,Germany,DEU,2001,Escherichia coli,Blood/invasive,Third-generation cephalosporins,9,1258,EARS-Net mixed/not reported,Not reported in Atlas aggregate,ECDC Surveillance Atlas aggregate,https://atlas.ecdc.europa.eu/public/
EU_EEA,Germany,DEU,2002,Escherichia coli,Blood/invasive,Third-generation cephalosporins,10,1064,EARS-Net mixed/not reported,Not reported in Atlas aggregate,ECDC Surveillance Atlas aggregate,https://atlas.ecdc.europa.eu/public/
EU_EEA,Germany,DEU,2003,Escherichia coli,Blood/invasive,Third-generation cephalosporins,6,990,EARS-Net mixed/not reported,Not reported in Atlas aggregate,ECDC Surveillance Atlas aggregate,https://atlas.ecdc.europa.eu/public/
EU_EEA,Germany,DEU,2004,Escherichia coli,Blood/invasive,Third-generation cephalosporins,23,1213,EARS-Net mixed/not reported,Not reported in Atlas aggregate,ECDC Surveillance Atlas aggregate,https://atlas.ecdc.europa.eu/public/
EU_EEA,Germany,DEU,2005,Escherichia coli,Blood/invasive,Third-generation cephalosporins,16,957,EARS-Net mixed/not reported,Not reported in Atlas aggregate,ECDC Surveillance Atlas aggregate,https://atlas.ecdc.europa.eu/public/
EU_EEA,Germany,DEU,2006,Escherichia coli,Blood/invasive,Third-generation cephalosporins,36,848,EARS-Net mixed/not reported,Not reported in Atlas aggregate,ECDC Surveillance Atlas aggregate,https://atlas.ecdc.europa.eu/public/
EU_EEA,Germany,DEU,2007,Escherichia coli,Blood/invasive,Third-generation cephalosporins,75,974,EARS-Net mixed/not reported,Not reported in Atlas aggregate,ECDC Surveillance Atlas aggregate,https://atlas.ecdc.europa.eu/public/
EU_EEA,Germany,DEU,2008,Escherichia coli,Blood/invasive,Third-generation cephalosporins,78,1613,EARS-Net mixed/not reported,Not reported in Atlas aggregate,ECDC Surveillance Atlas aggregate,https://atlas.ecdc.europa.eu/public/
EU_EEA,Germany,DEU,2009,Escherichia coli,Blood/invasive,Third-generation cephalosporins,225,2759,EARS-Net mixed/not reported,Not reported in Atlas aggregate,ECDC Surveillance Atlas aggregate,https://atlas.ecdc.europa.eu/public/
EU_EEA,Germany,DEU,2010,Escherichia coli,Blood/invasive,Third-generation cephalosporins,252,3015,EARS-Net mixed/not reported,Not reported in Atlas aggregate,ECDC Surveillance Atlas aggregate,https://atlas.ecdc.europa.eu/public/
EU_EEA,Germany,DEU,2011,Escherichia coli,Blood/invasive,Third-generation cephalosporins,290,3642,EARS-Net mixed/not reported,Not reported in Atlas aggregate,ECDC Surveillance Atlas aggregate,https://atlas.ecdc.europa.eu/public/
EU_EEA,Germany,DEU,2012,Escherichia coli,Blood/invasive,Third-generation cephalosporins,370,4186,EARS-Net mixed/not reported,Not reported in Atlas aggregate,ECDC Surveillance Atlas aggregate,https://atlas.ecdc.europa.eu/public/
EU_EEA,Germany,DEU,2013,Escherichia coli,Blood/invasive,Third-generation cephalosporins,573,5335,EARS-Net mixed/not reported,Not reported in Atlas aggregate,ECDC Surveillance Atlas aggregate,https://atlas.ecdc.europa.eu/public/
EU_EEA,Germany,DEU,2014,Escherichia coli,Blood/invasive,Third-generation cephalosporins,658,6246,EARS-Net mixed/not reported,Not reported in Atlas aggregate,ECDC Surveillance Atlas aggregate,https://atlas.ecdc.europa.eu/public/
EU_EEA,Germany,DEU,2015,Escherichia coli,Blood/invasive,Third-generation cephalosporins,930,9031,EARS-Net mixed/not reported,Not reported in Atlas aggregate,ECDC Surveillance Atlas aggregate,https://atlas.ecdc.europa.eu/public/
EU_EEA,Germany,DEU,2016,Escherichia coli,Blood/invasive,Third-generation cephalosporins,1908,17190,EARS-Net mixed/not reported,Not reported in Atlas aggregate,ECDC Surveillance Atlas aggregate,https://atlas.ecdc.europa.eu/public/
EU_EEA,Germany,DEU,2017,Escherichia coli,Blood/invasive,Third-generation cephalosporins,2816,22929,EARS-Net mixed/not reported,Not reported in Atlas aggregate,ECDC Surveillance Atlas aggregate,https://atlas.ecdc.europa.eu/public/
EU_EEA,Germany,DEU,2018,Escherichia coli,Blood/invasive,Third-generation cephalosporins,2682,21989,EARS-Net mixed/not reported,Not reported in Atlas aggregate,ECDC Surveillance Atlas aggregate,https://atlas.ecdc.europa.eu/public/
EU_EEA,Germany,DEU,2019,Escherichia coli,Blood/invasive,Third-generation cephalosporins,2694,23413,EARS-Net mixed/not reported,Not reported in Atlas aggregate,ECDC Surveillance Atlas aggregate,https://atlas.ecdc.europa.eu/public/
EU_EEA,Germany,DEU,2020,Escherichia coli,Blood/invasive,Third-generation cephalosporins,2948,28461,EUCAST,EUCAST required; exact version unavailable in Atlas aggregate,ECDC Surveillance Atlas aggregate,https://atlas.ecdc.europa.eu/public/
EU_EEA,Germany,DEU,2021,Escherichia coli,Blood/invasive,Third-generation cephalosporins,2640,29021,EUCAST,EUCAST required; exact version unavailable in Atlas aggregate,ECDC Surveillance Atlas aggregate,https://atlas.ecdc.europa.eu/public/
EU_EEA,Germany,DEU,2022,Escherichia coli,Blood/invasive,Third-generation cephalosporins,3190,33786,EUCAST,EUCAST required; exact version unavailable in Atlas aggregate,ECDC Surveillance Atlas aggregate,https://atlas.ecdc.europa.eu/public/
EU_EEA,Germany,DEU,2023,Escherichia coli,Blood/invasive,Third-generation cephalosporins,3451,35619,EUCAST,EUCAST required; exact version unavailable in Atlas aggregate,ECDC Surveillance Atlas aggregate,https://atlas.ecdc.europa.eu/public/
EU_EEA,Denmark,DNK,2005,Escherichia coli,Blood/invasive,Aminoglycosides,25,1283,EARS-Net mixed/not reported,Not reported in Atlas aggregate,ECDC Surveillance Atlas aggregate,https://atlas.ecdc.europa.eu/public/
EU_EEA,Denmark,DNK,2006,Escherichia coli,Blood/invasive,Aminoglycosides,80,2721,EARS-Net mixed/not reported,Not reported in Atlas aggregate,ECDC Surveillance Atlas aggregate,https://atlas.ecdc.europa.eu/public/
EU_EEA,Denmark,DNK,2007,Escherichia coli,Blood/invasive,Aminoglycosides,105,3019,EARS-Net mixed/not reported,Not reported in Atlas aggregate,ECDC Surveillance Atlas aggregate,https://atlas.ecdc.europa.eu/public/
EU_EEA,Denmark,DNK,2008,Escherichia coli,Blood/invasive,Aminoglycosides,134,3278,EARS-Net mixed/not reported,Not reported in Atlas aggregate,ECDC Surveillance Atlas aggregate,https://atlas.ecdc.europa.eu/public/
EU_EEA,Denmark,DNK,2009,Escherichia coli,Blood/invasive,Aminoglycosides,156,3530,EARS-Net mixed/not reported,Not reported in Atlas aggregate,ECDC Surveillance Atlas aggregate,https://atlas.ecdc.europa.eu/public/
EU_EEA,Denmark,DNK,2010,Escherichia coli,Blood/invasive,Aminoglycosides,199,3412,EARS-Net mixed/not reported,Not reported in Atlas aggregate,ECDC Surveillance Atlas aggregate,https://atlas.ecdc.europa.eu/public/
EU_EEA,Denmark,DNK,2011,Escherichia coli,Blood/invasive,Aminoglycosides,233,3638,EARS-Net mixed/not reported,Not reported in Atlas aggregate,ECDC Surveillance Atlas aggregate,https://atlas.ecdc.europa.eu/public/
EU_EEA,Denmark,DNK,2012,Escherichia coli,Blood/invasive,Aminoglycosides,269,3687,EARS-Net mixed/not reported,Not reported in Atlas aggregate,ECDC Surveillance Atlas aggregate,https://atlas.ecdc.europa.eu/public/
EU_EEA,Denmark,DNK,2013,Escherichia coli,Blood/invasive,Aminoglycosides,253,3887,EARS-Net mixed/not reported,Not reported in Atlas aggregate,ECDC Surveillance Atlas aggregate,https://atlas.ecdc.europa.eu/public/
EU_EEA,Denmark,DNK,2014,Escherichia coli,Blood/invasive,Aminoglycosides,327,4493,EARS-Net mixed/not reported,Not reported in Atlas aggregate,ECDC Surveillance Atlas aggregate,https://atlas.ecdc.europa.eu/public/
EU_EEA,Denmark,DNK,2015,Escherichia coli,Blood/invasive,Aminoglycosides,312,4591,EARS-Net mixed/not reported,Not reported in Atlas aggregate,ECDC Surveillance Atlas aggregate,https://atlas.ecdc.europa.eu/public/
EU_EEA,Denmark,DNK,2016,Escherichia coli,Blood/invasive,Aminoglycosides,294,4846,EARS-Net mixed/not reported,Not reported in Atlas aggregate,ECDC Surveillance Atlas aggregate,https://atlas.ecdc.europa.eu/public/
EU_EEA,Denmark,DNK,2017,Escherichia coli,Blood/invasive,Aminoglycosides,307,5122,EARS-Net mixed/not reported,Not reported in Atlas aggregate,ECDC Surveillance Atlas aggregate,https://atlas.ecdc.europa.eu/public/
EU_EEA,Denmark,DNK,2018,Escherichia coli,Blood/invasive,Aminoglycosides,310,5393,EARS-Net mixed/not reported,Not reported in Atlas aggregate,ECDC Surveillance Atlas aggregate,https://atlas.ecdc.europa.eu/public/
EU_EEA,Denmark,DNK,2019,Escherichia coli,Blood/invasive,Aminoglycosides,306,5599,EARS-Net mixed/not reported,Not reported in Atlas aggregate,ECDC Surveillance Atlas aggregate,https://atlas.ecdc.europa.eu/public/
EU_EEA,Denmark,DNK,2020,Escherichia coli,Blood/invasive,Aminoglycosides,325,5870,EUCAST,EUCAST required; exact version unavailable in Atlas aggregate,ECDC Surveillance Atlas aggregate,https://atlas.ecdc.europa.eu/public/
EU_EEA,Denmark,DNK,2021,Escherichia coli,Blood/invasive,Aminoglycosides,262,6017,EUCAST,EUCAST required; exact version unavailable in Atlas aggregate,ECDC Surveillance Atlas aggregate,https://atlas.ecdc.europa.eu/public/
EU_EEA,Denmark,DNK,2022,Escherichia coli,Blood/invasive,Aminoglycosides,281,5909,EUCAST,EUCAST required; exact version unavailable in Atlas aggregate,ECDC Surveillance Atlas aggregate,https://atlas.ecdc.europa.eu/public/
EU_EEA,Denmark,DNK,2023,Escherichia coli,Blood/invasive,Aminoglycosides,262,5839,EUCAST,EUCAST required; exact version unavailable in Atlas aggregate,ECDC Surveillance Atlas aggregate,https://atlas.ecdc.europa.eu/public/
EU_EEA,Denmark,DNK,2005,Escherichia coli,Blood/invasive,Aminopenicillins,511,1283,EARS-Net mixed/not reported,Not reported in Atlas aggregate,ECDC Surveillance Atlas aggregate,https://atlas.ecdc.europa.eu/public/
EU_EEA,Denmark,DNK,2006,Escherichia coli,Blood/invasive,Aminopenicillins,1130,2722,EARS-Net mixed/not reported,Not reported in Atlas aggregate,ECDC Surveillance Atlas aggregate,https://atlas.ecdc.europa.eu/public/
EU_EEA,Denmark,DNK,2007,Escherichia coli,Blood/invasive,Aminopenicillins,1251,2876,EARS-Net mixed/not reported,Not reported in Atlas aggregate,ECDC Surveillance Atlas aggregate,https://atlas.ecdc.europa.eu/public/
EU_EEA,Denmark,DNK,2008,Escherichia coli,Blood/invasive,Aminopenicillins,1419,3282,EARS-Net mixed/not reported,Not reported in Atlas aggregate,ECDC Surveillance Atlas aggregate,https://atlas.ecdc.europa.eu/public/
EU_EEA,Denmark,DNK,2009,Escherichia coli,Blood/invasive,Aminopenicillins,1516,3531,EARS-Net mixed/not reported,Not reported in Atlas aggregate,ECDC Surveillance Atlas aggregate,https://atlas.ecdc.europa.eu/public/
EU_EEA,Denmark,DNK,2010,Escherichia coli,Blood/invasive,Aminopenicillins,1562,3412,EARS-Net mixed/not reported,Not reported in Atlas aggregate,ECDC Surveillance Atlas aggregate,https://atlas.ecdc.europa.eu/public/
EU_EEA,Denmark,DNK,2011,Escherichia coli,Blood/invasive,Aminopenicillins,1743,3638,EARS-Net mixed/not reported,Not reported in Atlas aggregate,ECDC Surveillance Atlas aggregate,https://atlas.ecdc.europa.eu/public/
EU_EEA,Denmark,DNK,2012,Escherichia coli,Blood/invasive,Aminopenicillins,1677,3708,EARS-Net mixed/not reported,Not reported in Atlas aggregate,ECDC Surveillance Atlas aggregate,https://atlas.ecdc.europa.eu/public/
EU_EEA,Denmark,DNK,2013,Escherichia coli,Blood/invasive,Aminopenicillins,1836,3965,EARS-Net mixed/not reported,Not reported in Atlas aggregate,ECDC Surveillance Atlas aggregate,https://atlas.ecdc.europa.eu/public/
EU_EEA,Denmark,DNK,2014,Escherichia coli,Blood/invasive,Aminopenicillins,2016,4490,EARS-Net mixed/not reported,Not reported in Atlas aggregate,ECDC Surveillance Atlas aggregate,https://atlas.ecdc.europa.eu/public/
EU_EEA,Denmark,DNK,2015,Escherichia coli,Blood/invasive,Aminopenicillins,2080,4594,EARS-Net mixed/not reported,Not reported in Atlas aggregate,ECDC Surveillance Atlas aggregate,https://atlas.ecdc.europa.eu/public/
EU_EEA,Denmark,DNK,2016,Escherichia coli,Blood/invasive,Aminopenicillins,2112,4698,EARS-Net mixed/not reported,Not reported in Atlas aggregate,ECDC Surveillance Atlas aggregate,https://atlas.ecdc.europa.eu/public/
EU_EEA,Denmark,DNK,2017,Escherichia coli,Blood/invasive,Aminopenicillins,2229,4885,EARS-Net mixed/not reported,Not reported in Atlas aggregate,ECDC Surveillance Atlas aggregate,https://atlas.ecdc.europa.eu/public/
EU_EEA,Denmark,DNK,2018,Escherichia coli,Blood/invasive,Aminopenicillins,2474,5383,EARS-Net mixed/not reported,Not reported in Atlas aggregate,ECDC Surveillance Atlas aggregate,https://atlas.ecdc.europa.eu/public/
EU_EEA,Denmark,DNK,2019,Escherichia coli,Blood/invasive,Aminopenicillins,2590,5593,EARS-Net mixed/not reported,Not reported in Atlas aggregate,ECDC Surveillance Atlas aggregate,https://atlas.ecdc.europa.eu/public/
EU_EEA,Denmark,DNK,2020,Escherichia coli,Blood/invasive,Aminopenicillins,2584,5864,EUCAST,EUCAST required; exact version unavailable in Atlas aggregate,ECDC Surveillance Atlas aggregate,https://atlas.ecdc.europa.eu/public/
EU_EEA,Denmark,DNK,2021,Escherichia coli,Blood/invasive,Aminopenicillins,2491,6001,EUCAST,EUCAST required; exact version unavailable in Atlas aggregate,ECDC Surveillance Atlas aggregate,https://atlas.ecdc.europa.eu/public/
EU_EEA,Denmark,DNK,2022,Escherichia coli,Blood/invasive,Aminopenicillins,2481,5883,EUCAST,EUCAST required; exact version unavailable in Atlas aggregate,ECDC Surveillance Atlas aggregate,https://atlas.ecdc.europa.eu/public/
EU_EEA,Denmark,DNK,2023,Escherichia coli,Blood/invasive,Aminopenicillins,2346,5799,EUCAST,EUCAST required; exact version unavailable in Atlas aggregate,ECDC Surveillance Atlas aggregate,https://atlas.ecdc.europa.eu/public/
EU_EEA,Denmark,DNK,2005,Escherichia coli,Blood/invasive,Carbapenems,0,402,EARS-Net mixed/not reported,Not reported in Atlas aggregate,ECDC Surveillance Atlas aggregate,https://atlas.ecdc.europa.eu/public/
EU_EEA,Denmark,DNK,2006,Escherichia coli,Blood/invasive,Carbapenems,1,165,EARS-Net mixed/not reported,Not reported in Atlas aggregate,ECDC Surveillance Atlas aggregate,https://atlas.ecdc.europa.eu/public/
EU_EEA,Denmark,DNK,2007,Escherichia coli,Blood/invasive,Carbapenems,0,363,EARS-Net mixed/not reported,Not reported in Atlas aggregate,ECDC Surveillance Atlas aggregate,https://atlas.ecdc.europa.eu/public/
EU_EEA,Denmark,DNK,2008,Escherichia coli,Blood/invasive,Carbapenems,1,1941,EARS-Net mixed/not reported,Not reported in Atlas aggregate,ECDC Surveillance Atlas aggregate,https://atlas.ecdc.europa.eu/public/
EU_EEA,Denmark,DNK,2009,Escherichia coli,Blood/invasive,Carbapenems,0,1495,EARS-Net mixed/not reported,Not reported in Atlas aggregate,ECDC Surveillance Atlas aggregate,https://atlas.ecdc.europa.eu/public/
EU_EEA,Denmark,DNK,2010,Escherichia coli,Blood/invasive,Carbapenems,0,2011,EARS-Net mixed/not reported,Not reported in Atlas aggregate,ECDC Surveillance Atlas aggregate,https://atlas.ecdc.europa.eu/public/
EU_EEA,Denmark,DNK,2011,Escherichia coli,Blood/invasive,Carbapenems,0,2265,EARS-Net mixed/not reported,Not reported in Atlas aggregate,ECDC Surveillance Atlas aggregate,https://atlas.ecdc.europa.eu/public/
EU_EEA,Denmark,DNK,2012,Escherichia coli,Blood/invasive,Carbapenems,0,2865,EARS-Net mixed/not reported,Not reported in Atlas aggregate,ECDC Surveillance Atlas aggregate,https://atlas.ecdc.europa.eu/public/
EU_EEA,Denmark,DNK,2013,Escherichia coli,Blood/invasive,Carbapenems,1,2832,EARS-Net mixed/not reported,Not reported in Atlas aggregate,ECDC Surveillance Atlas aggregate,https://atlas.ecdc.europa.eu/public/
EU_EEA,Denmark,DNK,2014,Escherichia coli,Blood/invasive,Carbapenems,1,3946,EARS-Net mixed/not reported,Not reported in Atlas aggregate,ECDC Surveillance Atlas aggregate,https://atlas.ecdc.europa.eu/public/
EU_EEA,Denmark,DNK,2015,Escherichia coli,Blood/invasive,Carbapenems,1,4046,EARS-Net mixed/not reported,Not reported in Atlas aggregate,ECDC Surveillance Atlas aggregate,https://atlas.ecdc.europa.eu/public/
EU_EEA,Denmark,DNK,2016,Escherichia coli,Blood/invasive,Carbapenems,0,4671,EARS-Net mixed/not reported,Not reported in Atlas aggregate,ECDC Surveillance Atlas aggregate,https://atlas.ecdc.europa.eu/public/
EU_EEA,Denmark,DNK,2017,Escherichia coli,Blood/invasive,Carbapenems,1,5117,EARS-Net mixed/not reported,Not reported in Atlas aggregate,ECDC Surveillance Atlas aggregate,https://atlas.ecdc.europa.eu/public/
EU_EEA,Denmark,DNK,2018,Escherichia coli,Blood/invasive,Carbapenems,0,4640,EARS-Net mixed/not reported,Not reported in Atlas aggregate,ECDC Surveillance Atlas aggregate,https://atlas.ecdc.europa.eu/public/
EU_EEA,Denmark,DNK,2019,Escherichia coli,Blood/invasive,Carbapenems,4,5577,EARS-Net mixed/not reported,Not reported in Atlas aggregate,ECDC Surveillance Atlas aggregate,https://atlas.ecdc.europa.eu/public/
EU_EEA,Denmark,DNK,2020,Escherichia coli,Blood/invasive,Carbapenems,9,5840,EUCAST,EUCAST required; exact version unavailable in Atlas aggregate,ECDC Surveillance Atlas aggregate,https://atlas.ecdc.europa.eu/public/
EU_EEA,Denmark,DNK,2021,Escherichia coli,Blood/invasive,Carbapenems,6,5845,EUCAST,EUCAST required; exact version unavailable in Atlas aggregate,ECDC Surveillance Atlas aggregate,https://atlas.ecdc.europa.eu/public/
EU_EEA,Denmark,DNK,2022,Escherichia coli,Blood/invasive,Carbapenems,1,5580,EUCAST,EUCAST required; exact version unavailable in Atlas aggregate,ECDC Surveillance Atlas aggregate,https://atlas.ecdc.europa.eu/public/
EU_EEA,Denmark,DNK,2023,Escherichia coli,Blood/invasive,Carbapenems,2,5430,EUCAST,EUCAST required; exact version unavailable in Atlas aggregate,ECDC Surveillance Atlas aggregate,https://atlas.ecdc.europa.eu/public/
EU_EEA,Denmark,DNK,2005,Escherichia coli,Blood/invasive,Fluoroquinolones,36,758,EARS-Net mixed/not reported,Not reported in Atlas aggregate,ECDC Surveillance Atlas aggregate,https://atlas.ecdc.europa.eu/public/
EU_EEA,Denmark,DNK,2006,Escherichia coli,Blood/invasive,Fluoroquinolones,157,2370,EARS-Net mixed/not reported,Not reported in Atlas aggregate,ECDC Surveillance Atlas aggregate,https://atlas.ecdc.europa.eu/public/
EU_EEA,Denmark,DNK,2007,Escherichia coli,Blood/invasive,Fluoroquinolones,262,2818,EARS-Net mixed/not reported,Not reported in Atlas aggregate,ECDC Surveillance Atlas aggregate,https://atlas.ecdc.europa.eu/public/
EU_EEA,Denmark,DNK,2008,Escherichia coli,Blood/invasive,Fluoroquinolones,307,3018,EARS-Net mixed/not reported,Not reported in Atlas aggregate,ECDC Surveillance Atlas aggregate,https://atlas.ecdc.europa.eu/public/
EU_EEA,Denmark,DNK,2009,Escherichia coli,Blood/invasive,Fluoroquinolones,449,3406,EARS-Net mixed/not reported,Not reported in Atlas aggregate,ECDC Surveillance Atlas aggregate,https://atlas.ecdc.europa.eu/public/
EU_EEA,Denmark,DNK,2010,Escherichia coli,Blood/invasive,Fluoroquinolones,435,3166,EARS-Net mixed/not reported,Not reported in Atlas aggregate,ECDC Surveillance Atlas aggregate,https://atlas.ecdc.europa.eu/public/
EU_EEA,Denmark,DNK,2011,Escherichia coli,Blood/invasive,Fluoroquinolones,504,3583,EARS-Net mixed/not reported,Not reported in Atlas aggregate,ECDC Surveillance Atlas aggregate,https://atlas.ecdc.europa.eu/public/
EU_EEA,Denmark,DNK,2012,Escherichia coli,Blood/invasive,Fluoroquinolones,554,3923,EARS-Net mixed/not reported,Not reported in Atlas aggregate,ECDC Surveillance Atlas aggregate,https://atlas.ecdc.europa.eu/public/
EU_EEA,Denmark,DNK,2013,Escherichia coli,Blood/invasive,Fluoroquinolones,493,3963,EARS-Net mixed/not reported,Not reported in Atlas aggregate,ECDC Surveillance Atlas aggregate,https://atlas.ecdc.europa.eu/public/
EU_EEA,Denmark,DNK,2014,Escherichia coli,Blood/invasive,Fluoroquinolones,550,4489,EARS-Net mixed/not reported,Not reported in Atlas aggregate,ECDC Surveillance Atlas aggregate,https://atlas.ecdc.europa.eu/public/
EU_EEA,Denmark,DNK,2015,Escherichia coli,Blood/invasive,Fluoroquinolones,544,4570,EARS-Net mixed/not reported,Not reported in Atlas aggregate,ECDC Surveillance Atlas aggregate,https://atlas.ecdc.europa.eu/public/
EU_EEA,Denmark,DNK,2016,Escherichia coli,Blood/invasive,Fluoroquinolones,533,4827,EARS-Net mixed/not reported,Not reported in Atlas aggregate,ECDC Surveillance Atlas aggregate,https://atlas.ecdc.europa.eu/public/
EU_EEA,Denmark,DNK,2017,Escherichia coli,Blood/invasive,Fluoroquinolones,655,5123,EARS-Net mixed/not reported,Not reported in Atlas aggregate,ECDC Surveillance Atlas aggregate,https://atlas.ecdc.europa.eu/public/
EU_EEA,Denmark,DNK,2018,Escherichia coli,Blood/invasive,Fluoroquinolones,714,5386,EARS-Net mixed/not reported,Not reported in Atlas aggregate,ECDC Surveillance Atlas aggregate,https://atlas.ecdc.europa.eu/public/
EU_EEA,Denmark,DNK,2019,Escherichia coli,Blood/invasive,Fluoroquinolones,643,5605,EARS-Net mixed/not reported,Not reported in Atlas aggregate,ECDC Surveillance Atlas aggregate,https://atlas.ecdc.europa.eu/public/
EU_EEA,Denmark,DNK,2020,Escherichia coli,Blood/invasive,Fluoroquinolones,659,5870,EUCAST,EUCAST required; exact version unavailable in Atlas aggregate,ECDC Surveillance Atlas aggregate,https://atlas.ecdc.europa.eu/public/
EU_EEA,Denmark,DNK,2021,Escherichia coli,Blood/invasive,Fluoroquinolones,630,6016,EUCAST,EUCAST required; exact version unavailable in Atlas aggregate,ECDC Surveillance Atlas aggregate,https://atlas.ecdc.europa.eu/public/
EU_EEA,Denmark,DNK,2022,Escherichia coli,Blood/invasive,Fluoroquinolones,631,5892,EUCAST,EUCAST required; exact version unavailable in Atlas aggregate,ECDC Surveillance Atlas aggregate,https://atlas.ecdc.europa.eu/public/
EU_EEA,Denmark,DNK,2023,Escherichia coli,Blood/invasive,Fluoroquinolones,610,5828,EUCAST,EUCAST required; exact version unavailable in Atlas aggregate,ECDC Surveillance Atlas aggregate,https://atlas.ecdc.europa.eu/public/
EU_EEA,Denmark,DNK,2005,Escherichia coli,Blood/invasive,Third-generation cephalosporins,11,957,EARS-Net mixed/not reported,Not reported in Atlas aggregate,ECDC Surveillance Atlas aggregate,https://atlas.ecdc.europa.eu/public/
EU_EEA,Denmark,DNK,2006,Escherichia coli,Blood/invasive,Third-generation cephalosporins,45,1839,EARS-Net mixed/not reported,Not reported in Atlas aggregate,ECDC Surveillance Atlas aggregate,https://atlas.ecdc.europa.eu/public/
EU_EEA,Denmark,DNK,2007,Escherichia coli,Blood/invasive,Third-generation cephalosporins,57,1756,EARS-Net mixed/not reported,Not reported in Atlas aggregate,ECDC Surveillance Atlas aggregate,https://atlas.ecdc.europa.eu/public/
EU_EEA,Denmark,DNK,2008,Escherichia coli,Blood/invasive,Third-generation cephalosporins,101,2489,EARS-Net mixed/not reported,Not reported in Atlas aggregate,ECDC Surveillance Atlas aggregate,https://atlas.ecdc.europa.eu/public/
EU_EEA,Denmark,DNK,2009,Escherichia coli,Blood/invasive,Third-generation cephalosporins,167,2705,EARS-Net mixed/not reported,Not reported in Atlas aggregate,ECDC Surveillance Atlas aggregate,https://atlas.ecdc.europa.eu/public/
EU_EEA,Denmark,DNK,2010,Escherichia coli,Blood/invasive,Third-generation cephalosporins,183,2408,EARS-Net mixed/not reported,Not reported in Atlas aggregate,ECDC Surveillance Atlas aggregate,https://atlas.ecdc.europa.eu/public/
EU_EEA,Denmark,DNK,2011,Escherichia coli,Blood/invasive,Third-generation cephalosporins,215,2532,EARS-Net mixed/not reported,Not reported in Atlas aggregate,ECDC Surveillance Atlas aggregate,https://atlas.ecdc.europa.eu/public/
EU_EEA,Denmark,DNK,2012,Escherichia coli,Blood/invasive,Third-generation cephalosporins,198,2519,EARS-Net mixed/not reported,Not reported in Atlas aggregate,ECDC Surveillance Atlas aggregate,https://atlas.ecdc.europa.eu/public/
EU_EEA,Denmark,DNK,2013,Escherichia coli,Blood/invasive,Third-generation cephalosporins,198,2451,EARS-Net mixed/not reported,Not reported in Atlas aggregate,ECDC Surveillance Atlas aggregate,https://atlas.ecdc.europa.eu/public/
EU_EEA,Denmark,DNK,2014,Escherichia coli,Blood/invasive,Third-generation cephalosporins,309,4410,EARS-Net mixed/not reported,Not reported in Atlas aggregate,ECDC Surveillance Atlas aggregate,https://atlas.ecdc.europa.eu/public/
EU_EEA,Denmark,DNK,2015,Escherichia coli,Blood/invasive,Third-generation cephalosporins,341,4561,EARS-Net mixed/not reported,Not reported in Atlas aggregate,ECDC Surveillance Atlas aggregate,https://atlas.ecdc.europa.eu/public/
EU_EEA,Denmark,DNK,2016,Escherichia coli,Blood/invasive,Third-generation cephalosporins,306,4659,EARS-Net mixed/not reported,Not reported in Atlas aggregate,ECDC Surveillance Atlas aggregate,https://atlas.ecdc.europa.eu/public/
EU_EEA,Denmark,DNK,2017,Escherichia coli,Blood/invasive,Third-generation cephalosporins,337,4883,EARS-Net mixed/not reported,Not reported in Atlas aggregate,ECDC Surveillance Atlas aggregate,https://atlas.ecdc.europa.eu/public/
EU_EEA,Denmark,DNK,2018,Escherichia coli,Blood/invasive,Third-generation cephalosporins,370,4833,EARS-Net mixed/not reported,Not reported in Atlas aggregate,ECDC Surveillance Atlas aggregate,https://atlas.ecdc.europa.eu/public/
EU_EEA,Denmark,DNK,2019,Escherichia coli,Blood/invasive,Third-generation cephalosporins,384,5091,EARS-Net mixed/not reported,Not reported in Atlas aggregate,ECDC Surveillance Atlas aggregate,https://atlas.ecdc.europa.eu/public/
EU_EEA,Denmark,DNK,2020,Escherichia coli,Blood/invasive,Third-generation cephalosporins,354,5286,EUCAST,EUCAST required; exact version unavailable in Atlas aggregate,ECDC Surveillance Atlas aggregate,https://atlas.ecdc.europa.eu/public/
EU_EEA,Denmark,DNK,2021,Escherichia coli,Blood/invasive,Third-generation cephalosporins,334,5416,EUCAST,EUCAST required; exact version unavailable in Atlas aggregate,ECDC Surveillance Atlas aggregate,https://atlas.ecdc.europa.eu/public/
EU_EEA,Denmark,DNK,2022,Escherichia coli,Blood/invasive,Third-generation cephalosporins,353,5326,EUCAST,EUCAST required; exact version unavailable in Atlas aggregate,ECDC Surveillance Atlas aggregate,https://atlas.ecdc.europa.eu/public/
EU_EEA,Denmark,DNK,2023,Escherichia coli,Blood/invasive,Third-generation cephalosporins,333,5272,EUCAST,EUCAST required; exact version unavailable in Atlas aggregate,ECDC Surveillance Atlas aggregate,https://atlas.ecdc.europa.eu/public/
EU_EEA,Spain,ESP,2001,Escherichia coli,Blood/invasive,Aminoglycosides,113,1655,EARS-Net mixed/not reported,Not reported in Atlas aggregate,ECDC Surveillance Atlas aggregate,https://atlas.ecdc.europa.eu/public/
EU_EEA,Spain,ESP,2002,Escherichia coli,Blood/invasive,Aminoglycosides,186,2475,EARS-Net mixed/not reported,Not reported in Atlas aggregate,ECDC Surveillance Atlas aggregate,https://atlas.ecdc.europa.eu/public/
EU_EEA,Spain,ESP,2003,Escherichia coli,Blood/invasive,Aminoglycosides,192,2639,EARS-Net mixed/not reported,Not reported in Atlas aggregate,ECDC Surveillance Atlas aggregate,https://atlas.ecdc.europa.eu/public/
EU_EEA,Spain,ESP,2004,Escherichia coli,Blood/invasive,Aminoglycosides,257,3463,EARS-Net mixed/not reported,Not reported in Atlas aggregate,ECDC Surveillance Atlas aggregate,https://atlas.ecdc.europa.eu/public/
EU_EEA,Spain,ESP,2005,Escherichia coli,Blood/invasive,Aminoglycosides,294,2991,EARS-Net mixed/not reported,Not reported in Atlas aggregate,ECDC Surveillance Atlas aggregate,https://atlas.ecdc.europa.eu/public/
EU_EEA,Spain,ESP,2006,Escherichia coli,Blood/invasive,Aminoglycosides,309,3361,EARS-Net mixed/not reported,Not reported in Atlas aggregate,ECDC Surveillance Atlas aggregate,https://atlas.ecdc.europa.eu/public/
EU_EEA,Spain,ESP,2007,Escherichia coli,Blood/invasive,Aminoglycosides,366,3678,EARS-Net mixed/not reported,Not reported in Atlas aggregate,ECDC Surveillance Atlas aggregate,https://atlas.ecdc.europa.eu/public/
EU_EEA,Spain,ESP,2008,Escherichia coli,Blood/invasive,Aminoglycosides,395,3621,EARS-Net mixed/not reported,Not reported in Atlas aggregate,ECDC Surveillance Atlas aggregate,https://atlas.ecdc.europa.eu/public/
EU_EEA,Spain,ESP,2009,Escherichia coli,Blood/invasive,Aminoglycosides,495,3818,EARS-Net mixed/not reported,Not reported in Atlas aggregate,ECDC Surveillance Atlas aggregate,https://atlas.ecdc.europa.eu/public/
EU_EEA,Spain,ESP,2010,Escherichia coli,Blood/invasive,Aminoglycosides,803,5696,EARS-Net mixed/not reported,Not reported in Atlas aggregate,ECDC Surveillance Atlas aggregate,https://atlas.ecdc.europa.eu/public/
EU_EEA,Spain,ESP,2011,Escherichia coli,Blood/invasive,Aminoglycosides,830,5603,EARS-Net mixed/not reported,Not reported in Atlas aggregate,ECDC Surveillance Atlas aggregate,https://atlas.ecdc.europa.eu/public/
EU_EEA,Spain,ESP,2012,Escherichia coli,Blood/invasive,Aminoglycosides,883,5675,EARS-Net mixed/not reported,Not reported in Atlas aggregate,ECDC Surveillance Atlas aggregate,https://atlas.ecdc.europa.eu/public/
EU_EEA,Spain,ESP,2013,Escherichia coli,Blood/invasive,Aminoglycosides,909,5929,EARS-Net mixed/not reported,Not reported in Atlas aggregate,ECDC Surveillance Atlas aggregate,https://atlas.ecdc.europa.eu/public/
EU_EEA,Spain,ESP,2014,Escherichia coli,Blood/invasive,Aminoglycosides,877,5820,EARS-Net mixed/not reported,Not reported in Atlas aggregate,ECDC Surveillance Atlas aggregate,https://atlas.ecdc.europa.eu/public/
EU_EEA,Spain,ESP,2015,Escherichia coli,Blood/invasive,Aminoglycosides,954,6489,EARS-Net mixed/not reported,Not reported in Atlas aggregate,ECDC Surveillance Atlas aggregate,https://atlas.ecdc.europa.eu/public/
EU_EEA,Spain,ESP,2016,Escherichia coli,Blood/invasive,Aminoglycosides,988,6800,EARS-Net mixed/not reported,Not reported in Atlas aggregate,ECDC Surveillance Atlas aggregate,https://atlas.ecdc.europa.eu/public/
EU_EEA,Spain,ESP,2017,Escherichia coli,Blood/invasive,Aminoglycosides,826,6029,EARS-Net mixed/not reported,Not reported in Atlas aggregate,ECDC Surveillance Atlas aggregate,https://atlas.ecdc.europa.eu/public/
EU_EEA,Spain,ESP,2018,Escherichia coli,Blood/invasive,Aminoglycosides,1119,7924,EARS-Net mixed/not reported,Not reported in Atlas aggregate,ECDC Surveillance Atlas aggregate,https://atlas.ecdc.europa.eu/public/
EU_EEA,Spain,ESP,2019,Escherichia coli,Blood/invasive,Aminoglycosides,1126,8304,EARS-Net mixed/not reported,Not reported in Atlas aggregate,ECDC Surveillance Atlas aggregate,https://atlas.ecdc.europa.eu/public/
EU_EEA,Spain,ESP,2020,Escherichia coli,Blood/invasive,Aminoglycosides,1066,7829,EUCAST,EUCAST required; exact version unavailable in Atlas aggregate,ECDC Surveillance Atlas aggregate,https://atlas.ecdc.europa.eu/public/
EU_EEA,Spain,ESP,2021,Escherichia coli,Blood/invasive,Aminoglycosides,938,7567,EUCAST,EUCAST required; exact version unavailable in Atlas aggregate,ECDC Surveillance Atlas aggregate,https://atlas.ecdc.europa.eu/public/
EU_EEA,Spain,ESP,2022,Escherichia coli,Blood/invasive,Aminoglycosides,1169,9367,EUCAST,EUCAST required; exact version unavailable in Atlas aggregate,ECDC Surveillance Atlas aggregate,https://atlas.ecdc.europa.eu/public/
EU_EEA,Spain,ESP,2023,Escherichia coli,Blood/invasive,Aminoglycosides,1182,9609,EUCAST,EUCAST required; exact version unavailable in Atlas aggregate,ECDC Surveillance Atlas aggregate,https://atlas.ecdc.europa.eu/public/
EU_EEA,Spain,ESP,2001,Escherichia coli,Blood/invasive,Aminopenicillins,945,1655,EARS-Net mixed/not reported,Not reported in Atlas aggregate,ECDC Surveillance Atlas aggregate,https://atlas.ecdc.europa.eu/public/
EU_EEA,Spain,ESP,2002,Escherichia coli,Blood/invasive,Aminopenicillins,1493,2484,EARS-Net mixed/not reported,Not reported in Atlas aggregate,ECDC Surveillance Atlas aggregate,https://atlas.ecdc.europa.eu/public/
EU_EEA,Spain,ESP,2003,Escherichia coli,Blood/invasive,Aminopenicillins,1537,2650,EARS-Net mixed/not reported,Not reported in Atlas aggregate,ECDC Surveillance Atlas aggregate,https://atlas.ecdc.europa.eu/public/
EU_EEA,Spain,ESP,2004,Escherichia coli,Blood/invasive,Aminopenicillins,2077,3469,EARS-Net mixed/not reported,Not reported in Atlas aggregate,ECDC Surveillance Atlas aggregate,https://atlas.ecdc.europa.eu/public/
EU_EEA,Spain,ESP,2005,Escherichia coli,Blood/invasive,Aminopenicillins,1853,2995,EARS-Net mixed/not reported,Not reported in Atlas aggregate,ECDC Surveillance Atlas aggregate,https://atlas.ecdc.europa.eu/public/
EU_EEA,Spain,ESP,2006,Escherichia coli,Blood/invasive,Aminopenicillins,2136,3363,EARS-Net mixed/not reported,Not reported in Atlas aggregate,ECDC Surveillance Atlas aggregate,https://atlas.ecdc.europa.eu/public/
EU_EEA,Spain,ESP,2007,Escherichia coli,Blood/invasive,Aminopenicillins,2264,3672,EARS-Net mixed/not reported,Not reported in Atlas aggregate,ECDC Surveillance Atlas aggregate,https://atlas.ecdc.europa.eu/public/
EU_EEA,Spain,ESP,2008,Escherichia coli,Blood/invasive,Aminopenicillins,2280,3621,EARS-Net mixed/not reported,Not reported in Atlas aggregate,ECDC Surveillance Atlas aggregate,https://atlas.ecdc.europa.eu/public/
EU_EEA,Spain,ESP,2009,Escherichia coli,Blood/invasive,Aminopenicillins,2473,3821,EARS-Net mixed/not reported,Not reported in Atlas aggregate,ECDC Surveillance Atlas aggregate,https://atlas.ecdc.europa.eu/public/
EU_EEA,Spain,ESP,2010,Escherichia coli,Blood/invasive,Aminopenicillins,3676,5696,EARS-Net mixed/not reported,Not reported in Atlas aggregate,ECDC Surveillance Atlas aggregate,https://atlas.ecdc.europa.eu/public/
EU_EEA,Spain,ESP,2011,Escherichia coli,Blood/invasive,Aminopenicillins,3671,5592,EARS-Net mixed/not reported,Not reported in Atlas aggregate,ECDC Surveillance Atlas aggregate,https://atlas.ecdc.europa.eu/public/
EU_EEA,Spain,ESP,2012,Escherichia coli,Blood/invasive,Aminopenicillins,3709,5672,EARS-Net mixed/not reported,Not reported in Atlas aggregate,ECDC Surveillance Atlas aggregate,https://atlas.ecdc.europa.eu/public/
EU_EEA,Spain,ESP,2013,Escherichia coli,Blood/invasive,Aminopenicillins,3725,5720,EARS-Net mixed/not reported,Not reported in Atlas aggregate,ECDC Surveillance Atlas aggregate,https://atlas.ecdc.europa.eu/public/
EU_EEA,Spain,ESP,2014,Escherichia coli,Blood/invasive,Aminopenicillins,3776,5817,EARS-Net mixed/not reported,Not reported in Atlas aggregate,ECDC Surveillance Atlas aggregate,https://atlas.ecdc.europa.eu/public/
EU_EEA,Spain,ESP,2015,Escherichia coli,Blood/invasive,Aminopenicillins,4104,6427,EARS-Net mixed/not reported,Not reported in Atlas aggregate,ECDC Surveillance Atlas aggregate,https://atlas.ecdc.europa.eu/public/
EU_EEA,Spain,ESP,2016,Escherichia coli,Blood/invasive,Aminopenicillins,4356,6795,EARS-Net mixed/not reported,Not reported in Atlas aggregate,ECDC Surveillance Atlas aggregate,https://atlas.ecdc.europa.eu/public/
EU_EEA,Spain,ESP,2017,Escherichia coli,Blood/invasive,Aminopenicillins,3710,5947,EARS-Net mixed/not reported,Not reported in Atlas aggregate,ECDC Surveillance Atlas aggregate,https://atlas.ecdc.europa.eu/public/
EU_EEA,Spain,ESP,2018,Escherichia coli,Blood/invasive,Aminopenicillins,4782,7599,EARS-Net mixed/not reported,Not reported in Atlas aggregate,ECDC Surveillance Atlas aggregate,https://atlas.ecdc.europa.eu/public/
EU_EEA,Spain,ESP,2019,Escherichia coli,Blood/invasive,Aminopenicillins,4793,7831,EARS-Net mixed/not reported,Not reported in Atlas aggregate,ECDC Surveillance Atlas aggregate,https://atlas.ecdc.europa.eu/public/
EU_EEA,Spain,ESP,2020,Escherichia coli,Blood/invasive,Aminopenicillins,4157,7214,EUCAST,EUCAST required; exact version unavailable in Atlas aggregate,ECDC Surveillance Atlas aggregate,https://atlas.ecdc.europa.eu/public/
EU_EEA,Spain,ESP,2021,Escherichia coli,Blood/invasive,Aminopenicillins,3977,7075,EUCAST,EUCAST required; exact version unavailable in Atlas aggregate,ECDC Surveillance Atlas aggregate,https://atlas.ecdc.europa.eu/public/
EU_EEA,Spain,ESP,2022,Escherichia coli,Blood/invasive,Aminopenicillins,4893,8550,EUCAST,EUCAST required; exact version unavailable in Atlas aggregate,ECDC Surveillance Atlas aggregate,https://atlas.ecdc.europa.eu/public/
EU_EEA,Spain,ESP,2023,Escherichia coli,Blood/invasive,Aminopenicillins,5049,8793,EUCAST,EUCAST required; exact version unavailable in Atlas aggregate,ECDC Surveillance Atlas aggregate,https://atlas.ecdc.europa.eu/public/
EU_EEA,Spain,ESP,2001,Escherichia coli,Blood/invasive,Carbapenems,1,1054,EARS-Net mixed/not reported,Not reported in Atlas aggregate,ECDC Surveillance Atlas aggregate,https://atlas.ecdc.europa.eu/public/
EU_EEA,Spain,ESP,2002,Escherichia coli,Blood/invasive,Carbapenems,0,1460,EARS-Net mixed/not reported,Not reported in Atlas aggregate,ECDC Surveillance Atlas aggregate,https://atlas.ecdc.europa.eu/public/
EU_EEA,Spain,ESP,2003,Escherichia coli,Blood/invasive,Carbapenems,0,1995,EARS-Net mixed/not reported,Not reported in Atlas aggregate,ECDC Surveillance Atlas aggregate,https://atlas.ecdc.europa.eu/public/
EU_EEA,Spain,ESP,2004,Escherichia coli,Blood/invasive,Carbapenems,0,3055,EARS-Net mixed/not reported,Not reported in Atlas aggregate,ECDC Surveillance Atlas aggregate,https://atlas.ecdc.europa.eu/public/
EU_EEA,Spain,ESP,2005,Escherichia coli,Blood/invasive,Carbapenems,1,2759,EARS-Net mixed/not reported,Not reported in Atlas aggregate,ECDC Surveillance Atlas aggregate,https://atlas.ecdc.europa.eu/public/
EU_EEA,Spain,ESP,2006,Escherichia coli,Blood/invasive,Carbapenems,1,3096,EARS-Net mixed/not reported,Not reported in Atlas aggregate,ECDC Surveillance Atlas aggregate,https://atlas.ecdc.europa.eu/public/
EU_EEA,Spain,ESP,2007,Escherichia coli,Blood/invasive,Carbapenems,0,3267,EARS-Net mixed/not reported,Not reported in Atlas aggregate,ECDC Surveillance Atlas aggregate,https://atlas.ecdc.europa.eu/public/
EU_EEA,Spain,ESP,2008,Escherichia coli,Blood/invasive,Carbapenems,0,3334,EARS-Net mixed/not reported,Not reported in Atlas aggregate,ECDC Surveillance Atlas aggregate,https://atlas.ecdc.europa.eu/public/
EU_EEA,Spain,ESP,2009,Escherichia coli,Blood/invasive,Carbapenems,0,3542,EARS-Net mixed/not reported,Not reported in Atlas aggregate,ECDC Surveillance Atlas aggregate,https://atlas.ecdc.europa.eu/public/
EU_EEA,Spain,ESP,2010,Escherichia coli,Blood/invasive,Carbapenems,1,5696,EARS-Net mixed/not reported,Not reported in Atlas aggregate,ECDC Surveillance Atlas aggregate,https://atlas.ecdc.europa.eu/public/
EU_EEA,Spain,ESP,2011,Escherichia coli,Blood/invasive,Carbapenems,1,5593,EARS-Net mixed/not reported,Not reported in Atlas aggregate,ECDC Surveillance Atlas aggregate,https://atlas.ecdc.europa.eu/public/
EU_EEA,Spain,ESP,2012,Escherichia coli,Blood/invasive,Carbapenems,3,5670,EARS-Net mixed/not reported,Not reported in Atlas aggregate,ECDC Surveillance Atlas aggregate,https://atlas.ecdc.europa.eu/public/
EU_EEA,Spain,ESP,2013,Escherichia coli,Blood/invasive,Carbapenems,44,5921,EARS-Net mixed/not reported,Not reported in Atlas aggregate,ECDC Surveillance Atlas aggregate,https://atlas.ecdc.europa.eu/public/
EU_EEA,Spain,ESP,2014,Escherichia coli,Blood/invasive,Carbapenems,3,5817,EARS-Net mixed/not reported,Not reported in Atlas aggregate,ECDC Surveillance Atlas aggregate,https://atlas.ecdc.europa.eu/public/
EU_EEA,Spain,ESP,2015,Escherichia coli,Blood/invasive,Carbapenems,1,6399,EARS-Net mixed/not reported,Not reported in Atlas aggregate,ECDC Surveillance Atlas aggregate,https://atlas.ecdc.europa.eu/public/
EU_EEA,Spain,ESP,2016,Escherichia coli,Blood/invasive,Carbapenems,4,6794,EARS-Net mixed/not reported,Not reported in Atlas aggregate,ECDC Surveillance Atlas aggregate,https://atlas.ecdc.europa.eu/public/
EU_EEA,Spain,ESP,2017,Escherichia coli,Blood/invasive,Carbapenems,1,6026,EARS-Net mixed/not reported,Not reported in Atlas aggregate,ECDC Surveillance Atlas aggregate,https://atlas.ecdc.europa.eu/public/
EU_EEA,Spain,ESP,2018,Escherichia coli,Blood/invasive,Carbapenems,3,7924,EARS-Net mixed/not reported,Not reported in Atlas aggregate,ECDC Surveillance Atlas aggregate,https://atlas.ecdc.europa.eu/public/
EU_EEA,Spain,ESP,2019,Escherichia coli,Blood/invasive,Carbapenems,162,8346,EARS-Net mixed/not reported,Not reported in Atlas aggregate,ECDC Surveillance Atlas aggregate,https://atlas.ecdc.europa.eu/public/
EU_EEA,Spain,ESP,2020,Escherichia coli,Blood/invasive,Carbapenems,29,7848,EUCAST,EUCAST required; exact version unavailable in Atlas aggregate,ECDC Surveillance Atlas aggregate,https://atlas.ecdc.europa.eu/public/
EU_EEA,Spain,ESP,2021,Escherichia coli,Blood/invasive,Carbapenems,9,6227,EUCAST,EUCAST required; exact version unavailable in Atlas aggregate,ECDC Surveillance Atlas aggregate,https://atlas.ecdc.europa.eu/public/
EU_EEA,Spain,ESP,2022,Escherichia coli,Blood/invasive,Carbapenems,54,9549,EUCAST,EUCAST required; exact version unavailable in Atlas aggregate,ECDC Surveillance Atlas aggregate,https://atlas.ecdc.europa.eu/public/
EU_EEA,Spain,ESP,2023,Escherichia coli,Blood/invasive,Carbapenems,5,9173,EUCAST,EUCAST required; exact version unavailable in Atlas aggregate,ECDC Surveillance Atlas aggregate,https://atlas.ecdc.europa.eu/public/
EU_EEA,Spain,ESP,2001,Escherichia coli,Blood/invasive,Fluoroquinolones,285,1652,EARS-Net mixed/not reported,Not reported in Atlas aggregate,ECDC Surveillance Atlas aggregate,https://atlas.ecdc.europa.eu/public/
EU_EEA,Spain,ESP,2002,Escherichia coli,Blood/invasive,Fluoroquinolones,478,2478,EARS-Net mixed/not reported,Not reported in Atlas aggregate,ECDC Surveillance Atlas aggregate,https://atlas.ecdc.europa.eu/public/
EU_EEA,Spain,ESP,2003,Escherichia coli,Blood/invasive,Fluoroquinolones,554,2639,EARS-Net mixed/not reported,Not reported in Atlas aggregate,ECDC Surveillance Atlas aggregate,https://atlas.ecdc.europa.eu/public/
EU_EEA,Spain,ESP,2004,Escherichia coli,Blood/invasive,Fluoroquinolones,880,3466,EARS-Net mixed/not reported,Not reported in Atlas aggregate,ECDC Surveillance Atlas aggregate,https://atlas.ecdc.europa.eu/public/
EU_EEA,Spain,ESP,2005,Escherichia coli,Blood/invasive,Fluoroquinolones,843,2993,EARS-Net mixed/not reported,Not reported in Atlas aggregate,ECDC Surveillance Atlas aggregate,https://atlas.ecdc.europa.eu/public/
EU_EEA,Spain,ESP,2006,Escherichia coli,Blood/invasive,Fluoroquinolones,941,3360,EARS-Net mixed/not reported,Not reported in Atlas aggregate,ECDC Surveillance Atlas aggregate,https://atlas.ecdc.europa.eu/public/
EU_EEA,Spain,ESP,2007,Escherichia coli,Blood/invasive,Fluoroquinolones,1114,3659,EARS-Net mixed/not reported,Not reported in Atlas aggregate,ECDC Surveillance Atlas aggregate,https://atlas.ecdc.europa.eu/public/
EU_EEA,Spain,ESP,2008,Escherichia coli,Blood/invasive,Fluoroquinolones,1174,3610,EARS-Net mixed/not reported,Not reported in Atlas aggregate,ECDC Surveillance Atlas aggregate,https://atlas.ecdc.europa.eu/public/
EU_EEA,Spain,ESP,2009,Escherichia coli,Blood/invasive,Fluoroquinolones,1200,3810,EARS-Net mixed/not reported,Not reported in Atlas aggregate,ECDC Surveillance Atlas aggregate,https://atlas.ecdc.europa.eu/public/
EU_EEA,Spain,ESP,2010,Escherichia coli,Blood/invasive,Fluoroquinolones,1866,5696,EARS-Net mixed/not reported,Not reported in Atlas aggregate,ECDC Surveillance Atlas aggregate,https://atlas.ecdc.europa.eu/public/
EU_EEA,Spain,ESP,2011,Escherichia coli,Blood/invasive,Fluoroquinolones,1930,5597,EARS-Net mixed/not reported,Not reported in Atlas aggregate,ECDC Surveillance Atlas aggregate,https://atlas.ecdc.europa.eu/public/
EU_EEA,Spain,ESP,2012,Escherichia coli,Blood/invasive,Fluoroquinolones,1914,5654,EARS-Net mixed/not reported,Not reported in Atlas aggregate,ECDC Surveillance Atlas aggregate,https://atlas.ecdc.europa.eu/public/
EU_EEA,Spain,ESP,2013,Escherichia coli,Blood/invasive,Fluoroquinolones,2068,5926,EARS-Net mixed/not reported,Not reported in Atlas aggregate,ECDC Surveillance Atlas aggregate,https://atlas.ecdc.europa.eu/public/
EU_EEA,Spain,ESP,2014,Escherichia coli,Blood/invasive,Fluoroquinolones,1980,5818,EARS-Net mixed/not reported,Not reported in Atlas aggregate,ECDC Surveillance Atlas aggregate,https://atlas.ecdc.europa.eu/public/
EU_EEA,Spain,ESP,2015,Escherichia coli,Blood/invasive,Fluoroquinolones,2046,6484,EARS-Net mixed/not reported,Not reported in Atlas aggregate,ECDC Surveillance Atlas aggregate,https://atlas.ecdc.europa.eu/public/
EU_EEA,Spain,ESP,2016,Escherichia coli,Blood/invasive,Fluoroquinolones,2231,6797,EARS-Net mixed/not reported,Not reported in Atlas aggregate,ECDC Surveillance Atlas aggregate,https://atlas.ecdc.europa.eu/public/
EU_EEA,Spain,ESP,2017,Escherichia coli,Blood/invasive,Fluoroquinolones,1879,5781,EARS-Net mixed/not reported,Not reported in Atlas aggregate,ECDC Surveillance Atlas aggregate,https://atlas.ecdc.europa.eu/public/
EU_EEA,Spain,ESP,2018,Escherichia coli,Blood/invasive,Fluoroquinolones,2446,7616,EARS-Net mixed/not reported,Not reported in Atlas aggregate,ECDC Surveillance Atlas aggregate,https://atlas.ecdc.europa.eu/public/
EU_EEA,Spain,ESP,2019,Escherichia coli,Blood/invasive,Fluoroquinolones,2419,8192,EARS-Net mixed/not reported,Not reported in Atlas aggregate,ECDC Surveillance Atlas aggregate,https://atlas.ecdc.europa.eu/public/
EU_EEA,Spain,ESP,2020,Escherichia coli,Blood/invasive,Fluoroquinolones,2231,7799,EUCAST,EUCAST required; exact version unavailable in Atlas aggregate,ECDC Surveillance Atlas aggregate,https://atlas.ecdc.europa.eu/public/
EU_EEA,Spain,ESP,2021,Escherichia coli,Blood/invasive,Fluoroquinolones,2015,7571,EUCAST,EUCAST required; exact version unavailable in Atlas aggregate,ECDC Surveillance Atlas aggregate,https://atlas.ecdc.europa.eu/public/
EU_EEA,Spain,ESP,2022,Escherichia coli,Blood/invasive,Fluoroquinolones,2673,9343,EUCAST,EUCAST required; exact version unavailable in Atlas aggregate,ECDC Surveillance Atlas aggregate,https://atlas.ecdc.europa.eu/public/
EU_EEA,Spain,ESP,2023,Escherichia coli,Blood/invasive,Fluoroquinolones,2650,9617,EUCAST,EUCAST required; exact version unavailable in Atlas aggregate,ECDC Surveillance Atlas aggregate,https://atlas.ecdc.europa.eu/public/
EU_EEA,Spain,ESP,2001,Escherichia coli,Blood/invasive,Third-generation cephalosporins,9,1454,EARS-Net mixed/not reported,Not reported in Atlas aggregate,ECDC Surveillance Atlas aggregate,https://atlas.ecdc.europa.eu/public/
EU_EEA,Spain,ESP,2002,Escherichia coli,Blood/invasive,Third-generation cephalosporins,39,2475,EARS-Net mixed/not reported,Not reported in Atlas aggregate,ECDC Surveillance Atlas aggregate,https://atlas.ecdc.europa.eu/public/
EU_EEA,Spain,ESP,2003,Escherichia coli,Blood/invasive,Third-generation cephalosporins,112,2650,EARS-Net mixed/not reported,Not reported in Atlas aggregate,ECDC Surveillance Atlas aggregate,https://atlas.ecdc.europa.eu/public/
EU_EEA,Spain,ESP,2004,Escherichia coli,Blood/invasive,Third-generation cephalosporins,226,3460,EARS-Net mixed/not reported,Not reported in Atlas aggregate,ECDC Surveillance Atlas aggregate,https://atlas.ecdc.europa.eu/public/
EU_EEA,Spain,ESP,2005,Escherichia coli,Blood/invasive,Third-generation cephalosporins,232,2997,EARS-Net mixed/not reported,Not reported in Atlas aggregate,ECDC Surveillance Atlas aggregate,https://atlas.ecdc.europa.eu/public/
EU_EEA,Spain,ESP,2006,Escherichia coli,Blood/invasive,Third-generation cephalosporins,240,3362,EARS-Net mixed/not reported,Not reported in Atlas aggregate,ECDC Surveillance Atlas aggregate,https://atlas.ecdc.europa.eu/public/
EU_EEA,Spain,ESP,2007,Escherichia coli,Blood/invasive,Third-generation cephalosporins,273,3665,EARS-Net mixed/not reported,Not reported in Atlas aggregate,ECDC Surveillance Atlas aggregate,https://atlas.ecdc.europa.eu/public/
EU_EEA,Spain,ESP,2008,Escherichia coli,Blood/invasive,Third-generation cephalosporins,327,3626,EARS-Net mixed/not reported,Not reported in Atlas aggregate,ECDC Surveillance Atlas aggregate,https://atlas.ecdc.europa.eu/public/
EU_EEA,Spain,ESP,2009,Escherichia coli,Blood/invasive,Third-generation cephalosporins,432,3821,EARS-Net mixed/not reported,Not reported in Atlas aggregate,ECDC Surveillance Atlas aggregate,https://atlas.ecdc.europa.eu/public/
EU_EEA,Spain,ESP,2010,Escherichia coli,Blood/invasive,Third-generation cephalosporins,690,5696,EARS-Net mixed/not reported,Not reported in Atlas aggregate,ECDC Surveillance Atlas aggregate,https://atlas.ecdc.europa.eu/public/
EU_EEA,Spain,ESP,2011,Escherichia coli,Blood/invasive,Third-generation cephalosporins,671,5600,EARS-Net mixed/not reported,Not reported in Atlas aggregate,ECDC Surveillance Atlas aggregate,https://atlas.ecdc.europa.eu/public/
EU_EEA,Spain,ESP,2012,Escherichia coli,Blood/invasive,Third-generation cephalosporins,766,5672,EARS-Net mixed/not reported,Not reported in Atlas aggregate,ECDC Surveillance Atlas aggregate,https://atlas.ecdc.europa.eu/public/
EU_EEA,Spain,ESP,2013,Escherichia coli,Blood/invasive,Third-generation cephalosporins,789,5932,EARS-Net mixed/not reported,Not reported in Atlas aggregate,ECDC Surveillance Atlas aggregate,https://atlas.ecdc.europa.eu/public/
EU_EEA,Spain,ESP,2014,Escherichia coli,Blood/invasive,Third-generation cephalosporins,718,5821,EARS-Net mixed/not reported,Not reported in Atlas aggregate,ECDC Surveillance Atlas aggregate,https://atlas.ecdc.europa.eu/public/
EU_EEA,Spain,ESP,2015,Escherichia coli,Blood/invasive,Third-generation cephalosporins,747,6428,EARS-Net mixed/not reported,Not reported in Atlas aggregate,ECDC Surveillance Atlas aggregate,https://atlas.ecdc.europa.eu/public/
EU_EEA,Spain,ESP,2016,Escherichia coli,Blood/invasive,Third-generation cephalosporins,1018,6800,EARS-Net mixed/not reported,Not reported in Atlas aggregate,ECDC Surveillance Atlas aggregate,https://atlas.ecdc.europa.eu/public/
EU_EEA,Spain,ESP,2017,Escherichia coli,Blood/invasive,Third-generation cephalosporins,772,6027,EARS-Net mixed/not reported,Not reported in Atlas aggregate,ECDC Surveillance Atlas aggregate,https://atlas.ecdc.europa.eu/public/
EU_EEA,Spain,ESP,2018,Escherichia coli,Blood/invasive,Third-generation cephalosporins,1090,7923,EARS-Net mixed/not reported,Not reported in Atlas aggregate,ECDC Surveillance Atlas aggregate,https://atlas.ecdc.europa.eu/public/
EU_EEA,Spain,ESP,2019,Escherichia coli,Blood/invasive,Third-generation cephalosporins,1178,8345,EARS-Net mixed/not reported,Not reported in Atlas aggregate,ECDC Surveillance Atlas aggregate,https://atlas.ecdc.europa.eu/public/
EU_EEA,Spain,ESP,2020,Escherichia coli,Blood/invasive,Third-generation cephalosporins,1090,7744,EUCAST,EUCAST required; exact version unavailable in Atlas aggregate,ECDC Surveillance Atlas aggregate,https://atlas.ecdc.europa.eu/public/
EU_EEA,Spain,ESP,2021,Escherichia coli,Blood/invasive,Third-generation cephalosporins,977,7425,EUCAST,EUCAST required; exact version unavailable in Atlas aggregate,ECDC Surveillance Atlas aggregate,https://atlas.ecdc.europa.eu/public/
EU_EEA,Spain,ESP,2022,Escherichia coli,Blood/invasive,Third-generation cephalosporins,1426,9585,EUCAST,EUCAST required; exact version unavailable in Atlas aggregate,ECDC Surveillance Atlas aggregate,https://atlas.ecdc.europa.eu/public/
EU_EEA,Spain,ESP,2023,Escherichia coli,Blood/invasive,Third-generation cephalosporins,1503,9269,EUCAST,EUCAST required; exact version unavailable in Atlas aggregate,ECDC Surveillance Atlas aggregate,https://atlas.ecdc.europa.eu/public/
EU_EEA,Estonia,EST,2000,Escherichia coli,Blood/invasive,Aminoglycosides,0,1,EARS-Net mixed/not reported,Not reported in Atlas aggregate,ECDC Surveillance Atlas aggregate,https://atlas.ecdc.europa.eu/public/
EU_EEA,Estonia,EST,2001,Escherichia coli,Blood/invasive,Aminoglycosides,4,51,EARS-Net mixed/not reported,Not reported in Atlas aggregate,ECDC Surveillance Atlas aggregate,https://atlas.ecdc.europa.eu/public/
EU_EEA,Estonia,EST,2002,Escherichia coli,Blood/invasive,Aminoglycosides,7,67,EARS-Net mixed/not reported,Not reported in Atlas aggregate,ECDC Surveillance Atlas aggregate,https://atlas.ecdc.europa.eu/public/
EU_EEA,Estonia,EST,2003,Escherichia coli,Blood/invasive,Aminoglycosides,3,98,EARS-Net mixed/not reported,Not reported in Atlas aggregate,ECDC Surveillance Atlas aggregate,https://atlas.ecdc.europa.eu/public/
EU_EEA,Estonia,EST,2004,Escherichia coli,Blood/invasive,Aminoglycosides,3,166,EARS-Net mixed/not reported,Not reported in Atlas aggregate,ECDC Surveillance Atlas aggregate,https://atlas.ecdc.europa.eu/public/
EU_EEA,Estonia,EST,2005,Escherichia coli,Blood/invasive,Aminoglycosides,6,154,EARS-Net mixed/not reported,Not reported in Atlas aggregate,ECDC Surveillance Atlas aggregate,https://atlas.ecdc.europa.eu/public/
EU_EEA,Estonia,EST,2006,Escherichia coli,Blood/invasive,Aminoglycosides,5,213,EARS-Net mixed/not reported,Not reported in Atlas aggregate,ECDC Surveillance Atlas aggregate,https://atlas.ecdc.europa.eu/public/
EU_EEA,Estonia,EST,2007,Escherichia coli,Blood/invasive,Aminoglycosides,12,215,EARS-Net mixed/not reported,Not reported in Atlas aggregate,ECDC Surveillance Atlas aggregate,https://atlas.ecdc.europa.eu/public/
EU_EEA,Estonia,EST,2008,Escherichia coli,Blood/invasive,Aminoglycosides,12,262,EARS-Net mixed/not reported,Not reported in Atlas aggregate,ECDC Surveillance Atlas aggregate,https://atlas.ecdc.europa.eu/public/
EU_EEA,Estonia,EST,2009,Escherichia coli,Blood/invasive,Aminoglycosides,11,319,EARS-Net mixed/not reported,Not reported in Atlas aggregate,ECDC Surveillance Atlas aggregate,https://atlas.ecdc.europa.eu/public/
EU_EEA,Estonia,EST,2010,Escherichia coli,Blood/invasive,Aminoglycosides,13,265,EARS-Net mixed/not reported,Not reported in Atlas aggregate,ECDC Surveillance Atlas aggregate,https://atlas.ecdc.europa.eu/public/
EU_EEA,Estonia,EST,2011,Escherichia coli,Blood/invasive,Aminoglycosides,15,310,EARS-Net mixed/not reported,Not reported in Atlas aggregate,ECDC Surveillance Atlas aggregate,https://atlas.ecdc.europa.eu/public/
EU_EEA,Estonia,EST,2012,Escherichia coli,Blood/invasive,Aminoglycosides,23,304,EARS-Net mixed/not reported,Not reported in Atlas aggregate,ECDC Surveillance Atlas aggregate,https://atlas.ecdc.europa.eu/public/
EU_EEA,Estonia,EST,2013,Escherichia coli,Blood/invasive,Aminoglycosides,25,341,EARS-Net mixed/not reported,Not reported in Atlas aggregate,ECDC Surveillance Atlas aggregate,https://atlas.ecdc.europa.eu/public/
EU_EEA,Estonia,EST,2014,Escherichia coli,Blood/invasive,Aminoglycosides,28,411,EARS-Net mixed/not reported,Not reported in Atlas aggregate,ECDC Surveillance Atlas aggregate,https://atlas.ecdc.europa.eu/public/
EU_EEA,Estonia,EST,2015,Escherichia coli,Blood/invasive,Aminoglycosides,24,257,EARS-Net mixed/not reported,Not reported in Atlas aggregate,ECDC Surveillance Atlas aggregate,https://atlas.ecdc.europa.eu/public/
EU_EEA,Estonia,EST,2016,Escherichia coli,Blood/invasive,Aminoglycosides,52,702,EARS-Net mixed/not reported,Not reported in Atlas aggregate,ECDC Surveillance Atlas aggregate,https://atlas.ecdc.europa.eu/public/
EU_EEA,Estonia,EST,2017,Escherichia coli,Blood/invasive,Aminoglycosides,45,786,EARS-Net mixed/not reported,Not reported in Atlas aggregate,ECDC Surveillance Atlas aggregate,https://atlas.ecdc.europa.eu/public/
EU_EEA,Estonia,EST,2018,Escherichia coli,Blood/invasive,Aminoglycosides,53,849,EARS-Net mixed/not reported,Not reported in Atlas aggregate,ECDC Surveillance Atlas aggregate,https://atlas.ecdc.europa.eu/public/
EU_EEA,Estonia,EST,2019,Escherichia coli,Blood/invasive,Aminoglycosides,48,907,EARS-Net mixed/not reported,Not reported in Atlas aggregate,ECDC Surveillance Atlas aggregate,https://atlas.ecdc.europa.eu/public/
EU_EEA,Estonia,EST,2020,Escherichia coli,Blood/invasive,Aminoglycosides,53,968,EUCAST,EUCAST required; exact version unavailable in Atlas aggregate,ECDC Surveillance Atlas aggregate,https://atlas.ecdc.europa.eu/public/
EU_EEA,Estonia,EST,2021,Escherichia coli,Blood/invasive,Aminoglycosides,51,926,EUCAST,EUCAST required; exact version unavailable in Atlas aggregate,ECDC Surveillance Atlas aggregate,https://atlas.ecdc.europa.eu/public/
EU_EEA,Estonia,EST,2022,Escherichia coli,Blood/invasive,Aminoglycosides,56,1001,EUCAST,EUCAST required; exact version unavailable in Atlas aggregate,ECDC Surveillance Atlas aggregate,https://atlas.ecdc.europa.eu/public/
EU_EEA,Estonia,EST,2023,Escherichia coli,Blood/invasive,Aminoglycosides,53,1074,EUCAST,EUCAST required; exact version unavailable in Atlas aggregate,ECDC Surveillance Atlas aggregate,https://atlas.ecdc.europa.eu/public/
EU_EEA,Estonia,EST,2000,Escherichia coli,Blood/invasive,Aminopenicillins,0,1,EARS-Net mixed/not reported,Not reported in Atlas aggregate,ECDC Surveillance Atlas aggregate,https://atlas.ecdc.europa.eu/public/
EU_EEA,Estonia,EST,2001,Escherichia coli,Blood/invasive,Aminopenicillins,20,46,EARS-Net mixed/not reported,Not reported in Atlas aggregate,ECDC Surveillance Atlas aggregate,https://atlas.ecdc.europa.eu/public/
EU_EEA,Estonia,EST,2002,Escherichia coli,Blood/invasive,Aminopenicillins,24,57,EARS-Net mixed/not reported,Not reported in Atlas aggregate,ECDC Surveillance Atlas aggregate,https://atlas.ecdc.europa.eu/public/
EU_EEA,Estonia,EST,2003,Escherichia coli,Blood/invasive,Aminopenicillins,39,92,EARS-Net mixed/not reported,Not reported in Atlas aggregate,ECDC Surveillance Atlas aggregate,https://atlas.ecdc.europa.eu/public/
EU_EEA,Estonia,EST,2004,Escherichia coli,Blood/invasive,Aminopenicillins,90,165,EARS-Net mixed/not reported,Not reported in Atlas aggregate,ECDC Surveillance Atlas aggregate,https://atlas.ecdc.europa.eu/public/
EU_EEA,Estonia,EST,2005,Escherichia coli,Blood/invasive,Aminopenicillins,68,151,EARS-Net mixed/not reported,Not reported in Atlas aggregate,ECDC Surveillance Atlas aggregate,https://atlas.ecdc.europa.eu/public/
EU_EEA,Estonia,EST,2006,Escherichia coli,Blood/invasive,Aminopenicillins,112,215,EARS-Net mixed/not reported,Not reported in Atlas aggregate,ECDC Surveillance Atlas aggregate,https://atlas.ecdc.europa.eu/public/
EU_EEA,Estonia,EST,2007,Escherichia coli,Blood/invasive,Aminopenicillins,108,215,EARS-Net mixed/not reported,Not reported in Atlas aggregate,ECDC Surveillance Atlas aggregate,https://atlas.ecdc.europa.eu/public/
EU_EEA,Estonia,EST,2008,Escherichia coli,Blood/invasive,Aminopenicillins,125,266,EARS-Net mixed/not reported,Not reported in Atlas aggregate,ECDC Surveillance Atlas aggregate,https://atlas.ecdc.europa.eu/public/
EU_EEA,Estonia,EST,2009,Escherichia coli,Blood/invasive,Aminopenicillins,122,319,EARS-Net mixed/not reported,Not reported in Atlas aggregate,ECDC Surveillance Atlas aggregate,https://atlas.ecdc.europa.eu/public/
EU_EEA,Estonia,EST,2010,Escherichia coli,Blood/invasive,Aminopenicillins,97,259,EARS-Net mixed/not reported,Not reported in Atlas aggregate,ECDC Surveillance Atlas aggregate,https://atlas.ecdc.europa.eu/public/
EU_EEA,Estonia,EST,2012,Escherichia coli,Blood/invasive,Aminopenicillins,104,216,EARS-Net mixed/not reported,Not reported in Atlas aggregate,ECDC Surveillance Atlas aggregate,https://atlas.ecdc.europa.eu/public/
EU_EEA,Estonia,EST,2013,Escherichia coli,Blood/invasive,Aminopenicillins,109,235,EARS-Net mixed/not reported,Not reported in Atlas aggregate,ECDC Surveillance Atlas aggregate,https://atlas.ecdc.europa.eu/public/
EU_EEA,Estonia,EST,2014,Escherichia coli,Blood/invasive,Aminopenicillins,123,261,EARS-Net mixed/not reported,Not reported in Atlas aggregate,ECDC Surveillance Atlas aggregate,https://atlas.ecdc.europa.eu/public/
EU_EEA,Estonia,EST,2015,Escherichia coli,Blood/invasive,Aminopenicillins,93,196,EARS-Net mixed/not reported,Not reported in Atlas aggregate,ECDC Surveillance Atlas aggregate,https://atlas.ecdc.europa.eu/public/
EU_EEA,Estonia,EST,2016,Escherichia coli,Blood/invasive,Aminopenicillins,220,471,EARS-Net mixed/not reported,Not reported in Atlas aggregate,ECDC Surveillance Atlas aggregate,https://atlas.ecdc.europa.eu/public/
EU_EEA,Estonia,EST,2017,Escherichia coli,Blood/invasive,Aminopenicillins,210,439,EARS-Net mixed/not reported,Not reported in Atlas aggregate,ECDC Surveillance Atlas aggregate,https://atlas.ecdc.europa.eu/public/
EU_EEA,Estonia,EST,2018,Escherichia coli,Blood/invasive,Aminopenicillins,199,457,EARS-Net mixed/not reported,Not reported in Atlas aggregate,ECDC Surveillance Atlas aggregate,https://atlas.ecdc.europa.eu/public/
EU_EEA,Estonia,EST,2019,Escherichia coli,Blood/invasive,Aminopenicillins,210,499,EARS-Net mixed/not reported,Not reported in Atlas aggregate,ECDC Surveillance Atlas aggregate,https://atlas.ecdc.europa.eu/public/
EU_EEA,Estonia,EST,2020,Escherichia coli,Blood/invasive,Aminopenicillins,193,422,EUCAST,EUCAST required; exact version unavailable in Atlas aggregate,ECDC Surveillance Atlas aggregate,https://atlas.ecdc.europa.eu/public/
EU_EEA,Estonia,EST,2021,Escherichia coli,Blood/invasive,Aminopenicillins,139,338,EUCAST,EUCAST required; exact version unavailable in Atlas aggregate,ECDC Surveillance Atlas aggregate,https://atlas.ecdc.europa.eu/public/
EU_EEA,Estonia,EST,2022,Escherichia coli,Blood/invasive,Aminopenicillins,119,274,EUCAST,EUCAST required; exact version unavailable in Atlas aggregate,ECDC Surveillance Atlas aggregate,https://atlas.ecdc.europa.eu/public/
EU_EEA,Estonia,EST,2023,Escherichia coli,Blood/invasive,Aminopenicillins,198,520,EUCAST,EUCAST required; exact version unavailable in Atlas aggregate,ECDC Surveillance Atlas aggregate,https://atlas.ecdc.europa.eu/public/
EU_EEA,Estonia,EST,2001,Escherichia coli,Blood/invasive,Carbapenems,0,35,EARS-Net mixed/not reported,Not reported in Atlas aggregate,ECDC Surveillance Atlas aggregate,https://atlas.ecdc.europa.eu/public/
EU_EEA,Estonia,EST,2002,Escherichia coli,Blood/invasive,Carbapenems,0,47,EARS-Net mixed/not reported,Not reported in Atlas aggregate,ECDC Surveillance Atlas aggregate,https://atlas.ecdc.europa.eu/public/
EU_EEA,Estonia,EST,2003,Escherichia coli,Blood/invasive,Carbapenems,0,68,EARS-Net mixed/not reported,Not reported in Atlas aggregate,ECDC Surveillance Atlas aggregate,https://atlas.ecdc.europa.eu/public/
EU_EEA,Estonia,EST,2004,Escherichia coli,Blood/invasive,Carbapenems,0,138,EARS-Net mixed/not reported,Not reported in Atlas aggregate,ECDC Surveillance Atlas aggregate,https://atlas.ecdc.europa.eu/public/
EU_EEA,Estonia,EST,2005,Escherichia coli,Blood/invasive,Carbapenems,0,112,EARS-Net mixed/not reported,Not reported in Atlas aggregate,ECDC Surveillance Atlas aggregate,https://atlas.ecdc.europa.eu/public/
EU_EEA,Estonia,EST,2006,Escherichia coli,Blood/invasive,Carbapenems,0,135,EARS-Net mixed/not reported,Not reported in Atlas aggregate,ECDC Surveillance Atlas aggregate,https://atlas.ecdc.europa.eu/public/
EU_EEA,Estonia,EST,2007,Escherichia coli,Blood/invasive,Carbapenems,0,155,EARS-Net mixed/not reported,Not reported in Atlas aggregate,ECDC Surveillance Atlas aggregate,https://atlas.ecdc.europa.eu/public/
EU_EEA,Estonia,EST,2008,Escherichia coli,Blood/invasive,Carbapenems,2,226,EARS-Net mixed/not reported,Not reported in Atlas aggregate,ECDC Surveillance Atlas aggregate,https://atlas.ecdc.europa.eu/public/
EU_EEA,Estonia,EST,2009,Escherichia coli,Blood/invasive,Carbapenems,0,240,EARS-Net mixed/not reported,Not reported in Atlas aggregate,ECDC Surveillance Atlas aggregate,https://atlas.ecdc.europa.eu/public/
EU_EEA,Estonia,EST,2010,Escherichia coli,Blood/invasive,Carbapenems,0,225,EARS-Net mixed/not reported,Not reported in Atlas aggregate,ECDC Surveillance Atlas aggregate,https://atlas.ecdc.europa.eu/public/
EU_EEA,Estonia,EST,2011,Escherichia coli,Blood/invasive,Carbapenems,0,233,EARS-Net mixed/not reported,Not reported in Atlas aggregate,ECDC Surveillance Atlas aggregate,https://atlas.ecdc.europa.eu/public/
EU_EEA,Estonia,EST,2012,Escherichia coli,Blood/invasive,Carbapenems,0,252,EARS-Net mixed/not reported,Not reported in Atlas aggregate,ECDC Surveillance Atlas aggregate,https://atlas.ecdc.europa.eu/public/
EU_EEA,Estonia,EST,2013,Escherichia coli,Blood/invasive,Carbapenems,0,283,EARS-Net mixed/not reported,Not reported in Atlas aggregate,ECDC Surveillance Atlas aggregate,https://atlas.ecdc.europa.eu/public/
EU_EEA,Estonia,EST,2014,Escherichia coli,Blood/invasive,Carbapenems,0,254,EARS-Net mixed/not reported,Not reported in Atlas aggregate,ECDC Surveillance Atlas aggregate,https://atlas.ecdc.europa.eu/public/
EU_EEA,Estonia,EST,2015,Escherichia coli,Blood/invasive,Carbapenems,0,219,EARS-Net mixed/not reported,Not reported in Atlas aggregate,ECDC Surveillance Atlas aggregate,https://atlas.ecdc.europa.eu/public/
EU_EEA,Estonia,EST,2016,Escherichia coli,Blood/invasive,Carbapenems,0,602,EARS-Net mixed/not reported,Not reported in Atlas aggregate,ECDC Surveillance Atlas aggregate,https://atlas.ecdc.europa.eu/public/
EU_EEA,Estonia,EST,2017,Escherichia coli,Blood/invasive,Carbapenems,0,687,EARS-Net mixed/not reported,Not reported in Atlas aggregate,ECDC Surveillance Atlas aggregate,https://atlas.ecdc.europa.eu/public/
EU_EEA,Estonia,EST,2018,Escherichia coli,Blood/invasive,Carbapenems,0,758,EARS-Net mixed/not reported,Not reported in Atlas aggregate,ECDC Surveillance Atlas aggregate,https://atlas.ecdc.europa.eu/public/
EU_EEA,Estonia,EST,2019,Escherichia coli,Blood/invasive,Carbapenems,0,800,EARS-Net mixed/not reported,Not reported in Atlas aggregate,ECDC Surveillance Atlas aggregate,https://atlas.ecdc.europa.eu/public/
EU_EEA,Estonia,EST,2020,Escherichia coli,Blood/invasive,Carbapenems,0,861,EUCAST,EUCAST required; exact version unavailable in Atlas aggregate,ECDC Surveillance Atlas aggregate,https://atlas.ecdc.europa.eu/public/
EU_EEA,Estonia,EST,2021,Escherichia coli,Blood/invasive,Carbapenems,0,826,EUCAST,EUCAST required; exact version unavailable in Atlas aggregate,ECDC Surveillance Atlas aggregate,https://atlas.ecdc.europa.eu/public/
EU_EEA,Estonia,EST,2022,Escherichia coli,Blood/invasive,Carbapenems,1,854,EUCAST,EUCAST required; exact version unavailable in Atlas aggregate,ECDC Surveillance Atlas aggregate,https://atlas.ecdc.europa.eu/public/
EU_EEA,Estonia,EST,2023,Escherichia coli,Blood/invasive,Carbapenems,0,894,EUCAST,EUCAST required; exact version unavailable in Atlas aggregate,ECDC Surveillance Atlas aggregate,https://atlas.ecdc.europa.eu/public/
EU_EEA,Estonia,EST,2000,Escherichia coli,Blood/invasive,Fluoroquinolones,0,1,EARS-Net mixed/not reported,Not reported in Atlas aggregate,ECDC Surveillance Atlas aggregate,https://atlas.ecdc.europa.eu/public/
EU_EEA,Estonia,EST,2001,Escherichia coli,Blood/invasive,Fluoroquinolones,0,45,EARS-Net mixed/not reported,Not reported in Atlas aggregate,ECDC Surveillance Atlas aggregate,https://atlas.ecdc.europa.eu/public/
EU_EEA,Estonia,EST,2002,Escherichia coli,Blood/invasive,Fluoroquinolones,3,61,EARS-Net mixed/not reported,Not reported in Atlas aggregate,ECDC Surveillance Atlas aggregate,https://atlas.ecdc.europa.eu/public/
EU_EEA,Estonia,EST,2003,Escherichia coli,Blood/invasive,Fluoroquinolones,4,87,EARS-Net mixed/not reported,Not reported in Atlas aggregate,ECDC Surveillance Atlas aggregate,https://atlas.ecdc.europa.eu/public/
EU_EEA,Estonia,EST,2004,Escherichia coli,Blood/invasive,Fluoroquinolones,10,156,EARS-Net mixed/not reported,Not reported in Atlas aggregate,ECDC Surveillance Atlas aggregate,https://atlas.ecdc.europa.eu/public/
EU_EEA,Estonia,EST,2005,Escherichia coli,Blood/invasive,Fluoroquinolones,8,151,EARS-Net mixed/not reported,Not reported in Atlas aggregate,ECDC Surveillance Atlas aggregate,https://atlas.ecdc.europa.eu/public/
EU_EEA,Estonia,EST,2006,Escherichia coli,Blood/invasive,Fluoroquinolones,13,198,EARS-Net mixed/not reported,Not reported in Atlas aggregate,ECDC Surveillance Atlas aggregate,https://atlas.ecdc.europa.eu/public/
EU_EEA,Estonia,EST,2007,Escherichia coli,Blood/invasive,Fluoroquinolones,14,208,EARS-Net mixed/not reported,Not reported in Atlas aggregate,ECDC Surveillance Atlas aggregate,https://atlas.ecdc.europa.eu/public/
EU_EEA,Estonia,EST,2008,Escherichia coli,Blood/invasive,Fluoroquinolones,17,252,EARS-Net mixed/not reported,Not reported in Atlas aggregate,ECDC Surveillance Atlas aggregate,https://atlas.ecdc.europa.eu/public/
EU_EEA,Estonia,EST,2009,Escherichia coli,Blood/invasive,Fluoroquinolones,25,302,EARS-Net mixed/not reported,Not reported in Atlas aggregate,ECDC Surveillance Atlas aggregate,https://atlas.ecdc.europa.eu/public/
EU_EEA,Estonia,EST,2010,Escherichia coli,Blood/invasive,Fluoroquinolones,22,263,EARS-Net mixed/not reported,Not reported in Atlas aggregate,ECDC Surveillance Atlas aggregate,https://atlas.ecdc.europa.eu/public/
EU_EEA,Estonia,EST,2011,Escherichia coli,Blood/invasive,Fluoroquinolones,31,312,EARS-Net mixed/not reported,Not reported in Atlas aggregate,ECDC Surveillance Atlas aggregate,https://atlas.ecdc.europa.eu/public/
EU_EEA,Estonia,EST,2012,Escherichia coli,Blood/invasive,Fluoroquinolones,43,304,EARS-Net mixed/not reported,Not reported in Atlas aggregate,ECDC Surveillance Atlas aggregate,https://atlas.ecdc.europa.eu/public/
EU_EEA,Estonia,EST,2013,Escherichia coli,Blood/invasive,Fluoroquinolones,40,338,EARS-Net mixed/not reported,Not reported in Atlas aggregate,ECDC Surveillance Atlas aggregate,https://atlas.ecdc.europa.eu/public/
EU_EEA,Estonia,EST,2014,Escherichia coli,Blood/invasive,Fluoroquinolones,50,407,EARS-Net mixed/not reported,Not reported in Atlas aggregate,ECDC Surveillance Atlas aggregate,https://atlas.ecdc.europa.eu/public/
EU_EEA,Estonia,EST,2015,Escherichia coli,Blood/invasive,Fluoroquinolones,39,256,EARS-Net mixed/not reported,Not reported in Atlas aggregate,ECDC Surveillance Atlas aggregate,https://atlas.ecdc.europa.eu/public/
EU_EEA,Estonia,EST,2016,Escherichia coli,Blood/invasive,Fluoroquinolones,97,699,EARS-Net mixed/not reported,Not reported in Atlas aggregate,ECDC Surveillance Atlas aggregate,https://atlas.ecdc.europa.eu/public/
EU_EEA,Estonia,EST,2017,Escherichia coli,Blood/invasive,Fluoroquinolones,136,781,EARS-Net mixed/not reported,Not reported in Atlas aggregate,ECDC Surveillance Atlas aggregate,https://atlas.ecdc.europa.eu/public/
EU_EEA,Estonia,EST,2018,Escherichia coli,Blood/invasive,Fluoroquinolones,146,829,EARS-Net mixed/not reported,Not reported in Atlas aggregate,ECDC Surveillance Atlas aggregate,https://atlas.ecdc.europa.eu/public/
EU_EEA,Estonia,EST,2019,Escherichia coli,Blood/invasive,Fluoroquinolones,153,897,EARS-Net mixed/not reported,Not reported in Atlas aggregate,ECDC Surveillance Atlas aggregate,https://atlas.ecdc.europa.eu/public/
EU_EEA,Estonia,EST,2020,Escherichia coli,Blood/invasive,Fluoroquinolones,135,959,EUCAST,EUCAST required; exact version unavailable in Atlas aggregate,ECDC Surveillance Atlas aggregate,https://atlas.ecdc.europa.eu/public/
EU_EEA,Estonia,EST,2021,Escherichia coli,Blood/invasive,Fluoroquinolones,124,922,EUCAST,EUCAST required; exact version unavailable in Atlas aggregate,ECDC Surveillance Atlas aggregate,https://atlas.ecdc.europa.eu/public/
EU_EEA,Estonia,EST,2022,Escherichia coli,Blood/invasive,Fluoroquinolones,161,987,EUCAST,EUCAST required; exact version unavailable in Atlas aggregate,ECDC Surveillance Atlas aggregate,https://atlas.ecdc.europa.eu/public/
EU_EEA,Estonia,EST,2023,Escherichia coli,Blood/invasive,Fluoroquinolones,140,1054,EUCAST,EUCAST required; exact version unavailable in Atlas aggregate,ECDC Surveillance Atlas aggregate,https://atlas.ecdc.europa.eu/public/
EU_EEA,Estonia,EST,2000,Escherichia coli,Blood/invasive,Third-generation cephalosporins,0,1,EARS-Net mixed/not reported,Not reported in Atlas aggregate,ECDC Surveillance Atlas aggregate,https://atlas.ecdc.europa.eu/public/
EU_EEA,Estonia,EST,2001,Escherichia coli,Blood/invasive,Third-generation cephalosporins,3,51,EARS-Net mixed/not reported,Not reported in Atlas aggregate,ECDC Surveillance Atlas aggregate,https://atlas.ecdc.europa.eu/public/
EU_EEA,Estonia,EST,2002,Escherichia coli,Blood/invasive,Third-generation cephalosporins,1,65,EARS-Net mixed/not reported,Not reported in Atlas aggregate,ECDC Surveillance Atlas aggregate,https://atlas.ecdc.europa.eu/public/
EU_EEA,Estonia,EST,2003,Escherichia coli,Blood/invasive,Third-generation cephalosporins,1,97,EARS-Net mixed/not reported,Not reported in Atlas aggregate,ECDC Surveillance Atlas aggregate,https://atlas.ecdc.europa.eu/public/
EU_EEA,Estonia,EST,2004,Escherichia coli,Blood/invasive,Third-generation cephalosporins,6,166,EARS-Net mixed/not reported,Not reported in Atlas aggregate,ECDC Surveillance Atlas aggregate,https://atlas.ecdc.europa.eu/public/
EU_EEA,Estonia,EST,2005,Escherichia coli,Blood/invasive,Third-generation cephalosporins,2,155,EARS-Net mixed/not reported,Not reported in Atlas aggregate,ECDC Surveillance Atlas aggregate,https://atlas.ecdc.europa.eu/public/
EU_EEA,Estonia,EST,2006,Escherichia coli,Blood/invasive,Third-generation cephalosporins,1,213,EARS-Net mixed/not reported,Not reported in Atlas aggregate,ECDC Surveillance Atlas aggregate,https://atlas.ecdc.europa.eu/public/
EU_EEA,Estonia,EST,2007,Escherichia coli,Blood/invasive,Third-generation cephalosporins,3,217,EARS-Net mixed/not reported,Not reported in Atlas aggregate,ECDC Surveillance Atlas aggregate,https://atlas.ecdc.europa.eu/public/
EU_EEA,Estonia,EST,2008,Escherichia coli,Blood/invasive,Third-generation cephalosporins,12,262,EARS-Net mixed/not reported,Not reported in Atlas aggregate,ECDC Surveillance Atlas aggregate,https://atlas.ecdc.europa.eu/public/
EU_EEA,Estonia,EST,2009,Escherichia coli,Blood/invasive,Third-generation cephalosporins,7,319,EARS-Net mixed/not reported,Not reported in Atlas aggregate,ECDC Surveillance Atlas aggregate,https://atlas.ecdc.europa.eu/public/
EU_EEA,Estonia,EST,2010,Escherichia coli,Blood/invasive,Third-generation cephalosporins,17,309,EARS-Net mixed/not reported,Not reported in Atlas aggregate,ECDC Surveillance Atlas aggregate,https://atlas.ecdc.europa.eu/public/
EU_EEA,Estonia,EST,2011,Escherichia coli,Blood/invasive,Third-generation cephalosporins,11,90,EARS-Net mixed/not reported,Not reported in Atlas aggregate,ECDC Surveillance Atlas aggregate,https://atlas.ecdc.europa.eu/public/
EU_EEA,Estonia,EST,2012,Escherichia coli,Blood/invasive,Third-generation cephalosporins,24,305,EARS-Net mixed/not reported,Not reported in Atlas aggregate,ECDC Surveillance Atlas aggregate,https://atlas.ecdc.europa.eu/public/
EU_EEA,Estonia,EST,2013,Escherichia coli,Blood/invasive,Third-generation cephalosporins,25,340,EARS-Net mixed/not reported,Not reported in Atlas aggregate,ECDC Surveillance Atlas aggregate,https://atlas.ecdc.europa.eu/public/
EU_EEA,Estonia,EST,2014,Escherichia coli,Blood/invasive,Third-generation cephalosporins,38,410,EARS-Net mixed/not reported,Not reported in Atlas aggregate,ECDC Surveillance Atlas aggregate,https://atlas.ecdc.europa.eu/public/
EU_EEA,Estonia,EST,2015,Escherichia coli,Blood/invasive,Third-generation cephalosporins,28,246,EARS-Net mixed/not reported,Not reported in Atlas aggregate,ECDC Surveillance Atlas aggregate,https://atlas.ecdc.europa.eu/public/
EU_EEA,Estonia,EST,2016,Escherichia coli,Blood/invasive,Third-generation cephalosporins,63,701,EARS-Net mixed/not reported,Not reported in Atlas aggregate,ECDC Surveillance Atlas aggregate,https://atlas.ecdc.europa.eu/public/
EU_EEA,Estonia,EST,2017,Escherichia coli,Blood/invasive,Third-generation cephalosporins,69,788,EARS-Net mixed/not reported,Not reported in Atlas aggregate,ECDC Surveillance Atlas aggregate,https://atlas.ecdc.europa.eu/public/
EU_EEA,Estonia,EST,2018,Escherichia coli,Blood/invasive,Third-generation cephalosporins,83,850,EARS-Net mixed/not reported,Not reported in Atlas aggregate,ECDC Surveillance Atlas aggregate,https://atlas.ecdc.europa.eu/public/
EU_EEA,Estonia,EST,2019,Escherichia coli,Blood/invasive,Third-generation cephalosporins,105,910,EARS-Net mixed/not reported,Not reported in Atlas aggregate,ECDC Surveillance Atlas aggregate,https://atlas.ecdc.europa.eu/public/
EU_EEA,Estonia,EST,2020,Escherichia coli,Blood/invasive,Third-generation cephalosporins,81,979,EUCAST,EUCAST required; exact version unavailable in Atlas aggregate,ECDC Surveillance Atlas aggregate,https://atlas.ecdc.europa.eu/public/
EU_EEA,Estonia,EST,2021,Escherichia coli,Blood/invasive,Third-generation cephalosporins,75,929,EUCAST,EUCAST required; exact version unavailable in Atlas aggregate,ECDC Surveillance Atlas aggregate,https://atlas.ecdc.europa.eu/public/
EU_EEA,Estonia,EST,2022,Escherichia coli,Blood/invasive,Third-generation cephalosporins,118,1003,EUCAST,EUCAST required; exact version unavailable in Atlas aggregate,ECDC Surveillance Atlas aggregate,https://atlas.ecdc.europa.eu/public/
EU_EEA,Estonia,EST,2023,Escherichia coli,Blood/invasive,Third-generation cephalosporins,124,1084,EUCAST,EUCAST required; exact version unavailable in Atlas aggregate,ECDC Surveillance Atlas aggregate,https://atlas.ecdc.europa.eu/public/
EU_EEA,Finland,FIN,2001,Escherichia coli,Blood/invasive,Aminoglycosides,1,1121,EARS-Net mixed/not reported,Not reported in Atlas aggregate,ECDC Surveillance Atlas aggregate,https://atlas.ecdc.europa.eu/public/
EU_EEA,Finland,FIN,2002,Escherichia coli,Blood/invasive,Aminoglycosides,10,1194,EARS-Net mixed/not reported,Not reported in Atlas aggregate,ECDC Surveillance Atlas aggregate,https://atlas.ecdc.europa.eu/public/
EU_EEA,Finland,FIN,2003,Escherichia coli,Blood/invasive,Aminoglycosides,15,1218,EARS-Net mixed/not reported,Not reported in Atlas aggregate,ECDC Surveillance Atlas aggregate,https://atlas.ecdc.europa.eu/public/
EU_EEA,Finland,FIN,2004,Escherichia coli,Blood/invasive,Aminoglycosides,36,1599,EARS-Net mixed/not reported,Not reported in Atlas aggregate,ECDC Surveillance Atlas aggregate,https://atlas.ecdc.europa.eu/public/
EU_EEA,Finland,FIN,2005,Escherichia coli,Blood/invasive,Aminoglycosides,36,1760,EARS-Net mixed/not reported,Not reported in Atlas aggregate,ECDC Surveillance Atlas aggregate,https://atlas.ecdc.europa.eu/public/
EU_EEA,Finland,FIN,2006,Escherichia coli,Blood/invasive,Aminoglycosides,39,1794,EARS-Net mixed/not reported,Not reported in Atlas aggregate,ECDC Surveillance Atlas aggregate,https://atlas.ecdc.europa.eu/public/
EU_EEA,Finland,FIN,2007,Escherichia coli,Blood/invasive,Aminoglycosides,51,1859,EARS-Net mixed/not reported,Not reported in Atlas aggregate,ECDC Surveillance Atlas aggregate,https://atlas.ecdc.europa.eu/public/
EU_EEA,Finland,FIN,2008,Escherichia coli,Blood/invasive,Aminoglycosides,74,2056,EARS-Net mixed/not reported,Not reported in Atlas aggregate,ECDC Surveillance Atlas aggregate,https://atlas.ecdc.europa.eu/public/
EU_EEA,Finland,FIN,2009,Escherichia coli,Blood/invasive,Aminoglycosides,57,2033,EARS-Net mixed/not reported,Not reported in Atlas aggregate,ECDC Surveillance Atlas aggregate,https://atlas.ecdc.europa.eu/public/
EU_EEA,Finland,FIN,2010,Escherichia coli,Blood/invasive,Aminoglycosides,89,2356,EARS-Net mixed/not reported,Not reported in Atlas aggregate,ECDC Surveillance Atlas aggregate,https://atlas.ecdc.europa.eu/public/
EU_EEA,Finland,FIN,2011,Escherichia coli,Blood/invasive,Aminoglycosides,159,3020,EARS-Net mixed/not reported,Not reported in Atlas aggregate,ECDC Surveillance Atlas aggregate,https://atlas.ecdc.europa.eu/public/
EU_EEA,Finland,FIN,2012,Escherichia coli,Blood/invasive,Aminoglycosides,182,2993,EARS-Net mixed/not reported,Not reported in Atlas aggregate,ECDC Surveillance Atlas aggregate,https://atlas.ecdc.europa.eu/public/
EU_EEA,Finland,FIN,2013,Escherichia coli,Blood/invasive,Aminoglycosides,231,3561,EARS-Net mixed/not reported,Not reported in Atlas aggregate,ECDC Surveillance Atlas aggregate,https://atlas.ecdc.europa.eu/public/
EU_EEA,Finland,FIN,2014,Escherichia coli,Blood/invasive,Aminoglycosides,174,3817,EARS-Net mixed/not reported,Not reported in Atlas aggregate,ECDC Surveillance Atlas aggregate,https://atlas.ecdc.europa.eu/public/
EU_EEA,Finland,FIN,2015,Escherichia coli,Blood/invasive,Aminoglycosides,224,4135,EARS-Net mixed/not reported,Not reported in Atlas aggregate,ECDC Surveillance Atlas aggregate,https://atlas.ecdc.europa.eu/public/
EU_EEA,Finland,FIN,2016,Escherichia coli,Blood/invasive,Aminoglycosides,223,4519,EARS-Net mixed/not reported,Not reported in Atlas aggregate,ECDC Surveillance Atlas aggregate,https://atlas.ecdc.europa.eu/public/
EU_EEA,Finland,FIN,2017,Escherichia coli,Blood/invasive,Aminoglycosides,247,4982,EARS-Net mixed/not reported,Not reported in Atlas aggregate,ECDC Surveillance Atlas aggregate,https://atlas.ecdc.europa.eu/public/
EU_EEA,Finland,FIN,2018,Escherichia coli,Blood/invasive,Aminoglycosides,205,4815,EARS-Net mixed/not reported,Not reported in Atlas aggregate,ECDC Surveillance Atlas aggregate,https://atlas.ecdc.europa.eu/public/
EU_EEA,Finland,FIN,2019,Escherichia coli,Blood/invasive,Aminoglycosides,247,5159,EARS-Net mixed/not reported,Not reported in Atlas aggregate,ECDC Surveillance Atlas aggregate,https://atlas.ecdc.europa.eu/public/
EU_EEA,Finland,FIN,2020,Escherichia coli,Blood/invasive,Aminoglycosides,307,5373,EUCAST,EUCAST required; exact version unavailable in Atlas aggregate,ECDC Surveillance Atlas aggregate,https://atlas.ecdc.europa.eu/public/
EU_EEA,Finland,FIN,2021,Escherichia coli,Blood/invasive,Aminoglycosides,240,5802,EUCAST,EUCAST required; exact version unavailable in Atlas aggregate,ECDC Surveillance Atlas aggregate,https://atlas.ecdc.europa.eu/public/
EU_EEA,Finland,FIN,2022,Escherichia coli,Blood/invasive,Aminoglycosides,194,4367,EUCAST,EUCAST required; exact version unavailable in Atlas aggregate,ECDC Surveillance Atlas aggregate,https://atlas.ecdc.europa.eu/public/
EU_EEA,Finland,FIN,2023,Escherichia coli,Blood/invasive,Aminoglycosides,205,4241,EUCAST,EUCAST required; exact version unavailable in Atlas aggregate,ECDC Surveillance Atlas aggregate,https://atlas.ecdc.europa.eu/public/
EU_EEA,Finland,FIN,2001,Escherichia coli,Blood/invasive,Aminopenicillins,379,1136,EARS-Net mixed/not reported,Not reported in Atlas aggregate,ECDC Surveillance Atlas aggregate,https://atlas.ecdc.europa.eu/public/
EU_EEA,Finland,FIN,2002,Escherichia coli,Blood/invasive,Aminopenicillins,347,1143,EARS-Net mixed/not reported,Not reported in Atlas aggregate,ECDC Surveillance Atlas aggregate,https://atlas.ecdc.europa.eu/public/
EU_EEA,Finland,FIN,2003,Escherichia coli,Blood/invasive,Aminopenicillins,406,1230,EARS-Net mixed/not reported,Not reported in Atlas aggregate,ECDC Surveillance Atlas aggregate,https://atlas.ecdc.europa.eu/public/
EU_EEA,Finland,FIN,2004,Escherichia coli,Blood/invasive,Aminopenicillins,458,1400,EARS-Net mixed/not reported,Not reported in Atlas aggregate,ECDC Surveillance Atlas aggregate,https://atlas.ecdc.europa.eu/public/
EU_EEA,Finland,FIN,2005,Escherichia coli,Blood/invasive,Aminopenicillins,533,1519,EARS-Net mixed/not reported,Not reported in Atlas aggregate,ECDC Surveillance Atlas aggregate,https://atlas.ecdc.europa.eu/public/
EU_EEA,Finland,FIN,2006,Escherichia coli,Blood/invasive,Aminopenicillins,530,1460,EARS-Net mixed/not reported,Not reported in Atlas aggregate,ECDC Surveillance Atlas aggregate,https://atlas.ecdc.europa.eu/public/
EU_EEA,Finland,FIN,2007,Escherichia coli,Blood/invasive,Aminopenicillins,515,1516,EARS-Net mixed/not reported,Not reported in Atlas aggregate,ECDC Surveillance Atlas aggregate,https://atlas.ecdc.europa.eu/public/
EU_EEA,Finland,FIN,2008,Escherichia coli,Blood/invasive,Aminopenicillins,615,1768,EARS-Net mixed/not reported,Not reported in Atlas aggregate,ECDC Surveillance Atlas aggregate,https://atlas.ecdc.europa.eu/public/
EU_EEA,Finland,FIN,2009,Escherichia coli,Blood/invasive,Aminopenicillins,693,1906,EARS-Net mixed/not reported,Not reported in Atlas aggregate,ECDC Surveillance Atlas aggregate,https://atlas.ecdc.europa.eu/public/
EU_EEA,Finland,FIN,2010,Escherichia coli,Blood/invasive,Aminopenicillins,732,2165,EARS-Net mixed/not reported,Not reported in Atlas aggregate,ECDC Surveillance Atlas aggregate,https://atlas.ecdc.europa.eu/public/
EU_EEA,Finland,FIN,2011,Escherichia coli,Blood/invasive,Aminopenicillins,845,2264,EARS-Net mixed/not reported,Not reported in Atlas aggregate,ECDC Surveillance Atlas aggregate,https://atlas.ecdc.europa.eu/public/
EU_EEA,Finland,FIN,2012,Escherichia coli,Blood/invasive,Aminopenicillins,830,2090,EARS-Net mixed/not reported,Not reported in Atlas aggregate,ECDC Surveillance Atlas aggregate,https://atlas.ecdc.europa.eu/public/
EU_EEA,Finland,FIN,2013,Escherichia coli,Blood/invasive,Aminopenicillins,792,2124,EARS-Net mixed/not reported,Not reported in Atlas aggregate,ECDC Surveillance Atlas aggregate,https://atlas.ecdc.europa.eu/public/
EU_EEA,Finland,FIN,2014,Escherichia coli,Blood/invasive,Aminopenicillins,820,2365,EARS-Net mixed/not reported,Not reported in Atlas aggregate,ECDC Surveillance Atlas aggregate,https://atlas.ecdc.europa.eu/public/
EU_EEA,Finland,FIN,2015,Escherichia coli,Blood/invasive,Aminopenicillins,889,2472,EARS-Net mixed/not reported,Not reported in Atlas aggregate,ECDC Surveillance Atlas aggregate,https://atlas.ecdc.europa.eu/public/
EU_EEA,Finland,FIN,2016,Escherichia coli,Blood/invasive,Aminopenicillins,964,2690,EARS-Net mixed/not reported,Not reported in Atlas aggregate,ECDC Surveillance Atlas aggregate,https://atlas.ecdc.europa.eu/public/
EU_EEA,Finland,FIN,2017,Escherichia coli,Blood/invasive,Aminopenicillins,1012,2874,EARS-Net mixed/not reported,Not reported in Atlas aggregate,ECDC Surveillance Atlas aggregate,https://atlas.ecdc.europa.eu/public/
EU_EEA,Finland,FIN,2018,Escherichia coli,Blood/invasive,Aminopenicillins,1106,3129,EARS-Net mixed/not reported,Not reported in Atlas aggregate,ECDC Surveillance Atlas aggregate,https://atlas.ecdc.europa.eu/public/
EU_EEA,Finland,FIN,2019,Escherichia coli,Blood/invasive,Aminopenicillins,1065,3000,EARS-Net mixed/not reported,Not reported in Atlas aggregate,ECDC Surveillance Atlas aggregate,https://atlas.ecdc.europa.eu/public/
EU_EEA,Finland,FIN,2020,Escherichia coli,Blood/invasive,Aminopenicillins,999,2928,EUCAST,EUCAST required; exact version unavailable in Atlas aggregate,ECDC Surveillance Atlas aggregate,https://atlas.ecdc.europa.eu/public/
EU_EEA,Finland,FIN,2021,Escherichia coli,Blood/invasive,Aminopenicillins,1008,3177,EUCAST,EUCAST required; exact version unavailable in Atlas aggregate,ECDC Surveillance Atlas aggregate,https://atlas.ecdc.europa.eu/public/
EU_EEA,Finland,FIN,2022,Escherichia coli,Blood/invasive,Aminopenicillins,850,2615,EUCAST,EUCAST required; exact version unavailable in Atlas aggregate,ECDC Surveillance Atlas aggregate,https://atlas.ecdc.europa.eu/public/
EU_EEA,Finland,FIN,2023,Escherichia coli,Blood/invasive,Aminopenicillins,830,2550,EUCAST,EUCAST required; exact version unavailable in Atlas aggregate,ECDC Surveillance Atlas aggregate,https://atlas.ecdc.europa.eu/public/
EU_EEA,Finland,FIN,2001,Escherichia coli,Blood/invasive,Carbapenems,0,648,EARS-Net mixed/not reported,Not reported in Atlas aggregate,ECDC Surveillance Atlas aggregate,https://atlas.ecdc.europa.eu/public/
EU_EEA,Finland,FIN,2002,Escherichia coli,Blood/invasive,Carbapenems,0,1237,EARS-Net mixed/not reported,Not reported in Atlas aggregate,ECDC Surveillance Atlas aggregate,https://atlas.ecdc.europa.eu/public/
EU_EEA,Finland,FIN,2003,Escherichia coli,Blood/invasive,Carbapenems,0,1340,EARS-Net mixed/not reported,Not reported in Atlas aggregate,ECDC Surveillance Atlas aggregate,https://atlas.ecdc.europa.eu/public/
EU_EEA,Finland,FIN,2004,Escherichia coli,Blood/invasive,Carbapenems,1,1519,EARS-Net mixed/not reported,Not reported in Atlas aggregate,ECDC Surveillance Atlas aggregate,https://atlas.ecdc.europa.eu/public/
EU_EEA,Finland,FIN,2005,Escherichia coli,Blood/invasive,Carbapenems,0,1510,EARS-Net mixed/not reported,Not reported in Atlas aggregate,ECDC Surveillance Atlas aggregate,https://atlas.ecdc.europa.eu/public/
EU_EEA,Finland,FIN,2006,Escherichia coli,Blood/invasive,Carbapenems,0,1742,EARS-Net mixed/not reported,Not reported in Atlas aggregate,ECDC Surveillance Atlas aggregate,https://atlas.ecdc.europa.eu/public/
EU_EEA,Finland,FIN,2007,Escherichia coli,Blood/invasive,Carbapenems,0,1819,EARS-Net mixed/not reported,Not reported in Atlas aggregate,ECDC Surveillance Atlas aggregate,https://atlas.ecdc.europa.eu/public/
EU_EEA,Finland,FIN,2008,Escherichia coli,Blood/invasive,Carbapenems,1,2072,EARS-Net mixed/not reported,Not reported in Atlas aggregate,ECDC Surveillance Atlas aggregate,https://atlas.ecdc.europa.eu/public/
EU_EEA,Finland,FIN,2009,Escherichia coli,Blood/invasive,Carbapenems,0,2121,EARS-Net mixed/not reported,Not reported in Atlas aggregate,ECDC Surveillance Atlas aggregate,https://atlas.ecdc.europa.eu/public/
EU_EEA,Finland,FIN,2010,Escherichia coli,Blood/invasive,Carbapenems,0,2471,EARS-Net mixed/not reported,Not reported in Atlas aggregate,ECDC Surveillance Atlas aggregate,https://atlas.ecdc.europa.eu/public/
EU_EEA,Finland,FIN,2011,Escherichia coli,Blood/invasive,Carbapenems,0,3020,EARS-Net mixed/not reported,Not reported in Atlas aggregate,ECDC Surveillance Atlas aggregate,https://atlas.ecdc.europa.eu/public/
EU_EEA,Finland,FIN,2012,Escherichia coli,Blood/invasive,Carbapenems,0,3161,EARS-Net mixed/not reported,Not reported in Atlas aggregate,ECDC Surveillance Atlas aggregate,https://atlas.ecdc.europa.eu/public/
EU_EEA,Finland,FIN,2013,Escherichia coli,Blood/invasive,Carbapenems,0,3721,EARS-Net mixed/not reported,Not reported in Atlas aggregate,ECDC Surveillance Atlas aggregate,https://atlas.ecdc.europa.eu/public/
EU_EEA,Finland,FIN,2014,Escherichia coli,Blood/invasive,Carbapenems,0,4013,EARS-Net mixed/not reported,Not reported in Atlas aggregate,ECDC Surveillance Atlas aggregate,https://atlas.ecdc.europa.eu/public/
EU_EEA,Finland,FIN,2015,Escherichia coli,Blood/invasive,Carbapenems,0,4425,EARS-Net mixed/not reported,Not reported in Atlas aggregate,ECDC Surveillance Atlas aggregate,https://atlas.ecdc.europa.eu/public/
EU_EEA,Finland,FIN,2016,Escherichia coli,Blood/invasive,Carbapenems,1,4832,EARS-Net mixed/not reported,Not reported in Atlas aggregate,ECDC Surveillance Atlas aggregate,https://atlas.ecdc.europa.eu/public/
EU_EEA,Finland,FIN,2017,Escherichia coli,Blood/invasive,Carbapenems,0,5315,EARS-Net mixed/not reported,Not reported in Atlas aggregate,ECDC Surveillance Atlas aggregate,https://atlas.ecdc.europa.eu/public/
EU_EEA,Finland,FIN,2018,Escherichia coli,Blood/invasive,Carbapenems,1,5057,EARS-Net mixed/not reported,Not reported in Atlas aggregate,ECDC Surveillance Atlas aggregate,https://atlas.ecdc.europa.eu/public/
EU_EEA,Finland,FIN,2019,Escherichia coli,Blood/invasive,Carbapenems,1,5331,EARS-Net mixed/not reported,Not reported in Atlas aggregate,ECDC Surveillance Atlas aggregate,https://atlas.ecdc.europa.eu/public/
EU_EEA,Finland,FIN,2020,Escherichia coli,Blood/invasive,Carbapenems,1,5375,EUCAST,EUCAST required; exact version unavailable in Atlas aggregate,ECDC Surveillance Atlas aggregate,https://atlas.ecdc.europa.eu/public/
EU_EEA,Finland,FIN,2021,Escherichia coli,Blood/invasive,Carbapenems,0,5801,EUCAST,EUCAST required; exact version unavailable in Atlas aggregate,ECDC Surveillance Atlas aggregate,https://atlas.ecdc.europa.eu/public/
EU_EEA,Finland,FIN,2022,Escherichia coli,Blood/invasive,Carbapenems,0,4575,EUCAST,EUCAST required; exact version unavailable in Atlas aggregate,ECDC Surveillance Atlas aggregate,https://atlas.ecdc.europa.eu/public/
EU_EEA,Finland,FIN,2023,Escherichia coli,Blood/invasive,Carbapenems,1,4268,EUCAST,EUCAST required; exact version unavailable in Atlas aggregate,ECDC Surveillance Atlas aggregate,https://atlas.ecdc.europa.eu/public/
EU_EEA,Finland,FIN,2001,Escherichia coli,Blood/invasive,Fluoroquinolones,65,1203,EARS-Net mixed/not reported,Not reported in Atlas aggregate,ECDC Surveillance Atlas aggregate,https://atlas.ecdc.europa.eu/public/
EU_EEA,Finland,FIN,2002,Escherichia coli,Blood/invasive,Fluoroquinolones,82,1293,EARS-Net mixed/not reported,Not reported in Atlas aggregate,ECDC Surveillance Atlas aggregate,https://atlas.ecdc.europa.eu/public/
EU_EEA,Finland,FIN,2003,Escherichia coli,Blood/invasive,Fluoroquinolones,70,1372,EARS-Net mixed/not reported,Not reported in Atlas aggregate,ECDC Surveillance Atlas aggregate,https://atlas.ecdc.europa.eu/public/
EU_EEA,Finland,FIN,2004,Escherichia coli,Blood/invasive,Fluoroquinolones,120,1653,EARS-Net mixed/not reported,Not reported in Atlas aggregate,ECDC Surveillance Atlas aggregate,https://atlas.ecdc.europa.eu/public/
EU_EEA,Finland,FIN,2005,Escherichia coli,Blood/invasive,Fluoroquinolones,129,1743,EARS-Net mixed/not reported,Not reported in Atlas aggregate,ECDC Surveillance Atlas aggregate,https://atlas.ecdc.europa.eu/public/
EU_EEA,Finland,FIN,2006,Escherichia coli,Blood/invasive,Fluoroquinolones,154,1875,EARS-Net mixed/not reported,Not reported in Atlas aggregate,ECDC Surveillance Atlas aggregate,https://atlas.ecdc.europa.eu/public/
EU_EEA,Finland,FIN,2007,Escherichia coli,Blood/invasive,Fluoroquinolones,150,1949,EARS-Net mixed/not reported,Not reported in Atlas aggregate,ECDC Surveillance Atlas aggregate,https://atlas.ecdc.europa.eu/public/
EU_EEA,Finland,FIN,2008,Escherichia coli,Blood/invasive,Fluoroquinolones,184,2109,EARS-Net mixed/not reported,Not reported in Atlas aggregate,ECDC Surveillance Atlas aggregate,https://atlas.ecdc.europa.eu/public/
EU_EEA,Finland,FIN,2009,Escherichia coli,Blood/invasive,Fluoroquinolones,204,2223,EARS-Net mixed/not reported,Not reported in Atlas aggregate,ECDC Surveillance Atlas aggregate,https://atlas.ecdc.europa.eu/public/
EU_EEA,Finland,FIN,2010,Escherichia coli,Blood/invasive,Fluoroquinolones,235,2550,EARS-Net mixed/not reported,Not reported in Atlas aggregate,ECDC Surveillance Atlas aggregate,https://atlas.ecdc.europa.eu/public/
EU_EEA,Finland,FIN,2011,Escherichia coli,Blood/invasive,Fluoroquinolones,331,3020,EARS-Net mixed/not reported,Not reported in Atlas aggregate,ECDC Surveillance Atlas aggregate,https://atlas.ecdc.europa.eu/public/
EU_EEA,Finland,FIN,2012,Escherichia coli,Blood/invasive,Fluoroquinolones,371,3162,EARS-Net mixed/not reported,Not reported in Atlas aggregate,ECDC Surveillance Atlas aggregate,https://atlas.ecdc.europa.eu/public/
EU_EEA,Finland,FIN,2013,Escherichia coli,Blood/invasive,Fluoroquinolones,479,3618,EARS-Net mixed/not reported,Not reported in Atlas aggregate,ECDC Surveillance Atlas aggregate,https://atlas.ecdc.europa.eu/public/
EU_EEA,Finland,FIN,2014,Escherichia coli,Blood/invasive,Fluoroquinolones,440,3987,EARS-Net mixed/not reported,Not reported in Atlas aggregate,ECDC Surveillance Atlas aggregate,https://atlas.ecdc.europa.eu/public/
EU_EEA,Finland,FIN,2015,Escherichia coli,Blood/invasive,Fluoroquinolones,492,4404,EARS-Net mixed/not reported,Not reported in Atlas aggregate,ECDC Surveillance Atlas aggregate,https://atlas.ecdc.europa.eu/public/
EU_EEA,Finland,FIN,2016,Escherichia coli,Blood/invasive,Fluoroquinolones,551,4808,EARS-Net mixed/not reported,Not reported in Atlas aggregate,ECDC Surveillance Atlas aggregate,https://atlas.ecdc.europa.eu/public/
EU_EEA,Finland,FIN,2017,Escherichia coli,Blood/invasive,Fluoroquinolones,637,5305,EARS-Net mixed/not reported,Not reported in Atlas aggregate,ECDC Surveillance Atlas aggregate,https://atlas.ecdc.europa.eu/public/
EU_EEA,Finland,FIN,2018,Escherichia coli,Blood/invasive,Fluoroquinolones,579,5043,EARS-Net mixed/not reported,Not reported in Atlas aggregate,ECDC Surveillance Atlas aggregate,https://atlas.ecdc.europa.eu/public/
EU_EEA,Finland,FIN,2019,Escherichia coli,Blood/invasive,Fluoroquinolones,619,5410,EARS-Net mixed/not reported,Not reported in Atlas aggregate,ECDC Surveillance Atlas aggregate,https://atlas.ecdc.europa.eu/public/
EU_EEA,Finland,FIN,2020,Escherichia coli,Blood/invasive,Fluoroquinolones,564,5354,EUCAST,EUCAST required; exact version unavailable in Atlas aggregate,ECDC Surveillance Atlas aggregate,https://atlas.ecdc.europa.eu/public/
EU_EEA,Finland,FIN,2021,Escherichia coli,Blood/invasive,Fluoroquinolones,555,5802,EUCAST,EUCAST required; exact version unavailable in Atlas aggregate,ECDC Surveillance Atlas aggregate,https://atlas.ecdc.europa.eu/public/
EU_EEA,Finland,FIN,2022,Escherichia coli,Blood/invasive,Fluoroquinolones,453,4572,EUCAST,EUCAST required; exact version unavailable in Atlas aggregate,ECDC Surveillance Atlas aggregate,https://atlas.ecdc.europa.eu/public/
EU_EEA,Finland,FIN,2023,Escherichia coli,Blood/invasive,Fluoroquinolones,439,4261,EUCAST,EUCAST required; exact version unavailable in Atlas aggregate,ECDC Surveillance Atlas aggregate,https://atlas.ecdc.europa.eu/public/
EU_EEA,Finland,FIN,2001,Escherichia coli,Blood/invasive,Third-generation cephalosporins,2,1207,EARS-Net mixed/not reported,Not reported in Atlas aggregate,ECDC Surveillance Atlas aggregate,https://atlas.ecdc.europa.eu/public/
EU_EEA,Finland,FIN,2002,Escherichia coli,Blood/invasive,Third-generation cephalosporins,8,1270,EARS-Net mixed/not reported,Not reported in Atlas aggregate,ECDC Surveillance Atlas aggregate,https://atlas.ecdc.europa.eu/public/
EU_EEA,Finland,FIN,2003,Escherichia coli,Blood/invasive,Third-generation cephalosporins,14,1359,EARS-Net mixed/not reported,Not reported in Atlas aggregate,ECDC Surveillance Atlas aggregate,https://atlas.ecdc.europa.eu/public/
EU_EEA,Finland,FIN,2004,Escherichia coli,Blood/invasive,Third-generation cephalosporins,26,1707,EARS-Net mixed/not reported,Not reported in Atlas aggregate,ECDC Surveillance Atlas aggregate,https://atlas.ecdc.europa.eu/public/
EU_EEA,Finland,FIN,2005,Escherichia coli,Blood/invasive,Third-generation cephalosporins,34,1918,EARS-Net mixed/not reported,Not reported in Atlas aggregate,ECDC Surveillance Atlas aggregate,https://atlas.ecdc.europa.eu/public/
EU_EEA,Finland,FIN,2006,Escherichia coli,Blood/invasive,Third-generation cephalosporins,34,1873,EARS-Net mixed/not reported,Not reported in Atlas aggregate,ECDC Surveillance Atlas aggregate,https://atlas.ecdc.europa.eu/public/
EU_EEA,Finland,FIN,2007,Escherichia coli,Blood/invasive,Third-generation cephalosporins,30,1948,EARS-Net mixed/not reported,Not reported in Atlas aggregate,ECDC Surveillance Atlas aggregate,https://atlas.ecdc.europa.eu/public/
EU_EEA,Finland,FIN,2008,Escherichia coli,Blood/invasive,Third-generation cephalosporins,44,2087,EARS-Net mixed/not reported,Not reported in Atlas aggregate,ECDC Surveillance Atlas aggregate,https://atlas.ecdc.europa.eu/public/
EU_EEA,Finland,FIN,2009,Escherichia coli,Blood/invasive,Third-generation cephalosporins,61,2176,EARS-Net mixed/not reported,Not reported in Atlas aggregate,ECDC Surveillance Atlas aggregate,https://atlas.ecdc.europa.eu/public/
EU_EEA,Finland,FIN,2010,Escherichia coli,Blood/invasive,Third-generation cephalosporins,94,2509,EARS-Net mixed/not reported,Not reported in Atlas aggregate,ECDC Surveillance Atlas aggregate,https://atlas.ecdc.europa.eu/public/
EU_EEA,Finland,FIN,2011,Escherichia coli,Blood/invasive,Third-generation cephalosporins,151,3020,EARS-Net mixed/not reported,Not reported in Atlas aggregate,ECDC Surveillance Atlas aggregate,https://atlas.ecdc.europa.eu/public/
EU_EEA,Finland,FIN,2012,Escherichia coli,Blood/invasive,Third-generation cephalosporins,196,3162,EARS-Net mixed/not reported,Not reported in Atlas aggregate,ECDC Surveillance Atlas aggregate,https://atlas.ecdc.europa.eu/public/
EU_EEA,Finland,FIN,2013,Escherichia coli,Blood/invasive,Third-generation cephalosporins,263,3720,EARS-Net mixed/not reported,Not reported in Atlas aggregate,ECDC Surveillance Atlas aggregate,https://atlas.ecdc.europa.eu/public/
EU_EEA,Finland,FIN,2014,Escherichia coli,Blood/invasive,Third-generation cephalosporins,219,4009,EARS-Net mixed/not reported,Not reported in Atlas aggregate,ECDC Surveillance Atlas aggregate,https://atlas.ecdc.europa.eu/public/
EU_EEA,Finland,FIN,2015,Escherichia coli,Blood/invasive,Third-generation cephalosporins,263,4342,EARS-Net mixed/not reported,Not reported in Atlas aggregate,ECDC Surveillance Atlas aggregate,https://atlas.ecdc.europa.eu/public/
EU_EEA,Finland,FIN,2016,Escherichia coli,Blood/invasive,Third-generation cephalosporins,327,4742,EARS-Net mixed/not reported,Not reported in Atlas aggregate,ECDC Surveillance Atlas aggregate,https://atlas.ecdc.europa.eu/public/
EU_EEA,Finland,FIN,2017,Escherichia coli,Blood/invasive,Third-generation cephalosporins,358,5223,EARS-Net mixed/not reported,Not reported in Atlas aggregate,ECDC Surveillance Atlas aggregate,https://atlas.ecdc.europa.eu/public/
EU_EEA,Finland,FIN,2018,Escherichia coli,Blood/invasive,Third-generation cephalosporins,382,5020,EARS-Net mixed/not reported,Not reported in Atlas aggregate,ECDC Surveillance Atlas aggregate,https://atlas.ecdc.europa.eu/public/
EU_EEA,Finland,FIN,2019,Escherichia coli,Blood/invasive,Third-generation cephalosporins,425,5413,EARS-Net mixed/not reported,Not reported in Atlas aggregate,ECDC Surveillance Atlas aggregate,https://atlas.ecdc.europa.eu/public/
EU_EEA,Finland,FIN,2020,Escherichia coli,Blood/invasive,Third-generation cephalosporins,385,5367,EUCAST,EUCAST required; exact version unavailable in Atlas aggregate,ECDC Surveillance Atlas aggregate,https://atlas.ecdc.europa.eu/public/
EU_EEA,Finland,FIN,2021,Escherichia coli,Blood/invasive,Third-generation cephalosporins,383,5799,EUCAST,EUCAST required; exact version unavailable in Atlas aggregate,ECDC Surveillance Atlas aggregate,https://atlas.ecdc.europa.eu/public/
EU_EEA,Finland,FIN,2022,Escherichia coli,Blood/invasive,Third-generation cephalosporins,279,4568,EUCAST,EUCAST required; exact version unavailable in Atlas aggregate,ECDC Surveillance Atlas aggregate,https://atlas.ecdc.europa.eu/public/
EU_EEA,Finland,FIN,2023,Escherichia coli,Blood/invasive,Third-generation cephalosporins,302,4262,EUCAST,EUCAST required; exact version unavailable in Atlas aggregate,ECDC Surveillance Atlas aggregate,https://atlas.ecdc.europa.eu/public/
EU_EEA,France,FRA,2002,Escherichia coli,Blood/invasive,Aminoglycosides,106,2495,EARS-Net mixed/not reported,Not reported in Atlas aggregate,ECDC Surveillance Atlas aggregate,https://atlas.ecdc.europa.eu/public/
EU_EEA,France,FRA,2003,Escherichia coli,Blood/invasive,Aminoglycosides,116,2265,EARS-Net mixed/not reported,Not reported in Atlas aggregate,ECDC Surveillance Atlas aggregate,https://atlas.ecdc.europa.eu/public/
EU_EEA,France,FRA,2004,Escherichia coli,Blood/invasive,Aminoglycosides,231,5385,EARS-Net mixed/not reported,Not reported in Atlas aggregate,ECDC Surveillance Atlas aggregate,https://atlas.ecdc.europa.eu/public/
EU_EEA,France,FRA,2005,Escherichia coli,Blood/invasive,Aminoglycosides,289,6056,EARS-Net mixed/not reported,Not reported in Atlas aggregate,ECDC Surveillance Atlas aggregate,https://atlas.ecdc.europa.eu/public/
EU_EEA,France,FRA,2006,Escherichia coli,Blood/invasive,Aminoglycosides,400,6712,EARS-Net mixed/not reported,Not reported in Atlas aggregate,ECDC Surveillance Atlas aggregate,https://atlas.ecdc.europa.eu/public/
EU_EEA,France,FRA,2007,Escherichia coli,Blood/invasive,Aminoglycosides,461,8078,EARS-Net mixed/not reported,Not reported in Atlas aggregate,ECDC Surveillance Atlas aggregate,https://atlas.ecdc.europa.eu/public/
EU_EEA,France,FRA,2008,Escherichia coli,Blood/invasive,Aminoglycosides,494,7609,EARS-Net mixed/not reported,Not reported in Atlas aggregate,ECDC Surveillance Atlas aggregate,https://atlas.ecdc.europa.eu/public/
EU_EEA,France,FRA,2009,Escherichia coli,Blood/invasive,Aminoglycosides,661,8448,EARS-Net mixed/not reported,Not reported in Atlas aggregate,ECDC Surveillance Atlas aggregate,https://atlas.ecdc.europa.eu/public/
EU_EEA,France,FRA,2010,Escherichia coli,Blood/invasive,Aminoglycosides,638,9024,EARS-Net mixed/not reported,Not reported in Atlas aggregate,ECDC Surveillance Atlas aggregate,https://atlas.ecdc.europa.eu/public/
EU_EEA,France,FRA,2011,Escherichia coli,Blood/invasive,Aminoglycosides,679,8742,EARS-Net mixed/not reported,Not reported in Atlas aggregate,ECDC Surveillance Atlas aggregate,https://atlas.ecdc.europa.eu/public/
EU_EEA,France,FRA,2012,Escherichia coli,Blood/invasive,Aminoglycosides,467,5749,EARS-Net mixed/not reported,Not reported in Atlas aggregate,ECDC Surveillance Atlas aggregate,https://atlas.ecdc.europa.eu/public/
EU_EEA,France,FRA,2013,Escherichia coli,Blood/invasive,Aminoglycosides,789,10156,EARS-Net mixed/not reported,Not reported in Atlas aggregate,ECDC Surveillance Atlas aggregate,https://atlas.ecdc.europa.eu/public/
EU_EEA,France,FRA,2014,Escherichia coli,Blood/invasive,Aminoglycosides,799,10341,EARS-Net mixed/not reported,Not reported in Atlas aggregate,ECDC Surveillance Atlas aggregate,https://atlas.ecdc.europa.eu/public/
EU_EEA,France,FRA,2015,Escherichia coli,Blood/invasive,Aminoglycosides,901,11055,EARS-Net mixed/not reported,Not reported in Atlas aggregate,ECDC Surveillance Atlas aggregate,https://atlas.ecdc.europa.eu/public/
EU_EEA,France,FRA,2016,Escherichia coli,Blood/invasive,Aminoglycosides,881,11135,EARS-Net mixed/not reported,Not reported in Atlas aggregate,ECDC Surveillance Atlas aggregate,https://atlas.ecdc.europa.eu/public/
EU_EEA,France,FRA,2017,Escherichia coli,Blood/invasive,Aminoglycosides,923,13103,EARS-Net mixed/not reported,Not reported in Atlas aggregate,ECDC Surveillance Atlas aggregate,https://atlas.ecdc.europa.eu/public/
EU_EEA,France,FRA,2018,Escherichia coli,Blood/invasive,Aminoglycosides,908,12283,EARS-Net mixed/not reported,Not reported in Atlas aggregate,ECDC Surveillance Atlas aggregate,https://atlas.ecdc.europa.eu/public/
EU_EEA,France,FRA,2019,Escherichia coli,Blood/invasive,Aminoglycosides,921,13133,EARS-Net mixed/not reported,Not reported in Atlas aggregate,ECDC Surveillance Atlas aggregate,https://atlas.ecdc.europa.eu/public/
EU_EEA,France,FRA,2020,Escherichia coli,Blood/invasive,Aminoglycosides,1185,17786,EUCAST,EUCAST required; exact version unavailable in Atlas aggregate,ECDC Surveillance Atlas aggregate,https://atlas.ecdc.europa.eu/public/
EU_EEA,France,FRA,2021,Escherichia coli,Blood/invasive,Aminoglycosides,1028,17653,EUCAST,EUCAST required; exact version unavailable in Atlas aggregate,ECDC Surveillance Atlas aggregate,https://atlas.ecdc.europa.eu/public/
EU_EEA,France,FRA,2022,Escherichia coli,Blood/invasive,Aminoglycosides,978,15900,EUCAST,EUCAST required; exact version unavailable in Atlas aggregate,ECDC Surveillance Atlas aggregate,https://atlas.ecdc.europa.eu/public/
EU_EEA,France,FRA,2002,Escherichia coli,Blood/invasive,Aminopenicillins,1303,2492,EARS-Net mixed/not reported,Not reported in Atlas aggregate,ECDC Surveillance Atlas aggregate,https://atlas.ecdc.europa.eu/public/
EU_EEA,France,FRA,2003,Escherichia coli,Blood/invasive,Aminopenicillins,1082,2178,EARS-Net mixed/not reported,Not reported in Atlas aggregate,ECDC Surveillance Atlas aggregate,https://atlas.ecdc.europa.eu/public/
EU_EEA,France,FRA,2004,Escherichia coli,Blood/invasive,Aminopenicillins,2620,5595,EARS-Net mixed/not reported,Not reported in Atlas aggregate,ECDC Surveillance Atlas aggregate,https://atlas.ecdc.europa.eu/public/
EU_EEA,France,FRA,2005,Escherichia coli,Blood/invasive,Aminopenicillins,2870,5722,EARS-Net mixed/not reported,Not reported in Atlas aggregate,ECDC Surveillance Atlas aggregate,https://atlas.ecdc.europa.eu/public/
EU_EEA,France,FRA,2006,Escherichia coli,Blood/invasive,Aminopenicillins,3363,6363,EARS-Net mixed/not reported,Not reported in Atlas aggregate,ECDC Surveillance Atlas aggregate,https://atlas.ecdc.europa.eu/public/
EU_EEA,France,FRA,2007,Escherichia coli,Blood/invasive,Aminopenicillins,4339,8068,EARS-Net mixed/not reported,Not reported in Atlas aggregate,ECDC Surveillance Atlas aggregate,https://atlas.ecdc.europa.eu/public/
EU_EEA,France,FRA,2008,Escherichia coli,Blood/invasive,Aminopenicillins,4304,7979,EARS-Net mixed/not reported,Not reported in Atlas aggregate,ECDC Surveillance Atlas aggregate,https://atlas.ecdc.europa.eu/public/
EU_EEA,France,FRA,2009,Escherichia coli,Blood/invasive,Aminopenicillins,4680,8436,EARS-Net mixed/not reported,Not reported in Atlas aggregate,ECDC Surveillance Atlas aggregate,https://atlas.ecdc.europa.eu/public/
EU_EEA,France,FRA,2010,Escherichia coli,Blood/invasive,Aminopenicillins,4921,9017,EARS-Net mixed/not reported,Not reported in Atlas aggregate,ECDC Surveillance Atlas aggregate,https://atlas.ecdc.europa.eu/public/
EU_EEA,France,FRA,2011,Escherichia coli,Blood/invasive,Aminopenicillins,4837,8784,EARS-Net mixed/not reported,Not reported in Atlas aggregate,ECDC Surveillance Atlas aggregate,https://atlas.ecdc.europa.eu/public/
EU_EEA,France,FRA,2012,Escherichia coli,Blood/invasive,Aminopenicillins,5301,9599,EARS-Net mixed/not reported,Not reported in Atlas aggregate,ECDC Surveillance Atlas aggregate,https://atlas.ecdc.europa.eu/public/
EU_EEA,France,FRA,2013,Escherichia coli,Blood/invasive,Aminopenicillins,5591,10146,EARS-Net mixed/not reported,Not reported in Atlas aggregate,ECDC Surveillance Atlas aggregate,https://atlas.ecdc.europa.eu/public/
EU_EEA,France,FRA,2014,Escherichia coli,Blood/invasive,Aminopenicillins,5769,10325,EARS-Net mixed/not reported,Not reported in Atlas aggregate,ECDC Surveillance Atlas aggregate,https://atlas.ecdc.europa.eu/public/
EU_EEA,France,FRA,2015,Escherichia coli,Blood/invasive,Aminopenicillins,6239,10946,EARS-Net mixed/not reported,Not reported in Atlas aggregate,ECDC Surveillance Atlas aggregate,https://atlas.ecdc.europa.eu/public/
EU_EEA,France,FRA,2016,Escherichia coli,Blood/invasive,Aminopenicillins,6433,11248,EARS-Net mixed/not reported,Not reported in Atlas aggregate,ECDC Surveillance Atlas aggregate,https://atlas.ecdc.europa.eu/public/
EU_EEA,France,FRA,2017,Escherichia coli,Blood/invasive,Aminopenicillins,7390,13293,EARS-Net mixed/not reported,Not reported in Atlas aggregate,ECDC Surveillance Atlas aggregate,https://atlas.ecdc.europa.eu/public/
EU_EEA,France,FRA,2018,Escherichia coli,Blood/invasive,Aminopenicillins,6981,12553,EARS-Net mixed/not reported,Not reported in Atlas aggregate,ECDC Surveillance Atlas aggregate,https://atlas.ecdc.europa.eu/public/
EU_EEA,France,FRA,2019,Escherichia coli,Blood/invasive,Aminopenicillins,7307,13415,EARS-Net mixed/not reported,Not reported in Atlas aggregate,ECDC Surveillance Atlas aggregate,https://atlas.ecdc.europa.eu/public/
EU_EEA,France,FRA,2020,Escherichia coli,Blood/invasive,Aminopenicillins,9525,17674,EUCAST,EUCAST required; exact version unavailable in Atlas aggregate,ECDC Surveillance Atlas aggregate,https://atlas.ecdc.europa.eu/public/
EU_EEA,France,FRA,2021,Escherichia coli,Blood/invasive,Aminopenicillins,9254,17706,EUCAST,EUCAST required; exact version unavailable in Atlas aggregate,ECDC Surveillance Atlas aggregate,https://atlas.ecdc.europa.eu/public/
EU_EEA,France,FRA,2022,Escherichia coli,Blood/invasive,Aminopenicillins,9080,17191,EUCAST,EUCAST required; exact version unavailable in Atlas aggregate,ECDC Surveillance Atlas aggregate,https://atlas.ecdc.europa.eu/public/
EU_EEA,France,FRA,2002,Escherichia coli,Blood/invasive,Carbapenems,0,1679,EARS-Net mixed/not reported,Not reported in Atlas aggregate,ECDC Surveillance Atlas aggregate,https://atlas.ecdc.europa.eu/public/
EU_EEA,France,FRA,2003,Escherichia coli,Blood/invasive,Carbapenems,0,1694,EARS-Net mixed/not reported,Not reported in Atlas aggregate,ECDC Surveillance Atlas aggregate,https://atlas.ecdc.europa.eu/public/
EU_EEA,France,FRA,2004,Escherichia coli,Blood/invasive,Carbapenems,0,4747,EARS-Net mixed/not reported,Not reported in Atlas aggregate,ECDC Surveillance Atlas aggregate,https://atlas.ecdc.europa.eu/public/
EU_EEA,France,FRA,2005,Escherichia coli,Blood/invasive,Carbapenems,0,5429,EARS-Net mixed/not reported,Not reported in Atlas aggregate,ECDC Surveillance Atlas aggregate,https://atlas.ecdc.europa.eu/public/
EU_EEA,France,FRA,2006,Escherichia coli,Blood/invasive,Carbapenems,0,5821,EARS-Net mixed/not reported,Not reported in Atlas aggregate,ECDC Surveillance Atlas aggregate,https://atlas.ecdc.europa.eu/public/
EU_EEA,France,FRA,2007,Escherichia coli,Blood/invasive,Carbapenems,0,7145,EARS-Net mixed/not reported,Not reported in Atlas aggregate,ECDC Surveillance Atlas aggregate,https://atlas.ecdc.europa.eu/public/
EU_EEA,France,FRA,2008,Escherichia coli,Blood/invasive,Carbapenems,1,7051,EARS-Net mixed/not reported,Not reported in Atlas aggregate,ECDC Surveillance Atlas aggregate,https://atlas.ecdc.europa.eu/public/
EU_EEA,France,FRA,2009,Escherichia coli,Blood/invasive,Carbapenems,2,7731,EARS-Net mixed/not reported,Not reported in Atlas aggregate,ECDC Surveillance Atlas aggregate,https://atlas.ecdc.europa.eu/public/
EU_EEA,France,FRA,2010,Escherichia coli,Blood/invasive,Carbapenems,0,8164,EARS-Net mixed/not reported,Not reported in Atlas aggregate,ECDC Surveillance Atlas aggregate,https://atlas.ecdc.europa.eu/public/
EU_EEA,France,FRA,2011,Escherichia coli,Blood/invasive,Carbapenems,2,8503,EARS-Net mixed/not reported,Not reported in Atlas aggregate,ECDC Surveillance Atlas aggregate,https://atlas.ecdc.europa.eu/public/
EU_EEA,France,FRA,2012,Escherichia coli,Blood/invasive,Carbapenems,0,9091,EARS-Net mixed/not reported,Not reported in Atlas aggregate,ECDC Surveillance Atlas aggregate,https://atlas.ecdc.europa.eu/public/
EU_EEA,France,FRA,2013,Escherichia coli,Blood/invasive,Carbapenems,11,9585,EARS-Net mixed/not reported,Not reported in Atlas aggregate,ECDC Surveillance Atlas aggregate,https://atlas.ecdc.europa.eu/public/
EU_EEA,France,FRA,2014,Escherichia coli,Blood/invasive,Carbapenems,1,9693,EARS-Net mixed/not reported,Not reported in Atlas aggregate,ECDC Surveillance Atlas aggregate,https://atlas.ecdc.europa.eu/public/
EU_EEA,France,FRA,2015,Escherichia coli,Blood/invasive,Carbapenems,3,10481,EARS-Net mixed/not reported,Not reported in Atlas aggregate,ECDC Surveillance Atlas aggregate,https://atlas.ecdc.europa.eu/public/
EU_EEA,France,FRA,2016,Escherichia coli,Blood/invasive,Carbapenems,1,10929,EARS-Net mixed/not reported,Not reported in Atlas aggregate,ECDC Surveillance Atlas aggregate,https://atlas.ecdc.europa.eu/public/
EU_EEA,France,FRA,2017,Escherichia coli,Blood/invasive,Carbapenems,2,12843,EARS-Net mixed/not reported,Not reported in Atlas aggregate,ECDC Surveillance Atlas aggregate,https://atlas.ecdc.europa.eu/public/
EU_EEA,France,FRA,2018,Escherichia coli,Blood/invasive,Carbapenems,6,12399,EARS-Net mixed/not reported,Not reported in Atlas aggregate,ECDC Surveillance Atlas aggregate,https://atlas.ecdc.europa.eu/public/
EU_EEA,France,FRA,2019,Escherichia coli,Blood/invasive,Carbapenems,6,12636,EARS-Net mixed/not reported,Not reported in Atlas aggregate,ECDC Surveillance Atlas aggregate,https://atlas.ecdc.europa.eu/public/
EU_EEA,France,FRA,2020,Escherichia coli,Blood/invasive,Carbapenems,7,17838,EUCAST,EUCAST required; exact version unavailable in Atlas aggregate,ECDC Surveillance Atlas aggregate,https://atlas.ecdc.europa.eu/public/
EU_EEA,France,FRA,2021,Escherichia coli,Blood/invasive,Carbapenems,9,17546,EUCAST,EUCAST required; exact version unavailable in Atlas aggregate,ECDC Surveillance Atlas aggregate,https://atlas.ecdc.europa.eu/public/
EU_EEA,France,FRA,2022,Escherichia coli,Blood/invasive,Carbapenems,18,16989,EUCAST,EUCAST required; exact version unavailable in Atlas aggregate,ECDC Surveillance Atlas aggregate,https://atlas.ecdc.europa.eu/public/
EU_EEA,France,FRA,2002,Escherichia coli,Blood/invasive,Fluoroquinolones,204,2491,EARS-Net mixed/not reported,Not reported in Atlas aggregate,ECDC Surveillance Atlas aggregate,https://atlas.ecdc.europa.eu/public/
EU_EEA,France,FRA,2003,Escherichia coli,Blood/invasive,Fluoroquinolones,211,2263,EARS-Net mixed/not reported,Not reported in Atlas aggregate,ECDC Surveillance Atlas aggregate,https://atlas.ecdc.europa.eu/public/
EU_EEA,France,FRA,2004,Escherichia coli,Blood/invasive,Fluoroquinolones,464,5640,EARS-Net mixed/not reported,Not reported in Atlas aggregate,ECDC Surveillance Atlas aggregate,https://atlas.ecdc.europa.eu/public/
EU_EEA,France,FRA,2005,Escherichia coli,Blood/invasive,Fluoroquinolones,664,6028,EARS-Net mixed/not reported,Not reported in Atlas aggregate,ECDC Surveillance Atlas aggregate,https://atlas.ecdc.europa.eu/public/
EU_EEA,France,FRA,2006,Escherichia coli,Blood/invasive,Fluoroquinolones,916,6627,EARS-Net mixed/not reported,Not reported in Atlas aggregate,ECDC Surveillance Atlas aggregate,https://atlas.ecdc.europa.eu/public/
EU_EEA,France,FRA,2007,Escherichia coli,Blood/invasive,Fluoroquinolones,1181,7984,EARS-Net mixed/not reported,Not reported in Atlas aggregate,ECDC Surveillance Atlas aggregate,https://atlas.ecdc.europa.eu/public/
EU_EEA,France,FRA,2008,Escherichia coli,Blood/invasive,Fluoroquinolones,1175,7485,EARS-Net mixed/not reported,Not reported in Atlas aggregate,ECDC Surveillance Atlas aggregate,https://atlas.ecdc.europa.eu/public/
EU_EEA,France,FRA,2009,Escherichia coli,Blood/invasive,Fluoroquinolones,1550,8353,EARS-Net mixed/not reported,Not reported in Atlas aggregate,ECDC Surveillance Atlas aggregate,https://atlas.ecdc.europa.eu/public/
EU_EEA,France,FRA,2010,Escherichia coli,Blood/invasive,Fluoroquinolones,1580,9007,EARS-Net mixed/not reported,Not reported in Atlas aggregate,ECDC Surveillance Atlas aggregate,https://atlas.ecdc.europa.eu/public/
EU_EEA,France,FRA,2011,Escherichia coli,Blood/invasive,Fluoroquinolones,1558,8694,EARS-Net mixed/not reported,Not reported in Atlas aggregate,ECDC Surveillance Atlas aggregate,https://atlas.ecdc.europa.eu/public/
EU_EEA,France,FRA,2012,Escherichia coli,Blood/invasive,Fluoroquinolones,1690,9470,EARS-Net mixed/not reported,Not reported in Atlas aggregate,ECDC Surveillance Atlas aggregate,https://atlas.ecdc.europa.eu/public/
EU_EEA,France,FRA,2013,Escherichia coli,Blood/invasive,Fluoroquinolones,1685,10069,EARS-Net mixed/not reported,Not reported in Atlas aggregate,ECDC Surveillance Atlas aggregate,https://atlas.ecdc.europa.eu/public/
EU_EEA,France,FRA,2014,Escherichia coli,Blood/invasive,Fluoroquinolones,1819,10307,EARS-Net mixed/not reported,Not reported in Atlas aggregate,ECDC Surveillance Atlas aggregate,https://atlas.ecdc.europa.eu/public/
EU_EEA,France,FRA,2015,Escherichia coli,Blood/invasive,Fluoroquinolones,1952,10998,EARS-Net mixed/not reported,Not reported in Atlas aggregate,ECDC Surveillance Atlas aggregate,https://atlas.ecdc.europa.eu/public/
EU_EEA,France,FRA,2016,Escherichia coli,Blood/invasive,Fluoroquinolones,1874,11251,EARS-Net mixed/not reported,Not reported in Atlas aggregate,ECDC Surveillance Atlas aggregate,https://atlas.ecdc.europa.eu/public/
EU_EEA,France,FRA,2017,Escherichia coli,Blood/invasive,Fluoroquinolones,2002,13328,EARS-Net mixed/not reported,Not reported in Atlas aggregate,ECDC Surveillance Atlas aggregate,https://atlas.ecdc.europa.eu/public/
EU_EEA,France,FRA,2018,Escherichia coli,Blood/invasive,Fluoroquinolones,2031,12443,EARS-Net mixed/not reported,Not reported in Atlas aggregate,ECDC Surveillance Atlas aggregate,https://atlas.ecdc.europa.eu/public/
EU_EEA,France,FRA,2019,Escherichia coli,Blood/invasive,Fluoroquinolones,2145,13431,EARS-Net mixed/not reported,Not reported in Atlas aggregate,ECDC Surveillance Atlas aggregate,https://atlas.ecdc.europa.eu/public/
EU_EEA,France,FRA,2020,Escherichia coli,Blood/invasive,Fluoroquinolones,2957,18569,EUCAST,EUCAST required; exact version unavailable in Atlas aggregate,ECDC Surveillance Atlas aggregate,https://atlas.ecdc.europa.eu/public/
EU_EEA,France,FRA,2021,Escherichia coli,Blood/invasive,Fluoroquinolones,2722,18446,EUCAST,EUCAST required; exact version unavailable in Atlas aggregate,ECDC Surveillance Atlas aggregate,https://atlas.ecdc.europa.eu/public/
EU_EEA,France,FRA,2022,Escherichia coli,Blood/invasive,Fluoroquinolones,2576,17517,EUCAST,EUCAST required; exact version unavailable in Atlas aggregate,ECDC Surveillance Atlas aggregate,https://atlas.ecdc.europa.eu/public/
EU_EEA,France,FRA,2002,Escherichia coli,Blood/invasive,Third-generation cephalosporins,19,2495,EARS-Net mixed/not reported,Not reported in Atlas aggregate,ECDC Surveillance Atlas aggregate,https://atlas.ecdc.europa.eu/public/
EU_EEA,France,FRA,2003,Escherichia coli,Blood/invasive,Third-generation cephalosporins,22,2266,EARS-Net mixed/not reported,Not reported in Atlas aggregate,ECDC Surveillance Atlas aggregate,https://atlas.ecdc.europa.eu/public/
EU_EEA,France,FRA,2004,Escherichia coli,Blood/invasive,Third-generation cephalosporins,54,5677,EARS-Net mixed/not reported,Not reported in Atlas aggregate,ECDC Surveillance Atlas aggregate,https://atlas.ecdc.europa.eu/public/
EU_EEA,France,FRA,2005,Escherichia coli,Blood/invasive,Third-generation cephalosporins,81,5835,EARS-Net mixed/not reported,Not reported in Atlas aggregate,ECDC Surveillance Atlas aggregate,https://atlas.ecdc.europa.eu/public/
EU_EEA,France,FRA,2006,Escherichia coli,Blood/invasive,Third-generation cephalosporins,132,6717,EARS-Net mixed/not reported,Not reported in Atlas aggregate,ECDC Surveillance Atlas aggregate,https://atlas.ecdc.europa.eu/public/
EU_EEA,France,FRA,2007,Escherichia coli,Blood/invasive,Third-generation cephalosporins,195,7840,EARS-Net mixed/not reported,Not reported in Atlas aggregate,ECDC Surveillance Atlas aggregate,https://atlas.ecdc.europa.eu/public/
EU_EEA,France,FRA,2008,Escherichia coli,Blood/invasive,Third-generation cephalosporins,305,7990,EARS-Net mixed/not reported,Not reported in Atlas aggregate,ECDC Surveillance Atlas aggregate,https://atlas.ecdc.europa.eu/public/
EU_EEA,France,FRA,2009,Escherichia coli,Blood/invasive,Third-generation cephalosporins,568,8449,EARS-Net mixed/not reported,Not reported in Atlas aggregate,ECDC Surveillance Atlas aggregate,https://atlas.ecdc.europa.eu/public/
EU_EEA,France,FRA,2010,Escherichia coli,Blood/invasive,Third-generation cephalosporins,654,9022,EARS-Net mixed/not reported,Not reported in Atlas aggregate,ECDC Surveillance Atlas aggregate,https://atlas.ecdc.europa.eu/public/
EU_EEA,France,FRA,2011,Escherichia coli,Blood/invasive,Third-generation cephalosporins,693,8479,EARS-Net mixed/not reported,Not reported in Atlas aggregate,ECDC Surveillance Atlas aggregate,https://atlas.ecdc.europa.eu/public/
EU_EEA,France,FRA,2012,Escherichia coli,Blood/invasive,Third-generation cephalosporins,952,9563,EARS-Net mixed/not reported,Not reported in Atlas aggregate,ECDC Surveillance Atlas aggregate,https://atlas.ecdc.europa.eu/public/
EU_EEA,France,FRA,2013,Escherichia coli,Blood/invasive,Third-generation cephalosporins,967,10154,EARS-Net mixed/not reported,Not reported in Atlas aggregate,ECDC Surveillance Atlas aggregate,https://atlas.ecdc.europa.eu/public/
EU_EEA,France,FRA,2014,Escherichia coli,Blood/invasive,Third-generation cephalosporins,1029,10349,EARS-Net mixed/not reported,Not reported in Atlas aggregate,ECDC Surveillance Atlas aggregate,https://atlas.ecdc.europa.eu/public/
EU_EEA,France,FRA,2015,Escherichia coli,Blood/invasive,Third-generation cephalosporins,1213,11051,EARS-Net mixed/not reported,Not reported in Atlas aggregate,ECDC Surveillance Atlas aggregate,https://atlas.ecdc.europa.eu/public/
EU_EEA,France,FRA,2016,Escherichia coli,Blood/invasive,Third-generation cephalosporins,1270,11313,EARS-Net mixed/not reported,Not reported in Atlas aggregate,ECDC Surveillance Atlas aggregate,https://atlas.ecdc.europa.eu/public/
EU_EEA,France,FRA,2017,Escherichia coli,Blood/invasive,Third-generation cephalosporins,1365,13352,EARS-Net mixed/not reported,Not reported in Atlas aggregate,ECDC Surveillance Atlas aggregate,https://atlas.ecdc.europa.eu/public/
EU_EEA,France,FRA,2018,Escherichia coli,Blood/invasive,Third-generation cephalosporins,1210,12614,EARS-Net mixed/not reported,Not reported in Atlas aggregate,ECDC Surveillance Atlas aggregate,https://atlas.ecdc.europa.eu/public/
EU_EEA,France,FRA,2019,Escherichia coli,Blood/invasive,Third-generation cephalosporins,1152,13019,EARS-Net mixed/not reported,Not reported in Atlas aggregate,ECDC Surveillance Atlas aggregate,https://atlas.ecdc.europa.eu/public/
EU_EEA,France,FRA,2020,Escherichia coli,Blood/invasive,Third-generation cephalosporins,1785,18857,EUCAST,EUCAST required; exact version unavailable in Atlas aggregate,ECDC Surveillance Atlas aggregate,https://atlas.ecdc.europa.eu/public/
EU_EEA,France,FRA,2021,Escherichia coli,Blood/invasive,Third-generation cephalosporins,1563,18735,EUCAST,EUCAST required; exact version unavailable in Atlas aggregate,ECDC Surveillance Atlas aggregate,https://atlas.ecdc.europa.eu/public/
EU_EEA,France,FRA,2022,Escherichia coli,Blood/invasive,Third-generation cephalosporins,1496,17722,EUCAST,EUCAST required; exact version unavailable in Atlas aggregate,ECDC Surveillance Atlas aggregate,https://atlas.ecdc.europa.eu/public/
EU_EEA,Greece,GRC,2000,Escherichia coli,Blood/invasive,Aminoglycosides,16,358,EARS-Net mixed/not reported,Not reported in Atlas aggregate,ECDC Surveillance Atlas aggregate,https://atlas.ecdc.europa.eu/public/
EU_EEA,Greece,GRC,2001,Escherichia coli,Blood/invasive,Aminoglycosides,27,569,EARS-Net mixed/not reported,Not reported in Atlas aggregate,ECDC Surveillance Atlas aggregate,https://atlas.ecdc.europa.eu/public/
EU_EEA,Greece,GRC,2002,Escherichia coli,Blood/invasive,Aminoglycosides,35,553,EARS-Net mixed/not reported,Not reported in Atlas aggregate,ECDC Surveillance Atlas aggregate,https://atlas.ecdc.europa.eu/public/
EU_EEA,Greece,GRC,2003,Escherichia coli,Blood/invasive,Aminoglycosides,58,1054,EARS-Net mixed/not reported,Not reported in Atlas aggregate,ECDC Surveillance Atlas aggregate,https://atlas.ecdc.europa.eu/public/
EU_EEA,Greece,GRC,2004,Escherichia coli,Blood/invasive,Aminoglycosides,65,1128,EARS-Net mixed/not reported,Not reported in Atlas aggregate,ECDC Surveillance Atlas aggregate,https://atlas.ecdc.europa.eu/public/
EU_EEA,Greece,GRC,2005,Escherichia coli,Blood/invasive,Aminoglycosides,77,1139,EARS-Net mixed/not reported,Not reported in Atlas aggregate,ECDC Surveillance Atlas aggregate,https://atlas.ecdc.europa.eu/public/
EU_EEA,Greece,GRC,2006,Escherichia coli,Blood/invasive,Aminoglycosides,86,1249,EARS-Net mixed/not reported,Not reported in Atlas aggregate,ECDC Surveillance Atlas aggregate,https://atlas.ecdc.europa.eu/public/
EU_EEA,Greece,GRC,2007,Escherichia coli,Blood/invasive,Aminoglycosides,105,1232,EARS-Net mixed/not reported,Not reported in Atlas aggregate,ECDC Surveillance Atlas aggregate,https://atlas.ecdc.europa.eu/public/
EU_EEA,Greece,GRC,2008,Escherichia coli,Blood/invasive,Aminoglycosides,212,1451,EARS-Net mixed/not reported,Not reported in Atlas aggregate,ECDC Surveillance Atlas aggregate,https://atlas.ecdc.europa.eu/public/
EU_EEA,Greece,GRC,2009,Escherichia coli,Blood/invasive,Aminoglycosides,261,1821,EARS-Net mixed/not reported,Not reported in Atlas aggregate,ECDC Surveillance Atlas aggregate,https://atlas.ecdc.europa.eu/public/
EU_EEA,Greece,GRC,2010,Escherichia coli,Blood/invasive,Aminoglycosides,252,1519,EARS-Net mixed/not reported,Not reported in Atlas aggregate,ECDC Surveillance Atlas aggregate,https://atlas.ecdc.europa.eu/public/
EU_EEA,Greece,GRC,2011,Escherichia coli,Blood/invasive,Aminoglycosides,240,1434,EARS-Net mixed/not reported,Not reported in Atlas aggregate,ECDC Surveillance Atlas aggregate,https://atlas.ecdc.europa.eu/public/
EU_EEA,Greece,GRC,2012,Escherichia coli,Blood/invasive,Aminoglycosides,244,1372,EARS-Net mixed/not reported,Not reported in Atlas aggregate,ECDC Surveillance Atlas aggregate,https://atlas.ecdc.europa.eu/public/
EU_EEA,Greece,GRC,2013,Escherichia coli,Blood/invasive,Aminoglycosides,210,1239,EARS-Net mixed/not reported,Not reported in Atlas aggregate,ECDC Surveillance Atlas aggregate,https://atlas.ecdc.europa.eu/public/
EU_EEA,Greece,GRC,2014,Escherichia coli,Blood/invasive,Aminoglycosides,173,1110,EARS-Net mixed/not reported,Not reported in Atlas aggregate,ECDC Surveillance Atlas aggregate,https://atlas.ecdc.europa.eu/public/
EU_EEA,Greece,GRC,2015,Escherichia coli,Blood/invasive,Aminoglycosides,193,1200,EARS-Net mixed/not reported,Not reported in Atlas aggregate,ECDC Surveillance Atlas aggregate,https://atlas.ecdc.europa.eu/public/
EU_EEA,Greece,GRC,2016,Escherichia coli,Blood/invasive,Aminoglycosides,219,1301,EARS-Net mixed/not reported,Not reported in Atlas aggregate,ECDC Surveillance Atlas aggregate,https://atlas.ecdc.europa.eu/public/
EU_EEA,Greece,GRC,2017,Escherichia coli,Blood/invasive,Aminoglycosides,249,1467,EARS-Net mixed/not reported,Not reported in Atlas aggregate,ECDC Surveillance Atlas aggregate,https://atlas.ecdc.europa.eu/public/
EU_EEA,Greece,GRC,2018,Escherichia coli,Blood/invasive,Aminoglycosides,253,1633,EARS-Net mixed/not reported,Not reported in Atlas aggregate,ECDC Surveillance Atlas aggregate,https://atlas.ecdc.europa.eu/public/
EU_EEA,Greece,GRC,2019,Escherichia coli,Blood/invasive,Aminoglycosides,26,201,EARS-Net mixed/not reported,Not reported in Atlas aggregate,ECDC Surveillance Atlas aggregate,https://atlas.ecdc.europa.eu/public/
EU_EEA,Greece,GRC,2020,Escherichia coli,Blood/invasive,Aminoglycosides,105,562,EUCAST,EUCAST required; exact version unavailable in Atlas aggregate,ECDC Surveillance Atlas aggregate,https://atlas.ecdc.europa.eu/public/
EU_EEA,Greece,GRC,2021,Escherichia coli,Blood/invasive,Aminoglycosides,134,719,EUCAST,EUCAST required; exact version unavailable in Atlas aggregate,ECDC Surveillance Atlas aggregate,https://atlas.ecdc.europa.eu/public/
EU_EEA,Greece,GRC,2022,Escherichia coli,Blood/invasive,Aminoglycosides,236,1239,EUCAST,EUCAST required; exact version unavailable in Atlas aggregate,ECDC Surveillance Atlas aggregate,https://atlas.ecdc.europa.eu/public/
EU_EEA,Greece,GRC,2023,Escherichia coli,Blood/invasive,Aminoglycosides,377,1828,EUCAST,EUCAST required; exact version unavailable in Atlas aggregate,ECDC Surveillance Atlas aggregate,https://atlas.ecdc.europa.eu/public/
EU_EEA,Greece,GRC,2000,Escherichia coli,Blood/invasive,Aminopenicillins,150,355,EARS-Net mixed/not reported,Not reported in Atlas aggregate,ECDC Surveillance Atlas aggregate,https://atlas.ecdc.europa.eu/public/
EU_EEA,Greece,GRC,2001,Escherichia coli,Blood/invasive,Aminopenicillins,255,523,EARS-Net mixed/not reported,Not reported in Atlas aggregate,ECDC Surveillance Atlas aggregate,https://atlas.ecdc.europa.eu/public/
EU_EEA,Greece,GRC,2002,Escherichia coli,Blood/invasive,Aminopenicillins,249,549,EARS-Net mixed/not reported,Not reported in Atlas aggregate,ECDC Surveillance Atlas aggregate,https://atlas.ecdc.europa.eu/public/
EU_EEA,Greece,GRC,2003,Escherichia coli,Blood/invasive,Aminopenicillins,430,981,EARS-Net mixed/not reported,Not reported in Atlas aggregate,ECDC Surveillance Atlas aggregate,https://atlas.ecdc.europa.eu/public/
EU_EEA,Greece,GRC,2004,Escherichia coli,Blood/invasive,Aminopenicillins,452,986,EARS-Net mixed/not reported,Not reported in Atlas aggregate,ECDC Surveillance Atlas aggregate,https://atlas.ecdc.europa.eu/public/
EU_EEA,Greece,GRC,2005,Escherichia coli,Blood/invasive,Aminopenicillins,482,1039,EARS-Net mixed/not reported,Not reported in Atlas aggregate,ECDC Surveillance Atlas aggregate,https://atlas.ecdc.europa.eu/public/
EU_EEA,Greece,GRC,2006,Escherichia coli,Blood/invasive,Aminopenicillins,546,1199,EARS-Net mixed/not reported,Not reported in Atlas aggregate,ECDC Surveillance Atlas aggregate,https://atlas.ecdc.europa.eu/public/
EU_EEA,Greece,GRC,2007,Escherichia coli,Blood/invasive,Aminopenicillins,564,1166,EARS-Net mixed/not reported,Not reported in Atlas aggregate,ECDC Surveillance Atlas aggregate,https://atlas.ecdc.europa.eu/public/
EU_EEA,Greece,GRC,2008,Escherichia coli,Blood/invasive,Aminopenicillins,718,1428,EARS-Net mixed/not reported,Not reported in Atlas aggregate,ECDC Surveillance Atlas aggregate,https://atlas.ecdc.europa.eu/public/
EU_EEA,Greece,GRC,2009,Escherichia coli,Blood/invasive,Aminopenicillins,862,1694,EARS-Net mixed/not reported,Not reported in Atlas aggregate,ECDC Surveillance Atlas aggregate,https://atlas.ecdc.europa.eu/public/
EU_EEA,Greece,GRC,2010,Escherichia coli,Blood/invasive,Aminopenicillins,771,1474,EARS-Net mixed/not reported,Not reported in Atlas aggregate,ECDC Surveillance Atlas aggregate,https://atlas.ecdc.europa.eu/public/
EU_EEA,Greece,GRC,2011,Escherichia coli,Blood/invasive,Aminopenicillins,707,1297,EARS-Net mixed/not reported,Not reported in Atlas aggregate,ECDC Surveillance Atlas aggregate,https://atlas.ecdc.europa.eu/public/
EU_EEA,Greece,GRC,2012,Escherichia coli,Blood/invasive,Aminopenicillins,698,1270,EARS-Net mixed/not reported,Not reported in Atlas aggregate,ECDC Surveillance Atlas aggregate,https://atlas.ecdc.europa.eu/public/
EU_EEA,Greece,GRC,2013,Escherichia coli,Blood/invasive,Aminopenicillins,648,1149,EARS-Net mixed/not reported,Not reported in Atlas aggregate,ECDC Surveillance Atlas aggregate,https://atlas.ecdc.europa.eu/public/
EU_EEA,Greece,GRC,2014,Escherichia coli,Blood/invasive,Aminopenicillins,589,1057,EARS-Net mixed/not reported,Not reported in Atlas aggregate,ECDC Surveillance Atlas aggregate,https://atlas.ecdc.europa.eu/public/
EU_EEA,Greece,GRC,2015,Escherichia coli,Blood/invasive,Aminopenicillins,605,1079,EARS-Net mixed/not reported,Not reported in Atlas aggregate,ECDC Surveillance Atlas aggregate,https://atlas.ecdc.europa.eu/public/
EU_EEA,Greece,GRC,2016,Escherichia coli,Blood/invasive,Aminopenicillins,666,1170,EARS-Net mixed/not reported,Not reported in Atlas aggregate,ECDC Surveillance Atlas aggregate,https://atlas.ecdc.europa.eu/public/
EU_EEA,Greece,GRC,2017,Escherichia coli,Blood/invasive,Aminopenicillins,751,1306,EARS-Net mixed/not reported,Not reported in Atlas aggregate,ECDC Surveillance Atlas aggregate,https://atlas.ecdc.europa.eu/public/
EU_EEA,Greece,GRC,2018,Escherichia coli,Blood/invasive,Aminopenicillins,831,1444,EARS-Net mixed/not reported,Not reported in Atlas aggregate,ECDC Surveillance Atlas aggregate,https://atlas.ecdc.europa.eu/public/
EU_EEA,Greece,GRC,2019,Escherichia coli,Blood/invasive,Aminopenicillins,88,154,EARS-Net mixed/not reported,Not reported in Atlas aggregate,ECDC Surveillance Atlas aggregate,https://atlas.ecdc.europa.eu/public/
EU_EEA,Greece,GRC,2020,Escherichia coli,Blood/invasive,Aminopenicillins,251,452,EUCAST,EUCAST required; exact version unavailable in Atlas aggregate,ECDC Surveillance Atlas aggregate,https://atlas.ecdc.europa.eu/public/
EU_EEA,Greece,GRC,2021,Escherichia coli,Blood/invasive,Aminopenicillins,333,557,EUCAST,EUCAST required; exact version unavailable in Atlas aggregate,ECDC Surveillance Atlas aggregate,https://atlas.ecdc.europa.eu/public/
EU_EEA,Greece,GRC,2022,Escherichia coli,Blood/invasive,Aminopenicillins,550,964,EUCAST,EUCAST required; exact version unavailable in Atlas aggregate,ECDC Surveillance Atlas aggregate,https://atlas.ecdc.europa.eu/public/
EU_EEA,Greece,GRC,2023,Escherichia coli,Blood/invasive,Aminopenicillins,913,1579,EUCAST,EUCAST required; exact version unavailable in Atlas aggregate,ECDC Surveillance Atlas aggregate,https://atlas.ecdc.europa.eu/public/
EU_EEA,Greece,GRC,2000,Escherichia coli,Blood/invasive,Carbapenems,3,282,EARS-Net mixed/not reported,Not reported in Atlas aggregate,ECDC Surveillance Atlas aggregate,https://atlas.ecdc.europa.eu/public/
EU_EEA,Greece,GRC,2001,Escherichia coli,Blood/invasive,Carbapenems,4,394,EARS-Net mixed/not reported,Not reported in Atlas aggregate,ECDC Surveillance Atlas aggregate,https://atlas.ecdc.europa.eu/public/
EU_EEA,Greece,GRC,2002,Escherichia coli,Blood/invasive,Carbapenems,2,556,EARS-Net mixed/not reported,Not reported in Atlas aggregate,ECDC Surveillance Atlas aggregate,https://atlas.ecdc.europa.eu/public/
EU_EEA,Greece,GRC,2003,Escherichia coli,Blood/invasive,Carbapenems,4,1050,EARS-Net mixed/not reported,Not reported in Atlas aggregate,ECDC Surveillance Atlas aggregate,https://atlas.ecdc.europa.eu/public/
EU_EEA,Greece,GRC,2004,Escherichia coli,Blood/invasive,Carbapenems,2,1117,EARS-Net mixed/not reported,Not reported in Atlas aggregate,ECDC Surveillance Atlas aggregate,https://atlas.ecdc.europa.eu/public/
EU_EEA,Greece,GRC,2005,Escherichia coli,Blood/invasive,Carbapenems,4,1132,EARS-Net mixed/not reported,Not reported in Atlas aggregate,ECDC Surveillance Atlas aggregate,https://atlas.ecdc.europa.eu/public/
EU_EEA,Greece,GRC,2006,Escherichia coli,Blood/invasive,Carbapenems,5,1227,EARS-Net mixed/not reported,Not reported in Atlas aggregate,ECDC Surveillance Atlas aggregate,https://atlas.ecdc.europa.eu/public/
EU_EEA,Greece,GRC,2007,Escherichia coli,Blood/invasive,Carbapenems,1,1215,EARS-Net mixed/not reported,Not reported in Atlas aggregate,ECDC Surveillance Atlas aggregate,https://atlas.ecdc.europa.eu/public/
EU_EEA,Greece,GRC,2008,Escherichia coli,Blood/invasive,Carbapenems,5,1442,EARS-Net mixed/not reported,Not reported in Atlas aggregate,ECDC Surveillance Atlas aggregate,https://atlas.ecdc.europa.eu/public/
EU_EEA,Greece,GRC,2009,Escherichia coli,Blood/invasive,Carbapenems,13,1810,EARS-Net mixed/not reported,Not reported in Atlas aggregate,ECDC Surveillance Atlas aggregate,https://atlas.ecdc.europa.eu/public/
EU_EEA,Greece,GRC,2010,Escherichia coli,Blood/invasive,Carbapenems,6,1519,EARS-Net mixed/not reported,Not reported in Atlas aggregate,ECDC Surveillance Atlas aggregate,https://atlas.ecdc.europa.eu/public/
EU_EEA,Greece,GRC,2011,Escherichia coli,Blood/invasive,Carbapenems,10,1127,EARS-Net mixed/not reported,Not reported in Atlas aggregate,ECDC Surveillance Atlas aggregate,https://atlas.ecdc.europa.eu/public/
EU_EEA,Greece,GRC,2012,Escherichia coli,Blood/invasive,Carbapenems,20,1396,EARS-Net mixed/not reported,Not reported in Atlas aggregate,ECDC Surveillance Atlas aggregate,https://atlas.ecdc.europa.eu/public/
EU_EEA,Greece,GRC,2013,Escherichia coli,Blood/invasive,Carbapenems,17,1256,EARS-Net mixed/not reported,Not reported in Atlas aggregate,ECDC Surveillance Atlas aggregate,https://atlas.ecdc.europa.eu/public/
EU_EEA,Greece,GRC,2014,Escherichia coli,Blood/invasive,Carbapenems,13,1122,EARS-Net mixed/not reported,Not reported in Atlas aggregate,ECDC Surveillance Atlas aggregate,https://atlas.ecdc.europa.eu/public/
EU_EEA,Greece,GRC,2015,Escherichia coli,Blood/invasive,Carbapenems,14,1215,EARS-Net mixed/not reported,Not reported in Atlas aggregate,ECDC Surveillance Atlas aggregate,https://atlas.ecdc.europa.eu/public/
EU_EEA,Greece,GRC,2016,Escherichia coli,Blood/invasive,Carbapenems,12,1303,EARS-Net mixed/not reported,Not reported in Atlas aggregate,ECDC Surveillance Atlas aggregate,https://atlas.ecdc.europa.eu/public/
EU_EEA,Greece,GRC,2017,Escherichia coli,Blood/invasive,Carbapenems,23,1467,EARS-Net mixed/not reported,Not reported in Atlas aggregate,ECDC Surveillance Atlas aggregate,https://atlas.ecdc.europa.eu/public/
EU_EEA,Greece,GRC,2018,Escherichia coli,Blood/invasive,Carbapenems,17,1640,EARS-Net mixed/not reported,Not reported in Atlas aggregate,ECDC Surveillance Atlas aggregate,https://atlas.ecdc.europa.eu/public/
EU_EEA,Greece,GRC,2019,Escherichia coli,Blood/invasive,Carbapenems,2,203,EARS-Net mixed/not reported,Not reported in Atlas aggregate,ECDC Surveillance Atlas aggregate,https://atlas.ecdc.europa.eu/public/
EU_EEA,Greece,GRC,2020,Escherichia coli,Blood/invasive,Carbapenems,3,566,EUCAST,EUCAST required; exact version unavailable in Atlas aggregate,ECDC Surveillance Atlas aggregate,https://atlas.ecdc.europa.eu/public/
EU_EEA,Greece,GRC,2021,Escherichia coli,Blood/invasive,Carbapenems,8,728,EUCAST,EUCAST required; exact version unavailable in Atlas aggregate,ECDC Surveillance Atlas aggregate,https://atlas.ecdc.europa.eu/public/
EU_EEA,Greece,GRC,2022,Escherichia coli,Blood/invasive,Carbapenems,19,1240,EUCAST,EUCAST required; exact version unavailable in Atlas aggregate,ECDC Surveillance Atlas aggregate,https://atlas.ecdc.europa.eu/public/
EU_EEA,Greece,GRC,2023,Escherichia coli,Blood/invasive,Carbapenems,29,1867,EUCAST,EUCAST required; exact version unavailable in Atlas aggregate,ECDC Surveillance Atlas aggregate,https://atlas.ecdc.europa.eu/public/
EU_EEA,Greece,GRC,2000,Escherichia coli,Blood/invasive,Fluoroquinolones,15,350,EARS-Net mixed/not reported,Not reported in Atlas aggregate,ECDC Surveillance Atlas aggregate,https://atlas.ecdc.europa.eu/public/
EU_EEA,Greece,GRC,2001,Escherichia coli,Blood/invasive,Fluoroquinolones,51,539,EARS-Net mixed/not reported,Not reported in Atlas aggregate,ECDC Surveillance Atlas aggregate,https://atlas.ecdc.europa.eu/public/
EU_EEA,Greece,GRC,2002,Escherichia coli,Blood/invasive,Fluoroquinolones,77,586,EARS-Net mixed/not reported,Not reported in Atlas aggregate,ECDC Surveillance Atlas aggregate,https://atlas.ecdc.europa.eu/public/
EU_EEA,Greece,GRC,2003,Escherichia coli,Blood/invasive,Fluoroquinolones,131,1068,EARS-Net mixed/not reported,Not reported in Atlas aggregate,ECDC Surveillance Atlas aggregate,https://atlas.ecdc.europa.eu/public/
EU_EEA,Greece,GRC,2004,Escherichia coli,Blood/invasive,Fluoroquinolones,130,1119,EARS-Net mixed/not reported,Not reported in Atlas aggregate,ECDC Surveillance Atlas aggregate,https://atlas.ecdc.europa.eu/public/
EU_EEA,Greece,GRC,2005,Escherichia coli,Blood/invasive,Fluoroquinolones,140,1136,EARS-Net mixed/not reported,Not reported in Atlas aggregate,ECDC Surveillance Atlas aggregate,https://atlas.ecdc.europa.eu/public/
EU_EEA,Greece,GRC,2006,Escherichia coli,Blood/invasive,Fluoroquinolones,181,1250,EARS-Net mixed/not reported,Not reported in Atlas aggregate,ECDC Surveillance Atlas aggregate,https://atlas.ecdc.europa.eu/public/
EU_EEA,Greece,GRC,2007,Escherichia coli,Blood/invasive,Fluoroquinolones,235,1227,EARS-Net mixed/not reported,Not reported in Atlas aggregate,ECDC Surveillance Atlas aggregate,https://atlas.ecdc.europa.eu/public/
EU_EEA,Greece,GRC,2008,Escherichia coli,Blood/invasive,Fluoroquinolones,324,1446,EARS-Net mixed/not reported,Not reported in Atlas aggregate,ECDC Surveillance Atlas aggregate,https://atlas.ecdc.europa.eu/public/
EU_EEA,Greece,GRC,2009,Escherichia coli,Blood/invasive,Fluoroquinolones,423,1806,EARS-Net mixed/not reported,Not reported in Atlas aggregate,ECDC Surveillance Atlas aggregate,https://atlas.ecdc.europa.eu/public/
EU_EEA,Greece,GRC,2010,Escherichia coli,Blood/invasive,Fluoroquinolones,370,1516,EARS-Net mixed/not reported,Not reported in Atlas aggregate,ECDC Surveillance Atlas aggregate,https://atlas.ecdc.europa.eu/public/
EU_EEA,Greece,GRC,2011,Escherichia coli,Blood/invasive,Fluoroquinolones,381,1433,EARS-Net mixed/not reported,Not reported in Atlas aggregate,ECDC Surveillance Atlas aggregate,https://atlas.ecdc.europa.eu/public/
EU_EEA,Greece,GRC,2012,Escherichia coli,Blood/invasive,Fluoroquinolones,399,1372,EARS-Net mixed/not reported,Not reported in Atlas aggregate,ECDC Surveillance Atlas aggregate,https://atlas.ecdc.europa.eu/public/
EU_EEA,Greece,GRC,2013,Escherichia coli,Blood/invasive,Fluoroquinolones,383,1240,EARS-Net mixed/not reported,Not reported in Atlas aggregate,ECDC Surveillance Atlas aggregate,https://atlas.ecdc.europa.eu/public/
EU_EEA,Greece,GRC,2014,Escherichia coli,Blood/invasive,Fluoroquinolones,362,1105,EARS-Net mixed/not reported,Not reported in Atlas aggregate,ECDC Surveillance Atlas aggregate,https://atlas.ecdc.europa.eu/public/
EU_EEA,Greece,GRC,2015,Escherichia coli,Blood/invasive,Fluoroquinolones,364,1191,EARS-Net mixed/not reported,Not reported in Atlas aggregate,ECDC Surveillance Atlas aggregate,https://atlas.ecdc.europa.eu/public/
EU_EEA,Greece,GRC,2016,Escherichia coli,Blood/invasive,Fluoroquinolones,419,1304,EARS-Net mixed/not reported,Not reported in Atlas aggregate,ECDC Surveillance Atlas aggregate,https://atlas.ecdc.europa.eu/public/
EU_EEA,Greece,GRC,2017,Escherichia coli,Blood/invasive,Fluoroquinolones,482,1464,EARS-Net mixed/not reported,Not reported in Atlas aggregate,ECDC Surveillance Atlas aggregate,https://atlas.ecdc.europa.eu/public/
EU_EEA,Greece,GRC,2018,Escherichia coli,Blood/invasive,Fluoroquinolones,502,1631,EARS-Net mixed/not reported,Not reported in Atlas aggregate,ECDC Surveillance Atlas aggregate,https://atlas.ecdc.europa.eu/public/
EU_EEA,Greece,GRC,2019,Escherichia coli,Blood/invasive,Fluoroquinolones,60,203,EARS-Net mixed/not reported,Not reported in Atlas aggregate,ECDC Surveillance Atlas aggregate,https://atlas.ecdc.europa.eu/public/
EU_EEA,Greece,GRC,2020,Escherichia coli,Blood/invasive,Fluoroquinolones,185,565,EUCAST,EUCAST required; exact version unavailable in Atlas aggregate,ECDC Surveillance Atlas aggregate,https://atlas.ecdc.europa.eu/public/
EU_EEA,Greece,GRC,2021,Escherichia coli,Blood/invasive,Fluoroquinolones,247,728,EUCAST,EUCAST required; exact version unavailable in Atlas aggregate,ECDC Surveillance Atlas aggregate,https://atlas.ecdc.europa.eu/public/
EU_EEA,Greece,GRC,2022,Escherichia coli,Blood/invasive,Fluoroquinolones,468,1239,EUCAST,EUCAST required; exact version unavailable in Atlas aggregate,ECDC Surveillance Atlas aggregate,https://atlas.ecdc.europa.eu/public/
EU_EEA,Greece,GRC,2023,Escherichia coli,Blood/invasive,Fluoroquinolones,703,1861,EUCAST,EUCAST required; exact version unavailable in Atlas aggregate,ECDC Surveillance Atlas aggregate,https://atlas.ecdc.europa.eu/public/
EU_EEA,Greece,GRC,2000,Escherichia coli,Blood/invasive,Third-generation cephalosporins,13,361,EARS-Net mixed/not reported,Not reported in Atlas aggregate,ECDC Surveillance Atlas aggregate,https://atlas.ecdc.europa.eu/public/
EU_EEA,Greece,GRC,2001,Escherichia coli,Blood/invasive,Third-generation cephalosporins,31,569,EARS-Net mixed/not reported,Not reported in Atlas aggregate,ECDC Surveillance Atlas aggregate,https://atlas.ecdc.europa.eu/public/
EU_EEA,Greece,GRC,2002,Escherichia coli,Blood/invasive,Third-generation cephalosporins,37,581,EARS-Net mixed/not reported,Not reported in Atlas aggregate,ECDC Surveillance Atlas aggregate,https://atlas.ecdc.europa.eu/public/
EU_EEA,Greece,GRC,2003,Escherichia coli,Blood/invasive,Third-generation cephalosporins,60,1071,EARS-Net mixed/not reported,Not reported in Atlas aggregate,ECDC Surveillance Atlas aggregate,https://atlas.ecdc.europa.eu/public/
EU_EEA,Greece,GRC,2004,Escherichia coli,Blood/invasive,Third-generation cephalosporins,68,1126,EARS-Net mixed/not reported,Not reported in Atlas aggregate,ECDC Surveillance Atlas aggregate,https://atlas.ecdc.europa.eu/public/
EU_EEA,Greece,GRC,2005,Escherichia coli,Blood/invasive,Third-generation cephalosporins,80,1139,EARS-Net mixed/not reported,Not reported in Atlas aggregate,ECDC Surveillance Atlas aggregate,https://atlas.ecdc.europa.eu/public/
EU_EEA,Greece,GRC,2006,Escherichia coli,Blood/invasive,Third-generation cephalosporins,76,1251,EARS-Net mixed/not reported,Not reported in Atlas aggregate,ECDC Surveillance Atlas aggregate,https://atlas.ecdc.europa.eu/public/
EU_EEA,Greece,GRC,2007,Escherichia coli,Blood/invasive,Third-generation cephalosporins,94,1232,EARS-Net mixed/not reported,Not reported in Atlas aggregate,ECDC Surveillance Atlas aggregate,https://atlas.ecdc.europa.eu/public/
EU_EEA,Greece,GRC,2008,Escherichia coli,Blood/invasive,Third-generation cephalosporins,145,1460,EARS-Net mixed/not reported,Not reported in Atlas aggregate,ECDC Surveillance Atlas aggregate,https://atlas.ecdc.europa.eu/public/
EU_EEA,Greece,GRC,2009,Escherichia coli,Blood/invasive,Third-generation cephalosporins,184,1815,EARS-Net mixed/not reported,Not reported in Atlas aggregate,ECDC Surveillance Atlas aggregate,https://atlas.ecdc.europa.eu/public/
EU_EEA,Greece,GRC,2010,Escherichia coli,Blood/invasive,Third-generation cephalosporins,214,1507,EARS-Net mixed/not reported,Not reported in Atlas aggregate,ECDC Surveillance Atlas aggregate,https://atlas.ecdc.europa.eu/public/
EU_EEA,Greece,GRC,2011,Escherichia coli,Blood/invasive,Third-generation cephalosporins,214,1435,EARS-Net mixed/not reported,Not reported in Atlas aggregate,ECDC Surveillance Atlas aggregate,https://atlas.ecdc.europa.eu/public/
EU_EEA,Greece,GRC,2012,Escherichia coli,Blood/invasive,Third-generation cephalosporins,226,1393,EARS-Net mixed/not reported,Not reported in Atlas aggregate,ECDC Surveillance Atlas aggregate,https://atlas.ecdc.europa.eu/public/
EU_EEA,Greece,GRC,2013,Escherichia coli,Blood/invasive,Third-generation cephalosporins,216,1255,EARS-Net mixed/not reported,Not reported in Atlas aggregate,ECDC Surveillance Atlas aggregate,https://atlas.ecdc.europa.eu/public/
EU_EEA,Greece,GRC,2014,Escherichia coli,Blood/invasive,Third-generation cephalosporins,236,1122,EARS-Net mixed/not reported,Not reported in Atlas aggregate,ECDC Surveillance Atlas aggregate,https://atlas.ecdc.europa.eu/public/
EU_EEA,Greece,GRC,2015,Escherichia coli,Blood/invasive,Third-generation cephalosporins,241,1215,EARS-Net mixed/not reported,Not reported in Atlas aggregate,ECDC Surveillance Atlas aggregate,https://atlas.ecdc.europa.eu/public/
EU_EEA,Greece,GRC,2016,Escherichia coli,Blood/invasive,Third-generation cephalosporins,230,1304,EARS-Net mixed/not reported,Not reported in Atlas aggregate,ECDC Surveillance Atlas aggregate,https://atlas.ecdc.europa.eu/public/
EU_EEA,Greece,GRC,2017,Escherichia coli,Blood/invasive,Third-generation cephalosporins,269,1470,EARS-Net mixed/not reported,Not reported in Atlas aggregate,ECDC Surveillance Atlas aggregate,https://atlas.ecdc.europa.eu/public/
EU_EEA,Greece,GRC,2018,Escherichia coli,Blood/invasive,Third-generation cephalosporins,317,1640,EARS-Net mixed/not reported,Not reported in Atlas aggregate,ECDC Surveillance Atlas aggregate,https://atlas.ecdc.europa.eu/public/
EU_EEA,Greece,GRC,2019,Escherichia coli,Blood/invasive,Third-generation cephalosporins,36,190,EARS-Net mixed/not reported,Not reported in Atlas aggregate,ECDC Surveillance Atlas aggregate,https://atlas.ecdc.europa.eu/public/
EU_EEA,Greece,GRC,2020,Escherichia coli,Blood/invasive,Third-generation cephalosporins,124,567,EUCAST,EUCAST required; exact version unavailable in Atlas aggregate,ECDC Surveillance Atlas aggregate,https://atlas.ecdc.europa.eu/public/
EU_EEA,Greece,GRC,2021,Escherichia coli,Blood/invasive,Third-generation cephalosporins,158,727,EUCAST,EUCAST required; exact version unavailable in Atlas aggregate,ECDC Surveillance Atlas aggregate,https://atlas.ecdc.europa.eu/public/
EU_EEA,Greece,GRC,2022,Escherichia coli,Blood/invasive,Third-generation cephalosporins,288,1235,EUCAST,EUCAST required; exact version unavailable in Atlas aggregate,ECDC Surveillance Atlas aggregate,https://atlas.ecdc.europa.eu/public/
EU_EEA,Greece,GRC,2023,Escherichia coli,Blood/invasive,Third-generation cephalosporins,397,1739,EUCAST,EUCAST required; exact version unavailable in Atlas aggregate,ECDC Surveillance Atlas aggregate,https://atlas.ecdc.europa.eu/public/
EU_EEA,Croatia,HRV,2001,Escherichia coli,Blood/invasive,Aminoglycosides,11,182,EARS-Net mixed/not reported,Not reported in Atlas aggregate,ECDC Surveillance Atlas aggregate,https://atlas.ecdc.europa.eu/public/
EU_EEA,Croatia,HRV,2002,Escherichia coli,Blood/invasive,Aminoglycosides,33,490,EARS-Net mixed/not reported,Not reported in Atlas aggregate,ECDC Surveillance Atlas aggregate,https://atlas.ecdc.europa.eu/public/
EU_EEA,Croatia,HRV,2003,Escherichia coli,Blood/invasive,Aminoglycosides,41,570,EARS-Net mixed/not reported,Not reported in Atlas aggregate,ECDC Surveillance Atlas aggregate,https://atlas.ecdc.europa.eu/public/
EU_EEA,Croatia,HRV,2004,Escherichia coli,Blood/invasive,Aminoglycosides,31,535,EARS-Net mixed/not reported,Not reported in Atlas aggregate,ECDC Surveillance Atlas aggregate,https://atlas.ecdc.europa.eu/public/
EU_EEA,Croatia,HRV,2005,Escherichia coli,Blood/invasive,Aminoglycosides,27,637,EARS-Net mixed/not reported,Not reported in Atlas aggregate,ECDC Surveillance Atlas aggregate,https://atlas.ecdc.europa.eu/public/
EU_EEA,Croatia,HRV,2006,Escherichia coli,Blood/invasive,Aminoglycosides,46,777,EARS-Net mixed/not reported,Not reported in Atlas aggregate,ECDC Surveillance Atlas aggregate,https://atlas.ecdc.europa.eu/public/
EU_EEA,Croatia,HRV,2007,Escherichia coli,Blood/invasive,Aminoglycosides,51,860,EARS-Net mixed/not reported,Not reported in Atlas aggregate,ECDC Surveillance Atlas aggregate,https://atlas.ecdc.europa.eu/public/
EU_EEA,Croatia,HRV,2008,Escherichia coli,Blood/invasive,Aminoglycosides,47,914,EARS-Net mixed/not reported,Not reported in Atlas aggregate,ECDC Surveillance Atlas aggregate,https://atlas.ecdc.europa.eu/public/
EU_EEA,Croatia,HRV,2010,Escherichia coli,Blood/invasive,Aminoglycosides,56,879,EARS-Net mixed/not reported,Not reported in Atlas aggregate,ECDC Surveillance Atlas aggregate,https://atlas.ecdc.europa.eu/public/
EU_EEA,Croatia,HRV,2011,Escherichia coli,Blood/invasive,Aminoglycosides,69,971,EARS-Net mixed/not reported,Not reported in Atlas aggregate,ECDC Surveillance Atlas aggregate,https://atlas.ecdc.europa.eu/public/
EU_EEA,Croatia,HRV,2012,Escherichia coli,Blood/invasive,Aminoglycosides,63,901,EARS-Net mixed/not reported,Not reported in Atlas aggregate,ECDC Surveillance Atlas aggregate,https://atlas.ecdc.europa.eu/public/
EU_EEA,Croatia,HRV,2013,Escherichia coli,Blood/invasive,Aminoglycosides,78,1016,EARS-Net mixed/not reported,Not reported in Atlas aggregate,ECDC Surveillance Atlas aggregate,https://atlas.ecdc.europa.eu/public/
EU_EEA,Croatia,HRV,2014,Escherichia coli,Blood/invasive,Aminoglycosides,117,1077,EARS-Net mixed/not reported,Not reported in Atlas aggregate,ECDC Surveillance Atlas aggregate,https://atlas.ecdc.europa.eu/public/
EU_EEA,Croatia,HRV,2015,Escherichia coli,Blood/invasive,Aminoglycosides,128,1008,EARS-Net mixed/not reported,Not reported in Atlas aggregate,ECDC Surveillance Atlas aggregate,https://atlas.ecdc.europa.eu/public/
EU_EEA,Croatia,HRV,2016,Escherichia coli,Blood/invasive,Aminoglycosides,161,1027,EARS-Net mixed/not reported,Not reported in Atlas aggregate,ECDC Surveillance Atlas aggregate,https://atlas.ecdc.europa.eu/public/
EU_EEA,Croatia,HRV,2017,Escherichia coli,Blood/invasive,Aminoglycosides,192,1154,EARS-Net mixed/not reported,Not reported in Atlas aggregate,ECDC Surveillance Atlas aggregate,https://atlas.ecdc.europa.eu/public/
EU_EEA,Croatia,HRV,2018,Escherichia coli,Blood/invasive,Aminoglycosides,180,1210,EARS-Net mixed/not reported,Not reported in Atlas aggregate,ECDC Surveillance Atlas aggregate,https://atlas.ecdc.europa.eu/public/
EU_EEA,Croatia,HRV,2019,Escherichia coli,Blood/invasive,Aminoglycosides,165,1112,EARS-Net mixed/not reported,Not reported in Atlas aggregate,ECDC Surveillance Atlas aggregate,https://atlas.ecdc.europa.eu/public/
EU_EEA,Croatia,HRV,2020,Escherichia coli,Blood/invasive,Aminoglycosides,123,828,EUCAST,EUCAST required; exact version unavailable in Atlas aggregate,ECDC Surveillance Atlas aggregate,https://atlas.ecdc.europa.eu/public/
EU_EEA,Croatia,HRV,2021,Escherichia coli,Blood/invasive,Aminoglycosides,85,725,EUCAST,EUCAST required; exact version unavailable in Atlas aggregate,ECDC Surveillance Atlas aggregate,https://atlas.ecdc.europa.eu/public/
EU_EEA,Croatia,HRV,2022,Escherichia coli,Blood/invasive,Aminoglycosides,158,985,EUCAST,EUCAST required; exact version unavailable in Atlas aggregate,ECDC Surveillance Atlas aggregate,https://atlas.ecdc.europa.eu/public/
EU_EEA,Croatia,HRV,2023,Escherichia coli,Blood/invasive,Aminoglycosides,231,1301,EUCAST,EUCAST required; exact version unavailable in Atlas aggregate,ECDC Surveillance Atlas aggregate,https://atlas.ecdc.europa.eu/public/
EU_EEA,Croatia,HRV,2001,Escherichia coli,Blood/invasive,Aminopenicillins,92,181,EARS-Net mixed/not reported,Not reported in Atlas aggregate,ECDC Surveillance Atlas aggregate,https://atlas.ecdc.europa.eu/public/
EU_EEA,Croatia,HRV,2002,Escherichia coli,Blood/invasive,Aminopenicillins,231,490,EARS-Net mixed/not reported,Not reported in Atlas aggregate,ECDC Surveillance Atlas aggregate,https://atlas.ecdc.europa.eu/public/
EU_EEA,Croatia,HRV,2003,Escherichia coli,Blood/invasive,Aminopenicillins,264,570,EARS-Net mixed/not reported,Not reported in Atlas aggregate,ECDC Surveillance Atlas aggregate,https://atlas.ecdc.europa.eu/public/
EU_EEA,Croatia,HRV,2004,Escherichia coli,Blood/invasive,Aminopenicillins,239,535,EARS-Net mixed/not reported,Not reported in Atlas aggregate,ECDC Surveillance Atlas aggregate,https://atlas.ecdc.europa.eu/public/
EU_EEA,Croatia,HRV,2005,Escherichia coli,Blood/invasive,Aminopenicillins,290,637,EARS-Net mixed/not reported,Not reported in Atlas aggregate,ECDC Surveillance Atlas aggregate,https://atlas.ecdc.europa.eu/public/
EU_EEA,Croatia,HRV,2006,Escherichia coli,Blood/invasive,Aminopenicillins,397,780,EARS-Net mixed/not reported,Not reported in Atlas aggregate,ECDC Surveillance Atlas aggregate,https://atlas.ecdc.europa.eu/public/
EU_EEA,Croatia,HRV,2007,Escherichia coli,Blood/invasive,Aminopenicillins,436,860,EARS-Net mixed/not reported,Not reported in Atlas aggregate,ECDC Surveillance Atlas aggregate,https://atlas.ecdc.europa.eu/public/
EU_EEA,Croatia,HRV,2008,Escherichia coli,Blood/invasive,Aminopenicillins,483,914,EARS-Net mixed/not reported,Not reported in Atlas aggregate,ECDC Surveillance Atlas aggregate,https://atlas.ecdc.europa.eu/public/
EU_EEA,Croatia,HRV,2010,Escherichia coli,Blood/invasive,Aminopenicillins,331,625,EARS-Net mixed/not reported,Not reported in Atlas aggregate,ECDC Surveillance Atlas aggregate,https://atlas.ecdc.europa.eu/public/
EU_EEA,Croatia,HRV,2011,Escherichia coli,Blood/invasive,Aminopenicillins,539,975,EARS-Net mixed/not reported,Not reported in Atlas aggregate,ECDC Surveillance Atlas aggregate,https://atlas.ecdc.europa.eu/public/
EU_EEA,Croatia,HRV,2012,Escherichia coli,Blood/invasive,Aminopenicillins,465,904,EARS-Net mixed/not reported,Not reported in Atlas aggregate,ECDC Surveillance Atlas aggregate,https://atlas.ecdc.europa.eu/public/
EU_EEA,Croatia,HRV,2013,Escherichia coli,Blood/invasive,Aminopenicillins,556,1036,EARS-Net mixed/not reported,Not reported in Atlas aggregate,ECDC Surveillance Atlas aggregate,https://atlas.ecdc.europa.eu/public/
EU_EEA,Croatia,HRV,2014,Escherichia coli,Blood/invasive,Aminopenicillins,582,1077,EARS-Net mixed/not reported,Not reported in Atlas aggregate,ECDC Surveillance Atlas aggregate,https://atlas.ecdc.europa.eu/public/
EU_EEA,Croatia,HRV,2015,Escherichia coli,Blood/invasive,Aminopenicillins,576,1042,EARS-Net mixed/not reported,Not reported in Atlas aggregate,ECDC Surveillance Atlas aggregate,https://atlas.ecdc.europa.eu/public/
EU_EEA,Croatia,HRV,2016,Escherichia coli,Blood/invasive,Aminopenicillins,598,1043,EARS-Net mixed/not reported,Not reported in Atlas aggregate,ECDC Surveillance Atlas aggregate,https://atlas.ecdc.europa.eu/public/
EU_EEA,Croatia,HRV,2017,Escherichia coli,Blood/invasive,Aminopenicillins,667,1135,EARS-Net mixed/not reported,Not reported in Atlas aggregate,ECDC Surveillance Atlas aggregate,https://atlas.ecdc.europa.eu/public/
EU_EEA,Croatia,HRV,2018,Escherichia coli,Blood/invasive,Aminopenicillins,701,1214,EARS-Net mixed/not reported,Not reported in Atlas aggregate,ECDC Surveillance Atlas aggregate,https://atlas.ecdc.europa.eu/public/
EU_EEA,Croatia,HRV,2019,Escherichia coli,Blood/invasive,Aminopenicillins,633,1108,EARS-Net mixed/not reported,Not reported in Atlas aggregate,ECDC Surveillance Atlas aggregate,https://atlas.ecdc.europa.eu/public/
EU_EEA,Croatia,HRV,2020,Escherichia coli,Blood/invasive,Aminopenicillins,477,827,EUCAST,EUCAST required; exact version unavailable in Atlas aggregate,ECDC Surveillance Atlas aggregate,https://atlas.ecdc.europa.eu/public/
EU_EEA,Croatia,HRV,2021,Escherichia coli,Blood/invasive,Aminopenicillins,406,728,EUCAST,EUCAST required; exact version unavailable in Atlas aggregate,ECDC Surveillance Atlas aggregate,https://atlas.ecdc.europa.eu/public/
EU_EEA,Croatia,HRV,2022,Escherichia coli,Blood/invasive,Aminopenicillins,547,981,EUCAST,EUCAST required; exact version unavailable in Atlas aggregate,ECDC Surveillance Atlas aggregate,https://atlas.ecdc.europa.eu/public/
EU_EEA,Croatia,HRV,2023,Escherichia coli,Blood/invasive,Aminopenicillins,735,1285,EUCAST,EUCAST required; exact version unavailable in Atlas aggregate,ECDC Surveillance Atlas aggregate,https://atlas.ecdc.europa.eu/public/
EU_EEA,Croatia,HRV,2001,Escherichia coli,Blood/invasive,Carbapenems,0,172,EARS-Net mixed/not reported,Not reported in Atlas aggregate,ECDC Surveillance Atlas aggregate,https://atlas.ecdc.europa.eu/public/
EU_EEA,Croatia,HRV,2002,Escherichia coli,Blood/invasive,Carbapenems,0,471,EARS-Net mixed/not reported,Not reported in Atlas aggregate,ECDC Surveillance Atlas aggregate,https://atlas.ecdc.europa.eu/public/
EU_EEA,Croatia,HRV,2003,Escherichia coli,Blood/invasive,Carbapenems,0,559,EARS-Net mixed/not reported,Not reported in Atlas aggregate,ECDC Surveillance Atlas aggregate,https://atlas.ecdc.europa.eu/public/
EU_EEA,Croatia,HRV,2004,Escherichia coli,Blood/invasive,Carbapenems,0,527,EARS-Net mixed/not reported,Not reported in Atlas aggregate,ECDC Surveillance Atlas aggregate,https://atlas.ecdc.europa.eu/public/
EU_EEA,Croatia,HRV,2005,Escherichia coli,Blood/invasive,Carbapenems,0,637,EARS-Net mixed/not reported,Not reported in Atlas aggregate,ECDC Surveillance Atlas aggregate,https://atlas.ecdc.europa.eu/public/
EU_EEA,Croatia,HRV,2006,Escherichia coli,Blood/invasive,Carbapenems,0,772,EARS-Net mixed/not reported,Not reported in Atlas aggregate,ECDC Surveillance Atlas aggregate,https://atlas.ecdc.europa.eu/public/
EU_EEA,Croatia,HRV,2007,Escherichia coli,Blood/invasive,Carbapenems,1,854,EARS-Net mixed/not reported,Not reported in Atlas aggregate,ECDC Surveillance Atlas aggregate,https://atlas.ecdc.europa.eu/public/
EU_EEA,Croatia,HRV,2008,Escherichia coli,Blood/invasive,Carbapenems,0,857,EARS-Net mixed/not reported,Not reported in Atlas aggregate,ECDC Surveillance Atlas aggregate,https://atlas.ecdc.europa.eu/public/
EU_EEA,Croatia,HRV,2010,Escherichia coli,Blood/invasive,Carbapenems,3,872,EARS-Net mixed/not reported,Not reported in Atlas aggregate,ECDC Surveillance Atlas aggregate,https://atlas.ecdc.europa.eu/public/
EU_EEA,Croatia,HRV,2011,Escherichia coli,Blood/invasive,Carbapenems,0,983,EARS-Net mixed/not reported,Not reported in Atlas aggregate,ECDC Surveillance Atlas aggregate,https://atlas.ecdc.europa.eu/public/
EU_EEA,Croatia,HRV,2012,Escherichia coli,Blood/invasive,Carbapenems,0,900,EARS-Net mixed/not reported,Not reported in Atlas aggregate,ECDC Surveillance Atlas aggregate,https://atlas.ecdc.europa.eu/public/
EU_EEA,Croatia,HRV,2013,Escherichia coli,Blood/invasive,Carbapenems,0,1038,EARS-Net mixed/not reported,Not reported in Atlas aggregate,ECDC Surveillance Atlas aggregate,https://atlas.ecdc.europa.eu/public/
EU_EEA,Croatia,HRV,2014,Escherichia coli,Blood/invasive,Carbapenems,0,1079,EARS-Net mixed/not reported,Not reported in Atlas aggregate,ECDC Surveillance Atlas aggregate,https://atlas.ecdc.europa.eu/public/
EU_EEA,Croatia,HRV,2015,Escherichia coli,Blood/invasive,Carbapenems,0,1046,EARS-Net mixed/not reported,Not reported in Atlas aggregate,ECDC Surveillance Atlas aggregate,https://atlas.ecdc.europa.eu/public/
EU_EEA,Croatia,HRV,2016,Escherichia coli,Blood/invasive,Carbapenems,0,1045,EARS-Net mixed/not reported,Not reported in Atlas aggregate,ECDC Surveillance Atlas aggregate,https://atlas.ecdc.europa.eu/public/
EU_EEA,Croatia,HRV,2017,Escherichia coli,Blood/invasive,Carbapenems,0,1132,EARS-Net mixed/not reported,Not reported in Atlas aggregate,ECDC Surveillance Atlas aggregate,https://atlas.ecdc.europa.eu/public/
EU_EEA,Croatia,HRV,2018,Escherichia coli,Blood/invasive,Carbapenems,0,1190,EARS-Net mixed/not reported,Not reported in Atlas aggregate,ECDC Surveillance Atlas aggregate,https://atlas.ecdc.europa.eu/public/
EU_EEA,Croatia,HRV,2019,Escherichia coli,Blood/invasive,Carbapenems,2,1090,EARS-Net mixed/not reported,Not reported in Atlas aggregate,ECDC Surveillance Atlas aggregate,https://atlas.ecdc.europa.eu/public/
EU_EEA,Croatia,HRV,2020,Escherichia coli,Blood/invasive,Carbapenems,0,820,EUCAST,EUCAST required; exact version unavailable in Atlas aggregate,ECDC Surveillance Atlas aggregate,https://atlas.ecdc.europa.eu/public/
EU_EEA,Croatia,HRV,2021,Escherichia coli,Blood/invasive,Carbapenems,0,686,EUCAST,EUCAST required; exact version unavailable in Atlas aggregate,ECDC Surveillance Atlas aggregate,https://atlas.ecdc.europa.eu/public/
EU_EEA,Croatia,HRV,2022,Escherichia coli,Blood/invasive,Carbapenems,1,980,EUCAST,EUCAST required; exact version unavailable in Atlas aggregate,ECDC Surveillance Atlas aggregate,https://atlas.ecdc.europa.eu/public/
EU_EEA,Croatia,HRV,2023,Escherichia coli,Blood/invasive,Carbapenems,2,1302,EUCAST,EUCAST required; exact version unavailable in Atlas aggregate,ECDC Surveillance Atlas aggregate,https://atlas.ecdc.europa.eu/public/
EU_EEA,Croatia,HRV,2001,Escherichia coli,Blood/invasive,Fluoroquinolones,8,177,EARS-Net mixed/not reported,Not reported in Atlas aggregate,ECDC Surveillance Atlas aggregate,https://atlas.ecdc.europa.eu/public/
EU_EEA,Croatia,HRV,2002,Escherichia coli,Blood/invasive,Fluoroquinolones,26,490,EARS-Net mixed/not reported,Not reported in Atlas aggregate,ECDC Surveillance Atlas aggregate,https://atlas.ecdc.europa.eu/public/
EU_EEA,Croatia,HRV,2003,Escherichia coli,Blood/invasive,Fluoroquinolones,39,547,EARS-Net mixed/not reported,Not reported in Atlas aggregate,ECDC Surveillance Atlas aggregate,https://atlas.ecdc.europa.eu/public/
EU_EEA,Croatia,HRV,2004,Escherichia coli,Blood/invasive,Fluoroquinolones,44,534,EARS-Net mixed/not reported,Not reported in Atlas aggregate,ECDC Surveillance Atlas aggregate,https://atlas.ecdc.europa.eu/public/
EU_EEA,Croatia,HRV,2005,Escherichia coli,Blood/invasive,Fluoroquinolones,56,637,EARS-Net mixed/not reported,Not reported in Atlas aggregate,ECDC Surveillance Atlas aggregate,https://atlas.ecdc.europa.eu/public/
EU_EEA,Croatia,HRV,2006,Escherichia coli,Blood/invasive,Fluoroquinolones,120,776,EARS-Net mixed/not reported,Not reported in Atlas aggregate,ECDC Surveillance Atlas aggregate,https://atlas.ecdc.europa.eu/public/
EU_EEA,Croatia,HRV,2007,Escherichia coli,Blood/invasive,Fluoroquinolones,113,860,EARS-Net mixed/not reported,Not reported in Atlas aggregate,ECDC Surveillance Atlas aggregate,https://atlas.ecdc.europa.eu/public/
EU_EEA,Croatia,HRV,2008,Escherichia coli,Blood/invasive,Fluoroquinolones,137,914,EARS-Net mixed/not reported,Not reported in Atlas aggregate,ECDC Surveillance Atlas aggregate,https://atlas.ecdc.europa.eu/public/
EU_EEA,Croatia,HRV,2010,Escherichia coli,Blood/invasive,Fluoroquinolones,149,876,EARS-Net mixed/not reported,Not reported in Atlas aggregate,ECDC Surveillance Atlas aggregate,https://atlas.ecdc.europa.eu/public/
EU_EEA,Croatia,HRV,2011,Escherichia coli,Blood/invasive,Fluoroquinolones,193,952,EARS-Net mixed/not reported,Not reported in Atlas aggregate,ECDC Surveillance Atlas aggregate,https://atlas.ecdc.europa.eu/public/
EU_EEA,Croatia,HRV,2012,Escherichia coli,Blood/invasive,Fluoroquinolones,152,892,EARS-Net mixed/not reported,Not reported in Atlas aggregate,ECDC Surveillance Atlas aggregate,https://atlas.ecdc.europa.eu/public/
EU_EEA,Croatia,HRV,2013,Escherichia coli,Blood/invasive,Fluoroquinolones,207,1026,EARS-Net mixed/not reported,Not reported in Atlas aggregate,ECDC Surveillance Atlas aggregate,https://atlas.ecdc.europa.eu/public/
EU_EEA,Croatia,HRV,2014,Escherichia coli,Blood/invasive,Fluoroquinolones,215,1072,EARS-Net mixed/not reported,Not reported in Atlas aggregate,ECDC Surveillance Atlas aggregate,https://atlas.ecdc.europa.eu/public/
EU_EEA,Croatia,HRV,2015,Escherichia coli,Blood/invasive,Fluoroquinolones,249,1038,EARS-Net mixed/not reported,Not reported in Atlas aggregate,ECDC Surveillance Atlas aggregate,https://atlas.ecdc.europa.eu/public/
EU_EEA,Croatia,HRV,2016,Escherichia coli,Blood/invasive,Fluoroquinolones,290,1041,EARS-Net mixed/not reported,Not reported in Atlas aggregate,ECDC Surveillance Atlas aggregate,https://atlas.ecdc.europa.eu/public/
EU_EEA,Croatia,HRV,2017,Escherichia coli,Blood/invasive,Fluoroquinolones,324,1150,EARS-Net mixed/not reported,Not reported in Atlas aggregate,ECDC Surveillance Atlas aggregate,https://atlas.ecdc.europa.eu/public/
EU_EEA,Croatia,HRV,2018,Escherichia coli,Blood/invasive,Fluoroquinolones,360,1199,EARS-Net mixed/not reported,Not reported in Atlas aggregate,ECDC Surveillance Atlas aggregate,https://atlas.ecdc.europa.eu/public/
EU_EEA,Croatia,HRV,2019,Escherichia coli,Blood/invasive,Fluoroquinolones,302,1108,EARS-Net mixed/not reported,Not reported in Atlas aggregate,ECDC Surveillance Atlas aggregate,https://atlas.ecdc.europa.eu/public/
EU_EEA,Croatia,HRV,2020,Escherichia coli,Blood/invasive,Fluoroquinolones,245,826,EUCAST,EUCAST required; exact version unavailable in Atlas aggregate,ECDC Surveillance Atlas aggregate,https://atlas.ecdc.europa.eu/public/
EU_EEA,Croatia,HRV,2021,Escherichia coli,Blood/invasive,Fluoroquinolones,209,721,EUCAST,EUCAST required; exact version unavailable in Atlas aggregate,ECDC Surveillance Atlas aggregate,https://atlas.ecdc.europa.eu/public/
EU_EEA,Croatia,HRV,2022,Escherichia coli,Blood/invasive,Fluoroquinolones,295,975,EUCAST,EUCAST required; exact version unavailable in Atlas aggregate,ECDC Surveillance Atlas aggregate,https://atlas.ecdc.europa.eu/public/
EU_EEA,Croatia,HRV,2023,Escherichia coli,Blood/invasive,Fluoroquinolones,385,1299,EUCAST,EUCAST required; exact version unavailable in Atlas aggregate,ECDC Surveillance Atlas aggregate,https://atlas.ecdc.europa.eu/public/
EU_EEA,Croatia,HRV,2001,Escherichia coli,Blood/invasive,Third-generation cephalosporins,3,182,EARS-Net mixed/not reported,Not reported in Atlas aggregate,ECDC Surveillance Atlas aggregate,https://atlas.ecdc.europa.eu/public/
EU_EEA,Croatia,HRV,2002,Escherichia coli,Blood/invasive,Third-generation cephalosporins,14,490,EARS-Net mixed/not reported,Not reported in Atlas aggregate,ECDC Surveillance Atlas aggregate,https://atlas.ecdc.europa.eu/public/
EU_EEA,Croatia,HRV,2003,Escherichia coli,Blood/invasive,Third-generation cephalosporins,25,570,EARS-Net mixed/not reported,Not reported in Atlas aggregate,ECDC Surveillance Atlas aggregate,https://atlas.ecdc.europa.eu/public/
EU_EEA,Croatia,HRV,2004,Escherichia coli,Blood/invasive,Third-generation cephalosporins,14,535,EARS-Net mixed/not reported,Not reported in Atlas aggregate,ECDC Surveillance Atlas aggregate,https://atlas.ecdc.europa.eu/public/
EU_EEA,Croatia,HRV,2005,Escherichia coli,Blood/invasive,Third-generation cephalosporins,5,637,EARS-Net mixed/not reported,Not reported in Atlas aggregate,ECDC Surveillance Atlas aggregate,https://atlas.ecdc.europa.eu/public/
EU_EEA,Croatia,HRV,2006,Escherichia coli,Blood/invasive,Third-generation cephalosporins,11,777,EARS-Net mixed/not reported,Not reported in Atlas aggregate,ECDC Surveillance Atlas aggregate,https://atlas.ecdc.europa.eu/public/
EU_EEA,Croatia,HRV,2007,Escherichia coli,Blood/invasive,Third-generation cephalosporins,23,860,EARS-Net mixed/not reported,Not reported in Atlas aggregate,ECDC Surveillance Atlas aggregate,https://atlas.ecdc.europa.eu/public/
EU_EEA,Croatia,HRV,2008,Escherichia coli,Blood/invasive,Third-generation cephalosporins,35,914,EARS-Net mixed/not reported,Not reported in Atlas aggregate,ECDC Surveillance Atlas aggregate,https://atlas.ecdc.europa.eu/public/
EU_EEA,Croatia,HRV,2010,Escherichia coli,Blood/invasive,Third-generation cephalosporins,77,882,EARS-Net mixed/not reported,Not reported in Atlas aggregate,ECDC Surveillance Atlas aggregate,https://atlas.ecdc.europa.eu/public/
EU_EEA,Croatia,HRV,2011,Escherichia coli,Blood/invasive,Third-generation cephalosporins,94,983,EARS-Net mixed/not reported,Not reported in Atlas aggregate,ECDC Surveillance Atlas aggregate,https://atlas.ecdc.europa.eu/public/
EU_EEA,Croatia,HRV,2012,Escherichia coli,Blood/invasive,Third-generation cephalosporins,69,906,EARS-Net mixed/not reported,Not reported in Atlas aggregate,ECDC Surveillance Atlas aggregate,https://atlas.ecdc.europa.eu/public/
EU_EEA,Croatia,HRV,2013,Escherichia coli,Blood/invasive,Third-generation cephalosporins,91,1040,EARS-Net mixed/not reported,Not reported in Atlas aggregate,ECDC Surveillance Atlas aggregate,https://atlas.ecdc.europa.eu/public/
EU_EEA,Croatia,HRV,2014,Escherichia coli,Blood/invasive,Third-generation cephalosporins,117,1079,EARS-Net mixed/not reported,Not reported in Atlas aggregate,ECDC Surveillance Atlas aggregate,https://atlas.ecdc.europa.eu/public/
EU_EEA,Croatia,HRV,2015,Escherichia coli,Blood/invasive,Third-generation cephalosporins,131,1046,EARS-Net mixed/not reported,Not reported in Atlas aggregate,ECDC Surveillance Atlas aggregate,https://atlas.ecdc.europa.eu/public/
EU_EEA,Croatia,HRV,2016,Escherichia coli,Blood/invasive,Third-generation cephalosporins,154,1045,EARS-Net mixed/not reported,Not reported in Atlas aggregate,ECDC Surveillance Atlas aggregate,https://atlas.ecdc.europa.eu/public/
EU_EEA,Croatia,HRV,2017,Escherichia coli,Blood/invasive,Third-generation cephalosporins,189,1148,EARS-Net mixed/not reported,Not reported in Atlas aggregate,ECDC Surveillance Atlas aggregate,https://atlas.ecdc.europa.eu/public/
EU_EEA,Croatia,HRV,2018,Escherichia coli,Blood/invasive,Third-generation cephalosporins,173,1168,EARS-Net mixed/not reported,Not reported in Atlas aggregate,ECDC Surveillance Atlas aggregate,https://atlas.ecdc.europa.eu/public/
EU_EEA,Croatia,HRV,2019,Escherichia coli,Blood/invasive,Third-generation cephalosporins,173,1085,EARS-Net mixed/not reported,Not reported in Atlas aggregate,ECDC Surveillance Atlas aggregate,https://atlas.ecdc.europa.eu/public/
EU_EEA,Croatia,HRV,2020,Escherichia coli,Blood/invasive,Third-generation cephalosporins,137,827,EUCAST,EUCAST required; exact version unavailable in Atlas aggregate,ECDC Surveillance Atlas aggregate,https://atlas.ecdc.europa.eu/public/
EU_EEA,Croatia,HRV,2021,Escherichia coli,Blood/invasive,Third-generation cephalosporins,135,726,EUCAST,EUCAST required; exact version unavailable in Atlas aggregate,ECDC Surveillance Atlas aggregate,https://atlas.ecdc.europa.eu/public/
EU_EEA,Croatia,HRV,2022,Escherichia coli,Blood/invasive,Third-generation cephalosporins,172,987,EUCAST,EUCAST required; exact version unavailable in Atlas aggregate,ECDC Surveillance Atlas aggregate,https://atlas.ecdc.europa.eu/public/
EU_EEA,Croatia,HRV,2023,Escherichia coli,Blood/invasive,Third-generation cephalosporins,262,1310,EUCAST,EUCAST required; exact version unavailable in Atlas aggregate,ECDC Surveillance Atlas aggregate,https://atlas.ecdc.europa.eu/public/
EU_EEA,Hungary,HUN,2001,Escherichia coli,Blood/invasive,Aminoglycosides,9,244,EARS-Net mixed/not reported,Not reported in Atlas aggregate,ECDC Surveillance Atlas aggregate,https://atlas.ecdc.europa.eu/public/
EU_EEA,Hungary,HUN,2002,Escherichia coli,Blood/invasive,Aminoglycosides,21,346,EARS-Net mixed/not reported,Not reported in Atlas aggregate,ECDC Surveillance Atlas aggregate,https://atlas.ecdc.europa.eu/public/
EU_EEA,Hungary,HUN,2003,Escherichia coli,Blood/invasive,Aminoglycosides,65,839,EARS-Net mixed/not reported,Not reported in Atlas aggregate,ECDC Surveillance Atlas aggregate,https://atlas.ecdc.europa.eu/public/
EU_EEA,Hungary,HUN,2004,Escherichia coli,Blood/invasive,Aminoglycosides,92,966,EARS-Net mixed/not reported,Not reported in Atlas aggregate,ECDC Surveillance Atlas aggregate,https://atlas.ecdc.europa.eu/public/
EU_EEA,Hungary,HUN,2005,Escherichia coli,Blood/invasive,Aminoglycosides,93,1039,EARS-Net mixed/not reported,Not reported in Atlas aggregate,ECDC Surveillance Atlas aggregate,https://atlas.ecdc.europa.eu/public/
EU_EEA,Hungary,HUN,2006,Escherichia coli,Blood/invasive,Aminoglycosides,137,1125,EARS-Net mixed/not reported,Not reported in Atlas aggregate,ECDC Surveillance Atlas aggregate,https://atlas.ecdc.europa.eu/public/
EU_EEA,Hungary,HUN,2007,Escherichia coli,Blood/invasive,Aminoglycosides,124,1174,EARS-Net mixed/not reported,Not reported in Atlas aggregate,ECDC Surveillance Atlas aggregate,https://atlas.ecdc.europa.eu/public/
EU_EEA,Hungary,HUN,2008,Escherichia coli,Blood/invasive,Aminoglycosides,135,1052,EARS-Net mixed/not reported,Not reported in Atlas aggregate,ECDC Surveillance Atlas aggregate,https://atlas.ecdc.europa.eu/public/
EU_EEA,Hungary,HUN,2009,Escherichia coli,Blood/invasive,Aminoglycosides,167,1052,EARS-Net mixed/not reported,Not reported in Atlas aggregate,ECDC Surveillance Atlas aggregate,https://atlas.ecdc.europa.eu/public/
EU_EEA,Hungary,HUN,2010,Escherichia coli,Blood/invasive,Aminoglycosides,274,1379,EARS-Net mixed/not reported,Not reported in Atlas aggregate,ECDC Surveillance Atlas aggregate,https://atlas.ecdc.europa.eu/public/
EU_EEA,Hungary,HUN,2011,Escherichia coli,Blood/invasive,Aminoglycosides,178,1223,EARS-Net mixed/not reported,Not reported in Atlas aggregate,ECDC Surveillance Atlas aggregate,https://atlas.ecdc.europa.eu/public/
EU_EEA,Hungary,HUN,2012,Escherichia coli,Blood/invasive,Aminoglycosides,240,1404,EARS-Net mixed/not reported,Not reported in Atlas aggregate,ECDC Surveillance Atlas aggregate,https://atlas.ecdc.europa.eu/public/
EU_EEA,Hungary,HUN,2013,Escherichia coli,Blood/invasive,Aminoglycosides,242,1427,EARS-Net mixed/not reported,Not reported in Atlas aggregate,ECDC Surveillance Atlas aggregate,https://atlas.ecdc.europa.eu/public/
EU_EEA,Hungary,HUN,2014,Escherichia coli,Blood/invasive,Aminoglycosides,237,1610,EARS-Net mixed/not reported,Not reported in Atlas aggregate,ECDC Surveillance Atlas aggregate,https://atlas.ecdc.europa.eu/public/
EU_EEA,Hungary,HUN,2015,Escherichia coli,Blood/invasive,Aminoglycosides,274,2020,EARS-Net mixed/not reported,Not reported in Atlas aggregate,ECDC Surveillance Atlas aggregate,https://atlas.ecdc.europa.eu/public/
EU_EEA,Hungary,HUN,2016,Escherichia coli,Blood/invasive,Aminoglycosides,264,1992,EARS-Net mixed/not reported,Not reported in Atlas aggregate,ECDC Surveillance Atlas aggregate,https://atlas.ecdc.europa.eu/public/
EU_EEA,Hungary,HUN,2017,Escherichia coli,Blood/invasive,Aminoglycosides,311,2060,EARS-Net mixed/not reported,Not reported in Atlas aggregate,ECDC Surveillance Atlas aggregate,https://atlas.ecdc.europa.eu/public/
EU_EEA,Hungary,HUN,2018,Escherichia coli,Blood/invasive,Aminoglycosides,394,2264,EARS-Net mixed/not reported,Not reported in Atlas aggregate,ECDC Surveillance Atlas aggregate,https://atlas.ecdc.europa.eu/public/
EU_EEA,Hungary,HUN,2019,Escherichia coli,Blood/invasive,Aminoglycosides,379,2411,EARS-Net mixed/not reported,Not reported in Atlas aggregate,ECDC Surveillance Atlas aggregate,https://atlas.ecdc.europa.eu/public/
EU_EEA,Hungary,HUN,2020,Escherichia coli,Blood/invasive,Aminoglycosides,326,1954,EUCAST,EUCAST required; exact version unavailable in Atlas aggregate,ECDC Surveillance Atlas aggregate,https://atlas.ecdc.europa.eu/public/
EU_EEA,Hungary,HUN,2021,Escherichia coli,Blood/invasive,Aminoglycosides,432,2469,EUCAST,EUCAST required; exact version unavailable in Atlas aggregate,ECDC Surveillance Atlas aggregate,https://atlas.ecdc.europa.eu/public/
EU_EEA,Hungary,HUN,2022,Escherichia coli,Blood/invasive,Aminoglycosides,418,2561,EUCAST,EUCAST required; exact version unavailable in Atlas aggregate,ECDC Surveillance Atlas aggregate,https://atlas.ecdc.europa.eu/public/
EU_EEA,Hungary,HUN,2023,Escherichia coli,Blood/invasive,Aminoglycosides,407,2754,EUCAST,EUCAST required; exact version unavailable in Atlas aggregate,ECDC Surveillance Atlas aggregate,https://atlas.ecdc.europa.eu/public/
EU_EEA,Hungary,HUN,2001,Escherichia coli,Blood/invasive,Aminopenicillins,90,194,EARS-Net mixed/not reported,Not reported in Atlas aggregate,ECDC Surveillance Atlas aggregate,https://atlas.ecdc.europa.eu/public/
EU_EEA,Hungary,HUN,2002,Escherichia coli,Blood/invasive,Aminopenicillins,159,351,EARS-Net mixed/not reported,Not reported in Atlas aggregate,ECDC Surveillance Atlas aggregate,https://atlas.ecdc.europa.eu/public/
EU_EEA,Hungary,HUN,2003,Escherichia coli,Blood/invasive,Aminopenicillins,410,835,EARS-Net mixed/not reported,Not reported in Atlas aggregate,ECDC Surveillance Atlas aggregate,https://atlas.ecdc.europa.eu/public/
EU_EEA,Hungary,HUN,2004,Escherichia coli,Blood/invasive,Aminopenicillins,520,953,EARS-Net mixed/not reported,Not reported in Atlas aggregate,ECDC Surveillance Atlas aggregate,https://atlas.ecdc.europa.eu/public/
EU_EEA,Hungary,HUN,2005,Escherichia coli,Blood/invasive,Aminopenicillins,530,1030,EARS-Net mixed/not reported,Not reported in Atlas aggregate,ECDC Surveillance Atlas aggregate,https://atlas.ecdc.europa.eu/public/
EU_EEA,Hungary,HUN,2006,Escherichia coli,Blood/invasive,Aminopenicillins,599,1125,EARS-Net mixed/not reported,Not reported in Atlas aggregate,ECDC Surveillance Atlas aggregate,https://atlas.ecdc.europa.eu/public/
EU_EEA,Hungary,HUN,2007,Escherichia coli,Blood/invasive,Aminopenicillins,632,1169,EARS-Net mixed/not reported,Not reported in Atlas aggregate,ECDC Surveillance Atlas aggregate,https://atlas.ecdc.europa.eu/public/
EU_EEA,Hungary,HUN,2008,Escherichia coli,Blood/invasive,Aminopenicillins,615,1043,EARS-Net mixed/not reported,Not reported in Atlas aggregate,ECDC Surveillance Atlas aggregate,https://atlas.ecdc.europa.eu/public/
EU_EEA,Hungary,HUN,2009,Escherichia coli,Blood/invasive,Aminopenicillins,626,1047,EARS-Net mixed/not reported,Not reported in Atlas aggregate,ECDC Surveillance Atlas aggregate,https://atlas.ecdc.europa.eu/public/
EU_EEA,Hungary,HUN,2010,Escherichia coli,Blood/invasive,Aminopenicillins,867,1328,EARS-Net mixed/not reported,Not reported in Atlas aggregate,ECDC Surveillance Atlas aggregate,https://atlas.ecdc.europa.eu/public/
EU_EEA,Hungary,HUN,2011,Escherichia coli,Blood/invasive,Aminopenicillins,641,991,EARS-Net mixed/not reported,Not reported in Atlas aggregate,ECDC Surveillance Atlas aggregate,https://atlas.ecdc.europa.eu/public/
EU_EEA,Hungary,HUN,2012,Escherichia coli,Blood/invasive,Aminopenicillins,849,1328,EARS-Net mixed/not reported,Not reported in Atlas aggregate,ECDC Surveillance Atlas aggregate,https://atlas.ecdc.europa.eu/public/
EU_EEA,Hungary,HUN,2013,Escherichia coli,Blood/invasive,Aminopenicillins,860,1411,EARS-Net mixed/not reported,Not reported in Atlas aggregate,ECDC Surveillance Atlas aggregate,https://atlas.ecdc.europa.eu/public/
EU_EEA,Hungary,HUN,2014,Escherichia coli,Blood/invasive,Aminopenicillins,947,1603,EARS-Net mixed/not reported,Not reported in Atlas aggregate,ECDC Surveillance Atlas aggregate,https://atlas.ecdc.europa.eu/public/
EU_EEA,Hungary,HUN,2015,Escherichia coli,Blood/invasive,Aminopenicillins,1193,1970,EARS-Net mixed/not reported,Not reported in Atlas aggregate,ECDC Surveillance Atlas aggregate,https://atlas.ecdc.europa.eu/public/
EU_EEA,Hungary,HUN,2016,Escherichia coli,Blood/invasive,Aminopenicillins,1130,1969,EARS-Net mixed/not reported,Not reported in Atlas aggregate,ECDC Surveillance Atlas aggregate,https://atlas.ecdc.europa.eu/public/
EU_EEA,Hungary,HUN,2017,Escherichia coli,Blood/invasive,Aminopenicillins,1218,2021,EARS-Net mixed/not reported,Not reported in Atlas aggregate,ECDC Surveillance Atlas aggregate,https://atlas.ecdc.europa.eu/public/
EU_EEA,Hungary,HUN,2018,Escherichia coli,Blood/invasive,Aminopenicillins,1450,2312,EARS-Net mixed/not reported,Not reported in Atlas aggregate,ECDC Surveillance Atlas aggregate,https://atlas.ecdc.europa.eu/public/
EU_EEA,Hungary,HUN,2019,Escherichia coli,Blood/invasive,Aminopenicillins,1401,2363,EARS-Net mixed/not reported,Not reported in Atlas aggregate,ECDC Surveillance Atlas aggregate,https://atlas.ecdc.europa.eu/public/
EU_EEA,Hungary,HUN,2020,Escherichia coli,Blood/invasive,Aminopenicillins,1057,1804,EUCAST,EUCAST required; exact version unavailable in Atlas aggregate,ECDC Surveillance Atlas aggregate,https://atlas.ecdc.europa.eu/public/
EU_EEA,Hungary,HUN,2021,Escherichia coli,Blood/invasive,Aminopenicillins,1324,2263,EUCAST,EUCAST required; exact version unavailable in Atlas aggregate,ECDC Surveillance Atlas aggregate,https://atlas.ecdc.europa.eu/public/
EU_EEA,Hungary,HUN,2022,Escherichia coli,Blood/invasive,Aminopenicillins,1364,2335,EUCAST,EUCAST required; exact version unavailable in Atlas aggregate,ECDC Surveillance Atlas aggregate,https://atlas.ecdc.europa.eu/public/
EU_EEA,Hungary,HUN,2023,Escherichia coli,Blood/invasive,Aminopenicillins,1445,2519,EUCAST,EUCAST required; exact version unavailable in Atlas aggregate,ECDC Surveillance Atlas aggregate,https://atlas.ecdc.europa.eu/public/
EU_EEA,Hungary,HUN,2001,Escherichia coli,Blood/invasive,Carbapenems,0,212,EARS-Net mixed/not reported,Not reported in Atlas aggregate,ECDC Surveillance Atlas aggregate,https://atlas.ecdc.europa.eu/public/
EU_EEA,Hungary,HUN,2002,Escherichia coli,Blood/invasive,Carbapenems,0,305,EARS-Net mixed/not reported,Not reported in Atlas aggregate,ECDC Surveillance Atlas aggregate,https://atlas.ecdc.europa.eu/public/
EU_EEA,Hungary,HUN,2003,Escherichia coli,Blood/invasive,Carbapenems,0,772,EARS-Net mixed/not reported,Not reported in Atlas aggregate,ECDC Surveillance Atlas aggregate,https://atlas.ecdc.europa.eu/public/
EU_EEA,Hungary,HUN,2004,Escherichia coli,Blood/invasive,Carbapenems,2,850,EARS-Net mixed/not reported,Not reported in Atlas aggregate,ECDC Surveillance Atlas aggregate,https://atlas.ecdc.europa.eu/public/
EU_EEA,Hungary,HUN,2005,Escherichia coli,Blood/invasive,Carbapenems,1,961,EARS-Net mixed/not reported,Not reported in Atlas aggregate,ECDC Surveillance Atlas aggregate,https://atlas.ecdc.europa.eu/public/
EU_EEA,Hungary,HUN,2006,Escherichia coli,Blood/invasive,Carbapenems,2,1031,EARS-Net mixed/not reported,Not reported in Atlas aggregate,ECDC Surveillance Atlas aggregate,https://atlas.ecdc.europa.eu/public/
EU_EEA,Hungary,HUN,2007,Escherichia coli,Blood/invasive,Carbapenems,0,1053,EARS-Net mixed/not reported,Not reported in Atlas aggregate,ECDC Surveillance Atlas aggregate,https://atlas.ecdc.europa.eu/public/
EU_EEA,Hungary,HUN,2008,Escherichia coli,Blood/invasive,Carbapenems,1,985,EARS-Net mixed/not reported,Not reported in Atlas aggregate,ECDC Surveillance Atlas aggregate,https://atlas.ecdc.europa.eu/public/
EU_EEA,Hungary,HUN,2009,Escherichia coli,Blood/invasive,Carbapenems,0,1029,EARS-Net mixed/not reported,Not reported in Atlas aggregate,ECDC Surveillance Atlas aggregate,https://atlas.ecdc.europa.eu/public/
EU_EEA,Hungary,HUN,2010,Escherichia coli,Blood/invasive,Carbapenems,2,1311,EARS-Net mixed/not reported,Not reported in Atlas aggregate,ECDC Surveillance Atlas aggregate,https://atlas.ecdc.europa.eu/public/
EU_EEA,Hungary,HUN,2011,Escherichia coli,Blood/invasive,Carbapenems,1,1151,EARS-Net mixed/not reported,Not reported in Atlas aggregate,ECDC Surveillance Atlas aggregate,https://atlas.ecdc.europa.eu/public/
EU_EEA,Hungary,HUN,2012,Escherichia coli,Blood/invasive,Carbapenems,0,1307,EARS-Net mixed/not reported,Not reported in Atlas aggregate,ECDC Surveillance Atlas aggregate,https://atlas.ecdc.europa.eu/public/
EU_EEA,Hungary,HUN,2013,Escherichia coli,Blood/invasive,Carbapenems,2,1355,EARS-Net mixed/not reported,Not reported in Atlas aggregate,ECDC Surveillance Atlas aggregate,https://atlas.ecdc.europa.eu/public/
EU_EEA,Hungary,HUN,2014,Escherichia coli,Blood/invasive,Carbapenems,0,1517,EARS-Net mixed/not reported,Not reported in Atlas aggregate,ECDC Surveillance Atlas aggregate,https://atlas.ecdc.europa.eu/public/
EU_EEA,Hungary,HUN,2015,Escherichia coli,Blood/invasive,Carbapenems,0,1922,EARS-Net mixed/not reported,Not reported in Atlas aggregate,ECDC Surveillance Atlas aggregate,https://atlas.ecdc.europa.eu/public/
EU_EEA,Hungary,HUN,2016,Escherichia coli,Blood/invasive,Carbapenems,0,1905,EARS-Net mixed/not reported,Not reported in Atlas aggregate,ECDC Surveillance Atlas aggregate,https://atlas.ecdc.europa.eu/public/
EU_EEA,Hungary,HUN,2017,Escherichia coli,Blood/invasive,Carbapenems,1,1987,EARS-Net mixed/not reported,Not reported in Atlas aggregate,ECDC Surveillance Atlas aggregate,https://atlas.ecdc.europa.eu/public/
EU_EEA,Hungary,HUN,2018,Escherichia coli,Blood/invasive,Carbapenems,0,2279,EARS-Net mixed/not reported,Not reported in Atlas aggregate,ECDC Surveillance Atlas aggregate,https://atlas.ecdc.europa.eu/public/
EU_EEA,Hungary,HUN,2019,Escherichia coli,Blood/invasive,Carbapenems,0,2326,EARS-Net mixed/not reported,Not reported in Atlas aggregate,ECDC Surveillance Atlas aggregate,https://atlas.ecdc.europa.eu/public/
EU_EEA,Hungary,HUN,2020,Escherichia coli,Blood/invasive,Carbapenems,0,1917,EUCAST,EUCAST required; exact version unavailable in Atlas aggregate,ECDC Surveillance Atlas aggregate,https://atlas.ecdc.europa.eu/public/
EU_EEA,Hungary,HUN,2021,Escherichia coli,Blood/invasive,Carbapenems,0,2391,EUCAST,EUCAST required; exact version unavailable in Atlas aggregate,ECDC Surveillance Atlas aggregate,https://atlas.ecdc.europa.eu/public/
EU_EEA,Hungary,HUN,2022,Escherichia coli,Blood/invasive,Carbapenems,5,2515,EUCAST,EUCAST required; exact version unavailable in Atlas aggregate,ECDC Surveillance Atlas aggregate,https://atlas.ecdc.europa.eu/public/
EU_EEA,Hungary,HUN,2023,Escherichia coli,Blood/invasive,Carbapenems,6,2688,EUCAST,EUCAST required; exact version unavailable in Atlas aggregate,ECDC Surveillance Atlas aggregate,https://atlas.ecdc.europa.eu/public/
EU_EEA,Hungary,HUN,2001,Escherichia coli,Blood/invasive,Fluoroquinolones,13,257,EARS-Net mixed/not reported,Not reported in Atlas aggregate,ECDC Surveillance Atlas aggregate,https://atlas.ecdc.europa.eu/public/
EU_EEA,Hungary,HUN,2002,Escherichia coli,Blood/invasive,Fluoroquinolones,34,328,EARS-Net mixed/not reported,Not reported in Atlas aggregate,ECDC Surveillance Atlas aggregate,https://atlas.ecdc.europa.eu/public/
EU_EEA,Hungary,HUN,2003,Escherichia coli,Blood/invasive,Fluoroquinolones,121,812,EARS-Net mixed/not reported,Not reported in Atlas aggregate,ECDC Surveillance Atlas aggregate,https://atlas.ecdc.europa.eu/public/
EU_EEA,Hungary,HUN,2004,Escherichia coli,Blood/invasive,Fluoroquinolones,175,901,EARS-Net mixed/not reported,Not reported in Atlas aggregate,ECDC Surveillance Atlas aggregate,https://atlas.ecdc.europa.eu/public/
EU_EEA,Hungary,HUN,2005,Escherichia coli,Blood/invasive,Fluoroquinolones,212,967,EARS-Net mixed/not reported,Not reported in Atlas aggregate,ECDC Surveillance Atlas aggregate,https://atlas.ecdc.europa.eu/public/
EU_EEA,Hungary,HUN,2006,Escherichia coli,Blood/invasive,Fluoroquinolones,285,1071,EARS-Net mixed/not reported,Not reported in Atlas aggregate,ECDC Surveillance Atlas aggregate,https://atlas.ecdc.europa.eu/public/
EU_EEA,Hungary,HUN,2007,Escherichia coli,Blood/invasive,Fluoroquinolones,307,1167,EARS-Net mixed/not reported,Not reported in Atlas aggregate,ECDC Surveillance Atlas aggregate,https://atlas.ecdc.europa.eu/public/
EU_EEA,Hungary,HUN,2008,Escherichia coli,Blood/invasive,Fluoroquinolones,273,1045,EARS-Net mixed/not reported,Not reported in Atlas aggregate,ECDC Surveillance Atlas aggregate,https://atlas.ecdc.europa.eu/public/
EU_EEA,Hungary,HUN,2009,Escherichia coli,Blood/invasive,Fluoroquinolones,319,1046,EARS-Net mixed/not reported,Not reported in Atlas aggregate,ECDC Surveillance Atlas aggregate,https://atlas.ecdc.europa.eu/public/
EU_EEA,Hungary,HUN,2010,Escherichia coli,Blood/invasive,Fluoroquinolones,500,1367,EARS-Net mixed/not reported,Not reported in Atlas aggregate,ECDC Surveillance Atlas aggregate,https://atlas.ecdc.europa.eu/public/
EU_EEA,Hungary,HUN,2011,Escherichia coli,Blood/invasive,Fluoroquinolones,378,1213,EARS-Net mixed/not reported,Not reported in Atlas aggregate,ECDC Surveillance Atlas aggregate,https://atlas.ecdc.europa.eu/public/
EU_EEA,Hungary,HUN,2012,Escherichia coli,Blood/invasive,Fluoroquinolones,403,1393,EARS-Net mixed/not reported,Not reported in Atlas aggregate,ECDC Surveillance Atlas aggregate,https://atlas.ecdc.europa.eu/public/
EU_EEA,Hungary,HUN,2013,Escherichia coli,Blood/invasive,Fluoroquinolones,434,1432,EARS-Net mixed/not reported,Not reported in Atlas aggregate,ECDC Surveillance Atlas aggregate,https://atlas.ecdc.europa.eu/public/
EU_EEA,Hungary,HUN,2014,Escherichia coli,Blood/invasive,Fluoroquinolones,459,1614,EARS-Net mixed/not reported,Not reported in Atlas aggregate,ECDC Surveillance Atlas aggregate,https://atlas.ecdc.europa.eu/public/
EU_EEA,Hungary,HUN,2015,Escherichia coli,Blood/invasive,Fluoroquinolones,586,2021,EARS-Net mixed/not reported,Not reported in Atlas aggregate,ECDC Surveillance Atlas aggregate,https://atlas.ecdc.europa.eu/public/
EU_EEA,Hungary,HUN,2016,Escherichia coli,Blood/invasive,Fluoroquinolones,532,1986,EARS-Net mixed/not reported,Not reported in Atlas aggregate,ECDC Surveillance Atlas aggregate,https://atlas.ecdc.europa.eu/public/
EU_EEA,Hungary,HUN,2017,Escherichia coli,Blood/invasive,Fluoroquinolones,628,2051,EARS-Net mixed/not reported,Not reported in Atlas aggregate,ECDC Surveillance Atlas aggregate,https://atlas.ecdc.europa.eu/public/
EU_EEA,Hungary,HUN,2018,Escherichia coli,Blood/invasive,Fluoroquinolones,786,2364,EARS-Net mixed/not reported,Not reported in Atlas aggregate,ECDC Surveillance Atlas aggregate,https://atlas.ecdc.europa.eu/public/
EU_EEA,Hungary,HUN,2019,Escherichia coli,Blood/invasive,Fluoroquinolones,727,2398,EARS-Net mixed/not reported,Not reported in Atlas aggregate,ECDC Surveillance Atlas aggregate,https://atlas.ecdc.europa.eu/public/
EU_EEA,Hungary,HUN,2020,Escherichia coli,Blood/invasive,Fluoroquinolones,594,1958,EUCAST,EUCAST required; exact version unavailable in Atlas aggregate,ECDC Surveillance Atlas aggregate,https://atlas.ecdc.europa.eu/public/
EU_EEA,Hungary,HUN,2021,Escherichia coli,Blood/invasive,Fluoroquinolones,690,2460,EUCAST,EUCAST required; exact version unavailable in Atlas aggregate,ECDC Surveillance Atlas aggregate,https://atlas.ecdc.europa.eu/public/
EU_EEA,Hungary,HUN,2022,Escherichia coli,Blood/invasive,Fluoroquinolones,741,2531,EUCAST,EUCAST required; exact version unavailable in Atlas aggregate,ECDC Surveillance Atlas aggregate,https://atlas.ecdc.europa.eu/public/
EU_EEA,Hungary,HUN,2023,Escherichia coli,Blood/invasive,Fluoroquinolones,710,2732,EUCAST,EUCAST required; exact version unavailable in Atlas aggregate,ECDC Surveillance Atlas aggregate,https://atlas.ecdc.europa.eu/public/
EU_EEA,Hungary,HUN,2001,Escherichia coli,Blood/invasive,Third-generation cephalosporins,1,262,EARS-Net mixed/not reported,Not reported in Atlas aggregate,ECDC Surveillance Atlas aggregate,https://atlas.ecdc.europa.eu/public/
EU_EEA,Hungary,HUN,2002,Escherichia coli,Blood/invasive,Third-generation cephalosporins,7,350,EARS-Net mixed/not reported,Not reported in Atlas aggregate,ECDC Surveillance Atlas aggregate,https://atlas.ecdc.europa.eu/public/
EU_EEA,Hungary,HUN,2003,Escherichia coli,Blood/invasive,Third-generation cephalosporins,8,841,EARS-Net mixed/not reported,Not reported in Atlas aggregate,ECDC Surveillance Atlas aggregate,https://atlas.ecdc.europa.eu/public/
EU_EEA,Hungary,HUN,2004,Escherichia coli,Blood/invasive,Third-generation cephalosporins,31,961,EARS-Net mixed/not reported,Not reported in Atlas aggregate,ECDC Surveillance Atlas aggregate,https://atlas.ecdc.europa.eu/public/
EU_EEA,Hungary,HUN,2005,Escherichia coli,Blood/invasive,Third-generation cephalosporins,39,1041,EARS-Net mixed/not reported,Not reported in Atlas aggregate,ECDC Surveillance Atlas aggregate,https://atlas.ecdc.europa.eu/public/
EU_EEA,Hungary,HUN,2006,Escherichia coli,Blood/invasive,Third-generation cephalosporins,56,1128,EARS-Net mixed/not reported,Not reported in Atlas aggregate,ECDC Surveillance Atlas aggregate,https://atlas.ecdc.europa.eu/public/
EU_EEA,Hungary,HUN,2007,Escherichia coli,Blood/invasive,Third-generation cephalosporins,62,1146,EARS-Net mixed/not reported,Not reported in Atlas aggregate,ECDC Surveillance Atlas aggregate,https://atlas.ecdc.europa.eu/public/
EU_EEA,Hungary,HUN,2008,Escherichia coli,Blood/invasive,Third-generation cephalosporins,97,1057,EARS-Net mixed/not reported,Not reported in Atlas aggregate,ECDC Surveillance Atlas aggregate,https://atlas.ecdc.europa.eu/public/
EU_EEA,Hungary,HUN,2009,Escherichia coli,Blood/invasive,Third-generation cephalosporins,136,1052,EARS-Net mixed/not reported,Not reported in Atlas aggregate,ECDC Surveillance Atlas aggregate,https://atlas.ecdc.europa.eu/public/
EU_EEA,Hungary,HUN,2010,Escherichia coli,Blood/invasive,Third-generation cephalosporins,269,1383,EARS-Net mixed/not reported,Not reported in Atlas aggregate,ECDC Surveillance Atlas aggregate,https://atlas.ecdc.europa.eu/public/
EU_EEA,Hungary,HUN,2011,Escherichia coli,Blood/invasive,Third-generation cephalosporins,185,1224,EARS-Net mixed/not reported,Not reported in Atlas aggregate,ECDC Surveillance Atlas aggregate,https://atlas.ecdc.europa.eu/public/
EU_EEA,Hungary,HUN,2012,Escherichia coli,Blood/invasive,Third-generation cephalosporins,246,1411,EARS-Net mixed/not reported,Not reported in Atlas aggregate,ECDC Surveillance Atlas aggregate,https://atlas.ecdc.europa.eu/public/
EU_EEA,Hungary,HUN,2013,Escherichia coli,Blood/invasive,Third-generation cephalosporins,271,1437,EARS-Net mixed/not reported,Not reported in Atlas aggregate,ECDC Surveillance Atlas aggregate,https://atlas.ecdc.europa.eu/public/
EU_EEA,Hungary,HUN,2014,Escherichia coli,Blood/invasive,Third-generation cephalosporins,266,1619,EARS-Net mixed/not reported,Not reported in Atlas aggregate,ECDC Surveillance Atlas aggregate,https://atlas.ecdc.europa.eu/public/
EU_EEA,Hungary,HUN,2015,Escherichia coli,Blood/invasive,Third-generation cephalosporins,339,2026,EARS-Net mixed/not reported,Not reported in Atlas aggregate,ECDC Surveillance Atlas aggregate,https://atlas.ecdc.europa.eu/public/
EU_EEA,Hungary,HUN,2016,Escherichia coli,Blood/invasive,Third-generation cephalosporins,333,1993,EARS-Net mixed/not reported,Not reported in Atlas aggregate,ECDC Surveillance Atlas aggregate,https://atlas.ecdc.europa.eu/public/
EU_EEA,Hungary,HUN,2017,Escherichia coli,Blood/invasive,Third-generation cephalosporins,414,2058,EARS-Net mixed/not reported,Not reported in Atlas aggregate,ECDC Surveillance Atlas aggregate,https://atlas.ecdc.europa.eu/public/
EU_EEA,Hungary,HUN,2018,Escherichia coli,Blood/invasive,Third-generation cephalosporins,536,2370,EARS-Net mixed/not reported,Not reported in Atlas aggregate,ECDC Surveillance Atlas aggregate,https://atlas.ecdc.europa.eu/public/
EU_EEA,Hungary,HUN,2019,Escherichia coli,Blood/invasive,Third-generation cephalosporins,497,2413,EARS-Net mixed/not reported,Not reported in Atlas aggregate,ECDC Surveillance Atlas aggregate,https://atlas.ecdc.europa.eu/public/
EU_EEA,Hungary,HUN,2020,Escherichia coli,Blood/invasive,Third-generation cephalosporins,395,1962,EUCAST,EUCAST required; exact version unavailable in Atlas aggregate,ECDC Surveillance Atlas aggregate,https://atlas.ecdc.europa.eu/public/
EU_EEA,Hungary,HUN,2021,Escherichia coli,Blood/invasive,Third-generation cephalosporins,504,2470,EUCAST,EUCAST required; exact version unavailable in Atlas aggregate,ECDC Surveillance Atlas aggregate,https://atlas.ecdc.europa.eu/public/
EU_EEA,Hungary,HUN,2022,Escherichia coli,Blood/invasive,Third-generation cephalosporins,579,2565,EUCAST,EUCAST required; exact version unavailable in Atlas aggregate,ECDC Surveillance Atlas aggregate,https://atlas.ecdc.europa.eu/public/
EU_EEA,Hungary,HUN,2023,Escherichia coli,Blood/invasive,Third-generation cephalosporins,588,2756,EUCAST,EUCAST required; exact version unavailable in Atlas aggregate,ECDC Surveillance Atlas aggregate,https://atlas.ecdc.europa.eu/public/
EU_EEA,Ireland,IRL,2002,Escherichia coli,Blood/invasive,Aminoglycosides,18,726,EARS-Net mixed/not reported,Not reported in Atlas aggregate,ECDC Surveillance Atlas aggregate,https://atlas.ecdc.europa.eu/public/
EU_EEA,Ireland,IRL,2003,Escherichia coli,Blood/invasive,Aminoglycosides,36,968,EARS-Net mixed/not reported,Not reported in Atlas aggregate,ECDC Surveillance Atlas aggregate,https://atlas.ecdc.europa.eu/public/
EU_EEA,Ireland,IRL,2004,Escherichia coli,Blood/invasive,Aminoglycosides,64,1214,EARS-Net mixed/not reported,Not reported in Atlas aggregate,ECDC Surveillance Atlas aggregate,https://atlas.ecdc.europa.eu/public/
EU_EEA,Ireland,IRL,2005,Escherichia coli,Blood/invasive,Aminoglycosides,105,1409,EARS-Net mixed/not reported,Not reported in Atlas aggregate,ECDC Surveillance Atlas aggregate,https://atlas.ecdc.europa.eu/public/
EU_EEA,Ireland,IRL,2006,Escherichia coli,Blood/invasive,Aminoglycosides,114,1631,EARS-Net mixed/not reported,Not reported in Atlas aggregate,ECDC Surveillance Atlas aggregate,https://atlas.ecdc.europa.eu/public/
EU_EEA,Ireland,IRL,2007,Escherichia coli,Blood/invasive,Aminoglycosides,164,1743,EARS-Net mixed/not reported,Not reported in Atlas aggregate,ECDC Surveillance Atlas aggregate,https://atlas.ecdc.europa.eu/public/
EU_EEA,Ireland,IRL,2008,Escherichia coli,Blood/invasive,Aminoglycosides,170,1867,EARS-Net mixed/not reported,Not reported in Atlas aggregate,ECDC Surveillance Atlas aggregate,https://atlas.ecdc.europa.eu/public/
EU_EEA,Ireland,IRL,2009,Escherichia coli,Blood/invasive,Aminoglycosides,171,2009,EARS-Net mixed/not reported,Not reported in Atlas aggregate,ECDC Surveillance Atlas aggregate,https://atlas.ecdc.europa.eu/public/
EU_EEA,Ireland,IRL,2010,Escherichia coli,Blood/invasive,Aminoglycosides,205,2116,EARS-Net mixed/not reported,Not reported in Atlas aggregate,ECDC Surveillance Atlas aggregate,https://atlas.ecdc.europa.eu/public/
EU_EEA,Ireland,IRL,2011,Escherichia coli,Blood/invasive,Aminoglycosides,218,2155,EARS-Net mixed/not reported,Not reported in Atlas aggregate,ECDC Surveillance Atlas aggregate,https://atlas.ecdc.europa.eu/public/
EU_EEA,Ireland,IRL,2012,Escherichia coli,Blood/invasive,Aminoglycosides,254,2375,EARS-Net mixed/not reported,Not reported in Atlas aggregate,ECDC Surveillance Atlas aggregate,https://atlas.ecdc.europa.eu/public/
EU_EEA,Ireland,IRL,2013,Escherichia coli,Blood/invasive,Aminoglycosides,277,2481,EARS-Net mixed/not reported,Not reported in Atlas aggregate,ECDC Surveillance Atlas aggregate,https://atlas.ecdc.europa.eu/public/
EU_EEA,Ireland,IRL,2014,Escherichia coli,Blood/invasive,Aminoglycosides,327,2705,EARS-Net mixed/not reported,Not reported in Atlas aggregate,ECDC Surveillance Atlas aggregate,https://atlas.ecdc.europa.eu/public/
EU_EEA,Ireland,IRL,2015,Escherichia coli,Blood/invasive,Aminoglycosides,313,2646,EARS-Net mixed/not reported,Not reported in Atlas aggregate,ECDC Surveillance Atlas aggregate,https://atlas.ecdc.europa.eu/public/
EU_EEA,Ireland,IRL,2016,Escherichia coli,Blood/invasive,Aminoglycosides,336,2991,EARS-Net mixed/not reported,Not reported in Atlas aggregate,ECDC Surveillance Atlas aggregate,https://atlas.ecdc.europa.eu/public/
EU_EEA,Ireland,IRL,2017,Escherichia coli,Blood/invasive,Aminoglycosides,373,3123,EARS-Net mixed/not reported,Not reported in Atlas aggregate,ECDC Surveillance Atlas aggregate,https://atlas.ecdc.europa.eu/public/
EU_EEA,Ireland,IRL,2018,Escherichia coli,Blood/invasive,Aminoglycosides,380,3238,EARS-Net mixed/not reported,Not reported in Atlas aggregate,ECDC Surveillance Atlas aggregate,https://atlas.ecdc.europa.eu/public/
EU_EEA,Ireland,IRL,2019,Escherichia coli,Blood/invasive,Aminoglycosides,380,3232,EARS-Net mixed/not reported,Not reported in Atlas aggregate,ECDC Surveillance Atlas aggregate,https://atlas.ecdc.europa.eu/public/
EU_EEA,Ireland,IRL,2020,Escherichia coli,Blood/invasive,Aminoglycosides,303,2849,EUCAST,EUCAST required; exact version unavailable in Atlas aggregate,ECDC Surveillance Atlas aggregate,https://atlas.ecdc.europa.eu/public/
EU_EEA,Ireland,IRL,2021,Escherichia coli,Blood/invasive,Aminoglycosides,278,2904,EUCAST,EUCAST required; exact version unavailable in Atlas aggregate,ECDC Surveillance Atlas aggregate,https://atlas.ecdc.europa.eu/public/
EU_EEA,Ireland,IRL,2022,Escherichia coli,Blood/invasive,Aminoglycosides,260,3004,EUCAST,EUCAST required; exact version unavailable in Atlas aggregate,ECDC Surveillance Atlas aggregate,https://atlas.ecdc.europa.eu/public/
EU_EEA,Ireland,IRL,2023,Escherichia coli,Blood/invasive,Aminoglycosides,272,3111,EUCAST,EUCAST required; exact version unavailable in Atlas aggregate,ECDC Surveillance Atlas aggregate,https://atlas.ecdc.europa.eu/public/
EU_EEA,Ireland,IRL,2002,Escherichia coli,Blood/invasive,Aminopenicillins,452,733,EARS-Net mixed/not reported,Not reported in Atlas aggregate,ECDC Surveillance Atlas aggregate,https://atlas.ecdc.europa.eu/public/
EU_EEA,Ireland,IRL,2003,Escherichia coli,Blood/invasive,Aminopenicillins,600,977,EARS-Net mixed/not reported,Not reported in Atlas aggregate,ECDC Surveillance Atlas aggregate,https://atlas.ecdc.europa.eu/public/
EU_EEA,Ireland,IRL,2004,Escherichia coli,Blood/invasive,Aminopenicillins,793,1228,EARS-Net mixed/not reported,Not reported in Atlas aggregate,ECDC Surveillance Atlas aggregate,https://atlas.ecdc.europa.eu/public/
EU_EEA,Ireland,IRL,2005,Escherichia coli,Blood/invasive,Aminopenicillins,950,1422,EARS-Net mixed/not reported,Not reported in Atlas aggregate,ECDC Surveillance Atlas aggregate,https://atlas.ecdc.europa.eu/public/
EU_EEA,Ireland,IRL,2006,Escherichia coli,Blood/invasive,Aminopenicillins,1126,1632,EARS-Net mixed/not reported,Not reported in Atlas aggregate,ECDC Surveillance Atlas aggregate,https://atlas.ecdc.europa.eu/public/
EU_EEA,Ireland,IRL,2007,Escherichia coli,Blood/invasive,Aminopenicillins,1144,1748,EARS-Net mixed/not reported,Not reported in Atlas aggregate,ECDC Surveillance Atlas aggregate,https://atlas.ecdc.europa.eu/public/
EU_EEA,Ireland,IRL,2008,Escherichia coli,Blood/invasive,Aminopenicillins,1259,1869,EARS-Net mixed/not reported,Not reported in Atlas aggregate,ECDC Surveillance Atlas aggregate,https://atlas.ecdc.europa.eu/public/
EU_EEA,Ireland,IRL,2009,Escherichia coli,Blood/invasive,Aminopenicillins,1321,1987,EARS-Net mixed/not reported,Not reported in Atlas aggregate,ECDC Surveillance Atlas aggregate,https://atlas.ecdc.europa.eu/public/
EU_EEA,Ireland,IRL,2010,Escherichia coli,Blood/invasive,Aminopenicillins,1417,2121,EARS-Net mixed/not reported,Not reported in Atlas aggregate,ECDC Surveillance Atlas aggregate,https://atlas.ecdc.europa.eu/public/
EU_EEA,Ireland,IRL,2011,Escherichia coli,Blood/invasive,Aminopenicillins,1473,2118,EARS-Net mixed/not reported,Not reported in Atlas aggregate,ECDC Surveillance Atlas aggregate,https://atlas.ecdc.europa.eu/public/
EU_EEA,Ireland,IRL,2012,Escherichia coli,Blood/invasive,Aminopenicillins,1570,2329,EARS-Net mixed/not reported,Not reported in Atlas aggregate,ECDC Surveillance Atlas aggregate,https://atlas.ecdc.europa.eu/public/
EU_EEA,Ireland,IRL,2013,Escherichia coli,Blood/invasive,Aminopenicillins,1710,2465,EARS-Net mixed/not reported,Not reported in Atlas aggregate,ECDC Surveillance Atlas aggregate,https://atlas.ecdc.europa.eu/public/
EU_EEA,Ireland,IRL,2014,Escherichia coli,Blood/invasive,Aminopenicillins,1852,2694,EARS-Net mixed/not reported,Not reported in Atlas aggregate,ECDC Surveillance Atlas aggregate,https://atlas.ecdc.europa.eu/public/
EU_EEA,Ireland,IRL,2015,Escherichia coli,Blood/invasive,Aminopenicillins,1752,2646,EARS-Net mixed/not reported,Not reported in Atlas aggregate,ECDC Surveillance Atlas aggregate,https://atlas.ecdc.europa.eu/public/
EU_EEA,Ireland,IRL,2016,Escherichia coli,Blood/invasive,Aminopenicillins,2035,2990,EARS-Net mixed/not reported,Not reported in Atlas aggregate,ECDC Surveillance Atlas aggregate,https://atlas.ecdc.europa.eu/public/
EU_EEA,Ireland,IRL,2017,Escherichia coli,Blood/invasive,Aminopenicillins,2088,2991,EARS-Net mixed/not reported,Not reported in Atlas aggregate,ECDC Surveillance Atlas aggregate,https://atlas.ecdc.europa.eu/public/
EU_EEA,Ireland,IRL,2018,Escherichia coli,Blood/invasive,Aminopenicillins,2189,3237,EARS-Net mixed/not reported,Not reported in Atlas aggregate,ECDC Surveillance Atlas aggregate,https://atlas.ecdc.europa.eu/public/
EU_EEA,Ireland,IRL,2019,Escherichia coli,Blood/invasive,Aminopenicillins,2162,3201,EARS-Net mixed/not reported,Not reported in Atlas aggregate,ECDC Surveillance Atlas aggregate,https://atlas.ecdc.europa.eu/public/
EU_EEA,Ireland,IRL,2020,Escherichia coli,Blood/invasive,Aminopenicillins,1847,2841,EUCAST,EUCAST required; exact version unavailable in Atlas aggregate,ECDC Surveillance Atlas aggregate,https://atlas.ecdc.europa.eu/public/
EU_EEA,Ireland,IRL,2021,Escherichia coli,Blood/invasive,Aminopenicillins,1826,2898,EUCAST,EUCAST required; exact version unavailable in Atlas aggregate,ECDC Surveillance Atlas aggregate,https://atlas.ecdc.europa.eu/public/
EU_EEA,Ireland,IRL,2022,Escherichia coli,Blood/invasive,Aminopenicillins,1855,3003,EUCAST,EUCAST required; exact version unavailable in Atlas aggregate,ECDC Surveillance Atlas aggregate,https://atlas.ecdc.europa.eu/public/
EU_EEA,Ireland,IRL,2023,Escherichia coli,Blood/invasive,Aminopenicillins,1962,3115,EUCAST,EUCAST required; exact version unavailable in Atlas aggregate,ECDC Surveillance Atlas aggregate,https://atlas.ecdc.europa.eu/public/
EU_EEA,Ireland,IRL,2002,Escherichia coli,Blood/invasive,Carbapenems,0,579,EARS-Net mixed/not reported,Not reported in Atlas aggregate,ECDC Surveillance Atlas aggregate,https://atlas.ecdc.europa.eu/public/
EU_EEA,Ireland,IRL,2003,Escherichia coli,Blood/invasive,Carbapenems,1,745,EARS-Net mixed/not reported,Not reported in Atlas aggregate,ECDC Surveillance Atlas aggregate,https://atlas.ecdc.europa.eu/public/
EU_EEA,Ireland,IRL,2004,Escherichia coli,Blood/invasive,Carbapenems,0,842,EARS-Net mixed/not reported,Not reported in Atlas aggregate,ECDC Surveillance Atlas aggregate,https://atlas.ecdc.europa.eu/public/
EU_EEA,Ireland,IRL,2005,Escherichia coli,Blood/invasive,Carbapenems,0,1026,EARS-Net mixed/not reported,Not reported in Atlas aggregate,ECDC Surveillance Atlas aggregate,https://atlas.ecdc.europa.eu/public/
EU_EEA,Ireland,IRL,2006,Escherichia coli,Blood/invasive,Carbapenems,0,1233,EARS-Net mixed/not reported,Not reported in Atlas aggregate,ECDC Surveillance Atlas aggregate,https://atlas.ecdc.europa.eu/public/
EU_EEA,Ireland,IRL,2007,Escherichia coli,Blood/invasive,Carbapenems,0,1321,EARS-Net mixed/not reported,Not reported in Atlas aggregate,ECDC Surveillance Atlas aggregate,https://atlas.ecdc.europa.eu/public/
EU_EEA,Ireland,IRL,2008,Escherichia coli,Blood/invasive,Carbapenems,0,1447,EARS-Net mixed/not reported,Not reported in Atlas aggregate,ECDC Surveillance Atlas aggregate,https://atlas.ecdc.europa.eu/public/
EU_EEA,Ireland,IRL,2009,Escherichia coli,Blood/invasive,Carbapenems,0,1610,EARS-Net mixed/not reported,Not reported in Atlas aggregate,ECDC Surveillance Atlas aggregate,https://atlas.ecdc.europa.eu/public/
EU_EEA,Ireland,IRL,2010,Escherichia coli,Blood/invasive,Carbapenems,0,1940,EARS-Net mixed/not reported,Not reported in Atlas aggregate,ECDC Surveillance Atlas aggregate,https://atlas.ecdc.europa.eu/public/
EU_EEA,Ireland,IRL,2011,Escherichia coli,Blood/invasive,Carbapenems,0,2149,EARS-Net mixed/not reported,Not reported in Atlas aggregate,ECDC Surveillance Atlas aggregate,https://atlas.ecdc.europa.eu/public/
EU_EEA,Ireland,IRL,2012,Escherichia coli,Blood/invasive,Carbapenems,0,2369,EARS-Net mixed/not reported,Not reported in Atlas aggregate,ECDC Surveillance Atlas aggregate,https://atlas.ecdc.europa.eu/public/
EU_EEA,Ireland,IRL,2013,Escherichia coli,Blood/invasive,Carbapenems,1,2476,EARS-Net mixed/not reported,Not reported in Atlas aggregate,ECDC Surveillance Atlas aggregate,https://atlas.ecdc.europa.eu/public/
EU_EEA,Ireland,IRL,2014,Escherichia coli,Blood/invasive,Carbapenems,1,2697,EARS-Net mixed/not reported,Not reported in Atlas aggregate,ECDC Surveillance Atlas aggregate,https://atlas.ecdc.europa.eu/public/
EU_EEA,Ireland,IRL,2015,Escherichia coli,Blood/invasive,Carbapenems,1,2615,EARS-Net mixed/not reported,Not reported in Atlas aggregate,ECDC Surveillance Atlas aggregate,https://atlas.ecdc.europa.eu/public/
EU_EEA,Ireland,IRL,2016,Escherichia coli,Blood/invasive,Carbapenems,1,2989,EARS-Net mixed/not reported,Not reported in Atlas aggregate,ECDC Surveillance Atlas aggregate,https://atlas.ecdc.europa.eu/public/
EU_EEA,Ireland,IRL,2017,Escherichia coli,Blood/invasive,Carbapenems,1,3116,EARS-Net mixed/not reported,Not reported in Atlas aggregate,ECDC Surveillance Atlas aggregate,https://atlas.ecdc.europa.eu/public/
EU_EEA,Ireland,IRL,2018,Escherichia coli,Blood/invasive,Carbapenems,0,3237,EARS-Net mixed/not reported,Not reported in Atlas aggregate,ECDC Surveillance Atlas aggregate,https://atlas.ecdc.europa.eu/public/
EU_EEA,Ireland,IRL,2019,Escherichia coli,Blood/invasive,Carbapenems,0,3229,EARS-Net mixed/not reported,Not reported in Atlas aggregate,ECDC Surveillance Atlas aggregate,https://atlas.ecdc.europa.eu/public/
EU_EEA,Ireland,IRL,2020,Escherichia coli,Blood/invasive,Carbapenems,2,2820,EUCAST,EUCAST required; exact version unavailable in Atlas aggregate,ECDC Surveillance Atlas aggregate,https://atlas.ecdc.europa.eu/public/
EU_EEA,Ireland,IRL,2021,Escherichia coli,Blood/invasive,Carbapenems,0,2891,EUCAST,EUCAST required; exact version unavailable in Atlas aggregate,ECDC Surveillance Atlas aggregate,https://atlas.ecdc.europa.eu/public/
EU_EEA,Ireland,IRL,2022,Escherichia coli,Blood/invasive,Carbapenems,0,2996,EUCAST,EUCAST required; exact version unavailable in Atlas aggregate,ECDC Surveillance Atlas aggregate,https://atlas.ecdc.europa.eu/public/
EU_EEA,Ireland,IRL,2023,Escherichia coli,Blood/invasive,Carbapenems,2,3069,EUCAST,EUCAST required; exact version unavailable in Atlas aggregate,ECDC Surveillance Atlas aggregate,https://atlas.ecdc.europa.eu/public/
EU_EEA,Ireland,IRL,2002,Escherichia coli,Blood/invasive,Fluoroquinolones,37,721,EARS-Net mixed/not reported,Not reported in Atlas aggregate,ECDC Surveillance Atlas aggregate,https://atlas.ecdc.europa.eu/public/
EU_EEA,Ireland,IRL,2003,Escherichia coli,Blood/invasive,Fluoroquinolones,91,952,EARS-Net mixed/not reported,Not reported in Atlas aggregate,ECDC Surveillance Atlas aggregate,https://atlas.ecdc.europa.eu/public/
EU_EEA,Ireland,IRL,2004,Escherichia coli,Blood/invasive,Fluoroquinolones,147,1213,EARS-Net mixed/not reported,Not reported in Atlas aggregate,ECDC Surveillance Atlas aggregate,https://atlas.ecdc.europa.eu/public/
EU_EEA,Ireland,IRL,2005,Escherichia coli,Blood/invasive,Fluoroquinolones,238,1411,EARS-Net mixed/not reported,Not reported in Atlas aggregate,ECDC Surveillance Atlas aggregate,https://atlas.ecdc.europa.eu/public/
EU_EEA,Ireland,IRL,2006,Escherichia coli,Blood/invasive,Fluoroquinolones,340,1621,EARS-Net mixed/not reported,Not reported in Atlas aggregate,ECDC Surveillance Atlas aggregate,https://atlas.ecdc.europa.eu/public/
EU_EEA,Ireland,IRL,2007,Escherichia coli,Blood/invasive,Fluoroquinolones,371,1741,EARS-Net mixed/not reported,Not reported in Atlas aggregate,ECDC Surveillance Atlas aggregate,https://atlas.ecdc.europa.eu/public/
EU_EEA,Ireland,IRL,2008,Escherichia coli,Blood/invasive,Fluoroquinolones,420,1856,EARS-Net mixed/not reported,Not reported in Atlas aggregate,ECDC Surveillance Atlas aggregate,https://atlas.ecdc.europa.eu/public/
EU_EEA,Ireland,IRL,2009,Escherichia coli,Blood/invasive,Fluoroquinolones,435,2005,EARS-Net mixed/not reported,Not reported in Atlas aggregate,ECDC Surveillance Atlas aggregate,https://atlas.ecdc.europa.eu/public/
EU_EEA,Ireland,IRL,2010,Escherichia coli,Blood/invasive,Fluoroquinolones,484,2117,EARS-Net mixed/not reported,Not reported in Atlas aggregate,ECDC Surveillance Atlas aggregate,https://atlas.ecdc.europa.eu/public/
EU_EEA,Ireland,IRL,2011,Escherichia coli,Blood/invasive,Fluoroquinolones,494,2153,EARS-Net mixed/not reported,Not reported in Atlas aggregate,ECDC Surveillance Atlas aggregate,https://atlas.ecdc.europa.eu/public/
EU_EEA,Ireland,IRL,2012,Escherichia coli,Blood/invasive,Fluoroquinolones,578,2380,EARS-Net mixed/not reported,Not reported in Atlas aggregate,ECDC Surveillance Atlas aggregate,https://atlas.ecdc.europa.eu/public/
EU_EEA,Ireland,IRL,2013,Escherichia coli,Blood/invasive,Fluoroquinolones,599,2478,EARS-Net mixed/not reported,Not reported in Atlas aggregate,ECDC Surveillance Atlas aggregate,https://atlas.ecdc.europa.eu/public/
EU_EEA,Ireland,IRL,2014,Escherichia coli,Blood/invasive,Fluoroquinolones,663,2703,EARS-Net mixed/not reported,Not reported in Atlas aggregate,ECDC Surveillance Atlas aggregate,https://atlas.ecdc.europa.eu/public/
EU_EEA,Ireland,IRL,2015,Escherichia coli,Blood/invasive,Fluoroquinolones,607,2631,EARS-Net mixed/not reported,Not reported in Atlas aggregate,ECDC Surveillance Atlas aggregate,https://atlas.ecdc.europa.eu/public/
EU_EEA,Ireland,IRL,2016,Escherichia coli,Blood/invasive,Fluoroquinolones,685,2990,EARS-Net mixed/not reported,Not reported in Atlas aggregate,ECDC Surveillance Atlas aggregate,https://atlas.ecdc.europa.eu/public/
EU_EEA,Ireland,IRL,2017,Escherichia coli,Blood/invasive,Fluoroquinolones,736,3119,EARS-Net mixed/not reported,Not reported in Atlas aggregate,ECDC Surveillance Atlas aggregate,https://atlas.ecdc.europa.eu/public/
EU_EEA,Ireland,IRL,2018,Escherichia coli,Blood/invasive,Fluoroquinolones,774,3238,EARS-Net mixed/not reported,Not reported in Atlas aggregate,ECDC Surveillance Atlas aggregate,https://atlas.ecdc.europa.eu/public/
EU_EEA,Ireland,IRL,2019,Escherichia coli,Blood/invasive,Fluoroquinolones,656,3223,EARS-Net mixed/not reported,Not reported in Atlas aggregate,ECDC Surveillance Atlas aggregate,https://atlas.ecdc.europa.eu/public/
EU_EEA,Ireland,IRL,2020,Escherichia coli,Blood/invasive,Fluoroquinolones,537,2844,EUCAST,EUCAST required; exact version unavailable in Atlas aggregate,ECDC Surveillance Atlas aggregate,https://atlas.ecdc.europa.eu/public/
EU_EEA,Ireland,IRL,2021,Escherichia coli,Blood/invasive,Fluoroquinolones,463,2898,EUCAST,EUCAST required; exact version unavailable in Atlas aggregate,ECDC Surveillance Atlas aggregate,https://atlas.ecdc.europa.eu/public/
EU_EEA,Ireland,IRL,2022,Escherichia coli,Blood/invasive,Fluoroquinolones,468,3000,EUCAST,EUCAST required; exact version unavailable in Atlas aggregate,ECDC Surveillance Atlas aggregate,https://atlas.ecdc.europa.eu/public/
EU_EEA,Ireland,IRL,2023,Escherichia coli,Blood/invasive,Fluoroquinolones,489,3062,EUCAST,EUCAST required; exact version unavailable in Atlas aggregate,ECDC Surveillance Atlas aggregate,https://atlas.ecdc.europa.eu/public/
EU_EEA,Ireland,IRL,2002,Escherichia coli,Blood/invasive,Third-generation cephalosporins,16,732,EARS-Net mixed/not reported,Not reported in Atlas aggregate,ECDC Surveillance Atlas aggregate,https://atlas.ecdc.europa.eu/public/
EU_EEA,Ireland,IRL,2003,Escherichia coli,Blood/invasive,Third-generation cephalosporins,21,963,EARS-Net mixed/not reported,Not reported in Atlas aggregate,ECDC Surveillance Atlas aggregate,https://atlas.ecdc.europa.eu/public/
EU_EEA,Ireland,IRL,2004,Escherichia coli,Blood/invasive,Third-generation cephalosporins,23,1194,EARS-Net mixed/not reported,Not reported in Atlas aggregate,ECDC Surveillance Atlas aggregate,https://atlas.ecdc.europa.eu/public/
EU_EEA,Ireland,IRL,2005,Escherichia coli,Blood/invasive,Third-generation cephalosporins,50,1404,EARS-Net mixed/not reported,Not reported in Atlas aggregate,ECDC Surveillance Atlas aggregate,https://atlas.ecdc.europa.eu/public/
EU_EEA,Ireland,IRL,2006,Escherichia coli,Blood/invasive,Third-generation cephalosporins,57,1627,EARS-Net mixed/not reported,Not reported in Atlas aggregate,ECDC Surveillance Atlas aggregate,https://atlas.ecdc.europa.eu/public/
EU_EEA,Ireland,IRL,2007,Escherichia coli,Blood/invasive,Third-generation cephalosporins,94,1740,EARS-Net mixed/not reported,Not reported in Atlas aggregate,ECDC Surveillance Atlas aggregate,https://atlas.ecdc.europa.eu/public/
EU_EEA,Ireland,IRL,2008,Escherichia coli,Blood/invasive,Third-generation cephalosporins,110,1859,EARS-Net mixed/not reported,Not reported in Atlas aggregate,ECDC Surveillance Atlas aggregate,https://atlas.ecdc.europa.eu/public/
EU_EEA,Ireland,IRL,2009,Escherichia coli,Blood/invasive,Third-generation cephalosporins,129,1986,EARS-Net mixed/not reported,Not reported in Atlas aggregate,ECDC Surveillance Atlas aggregate,https://atlas.ecdc.europa.eu/public/
EU_EEA,Ireland,IRL,2010,Escherichia coli,Blood/invasive,Third-generation cephalosporins,163,2119,EARS-Net mixed/not reported,Not reported in Atlas aggregate,ECDC Surveillance Atlas aggregate,https://atlas.ecdc.europa.eu/public/
EU_EEA,Ireland,IRL,2011,Escherichia coli,Blood/invasive,Third-generation cephalosporins,194,2166,EARS-Net mixed/not reported,Not reported in Atlas aggregate,ECDC Surveillance Atlas aggregate,https://atlas.ecdc.europa.eu/public/
EU_EEA,Ireland,IRL,2012,Escherichia coli,Blood/invasive,Third-generation cephalosporins,210,2288,EARS-Net mixed/not reported,Not reported in Atlas aggregate,ECDC Surveillance Atlas aggregate,https://atlas.ecdc.europa.eu/public/
EU_EEA,Ireland,IRL,2013,Escherichia coli,Blood/invasive,Third-generation cephalosporins,264,2480,EARS-Net mixed/not reported,Not reported in Atlas aggregate,ECDC Surveillance Atlas aggregate,https://atlas.ecdc.europa.eu/public/
EU_EEA,Ireland,IRL,2014,Escherichia coli,Blood/invasive,Third-generation cephalosporins,289,2691,EARS-Net mixed/not reported,Not reported in Atlas aggregate,ECDC Surveillance Atlas aggregate,https://atlas.ecdc.europa.eu/public/
EU_EEA,Ireland,IRL,2015,Escherichia coli,Blood/invasive,Third-generation cephalosporins,300,2638,EARS-Net mixed/not reported,Not reported in Atlas aggregate,ECDC Surveillance Atlas aggregate,https://atlas.ecdc.europa.eu/public/
EU_EEA,Ireland,IRL,2016,Escherichia coli,Blood/invasive,Third-generation cephalosporins,340,2985,EARS-Net mixed/not reported,Not reported in Atlas aggregate,ECDC Surveillance Atlas aggregate,https://atlas.ecdc.europa.eu/public/
EU_EEA,Ireland,IRL,2017,Escherichia coli,Blood/invasive,Third-generation cephalosporins,374,3121,EARS-Net mixed/not reported,Not reported in Atlas aggregate,ECDC Surveillance Atlas aggregate,https://atlas.ecdc.europa.eu/public/
EU_EEA,Ireland,IRL,2018,Escherichia coli,Blood/invasive,Third-generation cephalosporins,417,3237,EARS-Net mixed/not reported,Not reported in Atlas aggregate,ECDC Surveillance Atlas aggregate,https://atlas.ecdc.europa.eu/public/
EU_EEA,Ireland,IRL,2019,Escherichia coli,Blood/invasive,Third-generation cephalosporins,390,3231,EARS-Net mixed/not reported,Not reported in Atlas aggregate,ECDC Surveillance Atlas aggregate,https://atlas.ecdc.europa.eu/public/
EU_EEA,Ireland,IRL,2020,Escherichia coli,Blood/invasive,Third-generation cephalosporins,337,2850,EUCAST,EUCAST required; exact version unavailable in Atlas aggregate,ECDC Surveillance Atlas aggregate,https://atlas.ecdc.europa.eu/public/
EU_EEA,Ireland,IRL,2021,Escherichia coli,Blood/invasive,Third-generation cephalosporins,289,2903,EUCAST,EUCAST required; exact version unavailable in Atlas aggregate,ECDC Surveillance Atlas aggregate,https://atlas.ecdc.europa.eu/public/
EU_EEA,Ireland,IRL,2022,Escherichia coli,Blood/invasive,Third-generation cephalosporins,291,3007,EUCAST,EUCAST required; exact version unavailable in Atlas aggregate,ECDC Surveillance Atlas aggregate,https://atlas.ecdc.europa.eu/public/
EU_EEA,Ireland,IRL,2023,Escherichia coli,Blood/invasive,Third-generation cephalosporins,325,3118,EUCAST,EUCAST required; exact version unavailable in Atlas aggregate,ECDC Surveillance Atlas aggregate,https://atlas.ecdc.europa.eu/public/
EU_EEA,Iceland,ISL,2001,Escherichia coli,Blood/invasive,Aminoglycosides,3,85,EARS-Net mixed/not reported,Not reported in Atlas aggregate,ECDC Surveillance Atlas aggregate,https://atlas.ecdc.europa.eu/public/
EU_EEA,Iceland,ISL,2002,Escherichia coli,Blood/invasive,Aminoglycosides,1,82,EARS-Net mixed/not reported,Not reported in Atlas aggregate,ECDC Surveillance Atlas aggregate,https://atlas.ecdc.europa.eu/public/
EU_EEA,Iceland,ISL,2003,Escherichia coli,Blood/invasive,Aminoglycosides,2,98,EARS-Net mixed/not reported,Not reported in Atlas aggregate,ECDC Surveillance Atlas aggregate,https://atlas.ecdc.europa.eu/public/
EU_EEA,Iceland,ISL,2004,Escherichia coli,Blood/invasive,Aminoglycosides,1,118,EARS-Net mixed/not reported,Not reported in Atlas aggregate,ECDC Surveillance Atlas aggregate,https://atlas.ecdc.europa.eu/public/
EU_EEA,Iceland,ISL,2005,Escherichia coli,Blood/invasive,Aminoglycosides,1,130,EARS-Net mixed/not reported,Not reported in Atlas aggregate,ECDC Surveillance Atlas aggregate,https://atlas.ecdc.europa.eu/public/
EU_EEA,Iceland,ISL,2006,Escherichia coli,Blood/invasive,Aminoglycosides,9,130,EARS-Net mixed/not reported,Not reported in Atlas aggregate,ECDC Surveillance Atlas aggregate,https://atlas.ecdc.europa.eu/public/
EU_EEA,Iceland,ISL,2007,Escherichia coli,Blood/invasive,Aminoglycosides,6,105,EARS-Net mixed/not reported,Not reported in Atlas aggregate,ECDC Surveillance Atlas aggregate,https://atlas.ecdc.europa.eu/public/
EU_EEA,Iceland,ISL,2008,Escherichia coli,Blood/invasive,Aminoglycosides,8,123,EARS-Net mixed/not reported,Not reported in Atlas aggregate,ECDC Surveillance Atlas aggregate,https://atlas.ecdc.europa.eu/public/
EU_EEA,Iceland,ISL,2009,Escherichia coli,Blood/invasive,Aminoglycosides,8,110,EARS-Net mixed/not reported,Not reported in Atlas aggregate,ECDC Surveillance Atlas aggregate,https://atlas.ecdc.europa.eu/public/
EU_EEA,Iceland,ISL,2010,Escherichia coli,Blood/invasive,Aminoglycosides,3,104,EARS-Net mixed/not reported,Not reported in Atlas aggregate,ECDC Surveillance Atlas aggregate,https://atlas.ecdc.europa.eu/public/
EU_EEA,Iceland,ISL,2011,Escherichia coli,Blood/invasive,Aminoglycosides,8,129,EARS-Net mixed/not reported,Not reported in Atlas aggregate,ECDC Surveillance Atlas aggregate,https://atlas.ecdc.europa.eu/public/
EU_EEA,Iceland,ISL,2012,Escherichia coli,Blood/invasive,Aminoglycosides,5,138,EARS-Net mixed/not reported,Not reported in Atlas aggregate,ECDC Surveillance Atlas aggregate,https://atlas.ecdc.europa.eu/public/
EU_EEA,Iceland,ISL,2013,Escherichia coli,Blood/invasive,Aminoglycosides,5,121,EARS-Net mixed/not reported,Not reported in Atlas aggregate,ECDC Surveillance Atlas aggregate,https://atlas.ecdc.europa.eu/public/
EU_EEA,Iceland,ISL,2014,Escherichia coli,Blood/invasive,Aminoglycosides,8,152,EARS-Net mixed/not reported,Not reported in Atlas aggregate,ECDC Surveillance Atlas aggregate,https://atlas.ecdc.europa.eu/public/
EU_EEA,Iceland,ISL,2015,Escherichia coli,Blood/invasive,Aminoglycosides,5,173,EARS-Net mixed/not reported,Not reported in Atlas aggregate,ECDC Surveillance Atlas aggregate,https://atlas.ecdc.europa.eu/public/
EU_EEA,Iceland,ISL,2016,Escherichia coli,Blood/invasive,Aminoglycosides,7,192,EARS-Net mixed/not reported,Not reported in Atlas aggregate,ECDC Surveillance Atlas aggregate,https://atlas.ecdc.europa.eu/public/
EU_EEA,Iceland,ISL,2017,Escherichia coli,Blood/invasive,Aminoglycosides,12,213,EARS-Net mixed/not reported,Not reported in Atlas aggregate,ECDC Surveillance Atlas aggregate,https://atlas.ecdc.europa.eu/public/
EU_EEA,Iceland,ISL,2018,Escherichia coli,Blood/invasive,Aminoglycosides,12,197,EARS-Net mixed/not reported,Not reported in Atlas aggregate,ECDC Surveillance Atlas aggregate,https://atlas.ecdc.europa.eu/public/
EU_EEA,Iceland,ISL,2019,Escherichia coli,Blood/invasive,Aminoglycosides,12,256,EARS-Net mixed/not reported,Not reported in Atlas aggregate,ECDC Surveillance Atlas aggregate,https://atlas.ecdc.europa.eu/public/
EU_EEA,Iceland,ISL,2020,Escherichia coli,Blood/invasive,Aminoglycosides,19,245,EUCAST,EUCAST required; exact version unavailable in Atlas aggregate,ECDC Surveillance Atlas aggregate,https://atlas.ecdc.europa.eu/public/
EU_EEA,Iceland,ISL,2021,Escherichia coli,Blood/invasive,Aminoglycosides,26,278,EUCAST,EUCAST required; exact version unavailable in Atlas aggregate,ECDC Surveillance Atlas aggregate,https://atlas.ecdc.europa.eu/public/
EU_EEA,Iceland,ISL,2022,Escherichia coli,Blood/invasive,Aminoglycosides,18,235,EUCAST,EUCAST required; exact version unavailable in Atlas aggregate,ECDC Surveillance Atlas aggregate,https://atlas.ecdc.europa.eu/public/
EU_EEA,Iceland,ISL,2023,Escherichia coli,Blood/invasive,Aminoglycosides,14,258,EUCAST,EUCAST required; exact version unavailable in Atlas aggregate,ECDC Surveillance Atlas aggregate,https://atlas.ecdc.europa.eu/public/
EU_EEA,Iceland,ISL,2001,Escherichia coli,Blood/invasive,Aminopenicillins,36,86,EARS-Net mixed/not reported,Not reported in Atlas aggregate,ECDC Surveillance Atlas aggregate,https://atlas.ecdc.europa.eu/public/
EU_EEA,Iceland,ISL,2002,Escherichia coli,Blood/invasive,Aminopenicillins,10,54,EARS-Net mixed/not reported,Not reported in Atlas aggregate,ECDC Surveillance Atlas aggregate,https://atlas.ecdc.europa.eu/public/
EU_EEA,Iceland,ISL,2003,Escherichia coli,Blood/invasive,Aminopenicillins,42,99,EARS-Net mixed/not reported,Not reported in Atlas aggregate,ECDC Surveillance Atlas aggregate,https://atlas.ecdc.europa.eu/public/
EU_EEA,Iceland,ISL,2004,Escherichia coli,Blood/invasive,Aminopenicillins,51,118,EARS-Net mixed/not reported,Not reported in Atlas aggregate,ECDC Surveillance Atlas aggregate,https://atlas.ecdc.europa.eu/public/
EU_EEA,Iceland,ISL,2005,Escherichia coli,Blood/invasive,Aminopenicillins,48,128,EARS-Net mixed/not reported,Not reported in Atlas aggregate,ECDC Surveillance Atlas aggregate,https://atlas.ecdc.europa.eu/public/
EU_EEA,Iceland,ISL,2006,Escherichia coli,Blood/invasive,Aminopenicillins,57,128,EARS-Net mixed/not reported,Not reported in Atlas aggregate,ECDC Surveillance Atlas aggregate,https://atlas.ecdc.europa.eu/public/
EU_EEA,Iceland,ISL,2007,Escherichia coli,Blood/invasive,Aminopenicillins,48,104,EARS-Net mixed/not reported,Not reported in Atlas aggregate,ECDC Surveillance Atlas aggregate,https://atlas.ecdc.europa.eu/public/
EU_EEA,Iceland,ISL,2008,Escherichia coli,Blood/invasive,Aminopenicillins,54,123,EARS-Net mixed/not reported,Not reported in Atlas aggregate,ECDC Surveillance Atlas aggregate,https://atlas.ecdc.europa.eu/public/
EU_EEA,Iceland,ISL,2009,Escherichia coli,Blood/invasive,Aminopenicillins,54,109,EARS-Net mixed/not reported,Not reported in Atlas aggregate,ECDC Surveillance Atlas aggregate,https://atlas.ecdc.europa.eu/public/
EU_EEA,Iceland,ISL,2010,Escherichia coli,Blood/invasive,Aminopenicillins,46,100,EARS-Net mixed/not reported,Not reported in Atlas aggregate,ECDC Surveillance Atlas aggregate,https://atlas.ecdc.europa.eu/public/
EU_EEA,Iceland,ISL,2011,Escherichia coli,Blood/invasive,Aminopenicillins,62,129,EARS-Net mixed/not reported,Not reported in Atlas aggregate,ECDC Surveillance Atlas aggregate,https://atlas.ecdc.europa.eu/public/
EU_EEA,Iceland,ISL,2012,Escherichia coli,Blood/invasive,Aminopenicillins,58,131,EARS-Net mixed/not reported,Not reported in Atlas aggregate,ECDC Surveillance Atlas aggregate,https://atlas.ecdc.europa.eu/public/
EU_EEA,Iceland,ISL,2013,Escherichia coli,Blood/invasive,Aminopenicillins,56,121,EARS-Net mixed/not reported,Not reported in Atlas aggregate,ECDC Surveillance Atlas aggregate,https://atlas.ecdc.europa.eu/public/
EU_EEA,Iceland,ISL,2014,Escherichia coli,Blood/invasive,Aminopenicillins,65,151,EARS-Net mixed/not reported,Not reported in Atlas aggregate,ECDC Surveillance Atlas aggregate,https://atlas.ecdc.europa.eu/public/
EU_EEA,Iceland,ISL,2015,Escherichia coli,Blood/invasive,Aminopenicillins,77,173,EARS-Net mixed/not reported,Not reported in Atlas aggregate,ECDC Surveillance Atlas aggregate,https://atlas.ecdc.europa.eu/public/
EU_EEA,Iceland,ISL,2016,Escherichia coli,Blood/invasive,Aminopenicillins,84,192,EARS-Net mixed/not reported,Not reported in Atlas aggregate,ECDC Surveillance Atlas aggregate,https://atlas.ecdc.europa.eu/public/
EU_EEA,Iceland,ISL,2017,Escherichia coli,Blood/invasive,Aminopenicillins,88,213,EARS-Net mixed/not reported,Not reported in Atlas aggregate,ECDC Surveillance Atlas aggregate,https://atlas.ecdc.europa.eu/public/
EU_EEA,Iceland,ISL,2018,Escherichia coli,Blood/invasive,Aminopenicillins,97,198,EARS-Net mixed/not reported,Not reported in Atlas aggregate,ECDC Surveillance Atlas aggregate,https://atlas.ecdc.europa.eu/public/
EU_EEA,Iceland,ISL,2019,Escherichia coli,Blood/invasive,Aminopenicillins,135,257,EARS-Net mixed/not reported,Not reported in Atlas aggregate,ECDC Surveillance Atlas aggregate,https://atlas.ecdc.europa.eu/public/
EU_EEA,Iceland,ISL,2020,Escherichia coli,Blood/invasive,Aminopenicillins,135,245,EUCAST,EUCAST required; exact version unavailable in Atlas aggregate,ECDC Surveillance Atlas aggregate,https://atlas.ecdc.europa.eu/public/
EU_EEA,Iceland,ISL,2021,Escherichia coli,Blood/invasive,Aminopenicillins,129,277,EUCAST,EUCAST required; exact version unavailable in Atlas aggregate,ECDC Surveillance Atlas aggregate,https://atlas.ecdc.europa.eu/public/
EU_EEA,Iceland,ISL,2022,Escherichia coli,Blood/invasive,Aminopenicillins,110,235,EUCAST,EUCAST required; exact version unavailable in Atlas aggregate,ECDC Surveillance Atlas aggregate,https://atlas.ecdc.europa.eu/public/
EU_EEA,Iceland,ISL,2023,Escherichia coli,Blood/invasive,Aminopenicillins,136,258,EUCAST,EUCAST required; exact version unavailable in Atlas aggregate,ECDC Surveillance Atlas aggregate,https://atlas.ecdc.europa.eu/public/
EU_EEA,Iceland,ISL,2001,Escherichia coli,Blood/invasive,Carbapenems,0,70,EARS-Net mixed/not reported,Not reported in Atlas aggregate,ECDC Surveillance Atlas aggregate,https://atlas.ecdc.europa.eu/public/
EU_EEA,Iceland,ISL,2002,Escherichia coli,Blood/invasive,Carbapenems,0,76,EARS-Net mixed/not reported,Not reported in Atlas aggregate,ECDC Surveillance Atlas aggregate,https://atlas.ecdc.europa.eu/public/
EU_EEA,Iceland,ISL,2003,Escherichia coli,Blood/invasive,Carbapenems,0,87,EARS-Net mixed/not reported,Not reported in Atlas aggregate,ECDC Surveillance Atlas aggregate,https://atlas.ecdc.europa.eu/public/
EU_EEA,Iceland,ISL,2004,Escherichia coli,Blood/invasive,Carbapenems,0,111,EARS-Net mixed/not reported,Not reported in Atlas aggregate,ECDC Surveillance Atlas aggregate,https://atlas.ecdc.europa.eu/public/
EU_EEA,Iceland,ISL,2005,Escherichia coli,Blood/invasive,Carbapenems,0,117,EARS-Net mixed/not reported,Not reported in Atlas aggregate,ECDC Surveillance Atlas aggregate,https://atlas.ecdc.europa.eu/public/
EU_EEA,Iceland,ISL,2006,Escherichia coli,Blood/invasive,Carbapenems,0,120,EARS-Net mixed/not reported,Not reported in Atlas aggregate,ECDC Surveillance Atlas aggregate,https://atlas.ecdc.europa.eu/public/
EU_EEA,Iceland,ISL,2007,Escherichia coli,Blood/invasive,Carbapenems,0,88,EARS-Net mixed/not reported,Not reported in Atlas aggregate,ECDC Surveillance Atlas aggregate,https://atlas.ecdc.europa.eu/public/
EU_EEA,Iceland,ISL,2008,Escherichia coli,Blood/invasive,Carbapenems,0,116,EARS-Net mixed/not reported,Not reported in Atlas aggregate,ECDC Surveillance Atlas aggregate,https://atlas.ecdc.europa.eu/public/
EU_EEA,Iceland,ISL,2009,Escherichia coli,Blood/invasive,Carbapenems,0,99,EARS-Net mixed/not reported,Not reported in Atlas aggregate,ECDC Surveillance Atlas aggregate,https://atlas.ecdc.europa.eu/public/
EU_EEA,Iceland,ISL,2010,Escherichia coli,Blood/invasive,Carbapenems,0,52,EARS-Net mixed/not reported,Not reported in Atlas aggregate,ECDC Surveillance Atlas aggregate,https://atlas.ecdc.europa.eu/public/
EU_EEA,Iceland,ISL,2013,Escherichia coli,Blood/invasive,Carbapenems,0,1,EARS-Net mixed/not reported,Not reported in Atlas aggregate,ECDC Surveillance Atlas aggregate,https://atlas.ecdc.europa.eu/public/
EU_EEA,Iceland,ISL,2014,Escherichia coli,Blood/invasive,Carbapenems,0,10,EARS-Net mixed/not reported,Not reported in Atlas aggregate,ECDC Surveillance Atlas aggregate,https://atlas.ecdc.europa.eu/public/
EU_EEA,Iceland,ISL,2016,Escherichia coli,Blood/invasive,Carbapenems,0,6,EARS-Net mixed/not reported,Not reported in Atlas aggregate,ECDC Surveillance Atlas aggregate,https://atlas.ecdc.europa.eu/public/
EU_EEA,Iceland,ISL,2017,Escherichia coli,Blood/invasive,Carbapenems,0,8,EARS-Net mixed/not reported,Not reported in Atlas aggregate,ECDC Surveillance Atlas aggregate,https://atlas.ecdc.europa.eu/public/
EU_EEA,Iceland,ISL,2018,Escherichia coli,Blood/invasive,Carbapenems,0,13,EARS-Net mixed/not reported,Not reported in Atlas aggregate,ECDC Surveillance Atlas aggregate,https://atlas.ecdc.europa.eu/public/
EU_EEA,Iceland,ISL,2019,Escherichia coli,Blood/invasive,Carbapenems,0,2,EARS-Net mixed/not reported,Not reported in Atlas aggregate,ECDC Surveillance Atlas aggregate,https://atlas.ecdc.europa.eu/public/
EU_EEA,Iceland,ISL,2020,Escherichia coli,Blood/invasive,Carbapenems,0,245,EUCAST,EUCAST required; exact version unavailable in Atlas aggregate,ECDC Surveillance Atlas aggregate,https://atlas.ecdc.europa.eu/public/
EU_EEA,Iceland,ISL,2021,Escherichia coli,Blood/invasive,Carbapenems,0,276,EUCAST,EUCAST required; exact version unavailable in Atlas aggregate,ECDC Surveillance Atlas aggregate,https://atlas.ecdc.europa.eu/public/
EU_EEA,Iceland,ISL,2022,Escherichia coli,Blood/invasive,Carbapenems,0,235,EUCAST,EUCAST required; exact version unavailable in Atlas aggregate,ECDC Surveillance Atlas aggregate,https://atlas.ecdc.europa.eu/public/
EU_EEA,Iceland,ISL,2023,Escherichia coli,Blood/invasive,Carbapenems,0,258,EUCAST,EUCAST required; exact version unavailable in Atlas aggregate,ECDC Surveillance Atlas aggregate,https://atlas.ecdc.europa.eu/public/
EU_EEA,Iceland,ISL,2001,Escherichia coli,Blood/invasive,Fluoroquinolones,3,81,EARS-Net mixed/not reported,Not reported in Atlas aggregate,ECDC Surveillance Atlas aggregate,https://atlas.ecdc.europa.eu/public/
EU_EEA,Iceland,ISL,2002,Escherichia coli,Blood/invasive,Fluoroquinolones,2,74,EARS-Net mixed/not reported,Not reported in Atlas aggregate,ECDC Surveillance Atlas aggregate,https://atlas.ecdc.europa.eu/public/
EU_EEA,Iceland,ISL,2003,Escherichia coli,Blood/invasive,Fluoroquinolones,5,90,EARS-Net mixed/not reported,Not reported in Atlas aggregate,ECDC Surveillance Atlas aggregate,https://atlas.ecdc.europa.eu/public/
EU_EEA,Iceland,ISL,2004,Escherichia coli,Blood/invasive,Fluoroquinolones,2,113,EARS-Net mixed/not reported,Not reported in Atlas aggregate,ECDC Surveillance Atlas aggregate,https://atlas.ecdc.europa.eu/public/
EU_EEA,Iceland,ISL,2005,Escherichia coli,Blood/invasive,Fluoroquinolones,4,117,EARS-Net mixed/not reported,Not reported in Atlas aggregate,ECDC Surveillance Atlas aggregate,https://atlas.ecdc.europa.eu/public/
EU_EEA,Iceland,ISL,2006,Escherichia coli,Blood/invasive,Fluoroquinolones,14,121,EARS-Net mixed/not reported,Not reported in Atlas aggregate,ECDC Surveillance Atlas aggregate,https://atlas.ecdc.europa.eu/public/
EU_EEA,Iceland,ISL,2007,Escherichia coli,Blood/invasive,Fluoroquinolones,15,90,EARS-Net mixed/not reported,Not reported in Atlas aggregate,ECDC Surveillance Atlas aggregate,https://atlas.ecdc.europa.eu/public/
EU_EEA,Iceland,ISL,2008,Escherichia coli,Blood/invasive,Fluoroquinolones,7,115,EARS-Net mixed/not reported,Not reported in Atlas aggregate,ECDC Surveillance Atlas aggregate,https://atlas.ecdc.europa.eu/public/
EU_EEA,Iceland,ISL,2009,Escherichia coli,Blood/invasive,Fluoroquinolones,7,99,EARS-Net mixed/not reported,Not reported in Atlas aggregate,ECDC Surveillance Atlas aggregate,https://atlas.ecdc.europa.eu/public/
EU_EEA,Iceland,ISL,2010,Escherichia coli,Blood/invasive,Fluoroquinolones,10,95,EARS-Net mixed/not reported,Not reported in Atlas aggregate,ECDC Surveillance Atlas aggregate,https://atlas.ecdc.europa.eu/public/
EU_EEA,Iceland,ISL,2011,Escherichia coli,Blood/invasive,Fluoroquinolones,17,121,EARS-Net mixed/not reported,Not reported in Atlas aggregate,ECDC Surveillance Atlas aggregate,https://atlas.ecdc.europa.eu/public/
EU_EEA,Iceland,ISL,2012,Escherichia coli,Blood/invasive,Fluoroquinolones,13,134,EARS-Net mixed/not reported,Not reported in Atlas aggregate,ECDC Surveillance Atlas aggregate,https://atlas.ecdc.europa.eu/public/
EU_EEA,Iceland,ISL,2013,Escherichia coli,Blood/invasive,Fluoroquinolones,17,116,EARS-Net mixed/not reported,Not reported in Atlas aggregate,ECDC Surveillance Atlas aggregate,https://atlas.ecdc.europa.eu/public/
EU_EEA,Iceland,ISL,2014,Escherichia coli,Blood/invasive,Fluoroquinolones,11,141,EARS-Net mixed/not reported,Not reported in Atlas aggregate,ECDC Surveillance Atlas aggregate,https://atlas.ecdc.europa.eu/public/
EU_EEA,Iceland,ISL,2015,Escherichia coli,Blood/invasive,Fluoroquinolones,11,162,EARS-Net mixed/not reported,Not reported in Atlas aggregate,ECDC Surveillance Atlas aggregate,https://atlas.ecdc.europa.eu/public/
EU_EEA,Iceland,ISL,2016,Escherichia coli,Blood/invasive,Fluoroquinolones,17,178,EARS-Net mixed/not reported,Not reported in Atlas aggregate,ECDC Surveillance Atlas aggregate,https://atlas.ecdc.europa.eu/public/
EU_EEA,Iceland,ISL,2017,Escherichia coli,Blood/invasive,Fluoroquinolones,23,199,EARS-Net mixed/not reported,Not reported in Atlas aggregate,ECDC Surveillance Atlas aggregate,https://atlas.ecdc.europa.eu/public/
EU_EEA,Iceland,ISL,2018,Escherichia coli,Blood/invasive,Fluoroquinolones,33,192,EARS-Net mixed/not reported,Not reported in Atlas aggregate,ECDC Surveillance Atlas aggregate,https://atlas.ecdc.europa.eu/public/
EU_EEA,Iceland,ISL,2019,Escherichia coli,Blood/invasive,Fluoroquinolones,33,252,EARS-Net mixed/not reported,Not reported in Atlas aggregate,ECDC Surveillance Atlas aggregate,https://atlas.ecdc.europa.eu/public/
EU_EEA,Iceland,ISL,2020,Escherichia coli,Blood/invasive,Fluoroquinolones,29,245,EUCAST,EUCAST required; exact version unavailable in Atlas aggregate,ECDC Surveillance Atlas aggregate,https://atlas.ecdc.europa.eu/public/
EU_EEA,Iceland,ISL,2021,Escherichia coli,Blood/invasive,Fluoroquinolones,40,277,EUCAST,EUCAST required; exact version unavailable in Atlas aggregate,ECDC Surveillance Atlas aggregate,https://atlas.ecdc.europa.eu/public/
EU_EEA,Iceland,ISL,2022,Escherichia coli,Blood/invasive,Fluoroquinolones,24,235,EUCAST,EUCAST required; exact version unavailable in Atlas aggregate,ECDC Surveillance Atlas aggregate,https://atlas.ecdc.europa.eu/public/
EU_EEA,Iceland,ISL,2023,Escherichia coli,Blood/invasive,Fluoroquinolones,33,258,EUCAST,EUCAST required; exact version unavailable in Atlas aggregate,ECDC Surveillance Atlas aggregate,https://atlas.ecdc.europa.eu/public/
EU_EEA,Iceland,ISL,2001,Escherichia coli,Blood/invasive,Third-generation cephalosporins,0,86,EARS-Net mixed/not reported,Not reported in Atlas aggregate,ECDC Surveillance Atlas aggregate,https://atlas.ecdc.europa.eu/public/
EU_EEA,Iceland,ISL,2002,Escherichia coli,Blood/invasive,Third-generation cephalosporins,0,82,EARS-Net mixed/not reported,Not reported in Atlas aggregate,ECDC Surveillance Atlas aggregate,https://atlas.ecdc.europa.eu/public/
EU_EEA,Iceland,ISL,2003,Escherichia coli,Blood/invasive,Third-generation cephalosporins,1,99,EARS-Net mixed/not reported,Not reported in Atlas aggregate,ECDC Surveillance Atlas aggregate,https://atlas.ecdc.europa.eu/public/
EU_EEA,Iceland,ISL,2004,Escherichia coli,Blood/invasive,Third-generation cephalosporins,0,118,EARS-Net mixed/not reported,Not reported in Atlas aggregate,ECDC Surveillance Atlas aggregate,https://atlas.ecdc.europa.eu/public/
EU_EEA,Iceland,ISL,2005,Escherichia coli,Blood/invasive,Third-generation cephalosporins,0,130,EARS-Net mixed/not reported,Not reported in Atlas aggregate,ECDC Surveillance Atlas aggregate,https://atlas.ecdc.europa.eu/public/
EU_EEA,Iceland,ISL,2006,Escherichia coli,Blood/invasive,Third-generation cephalosporins,0,130,EARS-Net mixed/not reported,Not reported in Atlas aggregate,ECDC Surveillance Atlas aggregate,https://atlas.ecdc.europa.eu/public/
EU_EEA,Iceland,ISL,2007,Escherichia coli,Blood/invasive,Third-generation cephalosporins,2,105,EARS-Net mixed/not reported,Not reported in Atlas aggregate,ECDC Surveillance Atlas aggregate,https://atlas.ecdc.europa.eu/public/
EU_EEA,Iceland,ISL,2008,Escherichia coli,Blood/invasive,Third-generation cephalosporins,1,123,EARS-Net mixed/not reported,Not reported in Atlas aggregate,ECDC Surveillance Atlas aggregate,https://atlas.ecdc.europa.eu/public/
EU_EEA,Iceland,ISL,2009,Escherichia coli,Blood/invasive,Third-generation cephalosporins,2,110,EARS-Net mixed/not reported,Not reported in Atlas aggregate,ECDC Surveillance Atlas aggregate,https://atlas.ecdc.europa.eu/public/
EU_EEA,Iceland,ISL,2010,Escherichia coli,Blood/invasive,Third-generation cephalosporins,4,104,EARS-Net mixed/not reported,Not reported in Atlas aggregate,ECDC Surveillance Atlas aggregate,https://atlas.ecdc.europa.eu/public/
EU_EEA,Iceland,ISL,2011,Escherichia coli,Blood/invasive,Third-generation cephalosporins,8,130,EARS-Net mixed/not reported,Not reported in Atlas aggregate,ECDC Surveillance Atlas aggregate,https://atlas.ecdc.europa.eu/public/
EU_EEA,Iceland,ISL,2012,Escherichia coli,Blood/invasive,Third-generation cephalosporins,7,138,EARS-Net mixed/not reported,Not reported in Atlas aggregate,ECDC Surveillance Atlas aggregate,https://atlas.ecdc.europa.eu/public/
EU_EEA,Iceland,ISL,2013,Escherichia coli,Blood/invasive,Third-generation cephalosporins,6,121,EARS-Net mixed/not reported,Not reported in Atlas aggregate,ECDC Surveillance Atlas aggregate,https://atlas.ecdc.europa.eu/public/
EU_EEA,Iceland,ISL,2014,Escherichia coli,Blood/invasive,Third-generation cephalosporins,5,152,EARS-Net mixed/not reported,Not reported in Atlas aggregate,ECDC Surveillance Atlas aggregate,https://atlas.ecdc.europa.eu/public/
EU_EEA,Iceland,ISL,2015,Escherichia coli,Blood/invasive,Third-generation cephalosporins,3,173,EARS-Net mixed/not reported,Not reported in Atlas aggregate,ECDC Surveillance Atlas aggregate,https://atlas.ecdc.europa.eu/public/
EU_EEA,Iceland,ISL,2016,Escherichia coli,Blood/invasive,Third-generation cephalosporins,8,192,EARS-Net mixed/not reported,Not reported in Atlas aggregate,ECDC Surveillance Atlas aggregate,https://atlas.ecdc.europa.eu/public/
EU_EEA,Iceland,ISL,2017,Escherichia coli,Blood/invasive,Third-generation cephalosporins,13,213,EARS-Net mixed/not reported,Not reported in Atlas aggregate,ECDC Surveillance Atlas aggregate,https://atlas.ecdc.europa.eu/public/
EU_EEA,Iceland,ISL,2018,Escherichia coli,Blood/invasive,Third-generation cephalosporins,16,198,EARS-Net mixed/not reported,Not reported in Atlas aggregate,ECDC Surveillance Atlas aggregate,https://atlas.ecdc.europa.eu/public/
EU_EEA,Iceland,ISL,2019,Escherichia coli,Blood/invasive,Third-generation cephalosporins,18,257,EARS-Net mixed/not reported,Not reported in Atlas aggregate,ECDC Surveillance Atlas aggregate,https://atlas.ecdc.europa.eu/public/
EU_EEA,Iceland,ISL,2020,Escherichia coli,Blood/invasive,Third-generation cephalosporins,27,245,EUCAST,EUCAST required; exact version unavailable in Atlas aggregate,ECDC Surveillance Atlas aggregate,https://atlas.ecdc.europa.eu/public/
EU_EEA,Iceland,ISL,2021,Escherichia coli,Blood/invasive,Third-generation cephalosporins,29,278,EUCAST,EUCAST required; exact version unavailable in Atlas aggregate,ECDC Surveillance Atlas aggregate,https://atlas.ecdc.europa.eu/public/
EU_EEA,Iceland,ISL,2022,Escherichia coli,Blood/invasive,Third-generation cephalosporins,23,235,EUCAST,EUCAST required; exact version unavailable in Atlas aggregate,ECDC Surveillance Atlas aggregate,https://atlas.ecdc.europa.eu/public/
EU_EEA,Iceland,ISL,2023,Escherichia coli,Blood/invasive,Third-generation cephalosporins,31,258,EUCAST,EUCAST required; exact version unavailable in Atlas aggregate,ECDC Surveillance Atlas aggregate,https://atlas.ecdc.europa.eu/public/
EU_EEA,Italy,ITA,2002,Escherichia coli,Blood/invasive,Aminoglycosides,36,611,EARS-Net mixed/not reported,Not reported in Atlas aggregate,ECDC Surveillance Atlas aggregate,https://atlas.ecdc.europa.eu/public/
EU_EEA,Italy,ITA,2003,Escherichia coli,Blood/invasive,Aminoglycosides,91,923,EARS-Net mixed/not reported,Not reported in Atlas aggregate,ECDC Surveillance Atlas aggregate,https://atlas.ecdc.europa.eu/public/
EU_EEA,Italy,ITA,2004,Escherichia coli,Blood/invasive,Aminoglycosides,56,641,EARS-Net mixed/not reported,Not reported in Atlas aggregate,ECDC Surveillance Atlas aggregate,https://atlas.ecdc.europa.eu/public/
EU_EEA,Italy,ITA,2005,Escherichia coli,Blood/invasive,Aminoglycosides,124,1089,EARS-Net mixed/not reported,Not reported in Atlas aggregate,ECDC Surveillance Atlas aggregate,https://atlas.ecdc.europa.eu/public/
EU_EEA,Italy,ITA,2006,Escherichia coli,Blood/invasive,Aminoglycosides,64,853,EARS-Net mixed/not reported,Not reported in Atlas aggregate,ECDC Surveillance Atlas aggregate,https://atlas.ecdc.europa.eu/public/
EU_EEA,Italy,ITA,2007,Escherichia coli,Blood/invasive,Aminoglycosides,136,977,EARS-Net mixed/not reported,Not reported in Atlas aggregate,ECDC Surveillance Atlas aggregate,https://atlas.ecdc.europa.eu/public/
EU_EEA,Italy,ITA,2008,Escherichia coli,Blood/invasive,Aminoglycosides,128,937,EARS-Net mixed/not reported,Not reported in Atlas aggregate,ECDC Surveillance Atlas aggregate,https://atlas.ecdc.europa.eu/public/
EU_EEA,Italy,ITA,2009,Escherichia coli,Blood/invasive,Aminoglycosides,107,760,EARS-Net mixed/not reported,Not reported in Atlas aggregate,ECDC Surveillance Atlas aggregate,https://atlas.ecdc.europa.eu/public/
EU_EEA,Italy,ITA,2010,Escherichia coli,Blood/invasive,Aminoglycosides,395,2432,EARS-Net mixed/not reported,Not reported in Atlas aggregate,ECDC Surveillance Atlas aggregate,https://atlas.ecdc.europa.eu/public/
EU_EEA,Italy,ITA,2011,Escherichia coli,Blood/invasive,Aminoglycosides,356,1716,EARS-Net mixed/not reported,Not reported in Atlas aggregate,ECDC Surveillance Atlas aggregate,https://atlas.ecdc.europa.eu/public/
EU_EEA,Italy,ITA,2012,Escherichia coli,Blood/invasive,Aminoglycosides,651,2916,EARS-Net mixed/not reported,Not reported in Atlas aggregate,ECDC Surveillance Atlas aggregate,https://atlas.ecdc.europa.eu/public/
EU_EEA,Italy,ITA,2013,Escherichia coli,Blood/invasive,Aminoglycosides,721,3802,EARS-Net mixed/not reported,Not reported in Atlas aggregate,ECDC Surveillance Atlas aggregate,https://atlas.ecdc.europa.eu/public/
EU_EEA,Italy,ITA,2014,Escherichia coli,Blood/invasive,Aminoglycosides,676,3493,EARS-Net mixed/not reported,Not reported in Atlas aggregate,ECDC Surveillance Atlas aggregate,https://atlas.ecdc.europa.eu/public/
EU_EEA,Italy,ITA,2015,Escherichia coli,Blood/invasive,Aminoglycosides,1091,5408,EARS-Net mixed/not reported,Not reported in Atlas aggregate,ECDC Surveillance Atlas aggregate,https://atlas.ecdc.europa.eu/public/
EU_EEA,Italy,ITA,2016,Escherichia coli,Blood/invasive,Aminoglycosides,1154,6079,EARS-Net mixed/not reported,Not reported in Atlas aggregate,ECDC Surveillance Atlas aggregate,https://atlas.ecdc.europa.eu/public/
EU_EEA,Italy,ITA,2017,Escherichia coli,Blood/invasive,Aminoglycosides,1314,7134,EARS-Net mixed/not reported,Not reported in Atlas aggregate,ECDC Surveillance Atlas aggregate,https://atlas.ecdc.europa.eu/public/
EU_EEA,Italy,ITA,2018,Escherichia coli,Blood/invasive,Aminoglycosides,2551,15901,EARS-Net mixed/not reported,Not reported in Atlas aggregate,ECDC Surveillance Atlas aggregate,https://atlas.ecdc.europa.eu/public/
EU_EEA,Italy,ITA,2019,Escherichia coli,Blood/invasive,Aminoglycosides,2924,18382,EARS-Net mixed/not reported,Not reported in Atlas aggregate,ECDC Surveillance Atlas aggregate,https://atlas.ecdc.europa.eu/public/
EU_EEA,Italy,ITA,2020,Escherichia coli,Blood/invasive,Aminoglycosides,2689,17994,EUCAST,EUCAST required; exact version unavailable in Atlas aggregate,ECDC Surveillance Atlas aggregate,https://atlas.ecdc.europa.eu/public/
EU_EEA,Italy,ITA,2021,Escherichia coli,Blood/invasive,Aminoglycosides,2883,21358,EUCAST,EUCAST required; exact version unavailable in Atlas aggregate,ECDC Surveillance Atlas aggregate,https://atlas.ecdc.europa.eu/public/
EU_EEA,Italy,ITA,2022,Escherichia coli,Blood/invasive,Aminoglycosides,3613,25448,EUCAST,EUCAST required; exact version unavailable in Atlas aggregate,ECDC Surveillance Atlas aggregate,https://atlas.ecdc.europa.eu/public/
EU_EEA,Italy,ITA,2023,Escherichia coli,Blood/invasive,Aminoglycosides,4578,28594,EUCAST,EUCAST required; exact version unavailable in Atlas aggregate,ECDC Surveillance Atlas aggregate,https://atlas.ecdc.europa.eu/public/
EU_EEA,Italy,ITA,2002,Escherichia coli,Blood/invasive,Aminopenicillins,271,564,EARS-Net mixed/not reported,Not reported in Atlas aggregate,ECDC Surveillance Atlas aggregate,https://atlas.ecdc.europa.eu/public/
EU_EEA,Italy,ITA,2003,Escherichia coli,Blood/invasive,Aminopenicillins,474,906,EARS-Net mixed/not reported,Not reported in Atlas aggregate,ECDC Surveillance Atlas aggregate,https://atlas.ecdc.europa.eu/public/
EU_EEA,Italy,ITA,2004,Escherichia coli,Blood/invasive,Aminopenicillins,342,640,EARS-Net mixed/not reported,Not reported in Atlas aggregate,ECDC Surveillance Atlas aggregate,https://atlas.ecdc.europa.eu/public/
EU_EEA,Italy,ITA,2005,Escherichia coli,Blood/invasive,Aminopenicillins,645,1176,EARS-Net mixed/not reported,Not reported in Atlas aggregate,ECDC Surveillance Atlas aggregate,https://atlas.ecdc.europa.eu/public/
EU_EEA,Italy,ITA,2006,Escherichia coli,Blood/invasive,Aminopenicillins,499,896,EARS-Net mixed/not reported,Not reported in Atlas aggregate,ECDC Surveillance Atlas aggregate,https://atlas.ecdc.europa.eu/public/
EU_EEA,Italy,ITA,2007,Escherichia coli,Blood/invasive,Aminopenicillins,607,1049,EARS-Net mixed/not reported,Not reported in Atlas aggregate,ECDC Surveillance Atlas aggregate,https://atlas.ecdc.europa.eu/public/
EU_EEA,Italy,ITA,2008,Escherichia coli,Blood/invasive,Aminopenicillins,581,943,EARS-Net mixed/not reported,Not reported in Atlas aggregate,ECDC Surveillance Atlas aggregate,https://atlas.ecdc.europa.eu/public/
EU_EEA,Italy,ITA,2009,Escherichia coli,Blood/invasive,Aminopenicillins,484,764,EARS-Net mixed/not reported,Not reported in Atlas aggregate,ECDC Surveillance Atlas aggregate,https://atlas.ecdc.europa.eu/public/
EU_EEA,Italy,ITA,2010,Escherichia coli,Blood/invasive,Aminopenicillins,1470,2288,EARS-Net mixed/not reported,Not reported in Atlas aggregate,ECDC Surveillance Atlas aggregate,https://atlas.ecdc.europa.eu/public/
EU_EEA,Italy,ITA,2011,Escherichia coli,Blood/invasive,Aminopenicillins,1027,1530,EARS-Net mixed/not reported,Not reported in Atlas aggregate,ECDC Surveillance Atlas aggregate,https://atlas.ecdc.europa.eu/public/
EU_EEA,Italy,ITA,2012,Escherichia coli,Blood/invasive,Aminopenicillins,1434,2123,EARS-Net mixed/not reported,Not reported in Atlas aggregate,ECDC Surveillance Atlas aggregate,https://atlas.ecdc.europa.eu/public/
EU_EEA,Italy,ITA,2013,Escherichia coli,Blood/invasive,Aminopenicillins,1549,2356,EARS-Net mixed/not reported,Not reported in Atlas aggregate,ECDC Surveillance Atlas aggregate,https://atlas.ecdc.europa.eu/public/
EU_EEA,Italy,ITA,2014,Escherichia coli,Blood/invasive,Aminopenicillins,1425,2178,EARS-Net mixed/not reported,Not reported in Atlas aggregate,ECDC Surveillance Atlas aggregate,https://atlas.ecdc.europa.eu/public/
EU_EEA,Italy,ITA,2015,Escherichia coli,Blood/invasive,Aminopenicillins,2280,3385,EARS-Net mixed/not reported,Not reported in Atlas aggregate,ECDC Surveillance Atlas aggregate,https://atlas.ecdc.europa.eu/public/
EU_EEA,Italy,ITA,2016,Escherichia coli,Blood/invasive,Aminopenicillins,2084,3114,EARS-Net mixed/not reported,Not reported in Atlas aggregate,ECDC Surveillance Atlas aggregate,https://atlas.ecdc.europa.eu/public/
EU_EEA,Italy,ITA,2017,Escherichia coli,Blood/invasive,Aminopenicillins,2737,4078,EARS-Net mixed/not reported,Not reported in Atlas aggregate,ECDC Surveillance Atlas aggregate,https://atlas.ecdc.europa.eu/public/
EU_EEA,Italy,ITA,2018,Escherichia coli,Blood/invasive,Aminopenicillins,4857,7533,EARS-Net mixed/not reported,Not reported in Atlas aggregate,ECDC Surveillance Atlas aggregate,https://atlas.ecdc.europa.eu/public/
EU_EEA,Italy,ITA,2019,Escherichia coli,Blood/invasive,Aminopenicillins,3036,4457,EARS-Net mixed/not reported,Not reported in Atlas aggregate,ECDC Surveillance Atlas aggregate,https://atlas.ecdc.europa.eu/public/
EU_EEA,Italy,ITA,2020,Escherichia coli,Blood/invasive,Aminopenicillins,2720,4214,EUCAST,EUCAST required; exact version unavailable in Atlas aggregate,ECDC Surveillance Atlas aggregate,https://atlas.ecdc.europa.eu/public/
EU_EEA,Italy,ITA,2021,Escherichia coli,Blood/invasive,Aminopenicillins,3489,5850,EUCAST,EUCAST required; exact version unavailable in Atlas aggregate,ECDC Surveillance Atlas aggregate,https://atlas.ecdc.europa.eu/public/
EU_EEA,Italy,ITA,2022,Escherichia coli,Blood/invasive,Aminopenicillins,4672,7590,EUCAST,EUCAST required; exact version unavailable in Atlas aggregate,ECDC Surveillance Atlas aggregate,https://atlas.ecdc.europa.eu/public/
EU_EEA,Italy,ITA,2023,Escherichia coli,Blood/invasive,Aminopenicillins,5659,8951,EUCAST,EUCAST required; exact version unavailable in Atlas aggregate,ECDC Surveillance Atlas aggregate,https://atlas.ecdc.europa.eu/public/
EU_EEA,Italy,ITA,2007,Escherichia coli,Blood/invasive,Carbapenems,1,978,EARS-Net mixed/not reported,Not reported in Atlas aggregate,ECDC Surveillance Atlas aggregate,https://atlas.ecdc.europa.eu/public/
EU_EEA,Italy,ITA,2008,Escherichia coli,Blood/invasive,Carbapenems,0,45,EARS-Net mixed/not reported,Not reported in Atlas aggregate,ECDC Surveillance Atlas aggregate,https://atlas.ecdc.europa.eu/public/
EU_EEA,Italy,ITA,2009,Escherichia coli,Blood/invasive,Carbapenems,0,849,EARS-Net mixed/not reported,Not reported in Atlas aggregate,ECDC Surveillance Atlas aggregate,https://atlas.ecdc.europa.eu/public/
EU_EEA,Italy,ITA,2010,Escherichia coli,Blood/invasive,Carbapenems,3,2593,EARS-Net mixed/not reported,Not reported in Atlas aggregate,ECDC Surveillance Atlas aggregate,https://atlas.ecdc.europa.eu/public/
EU_EEA,Italy,ITA,2011,Escherichia coli,Blood/invasive,Carbapenems,3,1854,EARS-Net mixed/not reported,Not reported in Atlas aggregate,ECDC Surveillance Atlas aggregate,https://atlas.ecdc.europa.eu/public/
EU_EEA,Italy,ITA,2012,Escherichia coli,Blood/invasive,Carbapenems,8,3021,EARS-Net mixed/not reported,Not reported in Atlas aggregate,ECDC Surveillance Atlas aggregate,https://atlas.ecdc.europa.eu/public/
EU_EEA,Italy,ITA,2013,Escherichia coli,Blood/invasive,Carbapenems,25,3989,EARS-Net mixed/not reported,Not reported in Atlas aggregate,ECDC Surveillance Atlas aggregate,https://atlas.ecdc.europa.eu/public/
EU_EEA,Italy,ITA,2014,Escherichia coli,Blood/invasive,Carbapenems,8,3696,EARS-Net mixed/not reported,Not reported in Atlas aggregate,ECDC Surveillance Atlas aggregate,https://atlas.ecdc.europa.eu/public/
EU_EEA,Italy,ITA,2015,Escherichia coli,Blood/invasive,Carbapenems,11,5592,EARS-Net mixed/not reported,Not reported in Atlas aggregate,ECDC Surveillance Atlas aggregate,https://atlas.ecdc.europa.eu/public/
EU_EEA,Italy,ITA,2016,Escherichia coli,Blood/invasive,Carbapenems,16,6106,EARS-Net mixed/not reported,Not reported in Atlas aggregate,ECDC Surveillance Atlas aggregate,https://atlas.ecdc.europa.eu/public/
EU_EEA,Italy,ITA,2017,Escherichia coli,Blood/invasive,Carbapenems,21,7280,EARS-Net mixed/not reported,Not reported in Atlas aggregate,ECDC Surveillance Atlas aggregate,https://atlas.ecdc.europa.eu/public/
EU_EEA,Italy,ITA,2018,Escherichia coli,Blood/invasive,Carbapenems,57,15452,EARS-Net mixed/not reported,Not reported in Atlas aggregate,ECDC Surveillance Atlas aggregate,https://atlas.ecdc.europa.eu/public/
EU_EEA,Italy,ITA,2019,Escherichia coli,Blood/invasive,Carbapenems,65,17086,EARS-Net mixed/not reported,Not reported in Atlas aggregate,ECDC Surveillance Atlas aggregate,https://atlas.ecdc.europa.eu/public/
EU_EEA,Italy,ITA,2020,Escherichia coli,Blood/invasive,Carbapenems,85,18001,EUCAST,EUCAST required; exact version unavailable in Atlas aggregate,ECDC Surveillance Atlas aggregate,https://atlas.ecdc.europa.eu/public/
EU_EEA,Italy,ITA,2021,Escherichia coli,Blood/invasive,Carbapenems,88,20645,EUCAST,EUCAST required; exact version unavailable in Atlas aggregate,ECDC Surveillance Atlas aggregate,https://atlas.ecdc.europa.eu/public/
EU_EEA,Italy,ITA,2022,Escherichia coli,Blood/invasive,Carbapenems,65,24042,EUCAST,EUCAST required; exact version unavailable in Atlas aggregate,ECDC Surveillance Atlas aggregate,https://atlas.ecdc.europa.eu/public/
EU_EEA,Italy,ITA,2023,Escherichia coli,Blood/invasive,Carbapenems,119,27623,EUCAST,EUCAST required; exact version unavailable in Atlas aggregate,ECDC Surveillance Atlas aggregate,https://atlas.ecdc.europa.eu/public/
EU_EEA,Italy,ITA,2002,Escherichia coli,Blood/invasive,Fluoroquinolones,130,617,EARS-Net mixed/not reported,Not reported in Atlas aggregate,ECDC Surveillance Atlas aggregate,https://atlas.ecdc.europa.eu/public/
EU_EEA,Italy,ITA,2003,Escherichia coli,Blood/invasive,Fluoroquinolones,229,923,EARS-Net mixed/not reported,Not reported in Atlas aggregate,ECDC Surveillance Atlas aggregate,https://atlas.ecdc.europa.eu/public/
EU_EEA,Italy,ITA,2004,Escherichia coli,Blood/invasive,Fluoroquinolones,179,643,EARS-Net mixed/not reported,Not reported in Atlas aggregate,ECDC Surveillance Atlas aggregate,https://atlas.ecdc.europa.eu/public/
EU_EEA,Italy,ITA,2005,Escherichia coli,Blood/invasive,Fluoroquinolones,309,1094,EARS-Net mixed/not reported,Not reported in Atlas aggregate,ECDC Surveillance Atlas aggregate,https://atlas.ecdc.europa.eu/public/
EU_EEA,Italy,ITA,2006,Escherichia coli,Blood/invasive,Fluoroquinolones,229,852,EARS-Net mixed/not reported,Not reported in Atlas aggregate,ECDC Surveillance Atlas aggregate,https://atlas.ecdc.europa.eu/public/
EU_EEA,Italy,ITA,2007,Escherichia coli,Blood/invasive,Fluoroquinolones,308,977,EARS-Net mixed/not reported,Not reported in Atlas aggregate,ECDC Surveillance Atlas aggregate,https://atlas.ecdc.europa.eu/public/
EU_EEA,Italy,ITA,2008,Escherichia coli,Blood/invasive,Fluoroquinolones,341,907,EARS-Net mixed/not reported,Not reported in Atlas aggregate,ECDC Surveillance Atlas aggregate,https://atlas.ecdc.europa.eu/public/
EU_EEA,Italy,ITA,2009,Escherichia coli,Blood/invasive,Fluoroquinolones,312,863,EARS-Net mixed/not reported,Not reported in Atlas aggregate,ECDC Surveillance Atlas aggregate,https://atlas.ecdc.europa.eu/public/
EU_EEA,Italy,ITA,2010,Escherichia coli,Blood/invasive,Fluoroquinolones,955,2436,EARS-Net mixed/not reported,Not reported in Atlas aggregate,ECDC Surveillance Atlas aggregate,https://atlas.ecdc.europa.eu/public/
EU_EEA,Italy,ITA,2011,Escherichia coli,Blood/invasive,Fluoroquinolones,770,1899,EARS-Net mixed/not reported,Not reported in Atlas aggregate,ECDC Surveillance Atlas aggregate,https://atlas.ecdc.europa.eu/public/
EU_EEA,Italy,ITA,2012,Escherichia coli,Blood/invasive,Fluoroquinolones,1228,2920,EARS-Net mixed/not reported,Not reported in Atlas aggregate,ECDC Surveillance Atlas aggregate,https://atlas.ecdc.europa.eu/public/
EU_EEA,Italy,ITA,2013,Escherichia coli,Blood/invasive,Fluoroquinolones,1658,3928,EARS-Net mixed/not reported,Not reported in Atlas aggregate,ECDC Surveillance Atlas aggregate,https://atlas.ecdc.europa.eu/public/
EU_EEA,Italy,ITA,2014,Escherichia coli,Blood/invasive,Fluoroquinolones,1602,3647,EARS-Net mixed/not reported,Not reported in Atlas aggregate,ECDC Surveillance Atlas aggregate,https://atlas.ecdc.europa.eu/public/
EU_EEA,Italy,ITA,2015,Escherichia coli,Blood/invasive,Fluoroquinolones,2481,5590,EARS-Net mixed/not reported,Not reported in Atlas aggregate,ECDC Surveillance Atlas aggregate,https://atlas.ecdc.europa.eu/public/
EU_EEA,Italy,ITA,2016,Escherichia coli,Blood/invasive,Fluoroquinolones,2574,5950,EARS-Net mixed/not reported,Not reported in Atlas aggregate,ECDC Surveillance Atlas aggregate,https://atlas.ecdc.europa.eu/public/
EU_EEA,Italy,ITA,2017,Escherichia coli,Blood/invasive,Fluoroquinolones,3121,6945,EARS-Net mixed/not reported,Not reported in Atlas aggregate,ECDC Surveillance Atlas aggregate,https://atlas.ecdc.europa.eu/public/
EU_EEA,Italy,ITA,2018,Escherichia coli,Blood/invasive,Fluoroquinolones,6684,16043,EARS-Net mixed/not reported,Not reported in Atlas aggregate,ECDC Surveillance Atlas aggregate,https://atlas.ecdc.europa.eu/public/
EU_EEA,Italy,ITA,2019,Escherichia coli,Blood/invasive,Fluoroquinolones,7483,18417,EARS-Net mixed/not reported,Not reported in Atlas aggregate,ECDC Surveillance Atlas aggregate,https://atlas.ecdc.europa.eu/public/
EU_EEA,Italy,ITA,2020,Escherichia coli,Blood/invasive,Fluoroquinolones,7082,18840,EUCAST,EUCAST required; exact version unavailable in Atlas aggregate,ECDC Surveillance Atlas aggregate,https://atlas.ecdc.europa.eu/public/
EU_EEA,Italy,ITA,2021,Escherichia coli,Blood/invasive,Fluoroquinolones,7220,21642,EUCAST,EUCAST required; exact version unavailable in Atlas aggregate,ECDC Surveillance Atlas aggregate,https://atlas.ecdc.europa.eu/public/
EU_EEA,Italy,ITA,2022,Escherichia coli,Blood/invasive,Fluoroquinolones,8008,25320,EUCAST,EUCAST required; exact version unavailable in Atlas aggregate,ECDC Surveillance Atlas aggregate,https://atlas.ecdc.europa.eu/public/
EU_EEA,Italy,ITA,2023,Escherichia coli,Blood/invasive,Fluoroquinolones,9558,27993,EUCAST,EUCAST required; exact version unavailable in Atlas aggregate,ECDC Surveillance Atlas aggregate,https://atlas.ecdc.europa.eu/public/
EU_EEA,Italy,ITA,2002,Escherichia coli,Blood/invasive,Third-generation cephalosporins,18,614,EARS-Net mixed/not reported,Not reported in Atlas aggregate,ECDC Surveillance Atlas aggregate,https://atlas.ecdc.europa.eu/public/
EU_EEA,Italy,ITA,2003,Escherichia coli,Blood/invasive,Third-generation cephalosporins,57,923,EARS-Net mixed/not reported,Not reported in Atlas aggregate,ECDC Surveillance Atlas aggregate,https://atlas.ecdc.europa.eu/public/
EU_EEA,Italy,ITA,2004,Escherichia coli,Blood/invasive,Third-generation cephalosporins,34,638,EARS-Net mixed/not reported,Not reported in Atlas aggregate,ECDC Surveillance Atlas aggregate,https://atlas.ecdc.europa.eu/public/
EU_EEA,Italy,ITA,2005,Escherichia coli,Blood/invasive,Third-generation cephalosporins,101,1191,EARS-Net mixed/not reported,Not reported in Atlas aggregate,ECDC Surveillance Atlas aggregate,https://atlas.ecdc.europa.eu/public/
EU_EEA,Italy,ITA,2006,Escherichia coli,Blood/invasive,Third-generation cephalosporins,67,910,EARS-Net mixed/not reported,Not reported in Atlas aggregate,ECDC Surveillance Atlas aggregate,https://atlas.ecdc.europa.eu/public/
EU_EEA,Italy,ITA,2007,Escherichia coli,Blood/invasive,Third-generation cephalosporins,108,943,EARS-Net mixed/not reported,Not reported in Atlas aggregate,ECDC Surveillance Atlas aggregate,https://atlas.ecdc.europa.eu/public/
EU_EEA,Italy,ITA,2008,Escherichia coli,Blood/invasive,Third-generation cephalosporins,122,767,EARS-Net mixed/not reported,Not reported in Atlas aggregate,ECDC Surveillance Atlas aggregate,https://atlas.ecdc.europa.eu/public/
EU_EEA,Italy,ITA,2009,Escherichia coli,Blood/invasive,Third-generation cephalosporins,117,687,EARS-Net mixed/not reported,Not reported in Atlas aggregate,ECDC Surveillance Atlas aggregate,https://atlas.ecdc.europa.eu/public/
EU_EEA,Italy,ITA,2010,Escherichia coli,Blood/invasive,Third-generation cephalosporins,509,2419,EARS-Net mixed/not reported,Not reported in Atlas aggregate,ECDC Surveillance Atlas aggregate,https://atlas.ecdc.europa.eu/public/
EU_EEA,Italy,ITA,2011,Escherichia coli,Blood/invasive,Third-generation cephalosporins,371,1870,EARS-Net mixed/not reported,Not reported in Atlas aggregate,ECDC Surveillance Atlas aggregate,https://atlas.ecdc.europa.eu/public/
EU_EEA,Italy,ITA,2012,Escherichia coli,Blood/invasive,Third-generation cephalosporins,788,2997,EARS-Net mixed/not reported,Not reported in Atlas aggregate,ECDC Surveillance Atlas aggregate,https://atlas.ecdc.europa.eu/public/
EU_EEA,Italy,ITA,2013,Escherichia coli,Blood/invasive,Third-generation cephalosporins,1045,3990,EARS-Net mixed/not reported,Not reported in Atlas aggregate,ECDC Surveillance Atlas aggregate,https://atlas.ecdc.europa.eu/public/
EU_EEA,Italy,ITA,2014,Escherichia coli,Blood/invasive,Third-generation cephalosporins,1059,3694,EARS-Net mixed/not reported,Not reported in Atlas aggregate,ECDC Surveillance Atlas aggregate,https://atlas.ecdc.europa.eu/public/
EU_EEA,Italy,ITA,2015,Escherichia coli,Blood/invasive,Third-generation cephalosporins,1682,5592,EARS-Net mixed/not reported,Not reported in Atlas aggregate,ECDC Surveillance Atlas aggregate,https://atlas.ecdc.europa.eu/public/
EU_EEA,Italy,ITA,2016,Escherichia coli,Blood/invasive,Third-generation cephalosporins,1768,5938,EARS-Net mixed/not reported,Not reported in Atlas aggregate,ECDC Surveillance Atlas aggregate,https://atlas.ecdc.europa.eu/public/
EU_EEA,Italy,ITA,2017,Escherichia coli,Blood/invasive,Third-generation cephalosporins,2087,7077,EARS-Net mixed/not reported,Not reported in Atlas aggregate,ECDC Surveillance Atlas aggregate,https://atlas.ecdc.europa.eu/public/
EU_EEA,Italy,ITA,2018,Escherichia coli,Blood/invasive,Third-generation cephalosporins,4664,16253,EARS-Net mixed/not reported,Not reported in Atlas aggregate,ECDC Surveillance Atlas aggregate,https://atlas.ecdc.europa.eu/public/
EU_EEA,Italy,ITA,2019,Escherichia coli,Blood/invasive,Third-generation cephalosporins,5682,18409,EARS-Net mixed/not reported,Not reported in Atlas aggregate,ECDC Surveillance Atlas aggregate,https://atlas.ecdc.europa.eu/public/
EU_EEA,Italy,ITA,2020,Escherichia coli,Blood/invasive,Third-generation cephalosporins,4952,18750,EUCAST,EUCAST required; exact version unavailable in Atlas aggregate,ECDC Surveillance Atlas aggregate,https://atlas.ecdc.europa.eu/public/
EU_EEA,Italy,ITA,2021,Escherichia coli,Blood/invasive,Third-generation cephalosporins,5338,21897,EUCAST,EUCAST required; exact version unavailable in Atlas aggregate,ECDC Surveillance Atlas aggregate,https://atlas.ecdc.europa.eu/public/
EU_EEA,Italy,ITA,2022,Escherichia coli,Blood/invasive,Third-generation cephalosporins,6220,25656,EUCAST,EUCAST required; exact version unavailable in Atlas aggregate,ECDC Surveillance Atlas aggregate,https://atlas.ecdc.europa.eu/public/
EU_EEA,Italy,ITA,2023,Escherichia coli,Blood/invasive,Third-generation cephalosporins,7618,28557,EUCAST,EUCAST required; exact version unavailable in Atlas aggregate,ECDC Surveillance Atlas aggregate,https://atlas.ecdc.europa.eu/public/
EU_EEA,Liechtenstein,LIE,2022,Escherichia coli,Blood/invasive,Aminoglycosides,0,13,EUCAST,EUCAST required; exact version unavailable in Atlas aggregate,ECDC Surveillance Atlas aggregate,https://atlas.ecdc.europa.eu/public/
EU_EEA,Liechtenstein,LIE,2023,Escherichia coli,Blood/invasive,Aminoglycosides,0,8,EUCAST,EUCAST required; exact version unavailable in Atlas aggregate,ECDC Surveillance Atlas aggregate,https://atlas.ecdc.europa.eu/public/
EU_EEA,Liechtenstein,LIE,2022,Escherichia coli,Blood/invasive,Aminopenicillins,3,13,EUCAST,EUCAST required; exact version unavailable in Atlas aggregate,ECDC Surveillance Atlas aggregate,https://atlas.ecdc.europa.eu/public/
EU_EEA,Liechtenstein,LIE,2023,Escherichia coli,Blood/invasive,Aminopenicillins,3,8,EUCAST,EUCAST required; exact version unavailable in Atlas aggregate,ECDC Surveillance Atlas aggregate,https://atlas.ecdc.europa.eu/public/
EU_EEA,Liechtenstein,LIE,2022,Escherichia coli,Blood/invasive,Carbapenems,0,13,EUCAST,EUCAST required; exact version unavailable in Atlas aggregate,ECDC Surveillance Atlas aggregate,https://atlas.ecdc.europa.eu/public/
EU_EEA,Liechtenstein,LIE,2023,Escherichia coli,Blood/invasive,Carbapenems,0,8,EUCAST,EUCAST required; exact version unavailable in Atlas aggregate,ECDC Surveillance Atlas aggregate,https://atlas.ecdc.europa.eu/public/
EU_EEA,Liechtenstein,LIE,2022,Escherichia coli,Blood/invasive,Fluoroquinolones,2,13,EUCAST,EUCAST required; exact version unavailable in Atlas aggregate,ECDC Surveillance Atlas aggregate,https://atlas.ecdc.europa.eu/public/
EU_EEA,Liechtenstein,LIE,2023,Escherichia coli,Blood/invasive,Fluoroquinolones,2,8,EUCAST,EUCAST required; exact version unavailable in Atlas aggregate,ECDC Surveillance Atlas aggregate,https://atlas.ecdc.europa.eu/public/
EU_EEA,Liechtenstein,LIE,2022,Escherichia coli,Blood/invasive,Third-generation cephalosporins,1,13,EUCAST,EUCAST required; exact version unavailable in Atlas aggregate,ECDC Surveillance Atlas aggregate,https://atlas.ecdc.europa.eu/public/
EU_EEA,Liechtenstein,LIE,2023,Escherichia coli,Blood/invasive,Third-generation cephalosporins,0,8,EUCAST,EUCAST required; exact version unavailable in Atlas aggregate,ECDC Surveillance Atlas aggregate,https://atlas.ecdc.europa.eu/public/
EU_EEA,Lithuania,LTU,2006,Escherichia coli,Blood/invasive,Aminoglycosides,25,171,EARS-Net mixed/not reported,Not reported in Atlas aggregate,ECDC Surveillance Atlas aggregate,https://atlas.ecdc.europa.eu/public/
EU_EEA,Lithuania,LTU,2007,Escherichia coli,Blood/invasive,Aminoglycosides,29,235,EARS-Net mixed/not reported,Not reported in Atlas aggregate,ECDC Surveillance Atlas aggregate,https://atlas.ecdc.europa.eu/public/
EU_EEA,Lithuania,LTU,2008,Escherichia coli,Blood/invasive,Aminoglycosides,37,302,EARS-Net mixed/not reported,Not reported in Atlas aggregate,ECDC Surveillance Atlas aggregate,https://atlas.ecdc.europa.eu/public/
EU_EEA,Lithuania,LTU,2009,Escherichia coli,Blood/invasive,Aminoglycosides,45,297,EARS-Net mixed/not reported,Not reported in Atlas aggregate,ECDC Surveillance Atlas aggregate,https://atlas.ecdc.europa.eu/public/
EU_EEA,Lithuania,LTU,2010,Escherichia coli,Blood/invasive,Aminoglycosides,47,331,EARS-Net mixed/not reported,Not reported in Atlas aggregate,ECDC Surveillance Atlas aggregate,https://atlas.ecdc.europa.eu/public/
EU_EEA,Lithuania,LTU,2011,Escherichia coli,Blood/invasive,Aminoglycosides,37,382,EARS-Net mixed/not reported,Not reported in Atlas aggregate,ECDC Surveillance Atlas aggregate,https://atlas.ecdc.europa.eu/public/
EU_EEA,Lithuania,LTU,2012,Escherichia coli,Blood/invasive,Aminoglycosides,44,460,EARS-Net mixed/not reported,Not reported in Atlas aggregate,ECDC Surveillance Atlas aggregate,https://atlas.ecdc.europa.eu/public/
EU_EEA,Lithuania,LTU,2013,Escherichia coli,Blood/invasive,Aminoglycosides,46,429,EARS-Net mixed/not reported,Not reported in Atlas aggregate,ECDC Surveillance Atlas aggregate,https://atlas.ecdc.europa.eu/public/
EU_EEA,Lithuania,LTU,2014,Escherichia coli,Blood/invasive,Aminoglycosides,62,584,EARS-Net mixed/not reported,Not reported in Atlas aggregate,ECDC Surveillance Atlas aggregate,https://atlas.ecdc.europa.eu/public/
EU_EEA,Lithuania,LTU,2015,Escherichia coli,Blood/invasive,Aminoglycosides,59,583,EARS-Net mixed/not reported,Not reported in Atlas aggregate,ECDC Surveillance Atlas aggregate,https://atlas.ecdc.europa.eu/public/
EU_EEA,Lithuania,LTU,2016,Escherichia coli,Blood/invasive,Aminoglycosides,63,791,EARS-Net mixed/not reported,Not reported in Atlas aggregate,ECDC Surveillance Atlas aggregate,https://atlas.ecdc.europa.eu/public/
EU_EEA,Lithuania,LTU,2017,Escherichia coli,Blood/invasive,Aminoglycosides,70,848,EARS-Net mixed/not reported,Not reported in Atlas aggregate,ECDC Surveillance Atlas aggregate,https://atlas.ecdc.europa.eu/public/
EU_EEA,Lithuania,LTU,2018,Escherichia coli,Blood/invasive,Aminoglycosides,87,1103,EARS-Net mixed/not reported,Not reported in Atlas aggregate,ECDC Surveillance Atlas aggregate,https://atlas.ecdc.europa.eu/public/
EU_EEA,Lithuania,LTU,2019,Escherichia coli,Blood/invasive,Aminoglycosides,86,1129,EARS-Net mixed/not reported,Not reported in Atlas aggregate,ECDC Surveillance Atlas aggregate,https://atlas.ecdc.europa.eu/public/
EU_EEA,Lithuania,LTU,2020,Escherichia coli,Blood/invasive,Aminoglycosides,117,1141,EUCAST,EUCAST required; exact version unavailable in Atlas aggregate,ECDC Surveillance Atlas aggregate,https://atlas.ecdc.europa.eu/public/
EU_EEA,Lithuania,LTU,2021,Escherichia coli,Blood/invasive,Aminoglycosides,95,1141,EUCAST,EUCAST required; exact version unavailable in Atlas aggregate,ECDC Surveillance Atlas aggregate,https://atlas.ecdc.europa.eu/public/
EU_EEA,Lithuania,LTU,2022,Escherichia coli,Blood/invasive,Aminoglycosides,109,1308,EUCAST,EUCAST required; exact version unavailable in Atlas aggregate,ECDC Surveillance Atlas aggregate,https://atlas.ecdc.europa.eu/public/
EU_EEA,Lithuania,LTU,2023,Escherichia coli,Blood/invasive,Aminoglycosides,167,1473,EUCAST,EUCAST required; exact version unavailable in Atlas aggregate,ECDC Surveillance Atlas aggregate,https://atlas.ecdc.europa.eu/public/
EU_EEA,Lithuania,LTU,2006,Escherichia coli,Blood/invasive,Aminopenicillins,92,167,EARS-Net mixed/not reported,Not reported in Atlas aggregate,ECDC Surveillance Atlas aggregate,https://atlas.ecdc.europa.eu/public/
EU_EEA,Lithuania,LTU,2007,Escherichia coli,Blood/invasive,Aminopenicillins,117,234,EARS-Net mixed/not reported,Not reported in Atlas aggregate,ECDC Surveillance Atlas aggregate,https://atlas.ecdc.europa.eu/public/
EU_EEA,Lithuania,LTU,2008,Escherichia coli,Blood/invasive,Aminopenicillins,123,228,EARS-Net mixed/not reported,Not reported in Atlas aggregate,ECDC Surveillance Atlas aggregate,https://atlas.ecdc.europa.eu/public/
EU_EEA,Lithuania,LTU,2009,Escherichia coli,Blood/invasive,Aminopenicillins,170,291,EARS-Net mixed/not reported,Not reported in Atlas aggregate,ECDC Surveillance Atlas aggregate,https://atlas.ecdc.europa.eu/public/
EU_EEA,Lithuania,LTU,2010,Escherichia coli,Blood/invasive,Aminopenicillins,184,329,EARS-Net mixed/not reported,Not reported in Atlas aggregate,ECDC Surveillance Atlas aggregate,https://atlas.ecdc.europa.eu/public/
EU_EEA,Lithuania,LTU,2011,Escherichia coli,Blood/invasive,Aminopenicillins,183,383,EARS-Net mixed/not reported,Not reported in Atlas aggregate,ECDC Surveillance Atlas aggregate,https://atlas.ecdc.europa.eu/public/
EU_EEA,Lithuania,LTU,2012,Escherichia coli,Blood/invasive,Aminopenicillins,242,461,EARS-Net mixed/not reported,Not reported in Atlas aggregate,ECDC Surveillance Atlas aggregate,https://atlas.ecdc.europa.eu/public/
EU_EEA,Lithuania,LTU,2013,Escherichia coli,Blood/invasive,Aminopenicillins,235,434,EARS-Net mixed/not reported,Not reported in Atlas aggregate,ECDC Surveillance Atlas aggregate,https://atlas.ecdc.europa.eu/public/
EU_EEA,Lithuania,LTU,2014,Escherichia coli,Blood/invasive,Aminopenicillins,341,590,EARS-Net mixed/not reported,Not reported in Atlas aggregate,ECDC Surveillance Atlas aggregate,https://atlas.ecdc.europa.eu/public/
EU_EEA,Lithuania,LTU,2015,Escherichia coli,Blood/invasive,Aminopenicillins,347,582,EARS-Net mixed/not reported,Not reported in Atlas aggregate,ECDC Surveillance Atlas aggregate,https://atlas.ecdc.europa.eu/public/
EU_EEA,Lithuania,LTU,2016,Escherichia coli,Blood/invasive,Aminopenicillins,470,794,EARS-Net mixed/not reported,Not reported in Atlas aggregate,ECDC Surveillance Atlas aggregate,https://atlas.ecdc.europa.eu/public/
EU_EEA,Lithuania,LTU,2017,Escherichia coli,Blood/invasive,Aminopenicillins,488,845,EARS-Net mixed/not reported,Not reported in Atlas aggregate,ECDC Surveillance Atlas aggregate,https://atlas.ecdc.europa.eu/public/
EU_EEA,Lithuania,LTU,2018,Escherichia coli,Blood/invasive,Aminopenicillins,652,1106,EARS-Net mixed/not reported,Not reported in Atlas aggregate,ECDC Surveillance Atlas aggregate,https://atlas.ecdc.europa.eu/public/
EU_EEA,Lithuania,LTU,2019,Escherichia coli,Blood/invasive,Aminopenicillins,667,1129,EARS-Net mixed/not reported,Not reported in Atlas aggregate,ECDC Surveillance Atlas aggregate,https://atlas.ecdc.europa.eu/public/
EU_EEA,Lithuania,LTU,2020,Escherichia coli,Blood/invasive,Aminopenicillins,648,1138,EUCAST,EUCAST required; exact version unavailable in Atlas aggregate,ECDC Surveillance Atlas aggregate,https://atlas.ecdc.europa.eu/public/
EU_EEA,Lithuania,LTU,2021,Escherichia coli,Blood/invasive,Aminopenicillins,655,1147,EUCAST,EUCAST required; exact version unavailable in Atlas aggregate,ECDC Surveillance Atlas aggregate,https://atlas.ecdc.europa.eu/public/
EU_EEA,Lithuania,LTU,2022,Escherichia coli,Blood/invasive,Aminopenicillins,767,1303,EUCAST,EUCAST required; exact version unavailable in Atlas aggregate,ECDC Surveillance Atlas aggregate,https://atlas.ecdc.europa.eu/public/
EU_EEA,Lithuania,LTU,2023,Escherichia coli,Blood/invasive,Aminopenicillins,906,1477,EUCAST,EUCAST required; exact version unavailable in Atlas aggregate,ECDC Surveillance Atlas aggregate,https://atlas.ecdc.europa.eu/public/
EU_EEA,Lithuania,LTU,2006,Escherichia coli,Blood/invasive,Carbapenems,0,160,EARS-Net mixed/not reported,Not reported in Atlas aggregate,ECDC Surveillance Atlas aggregate,https://atlas.ecdc.europa.eu/public/
EU_EEA,Lithuania,LTU,2007,Escherichia coli,Blood/invasive,Carbapenems,0,218,EARS-Net mixed/not reported,Not reported in Atlas aggregate,ECDC Surveillance Atlas aggregate,https://atlas.ecdc.europa.eu/public/
EU_EEA,Lithuania,LTU,2008,Escherichia coli,Blood/invasive,Carbapenems,0,284,EARS-Net mixed/not reported,Not reported in Atlas aggregate,ECDC Surveillance Atlas aggregate,https://atlas.ecdc.europa.eu/public/
EU_EEA,Lithuania,LTU,2009,Escherichia coli,Blood/invasive,Carbapenems,0,287,EARS-Net mixed/not reported,Not reported in Atlas aggregate,ECDC Surveillance Atlas aggregate,https://atlas.ecdc.europa.eu/public/
EU_EEA,Lithuania,LTU,2010,Escherichia coli,Blood/invasive,Carbapenems,0,238,EARS-Net mixed/not reported,Not reported in Atlas aggregate,ECDC Surveillance Atlas aggregate,https://atlas.ecdc.europa.eu/public/
EU_EEA,Lithuania,LTU,2011,Escherichia coli,Blood/invasive,Carbapenems,0,1,EARS-Net mixed/not reported,Not reported in Atlas aggregate,ECDC Surveillance Atlas aggregate,https://atlas.ecdc.europa.eu/public/
EU_EEA,Lithuania,LTU,2012,Escherichia coli,Blood/invasive,Carbapenems,0,450,EARS-Net mixed/not reported,Not reported in Atlas aggregate,ECDC Surveillance Atlas aggregate,https://atlas.ecdc.europa.eu/public/
EU_EEA,Lithuania,LTU,2013,Escherichia coli,Blood/invasive,Carbapenems,0,433,EARS-Net mixed/not reported,Not reported in Atlas aggregate,ECDC Surveillance Atlas aggregate,https://atlas.ecdc.europa.eu/public/
EU_EEA,Lithuania,LTU,2014,Escherichia coli,Blood/invasive,Carbapenems,0,593,EARS-Net mixed/not reported,Not reported in Atlas aggregate,ECDC Surveillance Atlas aggregate,https://atlas.ecdc.europa.eu/public/
EU_EEA,Lithuania,LTU,2015,Escherichia coli,Blood/invasive,Carbapenems,0,579,EARS-Net mixed/not reported,Not reported in Atlas aggregate,ECDC Surveillance Atlas aggregate,https://atlas.ecdc.europa.eu/public/
EU_EEA,Lithuania,LTU,2016,Escherichia coli,Blood/invasive,Carbapenems,0,793,EARS-Net mixed/not reported,Not reported in Atlas aggregate,ECDC Surveillance Atlas aggregate,https://atlas.ecdc.europa.eu/public/
EU_EEA,Lithuania,LTU,2017,Escherichia coli,Blood/invasive,Carbapenems,0,849,EARS-Net mixed/not reported,Not reported in Atlas aggregate,ECDC Surveillance Atlas aggregate,https://atlas.ecdc.europa.eu/public/
EU_EEA,Lithuania,LTU,2018,Escherichia coli,Blood/invasive,Carbapenems,0,1100,EARS-Net mixed/not reported,Not reported in Atlas aggregate,ECDC Surveillance Atlas aggregate,https://atlas.ecdc.europa.eu/public/
EU_EEA,Lithuania,LTU,2019,Escherichia coli,Blood/invasive,Carbapenems,2,1122,EARS-Net mixed/not reported,Not reported in Atlas aggregate,ECDC Surveillance Atlas aggregate,https://atlas.ecdc.europa.eu/public/
EU_EEA,Lithuania,LTU,2020,Escherichia coli,Blood/invasive,Carbapenems,0,1142,EUCAST,EUCAST required; exact version unavailable in Atlas aggregate,ECDC Surveillance Atlas aggregate,https://atlas.ecdc.europa.eu/public/
EU_EEA,Lithuania,LTU,2021,Escherichia coli,Blood/invasive,Carbapenems,3,1149,EUCAST,EUCAST required; exact version unavailable in Atlas aggregate,ECDC Surveillance Atlas aggregate,https://atlas.ecdc.europa.eu/public/
EU_EEA,Lithuania,LTU,2022,Escherichia coli,Blood/invasive,Carbapenems,3,1309,EUCAST,EUCAST required; exact version unavailable in Atlas aggregate,ECDC Surveillance Atlas aggregate,https://atlas.ecdc.europa.eu/public/
EU_EEA,Lithuania,LTU,2023,Escherichia coli,Blood/invasive,Carbapenems,1,1478,EUCAST,EUCAST required; exact version unavailable in Atlas aggregate,ECDC Surveillance Atlas aggregate,https://atlas.ecdc.europa.eu/public/
EU_EEA,Lithuania,LTU,2006,Escherichia coli,Blood/invasive,Fluoroquinolones,21,171,EARS-Net mixed/not reported,Not reported in Atlas aggregate,ECDC Surveillance Atlas aggregate,https://atlas.ecdc.europa.eu/public/
EU_EEA,Lithuania,LTU,2007,Escherichia coli,Blood/invasive,Fluoroquinolones,22,232,EARS-Net mixed/not reported,Not reported in Atlas aggregate,ECDC Surveillance Atlas aggregate,https://atlas.ecdc.europa.eu/public/
EU_EEA,Lithuania,LTU,2008,Escherichia coli,Blood/invasive,Fluoroquinolones,42,304,EARS-Net mixed/not reported,Not reported in Atlas aggregate,ECDC Surveillance Atlas aggregate,https://atlas.ecdc.europa.eu/public/
EU_EEA,Lithuania,LTU,2009,Escherichia coli,Blood/invasive,Fluoroquinolones,43,295,EARS-Net mixed/not reported,Not reported in Atlas aggregate,ECDC Surveillance Atlas aggregate,https://atlas.ecdc.europa.eu/public/
EU_EEA,Lithuania,LTU,2010,Escherichia coli,Blood/invasive,Fluoroquinolones,45,333,EARS-Net mixed/not reported,Not reported in Atlas aggregate,ECDC Surveillance Atlas aggregate,https://atlas.ecdc.europa.eu/public/
EU_EEA,Lithuania,LTU,2011,Escherichia coli,Blood/invasive,Fluoroquinolones,49,381,EARS-Net mixed/not reported,Not reported in Atlas aggregate,ECDC Surveillance Atlas aggregate,https://atlas.ecdc.europa.eu/public/
EU_EEA,Lithuania,LTU,2012,Escherichia coli,Blood/invasive,Fluoroquinolones,67,456,EARS-Net mixed/not reported,Not reported in Atlas aggregate,ECDC Surveillance Atlas aggregate,https://atlas.ecdc.europa.eu/public/
EU_EEA,Lithuania,LTU,2013,Escherichia coli,Blood/invasive,Fluoroquinolones,69,433,EARS-Net mixed/not reported,Not reported in Atlas aggregate,ECDC Surveillance Atlas aggregate,https://atlas.ecdc.europa.eu/public/
EU_EEA,Lithuania,LTU,2014,Escherichia coli,Blood/invasive,Fluoroquinolones,76,592,EARS-Net mixed/not reported,Not reported in Atlas aggregate,ECDC Surveillance Atlas aggregate,https://atlas.ecdc.europa.eu/public/
EU_EEA,Lithuania,LTU,2015,Escherichia coli,Blood/invasive,Fluoroquinolones,120,583,EARS-Net mixed/not reported,Not reported in Atlas aggregate,ECDC Surveillance Atlas aggregate,https://atlas.ecdc.europa.eu/public/
EU_EEA,Lithuania,LTU,2016,Escherichia coli,Blood/invasive,Fluoroquinolones,156,790,EARS-Net mixed/not reported,Not reported in Atlas aggregate,ECDC Surveillance Atlas aggregate,https://atlas.ecdc.europa.eu/public/
EU_EEA,Lithuania,LTU,2017,Escherichia coli,Blood/invasive,Fluoroquinolones,214,849,EARS-Net mixed/not reported,Not reported in Atlas aggregate,ECDC Surveillance Atlas aggregate,https://atlas.ecdc.europa.eu/public/
EU_EEA,Lithuania,LTU,2018,Escherichia coli,Blood/invasive,Fluoroquinolones,217,1104,EARS-Net mixed/not reported,Not reported in Atlas aggregate,ECDC Surveillance Atlas aggregate,https://atlas.ecdc.europa.eu/public/
EU_EEA,Lithuania,LTU,2019,Escherichia coli,Blood/invasive,Fluoroquinolones,203,1129,EARS-Net mixed/not reported,Not reported in Atlas aggregate,ECDC Surveillance Atlas aggregate,https://atlas.ecdc.europa.eu/public/
EU_EEA,Lithuania,LTU,2020,Escherichia coli,Blood/invasive,Fluoroquinolones,213,1136,EUCAST,EUCAST required; exact version unavailable in Atlas aggregate,ECDC Surveillance Atlas aggregate,https://atlas.ecdc.europa.eu/public/
EU_EEA,Lithuania,LTU,2021,Escherichia coli,Blood/invasive,Fluoroquinolones,201,1139,EUCAST,EUCAST required; exact version unavailable in Atlas aggregate,ECDC Surveillance Atlas aggregate,https://atlas.ecdc.europa.eu/public/
EU_EEA,Lithuania,LTU,2022,Escherichia coli,Blood/invasive,Fluoroquinolones,246,1293,EUCAST,EUCAST required; exact version unavailable in Atlas aggregate,ECDC Surveillance Atlas aggregate,https://atlas.ecdc.europa.eu/public/
EU_EEA,Lithuania,LTU,2023,Escherichia coli,Blood/invasive,Fluoroquinolones,299,1455,EUCAST,EUCAST required; exact version unavailable in Atlas aggregate,ECDC Surveillance Atlas aggregate,https://atlas.ecdc.europa.eu/public/
EU_EEA,Lithuania,LTU,2006,Escherichia coli,Blood/invasive,Third-generation cephalosporins,8,171,EARS-Net mixed/not reported,Not reported in Atlas aggregate,ECDC Surveillance Atlas aggregate,https://atlas.ecdc.europa.eu/public/
EU_EEA,Lithuania,LTU,2007,Escherichia coli,Blood/invasive,Third-generation cephalosporins,16,235,EARS-Net mixed/not reported,Not reported in Atlas aggregate,ECDC Surveillance Atlas aggregate,https://atlas.ecdc.europa.eu/public/
EU_EEA,Lithuania,LTU,2008,Escherichia coli,Blood/invasive,Third-generation cephalosporins,17,304,EARS-Net mixed/not reported,Not reported in Atlas aggregate,ECDC Surveillance Atlas aggregate,https://atlas.ecdc.europa.eu/public/
EU_EEA,Lithuania,LTU,2009,Escherichia coli,Blood/invasive,Third-generation cephalosporins,23,293,EARS-Net mixed/not reported,Not reported in Atlas aggregate,ECDC Surveillance Atlas aggregate,https://atlas.ecdc.europa.eu/public/
EU_EEA,Lithuania,LTU,2010,Escherichia coli,Blood/invasive,Third-generation cephalosporins,29,333,EARS-Net mixed/not reported,Not reported in Atlas aggregate,ECDC Surveillance Atlas aggregate,https://atlas.ecdc.europa.eu/public/
EU_EEA,Lithuania,LTU,2011,Escherichia coli,Blood/invasive,Third-generation cephalosporins,27,385,EARS-Net mixed/not reported,Not reported in Atlas aggregate,ECDC Surveillance Atlas aggregate,https://atlas.ecdc.europa.eu/public/
EU_EEA,Lithuania,LTU,2012,Escherichia coli,Blood/invasive,Third-generation cephalosporins,22,462,EARS-Net mixed/not reported,Not reported in Atlas aggregate,ECDC Surveillance Atlas aggregate,https://atlas.ecdc.europa.eu/public/
EU_EEA,Lithuania,LTU,2013,Escherichia coli,Blood/invasive,Third-generation cephalosporins,33,434,EARS-Net mixed/not reported,Not reported in Atlas aggregate,ECDC Surveillance Atlas aggregate,https://atlas.ecdc.europa.eu/public/
EU_EEA,Lithuania,LTU,2014,Escherichia coli,Blood/invasive,Third-generation cephalosporins,48,594,EARS-Net mixed/not reported,Not reported in Atlas aggregate,ECDC Surveillance Atlas aggregate,https://atlas.ecdc.europa.eu/public/
EU_EEA,Lithuania,LTU,2015,Escherichia coli,Blood/invasive,Third-generation cephalosporins,93,581,EARS-Net mixed/not reported,Not reported in Atlas aggregate,ECDC Surveillance Atlas aggregate,https://atlas.ecdc.europa.eu/public/
EU_EEA,Lithuania,LTU,2016,Escherichia coli,Blood/invasive,Third-generation cephalosporins,117,795,EARS-Net mixed/not reported,Not reported in Atlas aggregate,ECDC Surveillance Atlas aggregate,https://atlas.ecdc.europa.eu/public/
EU_EEA,Lithuania,LTU,2017,Escherichia coli,Blood/invasive,Third-generation cephalosporins,143,852,EARS-Net mixed/not reported,Not reported in Atlas aggregate,ECDC Surveillance Atlas aggregate,https://atlas.ecdc.europa.eu/public/
EU_EEA,Lithuania,LTU,2018,Escherichia coli,Blood/invasive,Third-generation cephalosporins,170,1109,EARS-Net mixed/not reported,Not reported in Atlas aggregate,ECDC Surveillance Atlas aggregate,https://atlas.ecdc.europa.eu/public/
EU_EEA,Lithuania,LTU,2019,Escherichia coli,Blood/invasive,Third-generation cephalosporins,157,1132,EARS-Net mixed/not reported,Not reported in Atlas aggregate,ECDC Surveillance Atlas aggregate,https://atlas.ecdc.europa.eu/public/
EU_EEA,Lithuania,LTU,2020,Escherichia coli,Blood/invasive,Third-generation cephalosporins,182,1142,EUCAST,EUCAST required; exact version unavailable in Atlas aggregate,ECDC Surveillance Atlas aggregate,https://atlas.ecdc.europa.eu/public/
EU_EEA,Lithuania,LTU,2021,Escherichia coli,Blood/invasive,Third-generation cephalosporins,157,1153,EUCAST,EUCAST required; exact version unavailable in Atlas aggregate,ECDC Surveillance Atlas aggregate,https://atlas.ecdc.europa.eu/public/
EU_EEA,Lithuania,LTU,2022,Escherichia coli,Blood/invasive,Third-generation cephalosporins,202,1309,EUCAST,EUCAST required; exact version unavailable in Atlas aggregate,ECDC Surveillance Atlas aggregate,https://atlas.ecdc.europa.eu/public/
EU_EEA,Lithuania,LTU,2023,Escherichia coli,Blood/invasive,Third-generation cephalosporins,251,1480,EUCAST,EUCAST required; exact version unavailable in Atlas aggregate,ECDC Surveillance Atlas aggregate,https://atlas.ecdc.europa.eu/public/
EU_EEA,Luxembourg,LUX,2001,Escherichia coli,Blood/invasive,Aminoglycosides,9,193,EARS-Net mixed/not reported,Not reported in Atlas aggregate,ECDC Surveillance Atlas aggregate,https://atlas.ecdc.europa.eu/public/
EU_EEA,Luxembourg,LUX,2002,Escherichia coli,Blood/invasive,Aminoglycosides,7,193,EARS-Net mixed/not reported,Not reported in Atlas aggregate,ECDC Surveillance Atlas aggregate,https://atlas.ecdc.europa.eu/public/
EU_EEA,Luxembourg,LUX,2003,Escherichia coli,Blood/invasive,Aminoglycosides,8,227,EARS-Net mixed/not reported,Not reported in Atlas aggregate,ECDC Surveillance Atlas aggregate,https://atlas.ecdc.europa.eu/public/
EU_EEA,Luxembourg,LUX,2004,Escherichia coli,Blood/invasive,Aminoglycosides,8,216,EARS-Net mixed/not reported,Not reported in Atlas aggregate,ECDC Surveillance Atlas aggregate,https://atlas.ecdc.europa.eu/public/
EU_EEA,Luxembourg,LUX,2005,Escherichia coli,Blood/invasive,Aminoglycosides,14,188,EARS-Net mixed/not reported,Not reported in Atlas aggregate,ECDC Surveillance Atlas aggregate,https://atlas.ecdc.europa.eu/public/
EU_EEA,Luxembourg,LUX,2006,Escherichia coli,Blood/invasive,Aminoglycosides,10,167,EARS-Net mixed/not reported,Not reported in Atlas aggregate,ECDC Surveillance Atlas aggregate,https://atlas.ecdc.europa.eu/public/
EU_EEA,Luxembourg,LUX,2007,Escherichia coli,Blood/invasive,Aminoglycosides,14,272,EARS-Net mixed/not reported,Not reported in Atlas aggregate,ECDC Surveillance Atlas aggregate,https://atlas.ecdc.europa.eu/public/
EU_EEA,Luxembourg,LUX,2008,Escherichia coli,Blood/invasive,Aminoglycosides,23,303,EARS-Net mixed/not reported,Not reported in Atlas aggregate,ECDC Surveillance Atlas aggregate,https://atlas.ecdc.europa.eu/public/
EU_EEA,Luxembourg,LUX,2009,Escherichia coli,Blood/invasive,Aminoglycosides,27,301,EARS-Net mixed/not reported,Not reported in Atlas aggregate,ECDC Surveillance Atlas aggregate,https://atlas.ecdc.europa.eu/public/
EU_EEA,Luxembourg,LUX,2010,Escherichia coli,Blood/invasive,Aminoglycosides,23,354,EARS-Net mixed/not reported,Not reported in Atlas aggregate,ECDC Surveillance Atlas aggregate,https://atlas.ecdc.europa.eu/public/
EU_EEA,Luxembourg,LUX,2011,Escherichia coli,Blood/invasive,Aminoglycosides,28,354,EARS-Net mixed/not reported,Not reported in Atlas aggregate,ECDC Surveillance Atlas aggregate,https://atlas.ecdc.europa.eu/public/
EU_EEA,Luxembourg,LUX,2012,Escherichia coli,Blood/invasive,Aminoglycosides,21,334,EARS-Net mixed/not reported,Not reported in Atlas aggregate,ECDC Surveillance Atlas aggregate,https://atlas.ecdc.europa.eu/public/
EU_EEA,Luxembourg,LUX,2013,Escherichia coli,Blood/invasive,Aminoglycosides,21,299,EARS-Net mixed/not reported,Not reported in Atlas aggregate,ECDC Surveillance Atlas aggregate,https://atlas.ecdc.europa.eu/public/
EU_EEA,Luxembourg,LUX,2014,Escherichia coli,Blood/invasive,Aminoglycosides,29,367,EARS-Net mixed/not reported,Not reported in Atlas aggregate,ECDC Surveillance Atlas aggregate,https://atlas.ecdc.europa.eu/public/
EU_EEA,Luxembourg,LUX,2015,Escherichia coli,Blood/invasive,Aminoglycosides,31,347,EARS-Net mixed/not reported,Not reported in Atlas aggregate,ECDC Surveillance Atlas aggregate,https://atlas.ecdc.europa.eu/public/
EU_EEA,Luxembourg,LUX,2016,Escherichia coli,Blood/invasive,Aminoglycosides,38,418,EARS-Net mixed/not reported,Not reported in Atlas aggregate,ECDC Surveillance Atlas aggregate,https://atlas.ecdc.europa.eu/public/
EU_EEA,Luxembourg,LUX,2017,Escherichia coli,Blood/invasive,Aminoglycosides,45,433,EARS-Net mixed/not reported,Not reported in Atlas aggregate,ECDC Surveillance Atlas aggregate,https://atlas.ecdc.europa.eu/public/
EU_EEA,Luxembourg,LUX,2018,Escherichia coli,Blood/invasive,Aminoglycosides,31,423,EARS-Net mixed/not reported,Not reported in Atlas aggregate,ECDC Surveillance Atlas aggregate,https://atlas.ecdc.europa.eu/public/
EU_EEA,Luxembourg,LUX,2019,Escherichia coli,Blood/invasive,Aminoglycosides,50,492,EARS-Net mixed/not reported,Not reported in Atlas aggregate,ECDC Surveillance Atlas aggregate,https://atlas.ecdc.europa.eu/public/
EU_EEA,Luxembourg,LUX,2020,Escherichia coli,Blood/invasive,Aminoglycosides,38,428,EUCAST,EUCAST required; exact version unavailable in Atlas aggregate,ECDC Surveillance Atlas aggregate,https://atlas.ecdc.europa.eu/public/
EU_EEA,Luxembourg,LUX,2021,Escherichia coli,Blood/invasive,Aminoglycosides,31,354,EUCAST,EUCAST required; exact version unavailable in Atlas aggregate,ECDC Surveillance Atlas aggregate,https://atlas.ecdc.europa.eu/public/
EU_EEA,Luxembourg,LUX,2022,Escherichia coli,Blood/invasive,Aminoglycosides,34,469,EUCAST,EUCAST required; exact version unavailable in Atlas aggregate,ECDC Surveillance Atlas aggregate,https://atlas.ecdc.europa.eu/public/
EU_EEA,Luxembourg,LUX,2023,Escherichia coli,Blood/invasive,Aminoglycosides,46,461,EUCAST,EUCAST required; exact version unavailable in Atlas aggregate,ECDC Surveillance Atlas aggregate,https://atlas.ecdc.europa.eu/public/
EU_EEA,Luxembourg,LUX,2001,Escherichia coli,Blood/invasive,Aminopenicillins,82,187,EARS-Net mixed/not reported,Not reported in Atlas aggregate,ECDC Surveillance Atlas aggregate,https://atlas.ecdc.europa.eu/public/
EU_EEA,Luxembourg,LUX,2002,Escherichia coli,Blood/invasive,Aminopenicillins,81,189,EARS-Net mixed/not reported,Not reported in Atlas aggregate,ECDC Surveillance Atlas aggregate,https://atlas.ecdc.europa.eu/public/
EU_EEA,Luxembourg,LUX,2003,Escherichia coli,Blood/invasive,Aminopenicillins,112,227,EARS-Net mixed/not reported,Not reported in Atlas aggregate,ECDC Surveillance Atlas aggregate,https://atlas.ecdc.europa.eu/public/
EU_EEA,Luxembourg,LUX,2004,Escherichia coli,Blood/invasive,Aminopenicillins,105,216,EARS-Net mixed/not reported,Not reported in Atlas aggregate,ECDC Surveillance Atlas aggregate,https://atlas.ecdc.europa.eu/public/
EU_EEA,Luxembourg,LUX,2005,Escherichia coli,Blood/invasive,Aminopenicillins,92,188,EARS-Net mixed/not reported,Not reported in Atlas aggregate,ECDC Surveillance Atlas aggregate,https://atlas.ecdc.europa.eu/public/
EU_EEA,Luxembourg,LUX,2006,Escherichia coli,Blood/invasive,Aminopenicillins,77,167,EARS-Net mixed/not reported,Not reported in Atlas aggregate,ECDC Surveillance Atlas aggregate,https://atlas.ecdc.europa.eu/public/
EU_EEA,Luxembourg,LUX,2007,Escherichia coli,Blood/invasive,Aminopenicillins,136,275,EARS-Net mixed/not reported,Not reported in Atlas aggregate,ECDC Surveillance Atlas aggregate,https://atlas.ecdc.europa.eu/public/
EU_EEA,Luxembourg,LUX,2008,Escherichia coli,Blood/invasive,Aminopenicillins,168,302,EARS-Net mixed/not reported,Not reported in Atlas aggregate,ECDC Surveillance Atlas aggregate,https://atlas.ecdc.europa.eu/public/
EU_EEA,Luxembourg,LUX,2009,Escherichia coli,Blood/invasive,Aminopenicillins,171,299,EARS-Net mixed/not reported,Not reported in Atlas aggregate,ECDC Surveillance Atlas aggregate,https://atlas.ecdc.europa.eu/public/
EU_EEA,Luxembourg,LUX,2010,Escherichia coli,Blood/invasive,Aminopenicillins,223,353,EARS-Net mixed/not reported,Not reported in Atlas aggregate,ECDC Surveillance Atlas aggregate,https://atlas.ecdc.europa.eu/public/
EU_EEA,Luxembourg,LUX,2011,Escherichia coli,Blood/invasive,Aminopenicillins,184,353,EARS-Net mixed/not reported,Not reported in Atlas aggregate,ECDC Surveillance Atlas aggregate,https://atlas.ecdc.europa.eu/public/
EU_EEA,Luxembourg,LUX,2012,Escherichia coli,Blood/invasive,Aminopenicillins,170,335,EARS-Net mixed/not reported,Not reported in Atlas aggregate,ECDC Surveillance Atlas aggregate,https://atlas.ecdc.europa.eu/public/
EU_EEA,Luxembourg,LUX,2013,Escherichia coli,Blood/invasive,Aminopenicillins,163,299,EARS-Net mixed/not reported,Not reported in Atlas aggregate,ECDC Surveillance Atlas aggregate,https://atlas.ecdc.europa.eu/public/
EU_EEA,Luxembourg,LUX,2014,Escherichia coli,Blood/invasive,Aminopenicillins,221,371,EARS-Net mixed/not reported,Not reported in Atlas aggregate,ECDC Surveillance Atlas aggregate,https://atlas.ecdc.europa.eu/public/
EU_EEA,Luxembourg,LUX,2015,Escherichia coli,Blood/invasive,Aminopenicillins,209,347,EARS-Net mixed/not reported,Not reported in Atlas aggregate,ECDC Surveillance Atlas aggregate,https://atlas.ecdc.europa.eu/public/
EU_EEA,Luxembourg,LUX,2016,Escherichia coli,Blood/invasive,Aminopenicillins,223,419,EARS-Net mixed/not reported,Not reported in Atlas aggregate,ECDC Surveillance Atlas aggregate,https://atlas.ecdc.europa.eu/public/
EU_EEA,Luxembourg,LUX,2017,Escherichia coli,Blood/invasive,Aminopenicillins,242,433,EARS-Net mixed/not reported,Not reported in Atlas aggregate,ECDC Surveillance Atlas aggregate,https://atlas.ecdc.europa.eu/public/
EU_EEA,Luxembourg,LUX,2018,Escherichia coli,Blood/invasive,Aminopenicillins,232,420,EARS-Net mixed/not reported,Not reported in Atlas aggregate,ECDC Surveillance Atlas aggregate,https://atlas.ecdc.europa.eu/public/
EU_EEA,Luxembourg,LUX,2019,Escherichia coli,Blood/invasive,Aminopenicillins,283,492,EARS-Net mixed/not reported,Not reported in Atlas aggregate,ECDC Surveillance Atlas aggregate,https://atlas.ecdc.europa.eu/public/
EU_EEA,Luxembourg,LUX,2020,Escherichia coli,Blood/invasive,Aminopenicillins,224,427,EUCAST,EUCAST required; exact version unavailable in Atlas aggregate,ECDC Surveillance Atlas aggregate,https://atlas.ecdc.europa.eu/public/
EU_EEA,Luxembourg,LUX,2021,Escherichia coli,Blood/invasive,Aminopenicillins,188,352,EUCAST,EUCAST required; exact version unavailable in Atlas aggregate,ECDC Surveillance Atlas aggregate,https://atlas.ecdc.europa.eu/public/
EU_EEA,Luxembourg,LUX,2022,Escherichia coli,Blood/invasive,Aminopenicillins,233,469,EUCAST,EUCAST required; exact version unavailable in Atlas aggregate,ECDC Surveillance Atlas aggregate,https://atlas.ecdc.europa.eu/public/
EU_EEA,Luxembourg,LUX,2023,Escherichia coli,Blood/invasive,Aminopenicillins,238,461,EUCAST,EUCAST required; exact version unavailable in Atlas aggregate,ECDC Surveillance Atlas aggregate,https://atlas.ecdc.europa.eu/public/
EU_EEA,Luxembourg,LUX,2001,Escherichia coli,Blood/invasive,Carbapenems,0,172,EARS-Net mixed/not reported,Not reported in Atlas aggregate,ECDC Surveillance Atlas aggregate,https://atlas.ecdc.europa.eu/public/
EU_EEA,Luxembourg,LUX,2002,Escherichia coli,Blood/invasive,Carbapenems,0,133,EARS-Net mixed/not reported,Not reported in Atlas aggregate,ECDC Surveillance Atlas aggregate,https://atlas.ecdc.europa.eu/public/
EU_EEA,Luxembourg,LUX,2003,Escherichia coli,Blood/invasive,Carbapenems,0,164,EARS-Net mixed/not reported,Not reported in Atlas aggregate,ECDC Surveillance Atlas aggregate,https://atlas.ecdc.europa.eu/public/
EU_EEA,Luxembourg,LUX,2004,Escherichia coli,Blood/invasive,Carbapenems,0,171,EARS-Net mixed/not reported,Not reported in Atlas aggregate,ECDC Surveillance Atlas aggregate,https://atlas.ecdc.europa.eu/public/
EU_EEA,Luxembourg,LUX,2005,Escherichia coli,Blood/invasive,Carbapenems,0,166,EARS-Net mixed/not reported,Not reported in Atlas aggregate,ECDC Surveillance Atlas aggregate,https://atlas.ecdc.europa.eu/public/
EU_EEA,Luxembourg,LUX,2006,Escherichia coli,Blood/invasive,Carbapenems,0,9,EARS-Net mixed/not reported,Not reported in Atlas aggregate,ECDC Surveillance Atlas aggregate,https://atlas.ecdc.europa.eu/public/
EU_EEA,Luxembourg,LUX,2007,Escherichia coli,Blood/invasive,Carbapenems,0,56,EARS-Net mixed/not reported,Not reported in Atlas aggregate,ECDC Surveillance Atlas aggregate,https://atlas.ecdc.europa.eu/public/
EU_EEA,Luxembourg,LUX,2008,Escherichia coli,Blood/invasive,Carbapenems,0,12,EARS-Net mixed/not reported,Not reported in Atlas aggregate,ECDC Surveillance Atlas aggregate,https://atlas.ecdc.europa.eu/public/
EU_EEA,Luxembourg,LUX,2009,Escherichia coli,Blood/invasive,Carbapenems,0,286,EARS-Net mixed/not reported,Not reported in Atlas aggregate,ECDC Surveillance Atlas aggregate,https://atlas.ecdc.europa.eu/public/
EU_EEA,Luxembourg,LUX,2010,Escherichia coli,Blood/invasive,Carbapenems,0,340,EARS-Net mixed/not reported,Not reported in Atlas aggregate,ECDC Surveillance Atlas aggregate,https://atlas.ecdc.europa.eu/public/
EU_EEA,Luxembourg,LUX,2011,Escherichia coli,Blood/invasive,Carbapenems,0,351,EARS-Net mixed/not reported,Not reported in Atlas aggregate,ECDC Surveillance Atlas aggregate,https://atlas.ecdc.europa.eu/public/
EU_EEA,Luxembourg,LUX,2012,Escherichia coli,Blood/invasive,Carbapenems,0,333,EARS-Net mixed/not reported,Not reported in Atlas aggregate,ECDC Surveillance Atlas aggregate,https://atlas.ecdc.europa.eu/public/
EU_EEA,Luxembourg,LUX,2013,Escherichia coli,Blood/invasive,Carbapenems,0,295,EARS-Net mixed/not reported,Not reported in Atlas aggregate,ECDC Surveillance Atlas aggregate,https://atlas.ecdc.europa.eu/public/
EU_EEA,Luxembourg,LUX,2014,Escherichia coli,Blood/invasive,Carbapenems,1,368,EARS-Net mixed/not reported,Not reported in Atlas aggregate,ECDC Surveillance Atlas aggregate,https://atlas.ecdc.europa.eu/public/
EU_EEA,Luxembourg,LUX,2015,Escherichia coli,Blood/invasive,Carbapenems,0,347,EARS-Net mixed/not reported,Not reported in Atlas aggregate,ECDC Surveillance Atlas aggregate,https://atlas.ecdc.europa.eu/public/
EU_EEA,Luxembourg,LUX,2016,Escherichia coli,Blood/invasive,Carbapenems,0,418,EARS-Net mixed/not reported,Not reported in Atlas aggregate,ECDC Surveillance Atlas aggregate,https://atlas.ecdc.europa.eu/public/
EU_EEA,Luxembourg,LUX,2017,Escherichia coli,Blood/invasive,Carbapenems,0,433,EARS-Net mixed/not reported,Not reported in Atlas aggregate,ECDC Surveillance Atlas aggregate,https://atlas.ecdc.europa.eu/public/
EU_EEA,Luxembourg,LUX,2018,Escherichia coli,Blood/invasive,Carbapenems,0,424,EARS-Net mixed/not reported,Not reported in Atlas aggregate,ECDC Surveillance Atlas aggregate,https://atlas.ecdc.europa.eu/public/
EU_EEA,Luxembourg,LUX,2019,Escherichia coli,Blood/invasive,Carbapenems,3,492,EARS-Net mixed/not reported,Not reported in Atlas aggregate,ECDC Surveillance Atlas aggregate,https://atlas.ecdc.europa.eu/public/
EU_EEA,Luxembourg,LUX,2020,Escherichia coli,Blood/invasive,Carbapenems,0,428,EUCAST,EUCAST required; exact version unavailable in Atlas aggregate,ECDC Surveillance Atlas aggregate,https://atlas.ecdc.europa.eu/public/
EU_EEA,Luxembourg,LUX,2021,Escherichia coli,Blood/invasive,Carbapenems,0,354,EUCAST,EUCAST required; exact version unavailable in Atlas aggregate,ECDC Surveillance Atlas aggregate,https://atlas.ecdc.europa.eu/public/
EU_EEA,Luxembourg,LUX,2022,Escherichia coli,Blood/invasive,Carbapenems,0,469,EUCAST,EUCAST required; exact version unavailable in Atlas aggregate,ECDC Surveillance Atlas aggregate,https://atlas.ecdc.europa.eu/public/
EU_EEA,Luxembourg,LUX,2023,Escherichia coli,Blood/invasive,Carbapenems,1,461,EUCAST,EUCAST required; exact version unavailable in Atlas aggregate,ECDC Surveillance Atlas aggregate,https://atlas.ecdc.europa.eu/public/
EU_EEA,Luxembourg,LUX,2001,Escherichia coli,Blood/invasive,Fluoroquinolones,8,189,EARS-Net mixed/not reported,Not reported in Atlas aggregate,ECDC Surveillance Atlas aggregate,https://atlas.ecdc.europa.eu/public/
EU_EEA,Luxembourg,LUX,2002,Escherichia coli,Blood/invasive,Fluoroquinolones,15,159,EARS-Net mixed/not reported,Not reported in Atlas aggregate,ECDC Surveillance Atlas aggregate,https://atlas.ecdc.europa.eu/public/
EU_EEA,Luxembourg,LUX,2003,Escherichia coli,Blood/invasive,Fluoroquinolones,27,226,EARS-Net mixed/not reported,Not reported in Atlas aggregate,ECDC Surveillance Atlas aggregate,https://atlas.ecdc.europa.eu/public/
EU_EEA,Luxembourg,LUX,2004,Escherichia coli,Blood/invasive,Fluoroquinolones,38,216,EARS-Net mixed/not reported,Not reported in Atlas aggregate,ECDC Surveillance Atlas aggregate,https://atlas.ecdc.europa.eu/public/
EU_EEA,Luxembourg,LUX,2005,Escherichia coli,Blood/invasive,Fluoroquinolones,35,188,EARS-Net mixed/not reported,Not reported in Atlas aggregate,ECDC Surveillance Atlas aggregate,https://atlas.ecdc.europa.eu/public/
EU_EEA,Luxembourg,LUX,2006,Escherichia coli,Blood/invasive,Fluoroquinolones,33,167,EARS-Net mixed/not reported,Not reported in Atlas aggregate,ECDC Surveillance Atlas aggregate,https://atlas.ecdc.europa.eu/public/
EU_EEA,Luxembourg,LUX,2007,Escherichia coli,Blood/invasive,Fluoroquinolones,59,275,EARS-Net mixed/not reported,Not reported in Atlas aggregate,ECDC Surveillance Atlas aggregate,https://atlas.ecdc.europa.eu/public/
EU_EEA,Luxembourg,LUX,2008,Escherichia coli,Blood/invasive,Fluoroquinolones,67,303,EARS-Net mixed/not reported,Not reported in Atlas aggregate,ECDC Surveillance Atlas aggregate,https://atlas.ecdc.europa.eu/public/
EU_EEA,Luxembourg,LUX,2009,Escherichia coli,Blood/invasive,Fluoroquinolones,77,301,EARS-Net mixed/not reported,Not reported in Atlas aggregate,ECDC Surveillance Atlas aggregate,https://atlas.ecdc.europa.eu/public/
EU_EEA,Luxembourg,LUX,2010,Escherichia coli,Blood/invasive,Fluoroquinolones,93,354,EARS-Net mixed/not reported,Not reported in Atlas aggregate,ECDC Surveillance Atlas aggregate,https://atlas.ecdc.europa.eu/public/
EU_EEA,Luxembourg,LUX,2011,Escherichia coli,Blood/invasive,Fluoroquinolones,85,353,EARS-Net mixed/not reported,Not reported in Atlas aggregate,ECDC Surveillance Atlas aggregate,https://atlas.ecdc.europa.eu/public/
EU_EEA,Luxembourg,LUX,2012,Escherichia coli,Blood/invasive,Fluoroquinolones,80,334,EARS-Net mixed/not reported,Not reported in Atlas aggregate,ECDC Surveillance Atlas aggregate,https://atlas.ecdc.europa.eu/public/
EU_EEA,Luxembourg,LUX,2013,Escherichia coli,Blood/invasive,Fluoroquinolones,82,295,EARS-Net mixed/not reported,Not reported in Atlas aggregate,ECDC Surveillance Atlas aggregate,https://atlas.ecdc.europa.eu/public/
EU_EEA,Luxembourg,LUX,2014,Escherichia coli,Blood/invasive,Fluoroquinolones,91,368,EARS-Net mixed/not reported,Not reported in Atlas aggregate,ECDC Surveillance Atlas aggregate,https://atlas.ecdc.europa.eu/public/
EU_EEA,Luxembourg,LUX,2015,Escherichia coli,Blood/invasive,Fluoroquinolones,84,347,EARS-Net mixed/not reported,Not reported in Atlas aggregate,ECDC Surveillance Atlas aggregate,https://atlas.ecdc.europa.eu/public/
EU_EEA,Luxembourg,LUX,2016,Escherichia coli,Blood/invasive,Fluoroquinolones,121,418,EARS-Net mixed/not reported,Not reported in Atlas aggregate,ECDC Surveillance Atlas aggregate,https://atlas.ecdc.europa.eu/public/
EU_EEA,Luxembourg,LUX,2017,Escherichia coli,Blood/invasive,Fluoroquinolones,99,433,EARS-Net mixed/not reported,Not reported in Atlas aggregate,ECDC Surveillance Atlas aggregate,https://atlas.ecdc.europa.eu/public/
EU_EEA,Luxembourg,LUX,2018,Escherichia coli,Blood/invasive,Fluoroquinolones,91,418,EARS-Net mixed/not reported,Not reported in Atlas aggregate,ECDC Surveillance Atlas aggregate,https://atlas.ecdc.europa.eu/public/
EU_EEA,Luxembourg,LUX,2019,Escherichia coli,Blood/invasive,Fluoroquinolones,101,492,EARS-Net mixed/not reported,Not reported in Atlas aggregate,ECDC Surveillance Atlas aggregate,https://atlas.ecdc.europa.eu/public/
EU_EEA,Luxembourg,LUX,2020,Escherichia coli,Blood/invasive,Fluoroquinolones,93,428,EUCAST,EUCAST required; exact version unavailable in Atlas aggregate,ECDC Surveillance Atlas aggregate,https://atlas.ecdc.europa.eu/public/
EU_EEA,Luxembourg,LUX,2021,Escherichia coli,Blood/invasive,Fluoroquinolones,74,354,EUCAST,EUCAST required; exact version unavailable in Atlas aggregate,ECDC Surveillance Atlas aggregate,https://atlas.ecdc.europa.eu/public/
EU_EEA,Luxembourg,LUX,2022,Escherichia coli,Blood/invasive,Fluoroquinolones,79,469,EUCAST,EUCAST required; exact version unavailable in Atlas aggregate,ECDC Surveillance Atlas aggregate,https://atlas.ecdc.europa.eu/public/
EU_EEA,Luxembourg,LUX,2023,Escherichia coli,Blood/invasive,Fluoroquinolones,72,461,EUCAST,EUCAST required; exact version unavailable in Atlas aggregate,ECDC Surveillance Atlas aggregate,https://atlas.ecdc.europa.eu/public/
EU_EEA,Luxembourg,LUX,2001,Escherichia coli,Blood/invasive,Third-generation cephalosporins,1,187,EARS-Net mixed/not reported,Not reported in Atlas aggregate,ECDC Surveillance Atlas aggregate,https://atlas.ecdc.europa.eu/public/
EU_EEA,Luxembourg,LUX,2002,Escherichia coli,Blood/invasive,Third-generation cephalosporins,1,192,EARS-Net mixed/not reported,Not reported in Atlas aggregate,ECDC Surveillance Atlas aggregate,https://atlas.ecdc.europa.eu/public/
EU_EEA,Luxembourg,LUX,2003,Escherichia coli,Blood/invasive,Third-generation cephalosporins,2,227,EARS-Net mixed/not reported,Not reported in Atlas aggregate,ECDC Surveillance Atlas aggregate,https://atlas.ecdc.europa.eu/public/
EU_EEA,Luxembourg,LUX,2004,Escherichia coli,Blood/invasive,Third-generation cephalosporins,1,216,EARS-Net mixed/not reported,Not reported in Atlas aggregate,ECDC Surveillance Atlas aggregate,https://atlas.ecdc.europa.eu/public/
EU_EEA,Luxembourg,LUX,2005,Escherichia coli,Blood/invasive,Third-generation cephalosporins,6,188,EARS-Net mixed/not reported,Not reported in Atlas aggregate,ECDC Surveillance Atlas aggregate,https://atlas.ecdc.europa.eu/public/
EU_EEA,Luxembourg,LUX,2006,Escherichia coli,Blood/invasive,Third-generation cephalosporins,3,167,EARS-Net mixed/not reported,Not reported in Atlas aggregate,ECDC Surveillance Atlas aggregate,https://atlas.ecdc.europa.eu/public/
EU_EEA,Luxembourg,LUX,2007,Escherichia coli,Blood/invasive,Third-generation cephalosporins,11,272,EARS-Net mixed/not reported,Not reported in Atlas aggregate,ECDC Surveillance Atlas aggregate,https://atlas.ecdc.europa.eu/public/
EU_EEA,Luxembourg,LUX,2008,Escherichia coli,Blood/invasive,Third-generation cephalosporins,19,302,EARS-Net mixed/not reported,Not reported in Atlas aggregate,ECDC Surveillance Atlas aggregate,https://atlas.ecdc.europa.eu/public/
EU_EEA,Luxembourg,LUX,2009,Escherichia coli,Blood/invasive,Third-generation cephalosporins,25,301,EARS-Net mixed/not reported,Not reported in Atlas aggregate,ECDC Surveillance Atlas aggregate,https://atlas.ecdc.europa.eu/public/
EU_EEA,Luxembourg,LUX,2010,Escherichia coli,Blood/invasive,Third-generation cephalosporins,33,354,EARS-Net mixed/not reported,Not reported in Atlas aggregate,ECDC Surveillance Atlas aggregate,https://atlas.ecdc.europa.eu/public/
EU_EEA,Luxembourg,LUX,2011,Escherichia coli,Blood/invasive,Third-generation cephalosporins,29,353,EARS-Net mixed/not reported,Not reported in Atlas aggregate,ECDC Surveillance Atlas aggregate,https://atlas.ecdc.europa.eu/public/
EU_EEA,Luxembourg,LUX,2012,Escherichia coli,Blood/invasive,Third-generation cephalosporins,38,334,EARS-Net mixed/not reported,Not reported in Atlas aggregate,ECDC Surveillance Atlas aggregate,https://atlas.ecdc.europa.eu/public/
EU_EEA,Luxembourg,LUX,2013,Escherichia coli,Blood/invasive,Third-generation cephalosporins,32,301,EARS-Net mixed/not reported,Not reported in Atlas aggregate,ECDC Surveillance Atlas aggregate,https://atlas.ecdc.europa.eu/public/
EU_EEA,Luxembourg,LUX,2014,Escherichia coli,Blood/invasive,Third-generation cephalosporins,44,368,EARS-Net mixed/not reported,Not reported in Atlas aggregate,ECDC Surveillance Atlas aggregate,https://atlas.ecdc.europa.eu/public/
EU_EEA,Luxembourg,LUX,2015,Escherichia coli,Blood/invasive,Third-generation cephalosporins,44,347,EARS-Net mixed/not reported,Not reported in Atlas aggregate,ECDC Surveillance Atlas aggregate,https://atlas.ecdc.europa.eu/public/
EU_EEA,Luxembourg,LUX,2016,Escherichia coli,Blood/invasive,Third-generation cephalosporins,57,418,EARS-Net mixed/not reported,Not reported in Atlas aggregate,ECDC Surveillance Atlas aggregate,https://atlas.ecdc.europa.eu/public/
EU_EEA,Luxembourg,LUX,2017,Escherichia coli,Blood/invasive,Third-generation cephalosporins,42,433,EARS-Net mixed/not reported,Not reported in Atlas aggregate,ECDC Surveillance Atlas aggregate,https://atlas.ecdc.europa.eu/public/
EU_EEA,Luxembourg,LUX,2018,Escherichia coli,Blood/invasive,Third-generation cephalosporins,53,424,EARS-Net mixed/not reported,Not reported in Atlas aggregate,ECDC Surveillance Atlas aggregate,https://atlas.ecdc.europa.eu/public/
EU_EEA,Luxembourg,LUX,2019,Escherichia coli,Blood/invasive,Third-generation cephalosporins,62,492,EARS-Net mixed/not reported,Not reported in Atlas aggregate,ECDC Surveillance Atlas aggregate,https://atlas.ecdc.europa.eu/public/
EU_EEA,Luxembourg,LUX,2020,Escherichia coli,Blood/invasive,Third-generation cephalosporins,49,428,EUCAST,EUCAST required; exact version unavailable in Atlas aggregate,ECDC Surveillance Atlas aggregate,https://atlas.ecdc.europa.eu/public/
EU_EEA,Luxembourg,LUX,2021,Escherichia coli,Blood/invasive,Third-generation cephalosporins,40,354,EUCAST,EUCAST required; exact version unavailable in Atlas aggregate,ECDC Surveillance Atlas aggregate,https://atlas.ecdc.europa.eu/public/
EU_EEA,Luxembourg,LUX,2022,Escherichia coli,Blood/invasive,Third-generation cephalosporins,49,469,EUCAST,EUCAST required; exact version unavailable in Atlas aggregate,ECDC Surveillance Atlas aggregate,https://atlas.ecdc.europa.eu/public/
EU_EEA,Luxembourg,LUX,2023,Escherichia coli,Blood/invasive,Third-generation cephalosporins,54,461,EUCAST,EUCAST required; exact version unavailable in Atlas aggregate,ECDC Surveillance Atlas aggregate,https://atlas.ecdc.europa.eu/public/
EU_EEA,Latvia,LVA,2006,Escherichia coli,Blood/invasive,Aminoglycosides,3,62,EARS-Net mixed/not reported,Not reported in Atlas aggregate,ECDC Surveillance Atlas aggregate,https://atlas.ecdc.europa.eu/public/
EU_EEA,Latvia,LVA,2007,Escherichia coli,Blood/invasive,Aminoglycosides,11,76,EARS-Net mixed/not reported,Not reported in Atlas aggregate,ECDC Surveillance Atlas aggregate,https://atlas.ecdc.europa.eu/public/
EU_EEA,Latvia,LVA,2008,Escherichia coli,Blood/invasive,Aminoglycosides,9,90,EARS-Net mixed/not reported,Not reported in Atlas aggregate,ECDC Surveillance Atlas aggregate,https://atlas.ecdc.europa.eu/public/
EU_EEA,Latvia,LVA,2009,Escherichia coli,Blood/invasive,Aminoglycosides,10,86,EARS-Net mixed/not reported,Not reported in Atlas aggregate,ECDC Surveillance Atlas aggregate,https://atlas.ecdc.europa.eu/public/
EU_EEA,Latvia,LVA,2010,Escherichia coli,Blood/invasive,Aminoglycosides,11,97,EARS-Net mixed/not reported,Not reported in Atlas aggregate,ECDC Surveillance Atlas aggregate,https://atlas.ecdc.europa.eu/public/
EU_EEA,Latvia,LVA,2011,Escherichia coli,Blood/invasive,Aminoglycosides,14,131,EARS-Net mixed/not reported,Not reported in Atlas aggregate,ECDC Surveillance Atlas aggregate,https://atlas.ecdc.europa.eu/public/
EU_EEA,Latvia,LVA,2012,Escherichia coli,Blood/invasive,Aminoglycosides,18,154,EARS-Net mixed/not reported,Not reported in Atlas aggregate,ECDC Surveillance Atlas aggregate,https://atlas.ecdc.europa.eu/public/
EU_EEA,Latvia,LVA,2013,Escherichia coli,Blood/invasive,Aminoglycosides,7,134,EARS-Net mixed/not reported,Not reported in Atlas aggregate,ECDC Surveillance Atlas aggregate,https://atlas.ecdc.europa.eu/public/
EU_EEA,Latvia,LVA,2014,Escherichia coli,Blood/invasive,Aminoglycosides,15,181,EARS-Net mixed/not reported,Not reported in Atlas aggregate,ECDC Surveillance Atlas aggregate,https://atlas.ecdc.europa.eu/public/
EU_EEA,Latvia,LVA,2015,Escherichia coli,Blood/invasive,Aminoglycosides,27,191,EARS-Net mixed/not reported,Not reported in Atlas aggregate,ECDC Surveillance Atlas aggregate,https://atlas.ecdc.europa.eu/public/
EU_EEA,Latvia,LVA,2016,Escherichia coli,Blood/invasive,Aminoglycosides,31,244,EARS-Net mixed/not reported,Not reported in Atlas aggregate,ECDC Surveillance Atlas aggregate,https://atlas.ecdc.europa.eu/public/
EU_EEA,Latvia,LVA,2017,Escherichia coli,Blood/invasive,Aminoglycosides,27,201,EARS-Net mixed/not reported,Not reported in Atlas aggregate,ECDC Surveillance Atlas aggregate,https://atlas.ecdc.europa.eu/public/
EU_EEA,Latvia,LVA,2018,Escherichia coli,Blood/invasive,Aminoglycosides,31,348,EARS-Net mixed/not reported,Not reported in Atlas aggregate,ECDC Surveillance Atlas aggregate,https://atlas.ecdc.europa.eu/public/
EU_EEA,Latvia,LVA,2019,Escherichia coli,Blood/invasive,Aminoglycosides,51,440,EARS-Net mixed/not reported,Not reported in Atlas aggregate,ECDC Surveillance Atlas aggregate,https://atlas.ecdc.europa.eu/public/
EU_EEA,Latvia,LVA,2020,Escherichia coli,Blood/invasive,Aminoglycosides,43,377,EUCAST,EUCAST required; exact version unavailable in Atlas aggregate,ECDC Surveillance Atlas aggregate,https://atlas.ecdc.europa.eu/public/
EU_EEA,Latvia,LVA,2021,Escherichia coli,Blood/invasive,Aminoglycosides,43,394,EUCAST,EUCAST required; exact version unavailable in Atlas aggregate,ECDC Surveillance Atlas aggregate,https://atlas.ecdc.europa.eu/public/
EU_EEA,Latvia,LVA,2022,Escherichia coli,Blood/invasive,Aminoglycosides,57,483,EUCAST,EUCAST required; exact version unavailable in Atlas aggregate,ECDC Surveillance Atlas aggregate,https://atlas.ecdc.europa.eu/public/
EU_EEA,Latvia,LVA,2023,Escherichia coli,Blood/invasive,Aminoglycosides,68,457,EUCAST,EUCAST required; exact version unavailable in Atlas aggregate,ECDC Surveillance Atlas aggregate,https://atlas.ecdc.europa.eu/public/
EU_EEA,Latvia,LVA,2006,Escherichia coli,Blood/invasive,Aminopenicillins,27,62,EARS-Net mixed/not reported,Not reported in Atlas aggregate,ECDC Surveillance Atlas aggregate,https://atlas.ecdc.europa.eu/public/
EU_EEA,Latvia,LVA,2007,Escherichia coli,Blood/invasive,Aminopenicillins,33,76,EARS-Net mixed/not reported,Not reported in Atlas aggregate,ECDC Surveillance Atlas aggregate,https://atlas.ecdc.europa.eu/public/
EU_EEA,Latvia,LVA,2008,Escherichia coli,Blood/invasive,Aminopenicillins,43,90,EARS-Net mixed/not reported,Not reported in Atlas aggregate,ECDC Surveillance Atlas aggregate,https://atlas.ecdc.europa.eu/public/
EU_EEA,Latvia,LVA,2009,Escherichia coli,Blood/invasive,Aminopenicillins,37,86,EARS-Net mixed/not reported,Not reported in Atlas aggregate,ECDC Surveillance Atlas aggregate,https://atlas.ecdc.europa.eu/public/
EU_EEA,Latvia,LVA,2010,Escherichia coli,Blood/invasive,Aminopenicillins,49,98,EARS-Net mixed/not reported,Not reported in Atlas aggregate,ECDC Surveillance Atlas aggregate,https://atlas.ecdc.europa.eu/public/
EU_EEA,Latvia,LVA,2011,Escherichia coli,Blood/invasive,Aminopenicillins,71,130,EARS-Net mixed/not reported,Not reported in Atlas aggregate,ECDC Surveillance Atlas aggregate,https://atlas.ecdc.europa.eu/public/
EU_EEA,Latvia,LVA,2012,Escherichia coli,Blood/invasive,Aminopenicillins,83,153,EARS-Net mixed/not reported,Not reported in Atlas aggregate,ECDC Surveillance Atlas aggregate,https://atlas.ecdc.europa.eu/public/
EU_EEA,Latvia,LVA,2013,Escherichia coli,Blood/invasive,Aminopenicillins,70,135,EARS-Net mixed/not reported,Not reported in Atlas aggregate,ECDC Surveillance Atlas aggregate,https://atlas.ecdc.europa.eu/public/
EU_EEA,Latvia,LVA,2014,Escherichia coli,Blood/invasive,Aminopenicillins,88,182,EARS-Net mixed/not reported,Not reported in Atlas aggregate,ECDC Surveillance Atlas aggregate,https://atlas.ecdc.europa.eu/public/
EU_EEA,Latvia,LVA,2015,Escherichia coli,Blood/invasive,Aminopenicillins,103,192,EARS-Net mixed/not reported,Not reported in Atlas aggregate,ECDC Surveillance Atlas aggregate,https://atlas.ecdc.europa.eu/public/
EU_EEA,Latvia,LVA,2016,Escherichia coli,Blood/invasive,Aminopenicillins,136,247,EARS-Net mixed/not reported,Not reported in Atlas aggregate,ECDC Surveillance Atlas aggregate,https://atlas.ecdc.europa.eu/public/
EU_EEA,Latvia,LVA,2017,Escherichia coli,Blood/invasive,Aminopenicillins,122,202,EARS-Net mixed/not reported,Not reported in Atlas aggregate,ECDC Surveillance Atlas aggregate,https://atlas.ecdc.europa.eu/public/
EU_EEA,Latvia,LVA,2018,Escherichia coli,Blood/invasive,Aminopenicillins,195,347,EARS-Net mixed/not reported,Not reported in Atlas aggregate,ECDC Surveillance Atlas aggregate,https://atlas.ecdc.europa.eu/public/
EU_EEA,Latvia,LVA,2019,Escherichia coli,Blood/invasive,Aminopenicillins,253,438,EARS-Net mixed/not reported,Not reported in Atlas aggregate,ECDC Surveillance Atlas aggregate,https://atlas.ecdc.europa.eu/public/
EU_EEA,Latvia,LVA,2020,Escherichia coli,Blood/invasive,Aminopenicillins,203,374,EUCAST,EUCAST required; exact version unavailable in Atlas aggregate,ECDC Surveillance Atlas aggregate,https://atlas.ecdc.europa.eu/public/
EU_EEA,Latvia,LVA,2021,Escherichia coli,Blood/invasive,Aminopenicillins,170,344,EUCAST,EUCAST required; exact version unavailable in Atlas aggregate,ECDC Surveillance Atlas aggregate,https://atlas.ecdc.europa.eu/public/
EU_EEA,Latvia,LVA,2022,Escherichia coli,Blood/invasive,Aminopenicillins,224,432,EUCAST,EUCAST required; exact version unavailable in Atlas aggregate,ECDC Surveillance Atlas aggregate,https://atlas.ecdc.europa.eu/public/
EU_EEA,Latvia,LVA,2023,Escherichia coli,Blood/invasive,Aminopenicillins,104,208,EUCAST,EUCAST required; exact version unavailable in Atlas aggregate,ECDC Surveillance Atlas aggregate,https://atlas.ecdc.europa.eu/public/
EU_EEA,Latvia,LVA,2006,Escherichia coli,Blood/invasive,Carbapenems,0,58,EARS-Net mixed/not reported,Not reported in Atlas aggregate,ECDC Surveillance Atlas aggregate,https://atlas.ecdc.europa.eu/public/
EU_EEA,Latvia,LVA,2007,Escherichia coli,Blood/invasive,Carbapenems,0,74,EARS-Net mixed/not reported,Not reported in Atlas aggregate,ECDC Surveillance Atlas aggregate,https://atlas.ecdc.europa.eu/public/
EU_EEA,Latvia,LVA,2008,Escherichia coli,Blood/invasive,Carbapenems,0,85,EARS-Net mixed/not reported,Not reported in Atlas aggregate,ECDC Surveillance Atlas aggregate,https://atlas.ecdc.europa.eu/public/
EU_EEA,Latvia,LVA,2009,Escherichia coli,Blood/invasive,Carbapenems,2,85,EARS-Net mixed/not reported,Not reported in Atlas aggregate,ECDC Surveillance Atlas aggregate,https://atlas.ecdc.europa.eu/public/
EU_EEA,Latvia,LVA,2010,Escherichia coli,Blood/invasive,Carbapenems,0,96,EARS-Net mixed/not reported,Not reported in Atlas aggregate,ECDC Surveillance Atlas aggregate,https://atlas.ecdc.europa.eu/public/
EU_EEA,Latvia,LVA,2011,Escherichia coli,Blood/invasive,Carbapenems,0,131,EARS-Net mixed/not reported,Not reported in Atlas aggregate,ECDC Surveillance Atlas aggregate,https://atlas.ecdc.europa.eu/public/
EU_EEA,Latvia,LVA,2012,Escherichia coli,Blood/invasive,Carbapenems,0,153,EARS-Net mixed/not reported,Not reported in Atlas aggregate,ECDC Surveillance Atlas aggregate,https://atlas.ecdc.europa.eu/public/
EU_EEA,Latvia,LVA,2013,Escherichia coli,Blood/invasive,Carbapenems,0,135,EARS-Net mixed/not reported,Not reported in Atlas aggregate,ECDC Surveillance Atlas aggregate,https://atlas.ecdc.europa.eu/public/
EU_EEA,Latvia,LVA,2014,Escherichia coli,Blood/invasive,Carbapenems,0,182,EARS-Net mixed/not reported,Not reported in Atlas aggregate,ECDC Surveillance Atlas aggregate,https://atlas.ecdc.europa.eu/public/
EU_EEA,Latvia,LVA,2015,Escherichia coli,Blood/invasive,Carbapenems,0,192,EARS-Net mixed/not reported,Not reported in Atlas aggregate,ECDC Surveillance Atlas aggregate,https://atlas.ecdc.europa.eu/public/
EU_EEA,Latvia,LVA,2016,Escherichia coli,Blood/invasive,Carbapenems,0,246,EARS-Net mixed/not reported,Not reported in Atlas aggregate,ECDC Surveillance Atlas aggregate,https://atlas.ecdc.europa.eu/public/
EU_EEA,Latvia,LVA,2017,Escherichia coli,Blood/invasive,Carbapenems,0,203,EARS-Net mixed/not reported,Not reported in Atlas aggregate,ECDC Surveillance Atlas aggregate,https://atlas.ecdc.europa.eu/public/
EU_EEA,Latvia,LVA,2018,Escherichia coli,Blood/invasive,Carbapenems,0,346,EARS-Net mixed/not reported,Not reported in Atlas aggregate,ECDC Surveillance Atlas aggregate,https://atlas.ecdc.europa.eu/public/
EU_EEA,Latvia,LVA,2019,Escherichia coli,Blood/invasive,Carbapenems,0,439,EARS-Net mixed/not reported,Not reported in Atlas aggregate,ECDC Surveillance Atlas aggregate,https://atlas.ecdc.europa.eu/public/
EU_EEA,Latvia,LVA,2020,Escherichia coli,Blood/invasive,Carbapenems,0,378,EUCAST,EUCAST required; exact version unavailable in Atlas aggregate,ECDC Surveillance Atlas aggregate,https://atlas.ecdc.europa.eu/public/
EU_EEA,Latvia,LVA,2021,Escherichia coli,Blood/invasive,Carbapenems,0,393,EUCAST,EUCAST required; exact version unavailable in Atlas aggregate,ECDC Surveillance Atlas aggregate,https://atlas.ecdc.europa.eu/public/
EU_EEA,Latvia,LVA,2022,Escherichia coli,Blood/invasive,Carbapenems,0,481,EUCAST,EUCAST required; exact version unavailable in Atlas aggregate,ECDC Surveillance Atlas aggregate,https://atlas.ecdc.europa.eu/public/
EU_EEA,Latvia,LVA,2023,Escherichia coli,Blood/invasive,Carbapenems,0,455,EUCAST,EUCAST required; exact version unavailable in Atlas aggregate,ECDC Surveillance Atlas aggregate,https://atlas.ecdc.europa.eu/public/
EU_EEA,Latvia,LVA,2006,Escherichia coli,Blood/invasive,Fluoroquinolones,6,60,EARS-Net mixed/not reported,Not reported in Atlas aggregate,ECDC Surveillance Atlas aggregate,https://atlas.ecdc.europa.eu/public/
EU_EEA,Latvia,LVA,2007,Escherichia coli,Blood/invasive,Fluoroquinolones,13,76,EARS-Net mixed/not reported,Not reported in Atlas aggregate,ECDC Surveillance Atlas aggregate,https://atlas.ecdc.europa.eu/public/
EU_EEA,Latvia,LVA,2008,Escherichia coli,Blood/invasive,Fluoroquinolones,13,90,EARS-Net mixed/not reported,Not reported in Atlas aggregate,ECDC Surveillance Atlas aggregate,https://atlas.ecdc.europa.eu/public/
EU_EEA,Latvia,LVA,2009,Escherichia coli,Blood/invasive,Fluoroquinolones,20,85,EARS-Net mixed/not reported,Not reported in Atlas aggregate,ECDC Surveillance Atlas aggregate,https://atlas.ecdc.europa.eu/public/
EU_EEA,Latvia,LVA,2010,Escherichia coli,Blood/invasive,Fluoroquinolones,14,97,EARS-Net mixed/not reported,Not reported in Atlas aggregate,ECDC Surveillance Atlas aggregate,https://atlas.ecdc.europa.eu/public/
EU_EEA,Latvia,LVA,2011,Escherichia coli,Blood/invasive,Fluoroquinolones,22,131,EARS-Net mixed/not reported,Not reported in Atlas aggregate,ECDC Surveillance Atlas aggregate,https://atlas.ecdc.europa.eu/public/
EU_EEA,Latvia,LVA,2012,Escherichia coli,Blood/invasive,Fluoroquinolones,22,152,EARS-Net mixed/not reported,Not reported in Atlas aggregate,ECDC Surveillance Atlas aggregate,https://atlas.ecdc.europa.eu/public/
EU_EEA,Latvia,LVA,2013,Escherichia coli,Blood/invasive,Fluoroquinolones,25,134,EARS-Net mixed/not reported,Not reported in Atlas aggregate,ECDC Surveillance Atlas aggregate,https://atlas.ecdc.europa.eu/public/
EU_EEA,Latvia,LVA,2014,Escherichia coli,Blood/invasive,Fluoroquinolones,32,181,EARS-Net mixed/not reported,Not reported in Atlas aggregate,ECDC Surveillance Atlas aggregate,https://atlas.ecdc.europa.eu/public/
EU_EEA,Latvia,LVA,2015,Escherichia coli,Blood/invasive,Fluoroquinolones,54,194,EARS-Net mixed/not reported,Not reported in Atlas aggregate,ECDC Surveillance Atlas aggregate,https://atlas.ecdc.europa.eu/public/
EU_EEA,Latvia,LVA,2016,Escherichia coli,Blood/invasive,Fluoroquinolones,68,245,EARS-Net mixed/not reported,Not reported in Atlas aggregate,ECDC Surveillance Atlas aggregate,https://atlas.ecdc.europa.eu/public/
EU_EEA,Latvia,LVA,2017,Escherichia coli,Blood/invasive,Fluoroquinolones,61,201,EARS-Net mixed/not reported,Not reported in Atlas aggregate,ECDC Surveillance Atlas aggregate,https://atlas.ecdc.europa.eu/public/
EU_EEA,Latvia,LVA,2018,Escherichia coli,Blood/invasive,Fluoroquinolones,83,344,EARS-Net mixed/not reported,Not reported in Atlas aggregate,ECDC Surveillance Atlas aggregate,https://atlas.ecdc.europa.eu/public/
EU_EEA,Latvia,LVA,2019,Escherichia coli,Blood/invasive,Fluoroquinolones,110,442,EARS-Net mixed/not reported,Not reported in Atlas aggregate,ECDC Surveillance Atlas aggregate,https://atlas.ecdc.europa.eu/public/
EU_EEA,Latvia,LVA,2020,Escherichia coli,Blood/invasive,Fluoroquinolones,104,378,EUCAST,EUCAST required; exact version unavailable in Atlas aggregate,ECDC Surveillance Atlas aggregate,https://atlas.ecdc.europa.eu/public/
EU_EEA,Latvia,LVA,2021,Escherichia coli,Blood/invasive,Fluoroquinolones,81,392,EUCAST,EUCAST required; exact version unavailable in Atlas aggregate,ECDC Surveillance Atlas aggregate,https://atlas.ecdc.europa.eu/public/
EU_EEA,Latvia,LVA,2022,Escherichia coli,Blood/invasive,Fluoroquinolones,105,481,EUCAST,EUCAST required; exact version unavailable in Atlas aggregate,ECDC Surveillance Atlas aggregate,https://atlas.ecdc.europa.eu/public/
EU_EEA,Latvia,LVA,2023,Escherichia coli,Blood/invasive,Fluoroquinolones,129,455,EUCAST,EUCAST required; exact version unavailable in Atlas aggregate,ECDC Surveillance Atlas aggregate,https://atlas.ecdc.europa.eu/public/
EU_EEA,Latvia,LVA,2006,Escherichia coli,Blood/invasive,Third-generation cephalosporins,4,62,EARS-Net mixed/not reported,Not reported in Atlas aggregate,ECDC Surveillance Atlas aggregate,https://atlas.ecdc.europa.eu/public/
EU_EEA,Latvia,LVA,2007,Escherichia coli,Blood/invasive,Third-generation cephalosporins,11,76,EARS-Net mixed/not reported,Not reported in Atlas aggregate,ECDC Surveillance Atlas aggregate,https://atlas.ecdc.europa.eu/public/
EU_EEA,Latvia,LVA,2008,Escherichia coli,Blood/invasive,Third-generation cephalosporins,10,90,EARS-Net mixed/not reported,Not reported in Atlas aggregate,ECDC Surveillance Atlas aggregate,https://atlas.ecdc.europa.eu/public/
EU_EEA,Latvia,LVA,2009,Escherichia coli,Blood/invasive,Third-generation cephalosporins,10,86,EARS-Net mixed/not reported,Not reported in Atlas aggregate,ECDC Surveillance Atlas aggregate,https://atlas.ecdc.europa.eu/public/
EU_EEA,Latvia,LVA,2010,Escherichia coli,Blood/invasive,Third-generation cephalosporins,12,98,EARS-Net mixed/not reported,Not reported in Atlas aggregate,ECDC Surveillance Atlas aggregate,https://atlas.ecdc.europa.eu/public/
EU_EEA,Latvia,LVA,2011,Escherichia coli,Blood/invasive,Third-generation cephalosporins,21,132,EARS-Net mixed/not reported,Not reported in Atlas aggregate,ECDC Surveillance Atlas aggregate,https://atlas.ecdc.europa.eu/public/
EU_EEA,Latvia,LVA,2012,Escherichia coli,Blood/invasive,Third-generation cephalosporins,20,154,EARS-Net mixed/not reported,Not reported in Atlas aggregate,ECDC Surveillance Atlas aggregate,https://atlas.ecdc.europa.eu/public/
EU_EEA,Latvia,LVA,2013,Escherichia coli,Blood/invasive,Third-generation cephalosporins,19,136,EARS-Net mixed/not reported,Not reported in Atlas aggregate,ECDC Surveillance Atlas aggregate,https://atlas.ecdc.europa.eu/public/
EU_EEA,Latvia,LVA,2014,Escherichia coli,Blood/invasive,Third-generation cephalosporins,18,165,EARS-Net mixed/not reported,Not reported in Atlas aggregate,ECDC Surveillance Atlas aggregate,https://atlas.ecdc.europa.eu/public/
EU_EEA,Latvia,LVA,2015,Escherichia coli,Blood/invasive,Third-generation cephalosporins,36,201,EARS-Net mixed/not reported,Not reported in Atlas aggregate,ECDC Surveillance Atlas aggregate,https://atlas.ecdc.europa.eu/public/
EU_EEA,Latvia,LVA,2016,Escherichia coli,Blood/invasive,Third-generation cephalosporins,61,253,EARS-Net mixed/not reported,Not reported in Atlas aggregate,ECDC Surveillance Atlas aggregate,https://atlas.ecdc.europa.eu/public/
EU_EEA,Latvia,LVA,2017,Escherichia coli,Blood/invasive,Third-generation cephalosporins,45,205,EARS-Net mixed/not reported,Not reported in Atlas aggregate,ECDC Surveillance Atlas aggregate,https://atlas.ecdc.europa.eu/public/
EU_EEA,Latvia,LVA,2018,Escherichia coli,Blood/invasive,Third-generation cephalosporins,71,348,EARS-Net mixed/not reported,Not reported in Atlas aggregate,ECDC Surveillance Atlas aggregate,https://atlas.ecdc.europa.eu/public/
EU_EEA,Latvia,LVA,2019,Escherichia coli,Blood/invasive,Third-generation cephalosporins,87,442,EARS-Net mixed/not reported,Not reported in Atlas aggregate,ECDC Surveillance Atlas aggregate,https://atlas.ecdc.europa.eu/public/
EU_EEA,Latvia,LVA,2020,Escherichia coli,Blood/invasive,Third-generation cephalosporins,91,378,EUCAST,EUCAST required; exact version unavailable in Atlas aggregate,ECDC Surveillance Atlas aggregate,https://atlas.ecdc.europa.eu/public/
EU_EEA,Latvia,LVA,2021,Escherichia coli,Blood/invasive,Third-generation cephalosporins,72,393,EUCAST,EUCAST required; exact version unavailable in Atlas aggregate,ECDC Surveillance Atlas aggregate,https://atlas.ecdc.europa.eu/public/
EU_EEA,Latvia,LVA,2022,Escherichia coli,Blood/invasive,Third-generation cephalosporins,97,484,EUCAST,EUCAST required; exact version unavailable in Atlas aggregate,ECDC Surveillance Atlas aggregate,https://atlas.ecdc.europa.eu/public/
EU_EEA,Latvia,LVA,2023,Escherichia coli,Blood/invasive,Third-generation cephalosporins,117,461,EUCAST,EUCAST required; exact version unavailable in Atlas aggregate,ECDC Surveillance Atlas aggregate,https://atlas.ecdc.europa.eu/public/
EU_EEA,Malta,MLT,2001,Escherichia coli,Blood/invasive,Aminoglycosides,7,65,EARS-Net mixed/not reported,Not reported in Atlas aggregate,ECDC Surveillance Atlas aggregate,https://atlas.ecdc.europa.eu/public/
EU_EEA,Malta,MLT,2002,Escherichia coli,Blood/invasive,Aminoglycosides,5,74,EARS-Net mixed/not reported,Not reported in Atlas aggregate,ECDC Surveillance Atlas aggregate,https://atlas.ecdc.europa.eu/public/
EU_EEA,Malta,MLT,2003,Escherichia coli,Blood/invasive,Aminoglycosides,16,91,EARS-Net mixed/not reported,Not reported in Atlas aggregate,ECDC Surveillance Atlas aggregate,https://atlas.ecdc.europa.eu/public/
EU_EEA,Malta,MLT,2004,Escherichia coli,Blood/invasive,Aminoglycosides,18,91,EARS-Net mixed/not reported,Not reported in Atlas aggregate,ECDC Surveillance Atlas aggregate,https://atlas.ecdc.europa.eu/public/
EU_EEA,Malta,MLT,2005,Escherichia coli,Blood/invasive,Aminoglycosides,6,85,EARS-Net mixed/not reported,Not reported in Atlas aggregate,ECDC Surveillance Atlas aggregate,https://atlas.ecdc.europa.eu/public/
EU_EEA,Malta,MLT,2006,Escherichia coli,Blood/invasive,Aminoglycosides,14,94,EARS-Net mixed/not reported,Not reported in Atlas aggregate,ECDC Surveillance Atlas aggregate,https://atlas.ecdc.europa.eu/public/
EU_EEA,Malta,MLT,2007,Escherichia coli,Blood/invasive,Aminoglycosides,23,117,EARS-Net mixed/not reported,Not reported in Atlas aggregate,ECDC Surveillance Atlas aggregate,https://atlas.ecdc.europa.eu/public/
EU_EEA,Malta,MLT,2008,Escherichia coli,Blood/invasive,Aminoglycosides,28,128,EARS-Net mixed/not reported,Not reported in Atlas aggregate,ECDC Surveillance Atlas aggregate,https://atlas.ecdc.europa.eu/public/
EU_EEA,Malta,MLT,2009,Escherichia coli,Blood/invasive,Aminoglycosides,33,158,EARS-Net mixed/not reported,Not reported in Atlas aggregate,ECDC Surveillance Atlas aggregate,https://atlas.ecdc.europa.eu/public/
EU_EEA,Malta,MLT,2010,Escherichia coli,Blood/invasive,Aminoglycosides,43,192,EARS-Net mixed/not reported,Not reported in Atlas aggregate,ECDC Surveillance Atlas aggregate,https://atlas.ecdc.europa.eu/public/
EU_EEA,Malta,MLT,2011,Escherichia coli,Blood/invasive,Aminoglycosides,33,219,EARS-Net mixed/not reported,Not reported in Atlas aggregate,ECDC Surveillance Atlas aggregate,https://atlas.ecdc.europa.eu/public/
EU_EEA,Malta,MLT,2012,Escherichia coli,Blood/invasive,Aminoglycosides,24,209,EARS-Net mixed/not reported,Not reported in Atlas aggregate,ECDC Surveillance Atlas aggregate,https://atlas.ecdc.europa.eu/public/
EU_EEA,Malta,MLT,2013,Escherichia coli,Blood/invasive,Aminoglycosides,22,242,EARS-Net mixed/not reported,Not reported in Atlas aggregate,ECDC Surveillance Atlas aggregate,https://atlas.ecdc.europa.eu/public/
EU_EEA,Malta,MLT,2014,Escherichia coli,Blood/invasive,Aminoglycosides,26,268,EARS-Net mixed/not reported,Not reported in Atlas aggregate,ECDC Surveillance Atlas aggregate,https://atlas.ecdc.europa.eu/public/
EU_EEA,Malta,MLT,2015,Escherichia coli,Blood/invasive,Aminoglycosides,29,238,EARS-Net mixed/not reported,Not reported in Atlas aggregate,ECDC Surveillance Atlas aggregate,https://atlas.ecdc.europa.eu/public/
EU_EEA,Malta,MLT,2016,Escherichia coli,Blood/invasive,Aminoglycosides,34,328,EARS-Net mixed/not reported,Not reported in Atlas aggregate,ECDC Surveillance Atlas aggregate,https://atlas.ecdc.europa.eu/public/
EU_EEA,Malta,MLT,2017,Escherichia coli,Blood/invasive,Aminoglycosides,34,314,EARS-Net mixed/not reported,Not reported in Atlas aggregate,ECDC Surveillance Atlas aggregate,https://atlas.ecdc.europa.eu/public/
EU_EEA,Malta,MLT,2018,Escherichia coli,Blood/invasive,Aminoglycosides,33,332,EARS-Net mixed/not reported,Not reported in Atlas aggregate,ECDC Surveillance Atlas aggregate,https://atlas.ecdc.europa.eu/public/
EU_EEA,Malta,MLT,2019,Escherichia coli,Blood/invasive,Aminoglycosides,33,332,EARS-Net mixed/not reported,Not reported in Atlas aggregate,ECDC Surveillance Atlas aggregate,https://atlas.ecdc.europa.eu/public/
EU_EEA,Malta,MLT,2020,Escherichia coli,Blood/invasive,Aminoglycosides,35,277,EUCAST,EUCAST required; exact version unavailable in Atlas aggregate,ECDC Surveillance Atlas aggregate,https://atlas.ecdc.europa.eu/public/
EU_EEA,Malta,MLT,2021,Escherichia coli,Blood/invasive,Aminoglycosides,38,299,EUCAST,EUCAST required; exact version unavailable in Atlas aggregate,ECDC Surveillance Atlas aggregate,https://atlas.ecdc.europa.eu/public/
EU_EEA,Malta,MLT,2022,Escherichia coli,Blood/invasive,Aminoglycosides,39,326,EUCAST,EUCAST required; exact version unavailable in Atlas aggregate,ECDC Surveillance Atlas aggregate,https://atlas.ecdc.europa.eu/public/
EU_EEA,Malta,MLT,2023,Escherichia coli,Blood/invasive,Aminoglycosides,43,416,EUCAST,EUCAST required; exact version unavailable in Atlas aggregate,ECDC Surveillance Atlas aggregate,https://atlas.ecdc.europa.eu/public/
EU_EEA,Malta,MLT,2001,Escherichia coli,Blood/invasive,Aminopenicillins,17,65,EARS-Net mixed/not reported,Not reported in Atlas aggregate,ECDC Surveillance Atlas aggregate,https://atlas.ecdc.europa.eu/public/
EU_EEA,Malta,MLT,2002,Escherichia coli,Blood/invasive,Aminopenicillins,32,74,EARS-Net mixed/not reported,Not reported in Atlas aggregate,ECDC Surveillance Atlas aggregate,https://atlas.ecdc.europa.eu/public/
EU_EEA,Malta,MLT,2003,Escherichia coli,Blood/invasive,Aminopenicillins,34,88,EARS-Net mixed/not reported,Not reported in Atlas aggregate,ECDC Surveillance Atlas aggregate,https://atlas.ecdc.europa.eu/public/
EU_EEA,Malta,MLT,2004,Escherichia coli,Blood/invasive,Aminopenicillins,43,90,EARS-Net mixed/not reported,Not reported in Atlas aggregate,ECDC Surveillance Atlas aggregate,https://atlas.ecdc.europa.eu/public/
EU_EEA,Malta,MLT,2005,Escherichia coli,Blood/invasive,Aminopenicillins,43,85,EARS-Net mixed/not reported,Not reported in Atlas aggregate,ECDC Surveillance Atlas aggregate,https://atlas.ecdc.europa.eu/public/
EU_EEA,Malta,MLT,2006,Escherichia coli,Blood/invasive,Aminopenicillins,53,94,EARS-Net mixed/not reported,Not reported in Atlas aggregate,ECDC Surveillance Atlas aggregate,https://atlas.ecdc.europa.eu/public/
EU_EEA,Malta,MLT,2007,Escherichia coli,Blood/invasive,Aminopenicillins,63,116,EARS-Net mixed/not reported,Not reported in Atlas aggregate,ECDC Surveillance Atlas aggregate,https://atlas.ecdc.europa.eu/public/
EU_EEA,Malta,MLT,2008,Escherichia coli,Blood/invasive,Aminopenicillins,66,128,EARS-Net mixed/not reported,Not reported in Atlas aggregate,ECDC Surveillance Atlas aggregate,https://atlas.ecdc.europa.eu/public/
EU_EEA,Malta,MLT,2009,Escherichia coli,Blood/invasive,Aminopenicillins,86,158,EARS-Net mixed/not reported,Not reported in Atlas aggregate,ECDC Surveillance Atlas aggregate,https://atlas.ecdc.europa.eu/public/
EU_EEA,Malta,MLT,2010,Escherichia coli,Blood/invasive,Aminopenicillins,85,192,EARS-Net mixed/not reported,Not reported in Atlas aggregate,ECDC Surveillance Atlas aggregate,https://atlas.ecdc.europa.eu/public/
EU_EEA,Malta,MLT,2011,Escherichia coli,Blood/invasive,Aminopenicillins,116,219,EARS-Net mixed/not reported,Not reported in Atlas aggregate,ECDC Surveillance Atlas aggregate,https://atlas.ecdc.europa.eu/public/
EU_EEA,Malta,MLT,2012,Escherichia coli,Blood/invasive,Aminopenicillins,107,200,EARS-Net mixed/not reported,Not reported in Atlas aggregate,ECDC Surveillance Atlas aggregate,https://atlas.ecdc.europa.eu/public/
EU_EEA,Malta,MLT,2013,Escherichia coli,Blood/invasive,Aminopenicillins,131,242,EARS-Net mixed/not reported,Not reported in Atlas aggregate,ECDC Surveillance Atlas aggregate,https://atlas.ecdc.europa.eu/public/
EU_EEA,Malta,MLT,2014,Escherichia coli,Blood/invasive,Aminopenicillins,142,268,EARS-Net mixed/not reported,Not reported in Atlas aggregate,ECDC Surveillance Atlas aggregate,https://atlas.ecdc.europa.eu/public/
EU_EEA,Malta,MLT,2015,Escherichia coli,Blood/invasive,Aminopenicillins,132,238,EARS-Net mixed/not reported,Not reported in Atlas aggregate,ECDC Surveillance Atlas aggregate,https://atlas.ecdc.europa.eu/public/
EU_EEA,Malta,MLT,2016,Escherichia coli,Blood/invasive,Aminopenicillins,197,328,EARS-Net mixed/not reported,Not reported in Atlas aggregate,ECDC Surveillance Atlas aggregate,https://atlas.ecdc.europa.eu/public/
EU_EEA,Malta,MLT,2017,Escherichia coli,Blood/invasive,Aminopenicillins,187,314,EARS-Net mixed/not reported,Not reported in Atlas aggregate,ECDC Surveillance Atlas aggregate,https://atlas.ecdc.europa.eu/public/
EU_EEA,Malta,MLT,2018,Escherichia coli,Blood/invasive,Aminopenicillins,198,332,EARS-Net mixed/not reported,Not reported in Atlas aggregate,ECDC Surveillance Atlas aggregate,https://atlas.ecdc.europa.eu/public/
EU_EEA,Malta,MLT,2019,Escherichia coli,Blood/invasive,Aminopenicillins,215,332,EARS-Net mixed/not reported,Not reported in Atlas aggregate,ECDC Surveillance Atlas aggregate,https://atlas.ecdc.europa.eu/public/
EU_EEA,Malta,MLT,2020,Escherichia coli,Blood/invasive,Aminopenicillins,162,277,EUCAST,EUCAST required; exact version unavailable in Atlas aggregate,ECDC Surveillance Atlas aggregate,https://atlas.ecdc.europa.eu/public/
EU_EEA,Malta,MLT,2021,Escherichia coli,Blood/invasive,Aminopenicillins,193,299,EUCAST,EUCAST required; exact version unavailable in Atlas aggregate,ECDC Surveillance Atlas aggregate,https://atlas.ecdc.europa.eu/public/
EU_EEA,Malta,MLT,2022,Escherichia coli,Blood/invasive,Aminopenicillins,205,326,EUCAST,EUCAST required; exact version unavailable in Atlas aggregate,ECDC Surveillance Atlas aggregate,https://atlas.ecdc.europa.eu/public/
EU_EEA,Malta,MLT,2023,Escherichia coli,Blood/invasive,Aminopenicillins,260,416,EUCAST,EUCAST required; exact version unavailable in Atlas aggregate,ECDC Surveillance Atlas aggregate,https://atlas.ecdc.europa.eu/public/
EU_EEA,Malta,MLT,2001,Escherichia coli,Blood/invasive,Carbapenems,0,64,EARS-Net mixed/not reported,Not reported in Atlas aggregate,ECDC Surveillance Atlas aggregate,https://atlas.ecdc.europa.eu/public/
EU_EEA,Malta,MLT,2002,Escherichia coli,Blood/invasive,Carbapenems,0,74,EARS-Net mixed/not reported,Not reported in Atlas aggregate,ECDC Surveillance Atlas aggregate,https://atlas.ecdc.europa.eu/public/
EU_EEA,Malta,MLT,2003,Escherichia coli,Blood/invasive,Carbapenems,0,87,EARS-Net mixed/not reported,Not reported in Atlas aggregate,ECDC Surveillance Atlas aggregate,https://atlas.ecdc.europa.eu/public/
EU_EEA,Malta,MLT,2004,Escherichia coli,Blood/invasive,Carbapenems,0,90,EARS-Net mixed/not reported,Not reported in Atlas aggregate,ECDC Surveillance Atlas aggregate,https://atlas.ecdc.europa.eu/public/
EU_EEA,Malta,MLT,2005,Escherichia coli,Blood/invasive,Carbapenems,0,85,EARS-Net mixed/not reported,Not reported in Atlas aggregate,ECDC Surveillance Atlas aggregate,https://atlas.ecdc.europa.eu/public/
EU_EEA,Malta,MLT,2006,Escherichia coli,Blood/invasive,Carbapenems,0,94,EARS-Net mixed/not reported,Not reported in Atlas aggregate,ECDC Surveillance Atlas aggregate,https://atlas.ecdc.europa.eu/public/
EU_EEA,Malta,MLT,2007,Escherichia coli,Blood/invasive,Carbapenems,0,117,EARS-Net mixed/not reported,Not reported in Atlas aggregate,ECDC Surveillance Atlas aggregate,https://atlas.ecdc.europa.eu/public/
EU_EEA,Malta,MLT,2008,Escherichia coli,Blood/invasive,Carbapenems,0,124,EARS-Net mixed/not reported,Not reported in Atlas aggregate,ECDC Surveillance Atlas aggregate,https://atlas.ecdc.europa.eu/public/
EU_EEA,Malta,MLT,2009,Escherichia coli,Blood/invasive,Carbapenems,2,158,EARS-Net mixed/not reported,Not reported in Atlas aggregate,ECDC Surveillance Atlas aggregate,https://atlas.ecdc.europa.eu/public/
EU_EEA,Malta,MLT,2010,Escherichia coli,Blood/invasive,Carbapenems,0,192,EARS-Net mixed/not reported,Not reported in Atlas aggregate,ECDC Surveillance Atlas aggregate,https://atlas.ecdc.europa.eu/public/
EU_EEA,Malta,MLT,2011,Escherichia coli,Blood/invasive,Carbapenems,0,219,EARS-Net mixed/not reported,Not reported in Atlas aggregate,ECDC Surveillance Atlas aggregate,https://atlas.ecdc.europa.eu/public/
EU_EEA,Malta,MLT,2012,Escherichia coli,Blood/invasive,Carbapenems,0,209,EARS-Net mixed/not reported,Not reported in Atlas aggregate,ECDC Surveillance Atlas aggregate,https://atlas.ecdc.europa.eu/public/
EU_EEA,Malta,MLT,2013,Escherichia coli,Blood/invasive,Carbapenems,0,242,EARS-Net mixed/not reported,Not reported in Atlas aggregate,ECDC Surveillance Atlas aggregate,https://atlas.ecdc.europa.eu/public/
EU_EEA,Malta,MLT,2014,Escherichia coli,Blood/invasive,Carbapenems,0,268,EARS-Net mixed/not reported,Not reported in Atlas aggregate,ECDC Surveillance Atlas aggregate,https://atlas.ecdc.europa.eu/public/
EU_EEA,Malta,MLT,2015,Escherichia coli,Blood/invasive,Carbapenems,0,238,EARS-Net mixed/not reported,Not reported in Atlas aggregate,ECDC Surveillance Atlas aggregate,https://atlas.ecdc.europa.eu/public/
EU_EEA,Malta,MLT,2016,Escherichia coli,Blood/invasive,Carbapenems,0,328,EARS-Net mixed/not reported,Not reported in Atlas aggregate,ECDC Surveillance Atlas aggregate,https://atlas.ecdc.europa.eu/public/
EU_EEA,Malta,MLT,2017,Escherichia coli,Blood/invasive,Carbapenems,0,314,EARS-Net mixed/not reported,Not reported in Atlas aggregate,ECDC Surveillance Atlas aggregate,https://atlas.ecdc.europa.eu/public/
EU_EEA,Malta,MLT,2018,Escherichia coli,Blood/invasive,Carbapenems,0,332,EARS-Net mixed/not reported,Not reported in Atlas aggregate,ECDC Surveillance Atlas aggregate,https://atlas.ecdc.europa.eu/public/
EU_EEA,Malta,MLT,2019,Escherichia coli,Blood/invasive,Carbapenems,0,332,EARS-Net mixed/not reported,Not reported in Atlas aggregate,ECDC Surveillance Atlas aggregate,https://atlas.ecdc.europa.eu/public/
EU_EEA,Malta,MLT,2020,Escherichia coli,Blood/invasive,Carbapenems,0,277,EUCAST,EUCAST required; exact version unavailable in Atlas aggregate,ECDC Surveillance Atlas aggregate,https://atlas.ecdc.europa.eu/public/
EU_EEA,Malta,MLT,2021,Escherichia coli,Blood/invasive,Carbapenems,0,299,EUCAST,EUCAST required; exact version unavailable in Atlas aggregate,ECDC Surveillance Atlas aggregate,https://atlas.ecdc.europa.eu/public/
EU_EEA,Malta,MLT,2022,Escherichia coli,Blood/invasive,Carbapenems,0,326,EUCAST,EUCAST required; exact version unavailable in Atlas aggregate,ECDC Surveillance Atlas aggregate,https://atlas.ecdc.europa.eu/public/
EU_EEA,Malta,MLT,2023,Escherichia coli,Blood/invasive,Carbapenems,0,416,EUCAST,EUCAST required; exact version unavailable in Atlas aggregate,ECDC Surveillance Atlas aggregate,https://atlas.ecdc.europa.eu/public/
EU_EEA,Malta,MLT,2001,Escherichia coli,Blood/invasive,Fluoroquinolones,10,65,EARS-Net mixed/not reported,Not reported in Atlas aggregate,ECDC Surveillance Atlas aggregate,https://atlas.ecdc.europa.eu/public/
EU_EEA,Malta,MLT,2002,Escherichia coli,Blood/invasive,Fluoroquinolones,9,74,EARS-Net mixed/not reported,Not reported in Atlas aggregate,ECDC Surveillance Atlas aggregate,https://atlas.ecdc.europa.eu/public/
EU_EEA,Malta,MLT,2003,Escherichia coli,Blood/invasive,Fluoroquinolones,22,90,EARS-Net mixed/not reported,Not reported in Atlas aggregate,ECDC Surveillance Atlas aggregate,https://atlas.ecdc.europa.eu/public/
EU_EEA,Malta,MLT,2004,Escherichia coli,Blood/invasive,Fluoroquinolones,32,90,EARS-Net mixed/not reported,Not reported in Atlas aggregate,ECDC Surveillance Atlas aggregate,https://atlas.ecdc.europa.eu/public/
EU_EEA,Malta,MLT,2005,Escherichia coli,Blood/invasive,Fluoroquinolones,26,85,EARS-Net mixed/not reported,Not reported in Atlas aggregate,ECDC Surveillance Atlas aggregate,https://atlas.ecdc.europa.eu/public/
EU_EEA,Malta,MLT,2006,Escherichia coli,Blood/invasive,Fluoroquinolones,30,94,EARS-Net mixed/not reported,Not reported in Atlas aggregate,ECDC Surveillance Atlas aggregate,https://atlas.ecdc.europa.eu/public/
EU_EEA,Malta,MLT,2007,Escherichia coli,Blood/invasive,Fluoroquinolones,41,117,EARS-Net mixed/not reported,Not reported in Atlas aggregate,ECDC Surveillance Atlas aggregate,https://atlas.ecdc.europa.eu/public/
EU_EEA,Malta,MLT,2008,Escherichia coli,Blood/invasive,Fluoroquinolones,43,128,EARS-Net mixed/not reported,Not reported in Atlas aggregate,ECDC Surveillance Atlas aggregate,https://atlas.ecdc.europa.eu/public/
EU_EEA,Malta,MLT,2009,Escherichia coli,Blood/invasive,Fluoroquinolones,48,158,EARS-Net mixed/not reported,Not reported in Atlas aggregate,ECDC Surveillance Atlas aggregate,https://atlas.ecdc.europa.eu/public/
EU_EEA,Malta,MLT,2010,Escherichia coli,Blood/invasive,Fluoroquinolones,66,192,EARS-Net mixed/not reported,Not reported in Atlas aggregate,ECDC Surveillance Atlas aggregate,https://atlas.ecdc.europa.eu/public/
EU_EEA,Malta,MLT,2011,Escherichia coli,Blood/invasive,Fluoroquinolones,70,219,EARS-Net mixed/not reported,Not reported in Atlas aggregate,ECDC Surveillance Atlas aggregate,https://atlas.ecdc.europa.eu/public/
EU_EEA,Malta,MLT,2012,Escherichia coli,Blood/invasive,Fluoroquinolones,63,209,EARS-Net mixed/not reported,Not reported in Atlas aggregate,ECDC Surveillance Atlas aggregate,https://atlas.ecdc.europa.eu/public/
EU_EEA,Malta,MLT,2013,Escherichia coli,Blood/invasive,Fluoroquinolones,72,242,EARS-Net mixed/not reported,Not reported in Atlas aggregate,ECDC Surveillance Atlas aggregate,https://atlas.ecdc.europa.eu/public/
EU_EEA,Malta,MLT,2014,Escherichia coli,Blood/invasive,Fluoroquinolones,77,268,EARS-Net mixed/not reported,Not reported in Atlas aggregate,ECDC Surveillance Atlas aggregate,https://atlas.ecdc.europa.eu/public/
EU_EEA,Malta,MLT,2015,Escherichia coli,Blood/invasive,Fluoroquinolones,89,238,EARS-Net mixed/not reported,Not reported in Atlas aggregate,ECDC Surveillance Atlas aggregate,https://atlas.ecdc.europa.eu/public/
EU_EEA,Malta,MLT,2016,Escherichia coli,Blood/invasive,Fluoroquinolones,136,328,EARS-Net mixed/not reported,Not reported in Atlas aggregate,ECDC Surveillance Atlas aggregate,https://atlas.ecdc.europa.eu/public/
EU_EEA,Malta,MLT,2017,Escherichia coli,Blood/invasive,Fluoroquinolones,136,314,EARS-Net mixed/not reported,Not reported in Atlas aggregate,ECDC Surveillance Atlas aggregate,https://atlas.ecdc.europa.eu/public/
EU_EEA,Malta,MLT,2018,Escherichia coli,Blood/invasive,Fluoroquinolones,139,332,EARS-Net mixed/not reported,Not reported in Atlas aggregate,ECDC Surveillance Atlas aggregate,https://atlas.ecdc.europa.eu/public/
EU_EEA,Malta,MLT,2019,Escherichia coli,Blood/invasive,Fluoroquinolones,133,332,EARS-Net mixed/not reported,Not reported in Atlas aggregate,ECDC Surveillance Atlas aggregate,https://atlas.ecdc.europa.eu/public/
EU_EEA,Malta,MLT,2020,Escherichia coli,Blood/invasive,Fluoroquinolones,98,277,EUCAST,EUCAST required; exact version unavailable in Atlas aggregate,ECDC Surveillance Atlas aggregate,https://atlas.ecdc.europa.eu/public/
EU_EEA,Malta,MLT,2021,Escherichia coli,Blood/invasive,Fluoroquinolones,92,299,EUCAST,EUCAST required; exact version unavailable in Atlas aggregate,ECDC Surveillance Atlas aggregate,https://atlas.ecdc.europa.eu/public/
EU_EEA,Malta,MLT,2022,Escherichia coli,Blood/invasive,Fluoroquinolones,86,326,EUCAST,EUCAST required; exact version unavailable in Atlas aggregate,ECDC Surveillance Atlas aggregate,https://atlas.ecdc.europa.eu/public/
EU_EEA,Malta,MLT,2023,Escherichia coli,Blood/invasive,Fluoroquinolones,116,416,EUCAST,EUCAST required; exact version unavailable in Atlas aggregate,ECDC Surveillance Atlas aggregate,https://atlas.ecdc.europa.eu/public/
EU_EEA,Malta,MLT,2001,Escherichia coli,Blood/invasive,Third-generation cephalosporins,0,65,EARS-Net mixed/not reported,Not reported in Atlas aggregate,ECDC Surveillance Atlas aggregate,https://atlas.ecdc.europa.eu/public/
EU_EEA,Malta,MLT,2002,Escherichia coli,Blood/invasive,Third-generation cephalosporins,2,74,EARS-Net mixed/not reported,Not reported in Atlas aggregate,ECDC Surveillance Atlas aggregate,https://atlas.ecdc.europa.eu/public/
EU_EEA,Malta,MLT,2003,Escherichia coli,Blood/invasive,Third-generation cephalosporins,2,91,EARS-Net mixed/not reported,Not reported in Atlas aggregate,ECDC Surveillance Atlas aggregate,https://atlas.ecdc.europa.eu/public/
EU_EEA,Malta,MLT,2004,Escherichia coli,Blood/invasive,Third-generation cephalosporins,4,91,EARS-Net mixed/not reported,Not reported in Atlas aggregate,ECDC Surveillance Atlas aggregate,https://atlas.ecdc.europa.eu/public/
EU_EEA,Malta,MLT,2005,Escherichia coli,Blood/invasive,Third-generation cephalosporins,1,85,EARS-Net mixed/not reported,Not reported in Atlas aggregate,ECDC Surveillance Atlas aggregate,https://atlas.ecdc.europa.eu/public/
EU_EEA,Malta,MLT,2006,Escherichia coli,Blood/invasive,Third-generation cephalosporins,4,94,EARS-Net mixed/not reported,Not reported in Atlas aggregate,ECDC Surveillance Atlas aggregate,https://atlas.ecdc.europa.eu/public/
EU_EEA,Malta,MLT,2007,Escherichia coli,Blood/invasive,Third-generation cephalosporins,15,117,EARS-Net mixed/not reported,Not reported in Atlas aggregate,ECDC Surveillance Atlas aggregate,https://atlas.ecdc.europa.eu/public/
EU_EEA,Malta,MLT,2008,Escherichia coli,Blood/invasive,Third-generation cephalosporins,26,124,EARS-Net mixed/not reported,Not reported in Atlas aggregate,ECDC Surveillance Atlas aggregate,https://atlas.ecdc.europa.eu/public/
EU_EEA,Malta,MLT,2009,Escherichia coli,Blood/invasive,Third-generation cephalosporins,23,158,EARS-Net mixed/not reported,Not reported in Atlas aggregate,ECDC Surveillance Atlas aggregate,https://atlas.ecdc.europa.eu/public/
EU_EEA,Malta,MLT,2010,Escherichia coli,Blood/invasive,Third-generation cephalosporins,30,192,EARS-Net mixed/not reported,Not reported in Atlas aggregate,ECDC Surveillance Atlas aggregate,https://atlas.ecdc.europa.eu/public/
EU_EEA,Malta,MLT,2011,Escherichia coli,Blood/invasive,Third-generation cephalosporins,28,219,EARS-Net mixed/not reported,Not reported in Atlas aggregate,ECDC Surveillance Atlas aggregate,https://atlas.ecdc.europa.eu/public/
EU_EEA,Malta,MLT,2012,Escherichia coli,Blood/invasive,Third-generation cephalosporins,27,209,EARS-Net mixed/not reported,Not reported in Atlas aggregate,ECDC Surveillance Atlas aggregate,https://atlas.ecdc.europa.eu/public/
EU_EEA,Malta,MLT,2013,Escherichia coli,Blood/invasive,Third-generation cephalosporins,21,242,EARS-Net mixed/not reported,Not reported in Atlas aggregate,ECDC Surveillance Atlas aggregate,https://atlas.ecdc.europa.eu/public/
EU_EEA,Malta,MLT,2014,Escherichia coli,Blood/invasive,Third-generation cephalosporins,29,268,EARS-Net mixed/not reported,Not reported in Atlas aggregate,ECDC Surveillance Atlas aggregate,https://atlas.ecdc.europa.eu/public/
EU_EEA,Malta,MLT,2015,Escherichia coli,Blood/invasive,Third-generation cephalosporins,28,238,EARS-Net mixed/not reported,Not reported in Atlas aggregate,ECDC Surveillance Atlas aggregate,https://atlas.ecdc.europa.eu/public/
EU_EEA,Malta,MLT,2016,Escherichia coli,Blood/invasive,Third-generation cephalosporins,48,328,EARS-Net mixed/not reported,Not reported in Atlas aggregate,ECDC Surveillance Atlas aggregate,https://atlas.ecdc.europa.eu/public/
EU_EEA,Malta,MLT,2017,Escherichia coli,Blood/invasive,Third-generation cephalosporins,49,314,EARS-Net mixed/not reported,Not reported in Atlas aggregate,ECDC Surveillance Atlas aggregate,https://atlas.ecdc.europa.eu/public/
EU_EEA,Malta,MLT,2018,Escherichia coli,Blood/invasive,Third-generation cephalosporins,51,332,EARS-Net mixed/not reported,Not reported in Atlas aggregate,ECDC Surveillance Atlas aggregate,https://atlas.ecdc.europa.eu/public/
EU_EEA,Malta,MLT,2019,Escherichia coli,Blood/invasive,Third-generation cephalosporins,58,332,EARS-Net mixed/not reported,Not reported in Atlas aggregate,ECDC Surveillance Atlas aggregate,https://atlas.ecdc.europa.eu/public/
EU_EEA,Malta,MLT,2020,Escherichia coli,Blood/invasive,Third-generation cephalosporins,34,277,EUCAST,EUCAST required; exact version unavailable in Atlas aggregate,ECDC Surveillance Atlas aggregate,https://atlas.ecdc.europa.eu/public/
EU_EEA,Malta,MLT,2021,Escherichia coli,Blood/invasive,Third-generation cephalosporins,41,299,EUCAST,EUCAST required; exact version unavailable in Atlas aggregate,ECDC Surveillance Atlas aggregate,https://atlas.ecdc.europa.eu/public/
EU_EEA,Malta,MLT,2022,Escherichia coli,Blood/invasive,Third-generation cephalosporins,37,326,EUCAST,EUCAST required; exact version unavailable in Atlas aggregate,ECDC Surveillance Atlas aggregate,https://atlas.ecdc.europa.eu/public/
EU_EEA,Malta,MLT,2023,Escherichia coli,Blood/invasive,Third-generation cephalosporins,47,416,EUCAST,EUCAST required; exact version unavailable in Atlas aggregate,ECDC Surveillance Atlas aggregate,https://atlas.ecdc.europa.eu/public/
EU_EEA,Netherlands,NLD,2000,Escherichia coli,Blood/invasive,Aminoglycosides,25,1242,EARS-Net mixed/not reported,Not reported in Atlas aggregate,ECDC Surveillance Atlas aggregate,https://atlas.ecdc.europa.eu/public/
EU_EEA,Netherlands,NLD,2001,Escherichia coli,Blood/invasive,Aminoglycosides,40,1790,EARS-Net mixed/not reported,Not reported in Atlas aggregate,ECDC Surveillance Atlas aggregate,https://atlas.ecdc.europa.eu/public/
EU_EEA,Netherlands,NLD,2002,Escherichia coli,Blood/invasive,Aminoglycosides,56,2367,EARS-Net mixed/not reported,Not reported in Atlas aggregate,ECDC Surveillance Atlas aggregate,https://atlas.ecdc.europa.eu/public/
EU_EEA,Netherlands,NLD,2003,Escherichia coli,Blood/invasive,Aminoglycosides,62,2099,EARS-Net mixed/not reported,Not reported in Atlas aggregate,ECDC Surveillance Atlas aggregate,https://atlas.ecdc.europa.eu/public/
EU_EEA,Netherlands,NLD,2004,Escherichia coli,Blood/invasive,Aminoglycosides,62,1944,EARS-Net mixed/not reported,Not reported in Atlas aggregate,ECDC Surveillance Atlas aggregate,https://atlas.ecdc.europa.eu/public/
EU_EEA,Netherlands,NLD,2005,Escherichia coli,Blood/invasive,Aminoglycosides,82,2193,EARS-Net mixed/not reported,Not reported in Atlas aggregate,ECDC Surveillance Atlas aggregate,https://atlas.ecdc.europa.eu/public/
EU_EEA,Netherlands,NLD,2006,Escherichia coli,Blood/invasive,Aminoglycosides,99,2838,EARS-Net mixed/not reported,Not reported in Atlas aggregate,ECDC Surveillance Atlas aggregate,https://atlas.ecdc.europa.eu/public/
EU_EEA,Netherlands,NLD,2007,Escherichia coli,Blood/invasive,Aminoglycosides,129,2724,EARS-Net mixed/not reported,Not reported in Atlas aggregate,ECDC Surveillance Atlas aggregate,https://atlas.ecdc.europa.eu/public/
EU_EEA,Netherlands,NLD,2008,Escherichia coli,Blood/invasive,Aminoglycosides,129,2280,EARS-Net mixed/not reported,Not reported in Atlas aggregate,ECDC Surveillance Atlas aggregate,https://atlas.ecdc.europa.eu/public/
EU_EEA,Netherlands,NLD,2009,Escherichia coli,Blood/invasive,Aminoglycosides,106,2386,EARS-Net mixed/not reported,Not reported in Atlas aggregate,ECDC Surveillance Atlas aggregate,https://atlas.ecdc.europa.eu/public/
EU_EEA,Netherlands,NLD,2010,Escherichia coli,Blood/invasive,Aminoglycosides,351,4865,EARS-Net mixed/not reported,Not reported in Atlas aggregate,ECDC Surveillance Atlas aggregate,https://atlas.ecdc.europa.eu/public/
EU_EEA,Netherlands,NLD,2011,Escherichia coli,Blood/invasive,Aminoglycosides,414,5430,EARS-Net mixed/not reported,Not reported in Atlas aggregate,ECDC Surveillance Atlas aggregate,https://atlas.ecdc.europa.eu/public/
EU_EEA,Netherlands,NLD,2012,Escherichia coli,Blood/invasive,Aminoglycosides,440,5921,EARS-Net mixed/not reported,Not reported in Atlas aggregate,ECDC Surveillance Atlas aggregate,https://atlas.ecdc.europa.eu/public/
EU_EEA,Netherlands,NLD,2013,Escherichia coli,Blood/invasive,Aminoglycosides,434,6671,EARS-Net mixed/not reported,Not reported in Atlas aggregate,ECDC Surveillance Atlas aggregate,https://atlas.ecdc.europa.eu/public/
EU_EEA,Netherlands,NLD,2014,Escherichia coli,Blood/invasive,Aminoglycosides,453,7127,EARS-Net mixed/not reported,Not reported in Atlas aggregate,ECDC Surveillance Atlas aggregate,https://atlas.ecdc.europa.eu/public/
EU_EEA,Netherlands,NLD,2015,Escherichia coli,Blood/invasive,Aminoglycosides,430,7074,EARS-Net mixed/not reported,Not reported in Atlas aggregate,ECDC Surveillance Atlas aggregate,https://atlas.ecdc.europa.eu/public/
EU_EEA,Netherlands,NLD,2016,Escherichia coli,Blood/invasive,Aminoglycosides,449,7248,EARS-Net mixed/not reported,Not reported in Atlas aggregate,ECDC Surveillance Atlas aggregate,https://atlas.ecdc.europa.eu/public/
EU_EEA,Netherlands,NLD,2017,Escherichia coli,Blood/invasive,Aminoglycosides,443,7512,EARS-Net mixed/not reported,Not reported in Atlas aggregate,ECDC Surveillance Atlas aggregate,https://atlas.ecdc.europa.eu/public/
EU_EEA,Netherlands,NLD,2018,Escherichia coli,Blood/invasive,Aminoglycosides,522,8275,EARS-Net mixed/not reported,Not reported in Atlas aggregate,ECDC Surveillance Atlas aggregate,https://atlas.ecdc.europa.eu/public/
EU_EEA,Netherlands,NLD,2019,Escherichia coli,Blood/invasive,Aminoglycosides,510,7301,EARS-Net mixed/not reported,Not reported in Atlas aggregate,ECDC Surveillance Atlas aggregate,https://atlas.ecdc.europa.eu/public/
EU_EEA,Netherlands,NLD,2020,Escherichia coli,Blood/invasive,Aminoglycosides,481,7495,EUCAST,EUCAST required; exact version unavailable in Atlas aggregate,ECDC Surveillance Atlas aggregate,https://atlas.ecdc.europa.eu/public/
EU_EEA,Netherlands,NLD,2021,Escherichia coli,Blood/invasive,Aminoglycosides,394,6576,EUCAST,EUCAST required; exact version unavailable in Atlas aggregate,ECDC Surveillance Atlas aggregate,https://atlas.ecdc.europa.eu/public/
EU_EEA,Netherlands,NLD,2022,Escherichia coli,Blood/invasive,Aminoglycosides,445,7216,EUCAST,EUCAST required; exact version unavailable in Atlas aggregate,ECDC Surveillance Atlas aggregate,https://atlas.ecdc.europa.eu/public/
EU_EEA,Netherlands,NLD,2023,Escherichia coli,Blood/invasive,Aminoglycosides,407,7841,EUCAST,EUCAST required; exact version unavailable in Atlas aggregate,ECDC Surveillance Atlas aggregate,https://atlas.ecdc.europa.eu/public/
EU_EEA,Netherlands,NLD,2000,Escherichia coli,Blood/invasive,Aminopenicillins,488,1309,EARS-Net mixed/not reported,Not reported in Atlas aggregate,ECDC Surveillance Atlas aggregate,https://atlas.ecdc.europa.eu/public/
EU_EEA,Netherlands,NLD,2001,Escherichia coli,Blood/invasive,Aminopenicillins,712,1834,EARS-Net mixed/not reported,Not reported in Atlas aggregate,ECDC Surveillance Atlas aggregate,https://atlas.ecdc.europa.eu/public/
EU_EEA,Netherlands,NLD,2002,Escherichia coli,Blood/invasive,Aminopenicillins,946,2391,EARS-Net mixed/not reported,Not reported in Atlas aggregate,ECDC Surveillance Atlas aggregate,https://atlas.ecdc.europa.eu/public/
EU_EEA,Netherlands,NLD,2003,Escherichia coli,Blood/invasive,Aminopenicillins,906,2035,EARS-Net mixed/not reported,Not reported in Atlas aggregate,ECDC Surveillance Atlas aggregate,https://atlas.ecdc.europa.eu/public/
EU_EEA,Netherlands,NLD,2004,Escherichia coli,Blood/invasive,Aminopenicillins,816,1893,EARS-Net mixed/not reported,Not reported in Atlas aggregate,ECDC Surveillance Atlas aggregate,https://atlas.ecdc.europa.eu/public/
EU_EEA,Netherlands,NLD,2005,Escherichia coli,Blood/invasive,Aminopenicillins,1038,2142,EARS-Net mixed/not reported,Not reported in Atlas aggregate,ECDC Surveillance Atlas aggregate,https://atlas.ecdc.europa.eu/public/
EU_EEA,Netherlands,NLD,2006,Escherichia coli,Blood/invasive,Aminopenicillins,1370,2897,EARS-Net mixed/not reported,Not reported in Atlas aggregate,ECDC Surveillance Atlas aggregate,https://atlas.ecdc.europa.eu/public/
EU_EEA,Netherlands,NLD,2007,Escherichia coli,Blood/invasive,Aminopenicillins,1369,2789,EARS-Net mixed/not reported,Not reported in Atlas aggregate,ECDC Surveillance Atlas aggregate,https://atlas.ecdc.europa.eu/public/
EU_EEA,Netherlands,NLD,2008,Escherichia coli,Blood/invasive,Aminopenicillins,1083,2274,EARS-Net mixed/not reported,Not reported in Atlas aggregate,ECDC Surveillance Atlas aggregate,https://atlas.ecdc.europa.eu/public/
EU_EEA,Netherlands,NLD,2009,Escherichia coli,Blood/invasive,Aminopenicillins,1064,2359,EARS-Net mixed/not reported,Not reported in Atlas aggregate,ECDC Surveillance Atlas aggregate,https://atlas.ecdc.europa.eu/public/
EU_EEA,Netherlands,NLD,2010,Escherichia coli,Blood/invasive,Aminopenicillins,2259,4788,EARS-Net mixed/not reported,Not reported in Atlas aggregate,ECDC Surveillance Atlas aggregate,https://atlas.ecdc.europa.eu/public/
EU_EEA,Netherlands,NLD,2011,Escherichia coli,Blood/invasive,Aminopenicillins,2593,5352,EARS-Net mixed/not reported,Not reported in Atlas aggregate,ECDC Surveillance Atlas aggregate,https://atlas.ecdc.europa.eu/public/
EU_EEA,Netherlands,NLD,2012,Escherichia coli,Blood/invasive,Aminopenicillins,2910,5911,EARS-Net mixed/not reported,Not reported in Atlas aggregate,ECDC Surveillance Atlas aggregate,https://atlas.ecdc.europa.eu/public/
EU_EEA,Netherlands,NLD,2013,Escherichia coli,Blood/invasive,Aminopenicillins,3196,6666,EARS-Net mixed/not reported,Not reported in Atlas aggregate,ECDC Surveillance Atlas aggregate,https://atlas.ecdc.europa.eu/public/
EU_EEA,Netherlands,NLD,2014,Escherichia coli,Blood/invasive,Aminopenicillins,3307,7126,EARS-Net mixed/not reported,Not reported in Atlas aggregate,ECDC Surveillance Atlas aggregate,https://atlas.ecdc.europa.eu/public/
EU_EEA,Netherlands,NLD,2015,Escherichia coli,Blood/invasive,Aminopenicillins,3375,7070,EARS-Net mixed/not reported,Not reported in Atlas aggregate,ECDC Surveillance Atlas aggregate,https://atlas.ecdc.europa.eu/public/
EU_EEA,Netherlands,NLD,2016,Escherichia coli,Blood/invasive,Aminopenicillins,3344,7246,EARS-Net mixed/not reported,Not reported in Atlas aggregate,ECDC Surveillance Atlas aggregate,https://atlas.ecdc.europa.eu/public/
EU_EEA,Netherlands,NLD,2017,Escherichia coli,Blood/invasive,Aminopenicillins,3454,7512,EARS-Net mixed/not reported,Not reported in Atlas aggregate,ECDC Surveillance Atlas aggregate,https://atlas.ecdc.europa.eu/public/
EU_EEA,Netherlands,NLD,2018,Escherichia coli,Blood/invasive,Aminopenicillins,3801,8272,EARS-Net mixed/not reported,Not reported in Atlas aggregate,ECDC Surveillance Atlas aggregate,https://atlas.ecdc.europa.eu/public/
EU_EEA,Netherlands,NLD,2019,Escherichia coli,Blood/invasive,Aminopenicillins,3314,7301,EARS-Net mixed/not reported,Not reported in Atlas aggregate,ECDC Surveillance Atlas aggregate,https://atlas.ecdc.europa.eu/public/
EU_EEA,Netherlands,NLD,2020,Escherichia coli,Blood/invasive,Aminopenicillins,3198,7494,EUCAST,EUCAST required; exact version unavailable in Atlas aggregate,ECDC Surveillance Atlas aggregate,https://atlas.ecdc.europa.eu/public/
EU_EEA,Netherlands,NLD,2021,Escherichia coli,Blood/invasive,Aminopenicillins,2721,6571,EUCAST,EUCAST required; exact version unavailable in Atlas aggregate,ECDC Surveillance Atlas aggregate,https://atlas.ecdc.europa.eu/public/
EU_EEA,Netherlands,NLD,2022,Escherichia coli,Blood/invasive,Aminopenicillins,2951,7210,EUCAST,EUCAST required; exact version unavailable in Atlas aggregate,ECDC Surveillance Atlas aggregate,https://atlas.ecdc.europa.eu/public/
EU_EEA,Netherlands,NLD,2023,Escherichia coli,Blood/invasive,Aminopenicillins,3211,7834,EUCAST,EUCAST required; exact version unavailable in Atlas aggregate,ECDC Surveillance Atlas aggregate,https://atlas.ecdc.europa.eu/public/
EU_EEA,Netherlands,NLD,2000,Escherichia coli,Blood/invasive,Carbapenems,2,692,EARS-Net mixed/not reported,Not reported in Atlas aggregate,ECDC Surveillance Atlas aggregate,https://atlas.ecdc.europa.eu/public/
EU_EEA,Netherlands,NLD,2001,Escherichia coli,Blood/invasive,Carbapenems,1,933,EARS-Net mixed/not reported,Not reported in Atlas aggregate,ECDC Surveillance Atlas aggregate,https://atlas.ecdc.europa.eu/public/
EU_EEA,Netherlands,NLD,2002,Escherichia coli,Blood/invasive,Carbapenems,0,1576,EARS-Net mixed/not reported,Not reported in Atlas aggregate,ECDC Surveillance Atlas aggregate,https://atlas.ecdc.europa.eu/public/
EU_EEA,Netherlands,NLD,2003,Escherichia coli,Blood/invasive,Carbapenems,0,1501,EARS-Net mixed/not reported,Not reported in Atlas aggregate,ECDC Surveillance Atlas aggregate,https://atlas.ecdc.europa.eu/public/
EU_EEA,Netherlands,NLD,2004,Escherichia coli,Blood/invasive,Carbapenems,3,1175,EARS-Net mixed/not reported,Not reported in Atlas aggregate,ECDC Surveillance Atlas aggregate,https://atlas.ecdc.europa.eu/public/
EU_EEA,Netherlands,NLD,2005,Escherichia coli,Blood/invasive,Carbapenems,1,1395,EARS-Net mixed/not reported,Not reported in Atlas aggregate,ECDC Surveillance Atlas aggregate,https://atlas.ecdc.europa.eu/public/
EU_EEA,Netherlands,NLD,2006,Escherichia coli,Blood/invasive,Carbapenems,1,2114,EARS-Net mixed/not reported,Not reported in Atlas aggregate,ECDC Surveillance Atlas aggregate,https://atlas.ecdc.europa.eu/public/
EU_EEA,Netherlands,NLD,2007,Escherichia coli,Blood/invasive,Carbapenems,1,1866,EARS-Net mixed/not reported,Not reported in Atlas aggregate,ECDC Surveillance Atlas aggregate,https://atlas.ecdc.europa.eu/public/
EU_EEA,Netherlands,NLD,2008,Escherichia coli,Blood/invasive,Carbapenems,1,2218,EARS-Net mixed/not reported,Not reported in Atlas aggregate,ECDC Surveillance Atlas aggregate,https://atlas.ecdc.europa.eu/public/
EU_EEA,Netherlands,NLD,2009,Escherichia coli,Blood/invasive,Carbapenems,0,2362,EARS-Net mixed/not reported,Not reported in Atlas aggregate,ECDC Surveillance Atlas aggregate,https://atlas.ecdc.europa.eu/public/
EU_EEA,Netherlands,NLD,2010,Escherichia coli,Blood/invasive,Carbapenems,4,4868,EARS-Net mixed/not reported,Not reported in Atlas aggregate,ECDC Surveillance Atlas aggregate,https://atlas.ecdc.europa.eu/public/
EU_EEA,Netherlands,NLD,2011,Escherichia coli,Blood/invasive,Carbapenems,7,5425,EARS-Net mixed/not reported,Not reported in Atlas aggregate,ECDC Surveillance Atlas aggregate,https://atlas.ecdc.europa.eu/public/
EU_EEA,Netherlands,NLD,2012,Escherichia coli,Blood/invasive,Carbapenems,8,5909,EARS-Net mixed/not reported,Not reported in Atlas aggregate,ECDC Surveillance Atlas aggregate,https://atlas.ecdc.europa.eu/public/
EU_EEA,Netherlands,NLD,2013,Escherichia coli,Blood/invasive,Carbapenems,0,6658,EARS-Net mixed/not reported,Not reported in Atlas aggregate,ECDC Surveillance Atlas aggregate,https://atlas.ecdc.europa.eu/public/
EU_EEA,Netherlands,NLD,2014,Escherichia coli,Blood/invasive,Carbapenems,0,7123,EARS-Net mixed/not reported,Not reported in Atlas aggregate,ECDC Surveillance Atlas aggregate,https://atlas.ecdc.europa.eu/public/
EU_EEA,Netherlands,NLD,2015,Escherichia coli,Blood/invasive,Carbapenems,1,7070,EARS-Net mixed/not reported,Not reported in Atlas aggregate,ECDC Surveillance Atlas aggregate,https://atlas.ecdc.europa.eu/public/
EU_EEA,Netherlands,NLD,2016,Escherichia coli,Blood/invasive,Carbapenems,1,7245,EARS-Net mixed/not reported,Not reported in Atlas aggregate,ECDC Surveillance Atlas aggregate,https://atlas.ecdc.europa.eu/public/
EU_EEA,Netherlands,NLD,2017,Escherichia coli,Blood/invasive,Carbapenems,1,7506,EARS-Net mixed/not reported,Not reported in Atlas aggregate,ECDC Surveillance Atlas aggregate,https://atlas.ecdc.europa.eu/public/
EU_EEA,Netherlands,NLD,2018,Escherichia coli,Blood/invasive,Carbapenems,1,8272,EARS-Net mixed/not reported,Not reported in Atlas aggregate,ECDC Surveillance Atlas aggregate,https://atlas.ecdc.europa.eu/public/
EU_EEA,Netherlands,NLD,2019,Escherichia coli,Blood/invasive,Carbapenems,0,7299,EARS-Net mixed/not reported,Not reported in Atlas aggregate,ECDC Surveillance Atlas aggregate,https://atlas.ecdc.europa.eu/public/
EU_EEA,Netherlands,NLD,2020,Escherichia coli,Blood/invasive,Carbapenems,3,7487,EUCAST,EUCAST required; exact version unavailable in Atlas aggregate,ECDC Surveillance Atlas aggregate,https://atlas.ecdc.europa.eu/public/
EU_EEA,Netherlands,NLD,2021,Escherichia coli,Blood/invasive,Carbapenems,3,6569,EUCAST,EUCAST required; exact version unavailable in Atlas aggregate,ECDC Surveillance Atlas aggregate,https://atlas.ecdc.europa.eu/public/
EU_EEA,Netherlands,NLD,2022,Escherichia coli,Blood/invasive,Carbapenems,3,7210,EUCAST,EUCAST required; exact version unavailable in Atlas aggregate,ECDC Surveillance Atlas aggregate,https://atlas.ecdc.europa.eu/public/
EU_EEA,Netherlands,NLD,2023,Escherichia coli,Blood/invasive,Carbapenems,7,7780,EUCAST,EUCAST required; exact version unavailable in Atlas aggregate,ECDC Surveillance Atlas aggregate,https://atlas.ecdc.europa.eu/public/
EU_EEA,Netherlands,NLD,2000,Escherichia coli,Blood/invasive,Fluoroquinolones,41,1220,EARS-Net mixed/not reported,Not reported in Atlas aggregate,ECDC Surveillance Atlas aggregate,https://atlas.ecdc.europa.eu/public/
EU_EEA,Netherlands,NLD,2001,Escherichia coli,Blood/invasive,Fluoroquinolones,91,1679,EARS-Net mixed/not reported,Not reported in Atlas aggregate,ECDC Surveillance Atlas aggregate,https://atlas.ecdc.europa.eu/public/
EU_EEA,Netherlands,NLD,2002,Escherichia coli,Blood/invasive,Fluoroquinolones,121,2229,EARS-Net mixed/not reported,Not reported in Atlas aggregate,ECDC Surveillance Atlas aggregate,https://atlas.ecdc.europa.eu/public/
EU_EEA,Netherlands,NLD,2003,Escherichia coli,Blood/invasive,Fluoroquinolones,148,2050,EARS-Net mixed/not reported,Not reported in Atlas aggregate,ECDC Surveillance Atlas aggregate,https://atlas.ecdc.europa.eu/public/
EU_EEA,Netherlands,NLD,2004,Escherichia coli,Blood/invasive,Fluoroquinolones,123,1864,EARS-Net mixed/not reported,Not reported in Atlas aggregate,ECDC Surveillance Atlas aggregate,https://atlas.ecdc.europa.eu/public/
EU_EEA,Netherlands,NLD,2005,Escherichia coli,Blood/invasive,Fluoroquinolones,213,2144,EARS-Net mixed/not reported,Not reported in Atlas aggregate,ECDC Surveillance Atlas aggregate,https://atlas.ecdc.europa.eu/public/
EU_EEA,Netherlands,NLD,2006,Escherichia coli,Blood/invasive,Fluoroquinolones,318,2838,EARS-Net mixed/not reported,Not reported in Atlas aggregate,ECDC Surveillance Atlas aggregate,https://atlas.ecdc.europa.eu/public/
EU_EEA,Netherlands,NLD,2007,Escherichia coli,Blood/invasive,Fluoroquinolones,343,2725,EARS-Net mixed/not reported,Not reported in Atlas aggregate,ECDC Surveillance Atlas aggregate,https://atlas.ecdc.europa.eu/public/
EU_EEA,Netherlands,NLD,2008,Escherichia coli,Blood/invasive,Fluoroquinolones,322,2237,EARS-Net mixed/not reported,Not reported in Atlas aggregate,ECDC Surveillance Atlas aggregate,https://atlas.ecdc.europa.eu/public/
EU_EEA,Netherlands,NLD,2009,Escherichia coli,Blood/invasive,Fluoroquinolones,262,2377,EARS-Net mixed/not reported,Not reported in Atlas aggregate,ECDC Surveillance Atlas aggregate,https://atlas.ecdc.europa.eu/public/
EU_EEA,Netherlands,NLD,2010,Escherichia coli,Blood/invasive,Fluoroquinolones,675,4863,EARS-Net mixed/not reported,Not reported in Atlas aggregate,ECDC Surveillance Atlas aggregate,https://atlas.ecdc.europa.eu/public/
EU_EEA,Netherlands,NLD,2011,Escherichia coli,Blood/invasive,Fluoroquinolones,784,5428,EARS-Net mixed/not reported,Not reported in Atlas aggregate,ECDC Surveillance Atlas aggregate,https://atlas.ecdc.europa.eu/public/
EU_EEA,Netherlands,NLD,2012,Escherichia coli,Blood/invasive,Fluoroquinolones,925,5916,EARS-Net mixed/not reported,Not reported in Atlas aggregate,ECDC Surveillance Atlas aggregate,https://atlas.ecdc.europa.eu/public/
EU_EEA,Netherlands,NLD,2013,Escherichia coli,Blood/invasive,Fluoroquinolones,984,6667,EARS-Net mixed/not reported,Not reported in Atlas aggregate,ECDC Surveillance Atlas aggregate,https://atlas.ecdc.europa.eu/public/
EU_EEA,Netherlands,NLD,2014,Escherichia coli,Blood/invasive,Fluoroquinolones,995,7126,EARS-Net mixed/not reported,Not reported in Atlas aggregate,ECDC Surveillance Atlas aggregate,https://atlas.ecdc.europa.eu/public/
EU_EEA,Netherlands,NLD,2015,Escherichia coli,Blood/invasive,Fluoroquinolones,931,7074,EARS-Net mixed/not reported,Not reported in Atlas aggregate,ECDC Surveillance Atlas aggregate,https://atlas.ecdc.europa.eu/public/
EU_EEA,Netherlands,NLD,2016,Escherichia coli,Blood/invasive,Fluoroquinolones,935,7249,EARS-Net mixed/not reported,Not reported in Atlas aggregate,ECDC Surveillance Atlas aggregate,https://atlas.ecdc.europa.eu/public/
EU_EEA,Netherlands,NLD,2017,Escherichia coli,Blood/invasive,Fluoroquinolones,1083,7511,EARS-Net mixed/not reported,Not reported in Atlas aggregate,ECDC Surveillance Atlas aggregate,https://atlas.ecdc.europa.eu/public/
EU_EEA,Netherlands,NLD,2018,Escherichia coli,Blood/invasive,Fluoroquinolones,1217,8274,EARS-Net mixed/not reported,Not reported in Atlas aggregate,ECDC Surveillance Atlas aggregate,https://atlas.ecdc.europa.eu/public/
EU_EEA,Netherlands,NLD,2019,Escherichia coli,Blood/invasive,Fluoroquinolones,1063,7298,EARS-Net mixed/not reported,Not reported in Atlas aggregate,ECDC Surveillance Atlas aggregate,https://atlas.ecdc.europa.eu/public/
EU_EEA,Netherlands,NLD,2020,Escherichia coli,Blood/invasive,Fluoroquinolones,999,7490,EUCAST,EUCAST required; exact version unavailable in Atlas aggregate,ECDC Surveillance Atlas aggregate,https://atlas.ecdc.europa.eu/public/
EU_EEA,Netherlands,NLD,2021,Escherichia coli,Blood/invasive,Fluoroquinolones,876,6575,EUCAST,EUCAST required; exact version unavailable in Atlas aggregate,ECDC Surveillance Atlas aggregate,https://atlas.ecdc.europa.eu/public/
EU_EEA,Netherlands,NLD,2022,Escherichia coli,Blood/invasive,Fluoroquinolones,948,7213,EUCAST,EUCAST required; exact version unavailable in Atlas aggregate,ECDC Surveillance Atlas aggregate,https://atlas.ecdc.europa.eu/public/
EU_EEA,Netherlands,NLD,2023,Escherichia coli,Blood/invasive,Fluoroquinolones,1015,7840,EUCAST,EUCAST required; exact version unavailable in Atlas aggregate,ECDC Surveillance Atlas aggregate,https://atlas.ecdc.europa.eu/public/
EU_EEA,Netherlands,NLD,2000,Escherichia coli,Blood/invasive,Third-generation cephalosporins,1,977,EARS-Net mixed/not reported,Not reported in Atlas aggregate,ECDC Surveillance Atlas aggregate,https://atlas.ecdc.europa.eu/public/
EU_EEA,Netherlands,NLD,2001,Escherichia coli,Blood/invasive,Third-generation cephalosporins,8,1446,EARS-Net mixed/not reported,Not reported in Atlas aggregate,ECDC Surveillance Atlas aggregate,https://atlas.ecdc.europa.eu/public/
EU_EEA,Netherlands,NLD,2002,Escherichia coli,Blood/invasive,Third-generation cephalosporins,20,1994,EARS-Net mixed/not reported,Not reported in Atlas aggregate,ECDC Surveillance Atlas aggregate,https://atlas.ecdc.europa.eu/public/
EU_EEA,Netherlands,NLD,2003,Escherichia coli,Blood/invasive,Third-generation cephalosporins,27,1850,EARS-Net mixed/not reported,Not reported in Atlas aggregate,ECDC Surveillance Atlas aggregate,https://atlas.ecdc.europa.eu/public/
EU_EEA,Netherlands,NLD,2004,Escherichia coli,Blood/invasive,Third-generation cephalosporins,23,1610,EARS-Net mixed/not reported,Not reported in Atlas aggregate,ECDC Surveillance Atlas aggregate,https://atlas.ecdc.europa.eu/public/
EU_EEA,Netherlands,NLD,2005,Escherichia coli,Blood/invasive,Third-generation cephalosporins,47,1895,EARS-Net mixed/not reported,Not reported in Atlas aggregate,ECDC Surveillance Atlas aggregate,https://atlas.ecdc.europa.eu/public/
EU_EEA,Netherlands,NLD,2006,Escherichia coli,Blood/invasive,Third-generation cephalosporins,87,2649,EARS-Net mixed/not reported,Not reported in Atlas aggregate,ECDC Surveillance Atlas aggregate,https://atlas.ecdc.europa.eu/public/
EU_EEA,Netherlands,NLD,2007,Escherichia coli,Blood/invasive,Third-generation cephalosporins,109,2546,EARS-Net mixed/not reported,Not reported in Atlas aggregate,ECDC Surveillance Atlas aggregate,https://atlas.ecdc.europa.eu/public/
EU_EEA,Netherlands,NLD,2008,Escherichia coli,Blood/invasive,Third-generation cephalosporins,105,2272,EARS-Net mixed/not reported,Not reported in Atlas aggregate,ECDC Surveillance Atlas aggregate,https://atlas.ecdc.europa.eu/public/
EU_EEA,Netherlands,NLD,2009,Escherichia coli,Blood/invasive,Third-generation cephalosporins,101,2368,EARS-Net mixed/not reported,Not reported in Atlas aggregate,ECDC Surveillance Atlas aggregate,https://atlas.ecdc.europa.eu/public/
EU_EEA,Netherlands,NLD,2010,Escherichia coli,Blood/invasive,Third-generation cephalosporins,240,4871,EARS-Net mixed/not reported,Not reported in Atlas aggregate,ECDC Surveillance Atlas aggregate,https://atlas.ecdc.europa.eu/public/
EU_EEA,Netherlands,NLD,2011,Escherichia coli,Blood/invasive,Third-generation cephalosporins,317,5430,EARS-Net mixed/not reported,Not reported in Atlas aggregate,ECDC Surveillance Atlas aggregate,https://atlas.ecdc.europa.eu/public/
EU_EEA,Netherlands,NLD,2012,Escherichia coli,Blood/invasive,Third-generation cephalosporins,359,5907,EARS-Net mixed/not reported,Not reported in Atlas aggregate,ECDC Surveillance Atlas aggregate,https://atlas.ecdc.europa.eu/public/
EU_EEA,Netherlands,NLD,2013,Escherichia coli,Blood/invasive,Third-generation cephalosporins,405,6665,EARS-Net mixed/not reported,Not reported in Atlas aggregate,ECDC Surveillance Atlas aggregate,https://atlas.ecdc.europa.eu/public/
EU_EEA,Netherlands,NLD,2014,Escherichia coli,Blood/invasive,Third-generation cephalosporins,436,7124,EARS-Net mixed/not reported,Not reported in Atlas aggregate,ECDC Surveillance Atlas aggregate,https://atlas.ecdc.europa.eu/public/
EU_EEA,Netherlands,NLD,2015,Escherichia coli,Blood/invasive,Third-generation cephalosporins,430,7074,EARS-Net mixed/not reported,Not reported in Atlas aggregate,ECDC Surveillance Atlas aggregate,https://atlas.ecdc.europa.eu/public/
EU_EEA,Netherlands,NLD,2016,Escherichia coli,Blood/invasive,Third-generation cephalosporins,478,7250,EARS-Net mixed/not reported,Not reported in Atlas aggregate,ECDC Surveillance Atlas aggregate,https://atlas.ecdc.europa.eu/public/
EU_EEA,Netherlands,NLD,2017,Escherichia coli,Blood/invasive,Third-generation cephalosporins,478,7509,EARS-Net mixed/not reported,Not reported in Atlas aggregate,ECDC Surveillance Atlas aggregate,https://atlas.ecdc.europa.eu/public/
EU_EEA,Netherlands,NLD,2018,Escherichia coli,Blood/invasive,Third-generation cephalosporins,605,8270,EARS-Net mixed/not reported,Not reported in Atlas aggregate,ECDC Surveillance Atlas aggregate,https://atlas.ecdc.europa.eu/public/
EU_EEA,Netherlands,NLD,2019,Escherichia coli,Blood/invasive,Third-generation cephalosporins,549,7300,EARS-Net mixed/not reported,Not reported in Atlas aggregate,ECDC Surveillance Atlas aggregate,https://atlas.ecdc.europa.eu/public/
EU_EEA,Netherlands,NLD,2020,Escherichia coli,Blood/invasive,Third-generation cephalosporins,498,7494,EUCAST,EUCAST required; exact version unavailable in Atlas aggregate,ECDC Surveillance Atlas aggregate,https://atlas.ecdc.europa.eu/public/
EU_EEA,Netherlands,NLD,2021,Escherichia coli,Blood/invasive,Third-generation cephalosporins,437,6575,EUCAST,EUCAST required; exact version unavailable in Atlas aggregate,ECDC Surveillance Atlas aggregate,https://atlas.ecdc.europa.eu/public/
EU_EEA,Netherlands,NLD,2022,Escherichia coli,Blood/invasive,Third-generation cephalosporins,559,7215,EUCAST,EUCAST required; exact version unavailable in Atlas aggregate,ECDC Surveillance Atlas aggregate,https://atlas.ecdc.europa.eu/public/
EU_EEA,Netherlands,NLD,2023,Escherichia coli,Blood/invasive,Third-generation cephalosporins,625,7840,EUCAST,EUCAST required; exact version unavailable in Atlas aggregate,ECDC Surveillance Atlas aggregate,https://atlas.ecdc.europa.eu/public/
EU_EEA,Norway,NOR,2000,Escherichia coli,Blood/invasive,Aminoglycosides,7,710,EARS-Net mixed/not reported,Not reported in Atlas aggregate,ECDC Surveillance Atlas aggregate,https://atlas.ecdc.europa.eu/public/
EU_EEA,Norway,NOR,2001,Escherichia coli,Blood/invasive,Aminoglycosides,6,793,EARS-Net mixed/not reported,Not reported in Atlas aggregate,ECDC Surveillance Atlas aggregate,https://atlas.ecdc.europa.eu/public/
EU_EEA,Norway,NOR,2002,Escherichia coli,Blood/invasive,Aminoglycosides,7,990,EARS-Net mixed/not reported,Not reported in Atlas aggregate,ECDC Surveillance Atlas aggregate,https://atlas.ecdc.europa.eu/public/
EU_EEA,Norway,NOR,2003,Escherichia coli,Blood/invasive,Aminoglycosides,5,1120,EARS-Net mixed/not reported,Not reported in Atlas aggregate,ECDC Surveillance Atlas aggregate,https://atlas.ecdc.europa.eu/public/
EU_EEA,Norway,NOR,2004,Escherichia coli,Blood/invasive,Aminoglycosides,10,1189,EARS-Net mixed/not reported,Not reported in Atlas aggregate,ECDC Surveillance Atlas aggregate,https://atlas.ecdc.europa.eu/public/
EU_EEA,Norway,NOR,2005,Escherichia coli,Blood/invasive,Aminoglycosides,23,1329,EARS-Net mixed/not reported,Not reported in Atlas aggregate,ECDC Surveillance Atlas aggregate,https://atlas.ecdc.europa.eu/public/
EU_EEA,Norway,NOR,2006,Escherichia coli,Blood/invasive,Aminoglycosides,30,1570,EARS-Net mixed/not reported,Not reported in Atlas aggregate,ECDC Surveillance Atlas aggregate,https://atlas.ecdc.europa.eu/public/
EU_EEA,Norway,NOR,2007,Escherichia coli,Blood/invasive,Aminoglycosides,51,1711,EARS-Net mixed/not reported,Not reported in Atlas aggregate,ECDC Surveillance Atlas aggregate,https://atlas.ecdc.europa.eu/public/
EU_EEA,Norway,NOR,2008,Escherichia coli,Blood/invasive,Aminoglycosides,58,1797,EARS-Net mixed/not reported,Not reported in Atlas aggregate,ECDC Surveillance Atlas aggregate,https://atlas.ecdc.europa.eu/public/
EU_EEA,Norway,NOR,2009,Escherichia coli,Blood/invasive,Aminoglycosides,61,1841,EARS-Net mixed/not reported,Not reported in Atlas aggregate,ECDC Surveillance Atlas aggregate,https://atlas.ecdc.europa.eu/public/
EU_EEA,Norway,NOR,2010,Escherichia coli,Blood/invasive,Aminoglycosides,97,2246,EARS-Net mixed/not reported,Not reported in Atlas aggregate,ECDC Surveillance Atlas aggregate,https://atlas.ecdc.europa.eu/public/
EU_EEA,Norway,NOR,2011,Escherichia coli,Blood/invasive,Aminoglycosides,101,2470,EARS-Net mixed/not reported,Not reported in Atlas aggregate,ECDC Surveillance Atlas aggregate,https://atlas.ecdc.europa.eu/public/
EU_EEA,Norway,NOR,2012,Escherichia coli,Blood/invasive,Aminoglycosides,174,3023,EARS-Net mixed/not reported,Not reported in Atlas aggregate,ECDC Surveillance Atlas aggregate,https://atlas.ecdc.europa.eu/public/
EU_EEA,Norway,NOR,2013,Escherichia coli,Blood/invasive,Aminoglycosides,197,3079,EARS-Net mixed/not reported,Not reported in Atlas aggregate,ECDC Surveillance Atlas aggregate,https://atlas.ecdc.europa.eu/public/
EU_EEA,Norway,NOR,2014,Escherichia coli,Blood/invasive,Aminoglycosides,203,3419,EARS-Net mixed/not reported,Not reported in Atlas aggregate,ECDC Surveillance Atlas aggregate,https://atlas.ecdc.europa.eu/public/
EU_EEA,Norway,NOR,2015,Escherichia coli,Blood/invasive,Aminoglycosides,198,3301,EARS-Net mixed/not reported,Not reported in Atlas aggregate,ECDC Surveillance Atlas aggregate,https://atlas.ecdc.europa.eu/public/
EU_EEA,Norway,NOR,2016,Escherichia coli,Blood/invasive,Aminoglycosides,199,3614,EARS-Net mixed/not reported,Not reported in Atlas aggregate,ECDC Surveillance Atlas aggregate,https://atlas.ecdc.europa.eu/public/
EU_EEA,Norway,NOR,2017,Escherichia coli,Blood/invasive,Aminoglycosides,268,3732,EARS-Net mixed/not reported,Not reported in Atlas aggregate,ECDC Surveillance Atlas aggregate,https://atlas.ecdc.europa.eu/public/
EU_EEA,Norway,NOR,2018,Escherichia coli,Blood/invasive,Aminoglycosides,223,3880,EARS-Net mixed/not reported,Not reported in Atlas aggregate,ECDC Surveillance Atlas aggregate,https://atlas.ecdc.europa.eu/public/
EU_EEA,Norway,NOR,2019,Escherichia coli,Blood/invasive,Aminoglycosides,228,4074,EARS-Net mixed/not reported,Not reported in Atlas aggregate,ECDC Surveillance Atlas aggregate,https://atlas.ecdc.europa.eu/public/
EU_EEA,Norway,NOR,2020,Escherichia coli,Blood/invasive,Aminoglycosides,213,3763,EUCAST,EUCAST required; exact version unavailable in Atlas aggregate,ECDC Surveillance Atlas aggregate,https://atlas.ecdc.europa.eu/public/
EU_EEA,Norway,NOR,2021,Escherichia coli,Blood/invasive,Aminoglycosides,207,3839,EUCAST,EUCAST required; exact version unavailable in Atlas aggregate,ECDC Surveillance Atlas aggregate,https://atlas.ecdc.europa.eu/public/
EU_EEA,Norway,NOR,2022,Escherichia coli,Blood/invasive,Aminoglycosides,207,3831,EUCAST,EUCAST required; exact version unavailable in Atlas aggregate,ECDC Surveillance Atlas aggregate,https://atlas.ecdc.europa.eu/public/
EU_EEA,Norway,NOR,2023,Escherichia coli,Blood/invasive,Aminoglycosides,220,3983,EUCAST,EUCAST required; exact version unavailable in Atlas aggregate,ECDC Surveillance Atlas aggregate,https://atlas.ecdc.europa.eu/public/
EU_EEA,Norway,NOR,2000,Escherichia coli,Blood/invasive,Aminopenicillins,210,818,EARS-Net mixed/not reported,Not reported in Atlas aggregate,ECDC Surveillance Atlas aggregate,https://atlas.ecdc.europa.eu/public/
EU_EEA,Norway,NOR,2001,Escherichia coli,Blood/invasive,Aminopenicillins,221,821,EARS-Net mixed/not reported,Not reported in Atlas aggregate,ECDC Surveillance Atlas aggregate,https://atlas.ecdc.europa.eu/public/
EU_EEA,Norway,NOR,2002,Escherichia coli,Blood/invasive,Aminopenicillins,285,1000,EARS-Net mixed/not reported,Not reported in Atlas aggregate,ECDC Surveillance Atlas aggregate,https://atlas.ecdc.europa.eu/public/
EU_EEA,Norway,NOR,2003,Escherichia coli,Blood/invasive,Aminopenicillins,354,1045,EARS-Net mixed/not reported,Not reported in Atlas aggregate,ECDC Surveillance Atlas aggregate,https://atlas.ecdc.europa.eu/public/
EU_EEA,Norway,NOR,2004,Escherichia coli,Blood/invasive,Aminopenicillins,377,1185,EARS-Net mixed/not reported,Not reported in Atlas aggregate,ECDC Surveillance Atlas aggregate,https://atlas.ecdc.europa.eu/public/
EU_EEA,Norway,NOR,2005,Escherichia coli,Blood/invasive,Aminopenicillins,445,1326,EARS-Net mixed/not reported,Not reported in Atlas aggregate,ECDC Surveillance Atlas aggregate,https://atlas.ecdc.europa.eu/public/
EU_EEA,Norway,NOR,2006,Escherichia coli,Blood/invasive,Aminopenicillins,544,1573,EARS-Net mixed/not reported,Not reported in Atlas aggregate,ECDC Surveillance Atlas aggregate,https://atlas.ecdc.europa.eu/public/
EU_EEA,Norway,NOR,2007,Escherichia coli,Blood/invasive,Aminopenicillins,659,1712,EARS-Net mixed/not reported,Not reported in Atlas aggregate,ECDC Surveillance Atlas aggregate,https://atlas.ecdc.europa.eu/public/
EU_EEA,Norway,NOR,2008,Escherichia coli,Blood/invasive,Aminopenicillins,680,1798,EARS-Net mixed/not reported,Not reported in Atlas aggregate,ECDC Surveillance Atlas aggregate,https://atlas.ecdc.europa.eu/public/
EU_EEA,Norway,NOR,2009,Escherichia coli,Blood/invasive,Aminopenicillins,687,1845,EARS-Net mixed/not reported,Not reported in Atlas aggregate,ECDC Surveillance Atlas aggregate,https://atlas.ecdc.europa.eu/public/
EU_EEA,Norway,NOR,2010,Escherichia coli,Blood/invasive,Aminopenicillins,867,2268,EARS-Net mixed/not reported,Not reported in Atlas aggregate,ECDC Surveillance Atlas aggregate,https://atlas.ecdc.europa.eu/public/
EU_EEA,Norway,NOR,2011,Escherichia coli,Blood/invasive,Aminopenicillins,1023,2617,EARS-Net mixed/not reported,Not reported in Atlas aggregate,ECDC Surveillance Atlas aggregate,https://atlas.ecdc.europa.eu/public/
EU_EEA,Norway,NOR,2012,Escherichia coli,Blood/invasive,Aminopenicillins,1295,2995,EARS-Net mixed/not reported,Not reported in Atlas aggregate,ECDC Surveillance Atlas aggregate,https://atlas.ecdc.europa.eu/public/
EU_EEA,Norway,NOR,2013,Escherichia coli,Blood/invasive,Aminopenicillins,1296,3016,EARS-Net mixed/not reported,Not reported in Atlas aggregate,ECDC Surveillance Atlas aggregate,https://atlas.ecdc.europa.eu/public/
EU_EEA,Norway,NOR,2014,Escherichia coli,Blood/invasive,Aminopenicillins,1423,3404,EARS-Net mixed/not reported,Not reported in Atlas aggregate,ECDC Surveillance Atlas aggregate,https://atlas.ecdc.europa.eu/public/
EU_EEA,Norway,NOR,2015,Escherichia coli,Blood/invasive,Aminopenicillins,1511,3299,EARS-Net mixed/not reported,Not reported in Atlas aggregate,ECDC Surveillance Atlas aggregate,https://atlas.ecdc.europa.eu/public/
EU_EEA,Norway,NOR,2016,Escherichia coli,Blood/invasive,Aminopenicillins,1550,3615,EARS-Net mixed/not reported,Not reported in Atlas aggregate,ECDC Surveillance Atlas aggregate,https://atlas.ecdc.europa.eu/public/
EU_EEA,Norway,NOR,2017,Escherichia coli,Blood/invasive,Aminopenicillins,1573,3731,EARS-Net mixed/not reported,Not reported in Atlas aggregate,ECDC Surveillance Atlas aggregate,https://atlas.ecdc.europa.eu/public/
EU_EEA,Norway,NOR,2018,Escherichia coli,Blood/invasive,Aminopenicillins,1641,3880,EARS-Net mixed/not reported,Not reported in Atlas aggregate,ECDC Surveillance Atlas aggregate,https://atlas.ecdc.europa.eu/public/
EU_EEA,Norway,NOR,2019,Escherichia coli,Blood/invasive,Aminopenicillins,1668,4072,EARS-Net mixed/not reported,Not reported in Atlas aggregate,ECDC Surveillance Atlas aggregate,https://atlas.ecdc.europa.eu/public/
EU_EEA,Norway,NOR,2020,Escherichia coli,Blood/invasive,Aminopenicillins,1495,3758,EUCAST,EUCAST required; exact version unavailable in Atlas aggregate,ECDC Surveillance Atlas aggregate,https://atlas.ecdc.europa.eu/public/
EU_EEA,Norway,NOR,2021,Escherichia coli,Blood/invasive,Aminopenicillins,1358,3837,EUCAST,EUCAST required; exact version unavailable in Atlas aggregate,ECDC Surveillance Atlas aggregate,https://atlas.ecdc.europa.eu/public/
EU_EEA,Norway,NOR,2022,Escherichia coli,Blood/invasive,Aminopenicillins,1412,3737,EUCAST,EUCAST required; exact version unavailable in Atlas aggregate,ECDC Surveillance Atlas aggregate,https://atlas.ecdc.europa.eu/public/
EU_EEA,Norway,NOR,2023,Escherichia coli,Blood/invasive,Aminopenicillins,1468,3983,EUCAST,EUCAST required; exact version unavailable in Atlas aggregate,ECDC Surveillance Atlas aggregate,https://atlas.ecdc.europa.eu/public/
EU_EEA,Norway,NOR,2000,Escherichia coli,Blood/invasive,Carbapenems,1,618,EARS-Net mixed/not reported,Not reported in Atlas aggregate,ECDC Surveillance Atlas aggregate,https://atlas.ecdc.europa.eu/public/
EU_EEA,Norway,NOR,2001,Escherichia coli,Blood/invasive,Carbapenems,0,622,EARS-Net mixed/not reported,Not reported in Atlas aggregate,ECDC Surveillance Atlas aggregate,https://atlas.ecdc.europa.eu/public/
EU_EEA,Norway,NOR,2002,Escherichia coli,Blood/invasive,Carbapenems,1,753,EARS-Net mixed/not reported,Not reported in Atlas aggregate,ECDC Surveillance Atlas aggregate,https://atlas.ecdc.europa.eu/public/
EU_EEA,Norway,NOR,2003,Escherichia coli,Blood/invasive,Carbapenems,0,782,EARS-Net mixed/not reported,Not reported in Atlas aggregate,ECDC Surveillance Atlas aggregate,https://atlas.ecdc.europa.eu/public/
EU_EEA,Norway,NOR,2004,Escherichia coli,Blood/invasive,Carbapenems,0,936,EARS-Net mixed/not reported,Not reported in Atlas aggregate,ECDC Surveillance Atlas aggregate,https://atlas.ecdc.europa.eu/public/
EU_EEA,Norway,NOR,2005,Escherichia coli,Blood/invasive,Carbapenems,0,1110,EARS-Net mixed/not reported,Not reported in Atlas aggregate,ECDC Surveillance Atlas aggregate,https://atlas.ecdc.europa.eu/public/
EU_EEA,Norway,NOR,2006,Escherichia coli,Blood/invasive,Carbapenems,1,1383,EARS-Net mixed/not reported,Not reported in Atlas aggregate,ECDC Surveillance Atlas aggregate,https://atlas.ecdc.europa.eu/public/
EU_EEA,Norway,NOR,2007,Escherichia coli,Blood/invasive,Carbapenems,0,1456,EARS-Net mixed/not reported,Not reported in Atlas aggregate,ECDC Surveillance Atlas aggregate,https://atlas.ecdc.europa.eu/public/
EU_EEA,Norway,NOR,2008,Escherichia coli,Blood/invasive,Carbapenems,1,1544,EARS-Net mixed/not reported,Not reported in Atlas aggregate,ECDC Surveillance Atlas aggregate,https://atlas.ecdc.europa.eu/public/
EU_EEA,Norway,NOR,2009,Escherichia coli,Blood/invasive,Carbapenems,0,1577,EARS-Net mixed/not reported,Not reported in Atlas aggregate,ECDC Surveillance Atlas aggregate,https://atlas.ecdc.europa.eu/public/
EU_EEA,Norway,NOR,2010,Escherichia coli,Blood/invasive,Carbapenems,0,2089,EARS-Net mixed/not reported,Not reported in Atlas aggregate,ECDC Surveillance Atlas aggregate,https://atlas.ecdc.europa.eu/public/
EU_EEA,Norway,NOR,2011,Escherichia coli,Blood/invasive,Carbapenems,1,2588,EARS-Net mixed/not reported,Not reported in Atlas aggregate,ECDC Surveillance Atlas aggregate,https://atlas.ecdc.europa.eu/public/
EU_EEA,Norway,NOR,2012,Escherichia coli,Blood/invasive,Carbapenems,0,3023,EARS-Net mixed/not reported,Not reported in Atlas aggregate,ECDC Surveillance Atlas aggregate,https://atlas.ecdc.europa.eu/public/
EU_EEA,Norway,NOR,2013,Escherichia coli,Blood/invasive,Carbapenems,2,3079,EARS-Net mixed/not reported,Not reported in Atlas aggregate,ECDC Surveillance Atlas aggregate,https://atlas.ecdc.europa.eu/public/
EU_EEA,Norway,NOR,2014,Escherichia coli,Blood/invasive,Carbapenems,0,3420,EARS-Net mixed/not reported,Not reported in Atlas aggregate,ECDC Surveillance Atlas aggregate,https://atlas.ecdc.europa.eu/public/
EU_EEA,Norway,NOR,2015,Escherichia coli,Blood/invasive,Carbapenems,1,3297,EARS-Net mixed/not reported,Not reported in Atlas aggregate,ECDC Surveillance Atlas aggregate,https://atlas.ecdc.europa.eu/public/
EU_EEA,Norway,NOR,2016,Escherichia coli,Blood/invasive,Carbapenems,2,3616,EARS-Net mixed/not reported,Not reported in Atlas aggregate,ECDC Surveillance Atlas aggregate,https://atlas.ecdc.europa.eu/public/
EU_EEA,Norway,NOR,2017,Escherichia coli,Blood/invasive,Carbapenems,3,3733,EARS-Net mixed/not reported,Not reported in Atlas aggregate,ECDC Surveillance Atlas aggregate,https://atlas.ecdc.europa.eu/public/
EU_EEA,Norway,NOR,2018,Escherichia coli,Blood/invasive,Carbapenems,1,3879,EARS-Net mixed/not reported,Not reported in Atlas aggregate,ECDC Surveillance Atlas aggregate,https://atlas.ecdc.europa.eu/public/
EU_EEA,Norway,NOR,2019,Escherichia coli,Blood/invasive,Carbapenems,2,4040,EARS-Net mixed/not reported,Not reported in Atlas aggregate,ECDC Surveillance Atlas aggregate,https://atlas.ecdc.europa.eu/public/
EU_EEA,Norway,NOR,2020,Escherichia coli,Blood/invasive,Carbapenems,1,3646,EUCAST,EUCAST required; exact version unavailable in Atlas aggregate,ECDC Surveillance Atlas aggregate,https://atlas.ecdc.europa.eu/public/
EU_EEA,Norway,NOR,2021,Escherichia coli,Blood/invasive,Carbapenems,0,3820,EUCAST,EUCAST required; exact version unavailable in Atlas aggregate,ECDC Surveillance Atlas aggregate,https://atlas.ecdc.europa.eu/public/
EU_EEA,Norway,NOR,2022,Escherichia coli,Blood/invasive,Carbapenems,1,3738,EUCAST,EUCAST required; exact version unavailable in Atlas aggregate,ECDC Surveillance Atlas aggregate,https://atlas.ecdc.europa.eu/public/
EU_EEA,Norway,NOR,2023,Escherichia coli,Blood/invasive,Carbapenems,2,3984,EUCAST,EUCAST required; exact version unavailable in Atlas aggregate,ECDC Surveillance Atlas aggregate,https://atlas.ecdc.europa.eu/public/
EU_EEA,Norway,NOR,2000,Escherichia coli,Blood/invasive,Fluoroquinolones,13,785,EARS-Net mixed/not reported,Not reported in Atlas aggregate,ECDC Surveillance Atlas aggregate,https://atlas.ecdc.europa.eu/public/
EU_EEA,Norway,NOR,2001,Escherichia coli,Blood/invasive,Fluoroquinolones,11,842,EARS-Net mixed/not reported,Not reported in Atlas aggregate,ECDC Surveillance Atlas aggregate,https://atlas.ecdc.europa.eu/public/
EU_EEA,Norway,NOR,2002,Escherichia coli,Blood/invasive,Fluoroquinolones,17,994,EARS-Net mixed/not reported,Not reported in Atlas aggregate,ECDC Surveillance Atlas aggregate,https://atlas.ecdc.europa.eu/public/
EU_EEA,Norway,NOR,2003,Escherichia coli,Blood/invasive,Fluoroquinolones,20,1068,EARS-Net mixed/not reported,Not reported in Atlas aggregate,ECDC Surveillance Atlas aggregate,https://atlas.ecdc.europa.eu/public/
EU_EEA,Norway,NOR,2004,Escherichia coli,Blood/invasive,Fluoroquinolones,48,1099,EARS-Net mixed/not reported,Not reported in Atlas aggregate,ECDC Surveillance Atlas aggregate,https://atlas.ecdc.europa.eu/public/
EU_EEA,Norway,NOR,2005,Escherichia coli,Blood/invasive,Fluoroquinolones,57,1217,EARS-Net mixed/not reported,Not reported in Atlas aggregate,ECDC Surveillance Atlas aggregate,https://atlas.ecdc.europa.eu/public/
EU_EEA,Norway,NOR,2006,Escherichia coli,Blood/invasive,Fluoroquinolones,72,1479,EARS-Net mixed/not reported,Not reported in Atlas aggregate,ECDC Surveillance Atlas aggregate,https://atlas.ecdc.europa.eu/public/
EU_EEA,Norway,NOR,2007,Escherichia coli,Blood/invasive,Fluoroquinolones,117,1651,EARS-Net mixed/not reported,Not reported in Atlas aggregate,ECDC Surveillance Atlas aggregate,https://atlas.ecdc.europa.eu/public/
EU_EEA,Norway,NOR,2008,Escherichia coli,Blood/invasive,Fluoroquinolones,132,1786,EARS-Net mixed/not reported,Not reported in Atlas aggregate,ECDC Surveillance Atlas aggregate,https://atlas.ecdc.europa.eu/public/
EU_EEA,Norway,NOR,2009,Escherichia coli,Blood/invasive,Fluoroquinolones,159,1830,EARS-Net mixed/not reported,Not reported in Atlas aggregate,ECDC Surveillance Atlas aggregate,https://atlas.ecdc.europa.eu/public/
EU_EEA,Norway,NOR,2010,Escherichia coli,Blood/invasive,Fluoroquinolones,198,2267,EARS-Net mixed/not reported,Not reported in Atlas aggregate,ECDC Surveillance Atlas aggregate,https://atlas.ecdc.europa.eu/public/
EU_EEA,Norway,NOR,2011,Escherichia coli,Blood/invasive,Fluoroquinolones,225,2505,EARS-Net mixed/not reported,Not reported in Atlas aggregate,ECDC Surveillance Atlas aggregate,https://atlas.ecdc.europa.eu/public/
EU_EEA,Norway,NOR,2012,Escherichia coli,Blood/invasive,Fluoroquinolones,321,2843,EARS-Net mixed/not reported,Not reported in Atlas aggregate,ECDC Surveillance Atlas aggregate,https://atlas.ecdc.europa.eu/public/
EU_EEA,Norway,NOR,2013,Escherichia coli,Blood/invasive,Fluoroquinolones,324,2975,EARS-Net mixed/not reported,Not reported in Atlas aggregate,ECDC Surveillance Atlas aggregate,https://atlas.ecdc.europa.eu/public/
EU_EEA,Norway,NOR,2014,Escherichia coli,Blood/invasive,Fluoroquinolones,376,3415,EARS-Net mixed/not reported,Not reported in Atlas aggregate,ECDC Surveillance Atlas aggregate,https://atlas.ecdc.europa.eu/public/
EU_EEA,Norway,NOR,2015,Escherichia coli,Blood/invasive,Fluoroquinolones,337,3298,EARS-Net mixed/not reported,Not reported in Atlas aggregate,ECDC Surveillance Atlas aggregate,https://atlas.ecdc.europa.eu/public/
EU_EEA,Norway,NOR,2016,Escherichia coli,Blood/invasive,Fluoroquinolones,395,3611,EARS-Net mixed/not reported,Not reported in Atlas aggregate,ECDC Surveillance Atlas aggregate,https://atlas.ecdc.europa.eu/public/
EU_EEA,Norway,NOR,2017,Escherichia coli,Blood/invasive,Fluoroquinolones,506,3731,EARS-Net mixed/not reported,Not reported in Atlas aggregate,ECDC Surveillance Atlas aggregate,https://atlas.ecdc.europa.eu/public/
EU_EEA,Norway,NOR,2018,Escherichia coli,Blood/invasive,Fluoroquinolones,499,3877,EARS-Net mixed/not reported,Not reported in Atlas aggregate,ECDC Surveillance Atlas aggregate,https://atlas.ecdc.europa.eu/public/
EU_EEA,Norway,NOR,2019,Escherichia coli,Blood/invasive,Fluoroquinolones,458,4068,EARS-Net mixed/not reported,Not reported in Atlas aggregate,ECDC Surveillance Atlas aggregate,https://atlas.ecdc.europa.eu/public/
EU_EEA,Norway,NOR,2020,Escherichia coli,Blood/invasive,Fluoroquinolones,372,3735,EUCAST,EUCAST required; exact version unavailable in Atlas aggregate,ECDC Surveillance Atlas aggregate,https://atlas.ecdc.europa.eu/public/
EU_EEA,Norway,NOR,2021,Escherichia coli,Blood/invasive,Fluoroquinolones,378,3827,EUCAST,EUCAST required; exact version unavailable in Atlas aggregate,ECDC Surveillance Atlas aggregate,https://atlas.ecdc.europa.eu/public/
EU_EEA,Norway,NOR,2022,Escherichia coli,Blood/invasive,Fluoroquinolones,392,3726,EUCAST,EUCAST required; exact version unavailable in Atlas aggregate,ECDC Surveillance Atlas aggregate,https://atlas.ecdc.europa.eu/public/
EU_EEA,Norway,NOR,2023,Escherichia coli,Blood/invasive,Fluoroquinolones,402,3971,EUCAST,EUCAST required; exact version unavailable in Atlas aggregate,ECDC Surveillance Atlas aggregate,https://atlas.ecdc.europa.eu/public/
EU_EEA,Norway,NOR,2000,Escherichia coli,Blood/invasive,Third-generation cephalosporins,3,918,EARS-Net mixed/not reported,Not reported in Atlas aggregate,ECDC Surveillance Atlas aggregate,https://atlas.ecdc.europa.eu/public/
EU_EEA,Norway,NOR,2001,Escherichia coli,Blood/invasive,Third-generation cephalosporins,3,964,EARS-Net mixed/not reported,Not reported in Atlas aggregate,ECDC Surveillance Atlas aggregate,https://atlas.ecdc.europa.eu/public/
EU_EEA,Norway,NOR,2002,Escherichia coli,Blood/invasive,Third-generation cephalosporins,2,1118,EARS-Net mixed/not reported,Not reported in Atlas aggregate,ECDC Surveillance Atlas aggregate,https://atlas.ecdc.europa.eu/public/
EU_EEA,Norway,NOR,2003,Escherichia coli,Blood/invasive,Third-generation cephalosporins,3,1177,EARS-Net mixed/not reported,Not reported in Atlas aggregate,ECDC Surveillance Atlas aggregate,https://atlas.ecdc.europa.eu/public/
EU_EEA,Norway,NOR,2004,Escherichia coli,Blood/invasive,Third-generation cephalosporins,8,1211,EARS-Net mixed/not reported,Not reported in Atlas aggregate,ECDC Surveillance Atlas aggregate,https://atlas.ecdc.europa.eu/public/
EU_EEA,Norway,NOR,2005,Escherichia coli,Blood/invasive,Third-generation cephalosporins,11,1328,EARS-Net mixed/not reported,Not reported in Atlas aggregate,ECDC Surveillance Atlas aggregate,https://atlas.ecdc.europa.eu/public/
EU_EEA,Norway,NOR,2006,Escherichia coli,Blood/invasive,Third-generation cephalosporins,22,1573,EARS-Net mixed/not reported,Not reported in Atlas aggregate,ECDC Surveillance Atlas aggregate,https://atlas.ecdc.europa.eu/public/
EU_EEA,Norway,NOR,2007,Escherichia coli,Blood/invasive,Third-generation cephalosporins,37,1713,EARS-Net mixed/not reported,Not reported in Atlas aggregate,ECDC Surveillance Atlas aggregate,https://atlas.ecdc.europa.eu/public/
EU_EEA,Norway,NOR,2008,Escherichia coli,Blood/invasive,Third-generation cephalosporins,46,1799,EARS-Net mixed/not reported,Not reported in Atlas aggregate,ECDC Surveillance Atlas aggregate,https://atlas.ecdc.europa.eu/public/
EU_EEA,Norway,NOR,2009,Escherichia coli,Blood/invasive,Third-generation cephalosporins,42,1846,EARS-Net mixed/not reported,Not reported in Atlas aggregate,ECDC Surveillance Atlas aggregate,https://atlas.ecdc.europa.eu/public/
EU_EEA,Norway,NOR,2010,Escherichia coli,Blood/invasive,Third-generation cephalosporins,84,2275,EARS-Net mixed/not reported,Not reported in Atlas aggregate,ECDC Surveillance Atlas aggregate,https://atlas.ecdc.europa.eu/public/
EU_EEA,Norway,NOR,2011,Escherichia coli,Blood/invasive,Third-generation cephalosporins,92,2523,EARS-Net mixed/not reported,Not reported in Atlas aggregate,ECDC Surveillance Atlas aggregate,https://atlas.ecdc.europa.eu/public/
EU_EEA,Norway,NOR,2012,Escherichia coli,Blood/invasive,Third-generation cephalosporins,148,3019,EARS-Net mixed/not reported,Not reported in Atlas aggregate,ECDC Surveillance Atlas aggregate,https://atlas.ecdc.europa.eu/public/
EU_EEA,Norway,NOR,2013,Escherichia coli,Blood/invasive,Third-generation cephalosporins,170,3077,EARS-Net mixed/not reported,Not reported in Atlas aggregate,ECDC Surveillance Atlas aggregate,https://atlas.ecdc.europa.eu/public/
EU_EEA,Norway,NOR,2014,Escherichia coli,Blood/invasive,Third-generation cephalosporins,198,3421,EARS-Net mixed/not reported,Not reported in Atlas aggregate,ECDC Surveillance Atlas aggregate,https://atlas.ecdc.europa.eu/public/
EU_EEA,Norway,NOR,2015,Escherichia coli,Blood/invasive,Third-generation cephalosporins,199,3301,EARS-Net mixed/not reported,Not reported in Atlas aggregate,ECDC Surveillance Atlas aggregate,https://atlas.ecdc.europa.eu/public/
EU_EEA,Norway,NOR,2016,Escherichia coli,Blood/invasive,Third-generation cephalosporins,201,3617,EARS-Net mixed/not reported,Not reported in Atlas aggregate,ECDC Surveillance Atlas aggregate,https://atlas.ecdc.europa.eu/public/
EU_EEA,Norway,NOR,2017,Escherichia coli,Blood/invasive,Third-generation cephalosporins,219,3734,EARS-Net mixed/not reported,Not reported in Atlas aggregate,ECDC Surveillance Atlas aggregate,https://atlas.ecdc.europa.eu/public/
EU_EEA,Norway,NOR,2018,Escherichia coli,Blood/invasive,Third-generation cephalosporins,262,3879,EARS-Net mixed/not reported,Not reported in Atlas aggregate,ECDC Surveillance Atlas aggregate,https://atlas.ecdc.europa.eu/public/
EU_EEA,Norway,NOR,2019,Escherichia coli,Blood/invasive,Third-generation cephalosporins,252,4075,EARS-Net mixed/not reported,Not reported in Atlas aggregate,ECDC Surveillance Atlas aggregate,https://atlas.ecdc.europa.eu/public/
EU_EEA,Norway,NOR,2020,Escherichia coli,Blood/invasive,Third-generation cephalosporins,218,3762,EUCAST,EUCAST required; exact version unavailable in Atlas aggregate,ECDC Surveillance Atlas aggregate,https://atlas.ecdc.europa.eu/public/
EU_EEA,Norway,NOR,2021,Escherichia coli,Blood/invasive,Third-generation cephalosporins,211,3839,EUCAST,EUCAST required; exact version unavailable in Atlas aggregate,ECDC Surveillance Atlas aggregate,https://atlas.ecdc.europa.eu/public/
EU_EEA,Norway,NOR,2022,Escherichia coli,Blood/invasive,Third-generation cephalosporins,218,3739,EUCAST,EUCAST required; exact version unavailable in Atlas aggregate,ECDC Surveillance Atlas aggregate,https://atlas.ecdc.europa.eu/public/
EU_EEA,Norway,NOR,2023,Escherichia coli,Blood/invasive,Third-generation cephalosporins,224,3984,EUCAST,EUCAST required; exact version unavailable in Atlas aggregate,ECDC Surveillance Atlas aggregate,https://atlas.ecdc.europa.eu/public/
EU_EEA,Poland,POL,2001,Escherichia coli,Blood/invasive,Aminoglycosides,5,100,EARS-Net mixed/not reported,Not reported in Atlas aggregate,ECDC Surveillance Atlas aggregate,https://atlas.ecdc.europa.eu/public/
EU_EEA,Poland,POL,2002,Escherichia coli,Blood/invasive,Aminoglycosides,14,133,EARS-Net mixed/not reported,Not reported in Atlas aggregate,ECDC Surveillance Atlas aggregate,https://atlas.ecdc.europa.eu/public/
EU_EEA,Poland,POL,2003,Escherichia coli,Blood/invasive,Aminoglycosides,11,123,EARS-Net mixed/not reported,Not reported in Atlas aggregate,ECDC Surveillance Atlas aggregate,https://atlas.ecdc.europa.eu/public/
EU_EEA,Poland,POL,2004,Escherichia coli,Blood/invasive,Aminoglycosides,10,191,EARS-Net mixed/not reported,Not reported in Atlas aggregate,ECDC Surveillance Atlas aggregate,https://atlas.ecdc.europa.eu/public/
EU_EEA,Poland,POL,2005,Escherichia coli,Blood/invasive,Aminoglycosides,13,175,EARS-Net mixed/not reported,Not reported in Atlas aggregate,ECDC Surveillance Atlas aggregate,https://atlas.ecdc.europa.eu/public/
EU_EEA,Poland,POL,2006,Escherichia coli,Blood/invasive,Aminoglycosides,22,205,EARS-Net mixed/not reported,Not reported in Atlas aggregate,ECDC Surveillance Atlas aggregate,https://atlas.ecdc.europa.eu/public/
EU_EEA,Poland,POL,2007,Escherichia coli,Blood/invasive,Aminoglycosides,15,256,EARS-Net mixed/not reported,Not reported in Atlas aggregate,ECDC Surveillance Atlas aggregate,https://atlas.ecdc.europa.eu/public/
EU_EEA,Poland,POL,2008,Escherichia coli,Blood/invasive,Aminoglycosides,6,84,EARS-Net mixed/not reported,Not reported in Atlas aggregate,ECDC Surveillance Atlas aggregate,https://atlas.ecdc.europa.eu/public/
EU_EEA,Poland,POL,2009,Escherichia coli,Blood/invasive,Aminoglycosides,36,555,EARS-Net mixed/not reported,Not reported in Atlas aggregate,ECDC Surveillance Atlas aggregate,https://atlas.ecdc.europa.eu/public/
EU_EEA,Poland,POL,2010,Escherichia coli,Blood/invasive,Aminoglycosides,60,652,EARS-Net mixed/not reported,Not reported in Atlas aggregate,ECDC Surveillance Atlas aggregate,https://atlas.ecdc.europa.eu/public/
EU_EEA,Poland,POL,2011,Escherichia coli,Blood/invasive,Aminoglycosides,92,1114,EARS-Net mixed/not reported,Not reported in Atlas aggregate,ECDC Surveillance Atlas aggregate,https://atlas.ecdc.europa.eu/public/
EU_EEA,Poland,POL,2012,Escherichia coli,Blood/invasive,Aminoglycosides,124,1025,EARS-Net mixed/not reported,Not reported in Atlas aggregate,ECDC Surveillance Atlas aggregate,https://atlas.ecdc.europa.eu/public/
EU_EEA,Poland,POL,2013,Escherichia coli,Blood/invasive,Aminoglycosides,112,1049,EARS-Net mixed/not reported,Not reported in Atlas aggregate,ECDC Surveillance Atlas aggregate,https://atlas.ecdc.europa.eu/public/
EU_EEA,Poland,POL,2014,Escherichia coli,Blood/invasive,Aminoglycosides,105,1068,EARS-Net mixed/not reported,Not reported in Atlas aggregate,ECDC Surveillance Atlas aggregate,https://atlas.ecdc.europa.eu/public/
EU_EEA,Poland,POL,2015,Escherichia coli,Blood/invasive,Aminoglycosides,177,1581,EARS-Net mixed/not reported,Not reported in Atlas aggregate,ECDC Surveillance Atlas aggregate,https://atlas.ecdc.europa.eu/public/
EU_EEA,Poland,POL,2016,Escherichia coli,Blood/invasive,Aminoglycosides,335,2521,EARS-Net mixed/not reported,Not reported in Atlas aggregate,ECDC Surveillance Atlas aggregate,https://atlas.ecdc.europa.eu/public/
EU_EEA,Poland,POL,2017,Escherichia coli,Blood/invasive,Aminoglycosides,381,2719,EARS-Net mixed/not reported,Not reported in Atlas aggregate,ECDC Surveillance Atlas aggregate,https://atlas.ecdc.europa.eu/public/
EU_EEA,Poland,POL,2018,Escherichia coli,Blood/invasive,Aminoglycosides,370,2449,EARS-Net mixed/not reported,Not reported in Atlas aggregate,ECDC Surveillance Atlas aggregate,https://atlas.ecdc.europa.eu/public/
EU_EEA,Poland,POL,2019,Escherichia coli,Blood/invasive,Aminoglycosides,330,2614,EARS-Net mixed/not reported,Not reported in Atlas aggregate,ECDC Surveillance Atlas aggregate,https://atlas.ecdc.europa.eu/public/
EU_EEA,Poland,POL,2020,Escherichia coli,Blood/invasive,Aminoglycosides,295,2033,EUCAST,EUCAST required; exact version unavailable in Atlas aggregate,ECDC Surveillance Atlas aggregate,https://atlas.ecdc.europa.eu/public/
EU_EEA,Poland,POL,2021,Escherichia coli,Blood/invasive,Aminoglycosides,300,2186,EUCAST,EUCAST required; exact version unavailable in Atlas aggregate,ECDC Surveillance Atlas aggregate,https://atlas.ecdc.europa.eu/public/
EU_EEA,Poland,POL,2022,Escherichia coli,Blood/invasive,Aminoglycosides,283,2296,EUCAST,EUCAST required; exact version unavailable in Atlas aggregate,ECDC Surveillance Atlas aggregate,https://atlas.ecdc.europa.eu/public/
EU_EEA,Poland,POL,2023,Escherichia coli,Blood/invasive,Aminoglycosides,393,2780,EUCAST,EUCAST required; exact version unavailable in Atlas aggregate,ECDC Surveillance Atlas aggregate,https://atlas.ecdc.europa.eu/public/
EU_EEA,Poland,POL,2001,Escherichia coli,Blood/invasive,Aminopenicillins,58,100,EARS-Net mixed/not reported,Not reported in Atlas aggregate,ECDC Surveillance Atlas aggregate,https://atlas.ecdc.europa.eu/public/
EU_EEA,Poland,POL,2002,Escherichia coli,Blood/invasive,Aminopenicillins,70,134,EARS-Net mixed/not reported,Not reported in Atlas aggregate,ECDC Surveillance Atlas aggregate,https://atlas.ecdc.europa.eu/public/
EU_EEA,Poland,POL,2003,Escherichia coli,Blood/invasive,Aminopenicillins,61,123,EARS-Net mixed/not reported,Not reported in Atlas aggregate,ECDC Surveillance Atlas aggregate,https://atlas.ecdc.europa.eu/public/
EU_EEA,Poland,POL,2004,Escherichia coli,Blood/invasive,Aminopenicillins,85,191,EARS-Net mixed/not reported,Not reported in Atlas aggregate,ECDC Surveillance Atlas aggregate,https://atlas.ecdc.europa.eu/public/
EU_EEA,Poland,POL,2005,Escherichia coli,Blood/invasive,Aminopenicillins,99,176,EARS-Net mixed/not reported,Not reported in Atlas aggregate,ECDC Surveillance Atlas aggregate,https://atlas.ecdc.europa.eu/public/
EU_EEA,Poland,POL,2006,Escherichia coli,Blood/invasive,Aminopenicillins,113,206,EARS-Net mixed/not reported,Not reported in Atlas aggregate,ECDC Surveillance Atlas aggregate,https://atlas.ecdc.europa.eu/public/
EU_EEA,Poland,POL,2007,Escherichia coli,Blood/invasive,Aminopenicillins,143,256,EARS-Net mixed/not reported,Not reported in Atlas aggregate,ECDC Surveillance Atlas aggregate,https://atlas.ecdc.europa.eu/public/
EU_EEA,Poland,POL,2008,Escherichia coli,Blood/invasive,Aminopenicillins,45,84,EARS-Net mixed/not reported,Not reported in Atlas aggregate,ECDC Surveillance Atlas aggregate,https://atlas.ecdc.europa.eu/public/
EU_EEA,Poland,POL,2009,Escherichia coli,Blood/invasive,Aminopenicillins,315,487,EARS-Net mixed/not reported,Not reported in Atlas aggregate,ECDC Surveillance Atlas aggregate,https://atlas.ecdc.europa.eu/public/
EU_EEA,Poland,POL,2010,Escherichia coli,Blood/invasive,Aminopenicillins,371,616,EARS-Net mixed/not reported,Not reported in Atlas aggregate,ECDC Surveillance Atlas aggregate,https://atlas.ecdc.europa.eu/public/
EU_EEA,Poland,POL,2011,Escherichia coli,Blood/invasive,Aminopenicillins,579,934,EARS-Net mixed/not reported,Not reported in Atlas aggregate,ECDC Surveillance Atlas aggregate,https://atlas.ecdc.europa.eu/public/
EU_EEA,Poland,POL,2012,Escherichia coli,Blood/invasive,Aminopenicillins,466,736,EARS-Net mixed/not reported,Not reported in Atlas aggregate,ECDC Surveillance Atlas aggregate,https://atlas.ecdc.europa.eu/public/
EU_EEA,Poland,POL,2013,Escherichia coli,Blood/invasive,Aminopenicillins,181,277,EARS-Net mixed/not reported,Not reported in Atlas aggregate,ECDC Surveillance Atlas aggregate,https://atlas.ecdc.europa.eu/public/
EU_EEA,Poland,POL,2014,Escherichia coli,Blood/invasive,Aminopenicillins,160,268,EARS-Net mixed/not reported,Not reported in Atlas aggregate,ECDC Surveillance Atlas aggregate,https://atlas.ecdc.europa.eu/public/
EU_EEA,Poland,POL,2015,Escherichia coli,Blood/invasive,Aminopenicillins,224,346,EARS-Net mixed/not reported,Not reported in Atlas aggregate,ECDC Surveillance Atlas aggregate,https://atlas.ecdc.europa.eu/public/
EU_EEA,Poland,POL,2016,Escherichia coli,Blood/invasive,Aminopenicillins,667,1034,EARS-Net mixed/not reported,Not reported in Atlas aggregate,ECDC Surveillance Atlas aggregate,https://atlas.ecdc.europa.eu/public/
EU_EEA,Poland,POL,2017,Escherichia coli,Blood/invasive,Aminopenicillins,634,913,EARS-Net mixed/not reported,Not reported in Atlas aggregate,ECDC Surveillance Atlas aggregate,https://atlas.ecdc.europa.eu/public/
EU_EEA,Poland,POL,2018,Escherichia coli,Blood/invasive,Aminopenicillins,572,890,EARS-Net mixed/not reported,Not reported in Atlas aggregate,ECDC Surveillance Atlas aggregate,https://atlas.ecdc.europa.eu/public/
EU_EEA,Poland,POL,2019,Escherichia coli,Blood/invasive,Aminopenicillins,515,836,EARS-Net mixed/not reported,Not reported in Atlas aggregate,ECDC Surveillance Atlas aggregate,https://atlas.ecdc.europa.eu/public/
EU_EEA,Poland,POL,2020,Escherichia coli,Blood/invasive,Aminopenicillins,282,502,EUCAST,EUCAST required; exact version unavailable in Atlas aggregate,ECDC Surveillance Atlas aggregate,https://atlas.ecdc.europa.eu/public/
EU_EEA,Poland,POL,2021,Escherichia coli,Blood/invasive,Aminopenicillins,490,809,EUCAST,EUCAST required; exact version unavailable in Atlas aggregate,ECDC Surveillance Atlas aggregate,https://atlas.ecdc.europa.eu/public/
EU_EEA,Poland,POL,2022,Escherichia coli,Blood/invasive,Aminopenicillins,490,857,EUCAST,EUCAST required; exact version unavailable in Atlas aggregate,ECDC Surveillance Atlas aggregate,https://atlas.ecdc.europa.eu/public/
EU_EEA,Poland,POL,2023,Escherichia coli,Blood/invasive,Aminopenicillins,627,956,EUCAST,EUCAST required; exact version unavailable in Atlas aggregate,ECDC Surveillance Atlas aggregate,https://atlas.ecdc.europa.eu/public/
EU_EEA,Poland,POL,2001,Escherichia coli,Blood/invasive,Carbapenems,0,3,EARS-Net mixed/not reported,Not reported in Atlas aggregate,ECDC Surveillance Atlas aggregate,https://atlas.ecdc.europa.eu/public/
EU_EEA,Poland,POL,2002,Escherichia coli,Blood/invasive,Carbapenems,0,5,EARS-Net mixed/not reported,Not reported in Atlas aggregate,ECDC Surveillance Atlas aggregate,https://atlas.ecdc.europa.eu/public/
EU_EEA,Poland,POL,2004,Escherichia coli,Blood/invasive,Carbapenems,0,11,EARS-Net mixed/not reported,Not reported in Atlas aggregate,ECDC Surveillance Atlas aggregate,https://atlas.ecdc.europa.eu/public/
EU_EEA,Poland,POL,2005,Escherichia coli,Blood/invasive,Carbapenems,0,8,EARS-Net mixed/not reported,Not reported in Atlas aggregate,ECDC Surveillance Atlas aggregate,https://atlas.ecdc.europa.eu/public/
EU_EEA,Poland,POL,2006,Escherichia coli,Blood/invasive,Carbapenems,0,9,EARS-Net mixed/not reported,Not reported in Atlas aggregate,ECDC Surveillance Atlas aggregate,https://atlas.ecdc.europa.eu/public/
EU_EEA,Poland,POL,2007,Escherichia coli,Blood/invasive,Carbapenems,0,5,EARS-Net mixed/not reported,Not reported in Atlas aggregate,ECDC Surveillance Atlas aggregate,https://atlas.ecdc.europa.eu/public/
EU_EEA,Poland,POL,2008,Escherichia coli,Blood/invasive,Carbapenems,0,3,EARS-Net mixed/not reported,Not reported in Atlas aggregate,ECDC Surveillance Atlas aggregate,https://atlas.ecdc.europa.eu/public/
EU_EEA,Poland,POL,2009,Escherichia coli,Blood/invasive,Carbapenems,0,555,EARS-Net mixed/not reported,Not reported in Atlas aggregate,ECDC Surveillance Atlas aggregate,https://atlas.ecdc.europa.eu/public/
EU_EEA,Poland,POL,2010,Escherichia coli,Blood/invasive,Carbapenems,1,703,EARS-Net mixed/not reported,Not reported in Atlas aggregate,ECDC Surveillance Atlas aggregate,https://atlas.ecdc.europa.eu/public/
EU_EEA,Poland,POL,2011,Escherichia coli,Blood/invasive,Carbapenems,1,1064,EARS-Net mixed/not reported,Not reported in Atlas aggregate,ECDC Surveillance Atlas aggregate,https://atlas.ecdc.europa.eu/public/
EU_EEA,Poland,POL,2012,Escherichia coli,Blood/invasive,Carbapenems,0,970,EARS-Net mixed/not reported,Not reported in Atlas aggregate,ECDC Surveillance Atlas aggregate,https://atlas.ecdc.europa.eu/public/
EU_EEA,Poland,POL,2013,Escherichia coli,Blood/invasive,Carbapenems,0,938,EARS-Net mixed/not reported,Not reported in Atlas aggregate,ECDC Surveillance Atlas aggregate,https://atlas.ecdc.europa.eu/public/
EU_EEA,Poland,POL,2014,Escherichia coli,Blood/invasive,Carbapenems,2,979,EARS-Net mixed/not reported,Not reported in Atlas aggregate,ECDC Surveillance Atlas aggregate,https://atlas.ecdc.europa.eu/public/
EU_EEA,Poland,POL,2015,Escherichia coli,Blood/invasive,Carbapenems,2,1499,EARS-Net mixed/not reported,Not reported in Atlas aggregate,ECDC Surveillance Atlas aggregate,https://atlas.ecdc.europa.eu/public/
EU_EEA,Poland,POL,2016,Escherichia coli,Blood/invasive,Carbapenems,1,2553,EARS-Net mixed/not reported,Not reported in Atlas aggregate,ECDC Surveillance Atlas aggregate,https://atlas.ecdc.europa.eu/public/
EU_EEA,Poland,POL,2017,Escherichia coli,Blood/invasive,Carbapenems,1,2741,EARS-Net mixed/not reported,Not reported in Atlas aggregate,ECDC Surveillance Atlas aggregate,https://atlas.ecdc.europa.eu/public/
EU_EEA,Poland,POL,2018,Escherichia coli,Blood/invasive,Carbapenems,3,2500,EARS-Net mixed/not reported,Not reported in Atlas aggregate,ECDC Surveillance Atlas aggregate,https://atlas.ecdc.europa.eu/public/
EU_EEA,Poland,POL,2019,Escherichia coli,Blood/invasive,Carbapenems,0,2683,EARS-Net mixed/not reported,Not reported in Atlas aggregate,ECDC Surveillance Atlas aggregate,https://atlas.ecdc.europa.eu/public/
EU_EEA,Poland,POL,2020,Escherichia coli,Blood/invasive,Carbapenems,1,2080,EUCAST,EUCAST required; exact version unavailable in Atlas aggregate,ECDC Surveillance Atlas aggregate,https://atlas.ecdc.europa.eu/public/
EU_EEA,Poland,POL,2021,Escherichia coli,Blood/invasive,Carbapenems,3,2290,EUCAST,EUCAST required; exact version unavailable in Atlas aggregate,ECDC Surveillance Atlas aggregate,https://atlas.ecdc.europa.eu/public/
EU_EEA,Poland,POL,2022,Escherichia coli,Blood/invasive,Carbapenems,2,2451,EUCAST,EUCAST required; exact version unavailable in Atlas aggregate,ECDC Surveillance Atlas aggregate,https://atlas.ecdc.europa.eu/public/
EU_EEA,Poland,POL,2023,Escherichia coli,Blood/invasive,Carbapenems,6,2966,EUCAST,EUCAST required; exact version unavailable in Atlas aggregate,ECDC Surveillance Atlas aggregate,https://atlas.ecdc.europa.eu/public/
EU_EEA,Poland,POL,2001,Escherichia coli,Blood/invasive,Fluoroquinolones,8,93,EARS-Net mixed/not reported,Not reported in Atlas aggregate,ECDC Surveillance Atlas aggregate,https://atlas.ecdc.europa.eu/public/
EU_EEA,Poland,POL,2002,Escherichia coli,Blood/invasive,Fluoroquinolones,14,133,EARS-Net mixed/not reported,Not reported in Atlas aggregate,ECDC Surveillance Atlas aggregate,https://atlas.ecdc.europa.eu/public/
EU_EEA,Poland,POL,2003,Escherichia coli,Blood/invasive,Fluoroquinolones,8,121,EARS-Net mixed/not reported,Not reported in Atlas aggregate,ECDC Surveillance Atlas aggregate,https://atlas.ecdc.europa.eu/public/
EU_EEA,Poland,POL,2004,Escherichia coli,Blood/invasive,Fluoroquinolones,16,187,EARS-Net mixed/not reported,Not reported in Atlas aggregate,ECDC Surveillance Atlas aggregate,https://atlas.ecdc.europa.eu/public/
EU_EEA,Poland,POL,2005,Escherichia coli,Blood/invasive,Fluoroquinolones,35,176,EARS-Net mixed/not reported,Not reported in Atlas aggregate,ECDC Surveillance Atlas aggregate,https://atlas.ecdc.europa.eu/public/
EU_EEA,Poland,POL,2006,Escherichia coli,Blood/invasive,Fluoroquinolones,42,206,EARS-Net mixed/not reported,Not reported in Atlas aggregate,ECDC Surveillance Atlas aggregate,https://atlas.ecdc.europa.eu/public/
EU_EEA,Poland,POL,2007,Escherichia coli,Blood/invasive,Fluoroquinolones,33,256,EARS-Net mixed/not reported,Not reported in Atlas aggregate,ECDC Surveillance Atlas aggregate,https://atlas.ecdc.europa.eu/public/
EU_EEA,Poland,POL,2008,Escherichia coli,Blood/invasive,Fluoroquinolones,17,84,EARS-Net mixed/not reported,Not reported in Atlas aggregate,ECDC Surveillance Atlas aggregate,https://atlas.ecdc.europa.eu/public/
EU_EEA,Poland,POL,2009,Escherichia coli,Blood/invasive,Fluoroquinolones,131,567,EARS-Net mixed/not reported,Not reported in Atlas aggregate,ECDC Surveillance Atlas aggregate,https://atlas.ecdc.europa.eu/public/
EU_EEA,Poland,POL,2010,Escherichia coli,Blood/invasive,Fluoroquinolones,178,691,EARS-Net mixed/not reported,Not reported in Atlas aggregate,ECDC Surveillance Atlas aggregate,https://atlas.ecdc.europa.eu/public/
EU_EEA,Poland,POL,2011,Escherichia coli,Blood/invasive,Fluoroquinolones,312,1141,EARS-Net mixed/not reported,Not reported in Atlas aggregate,ECDC Surveillance Atlas aggregate,https://atlas.ecdc.europa.eu/public/
EU_EEA,Poland,POL,2012,Escherichia coli,Blood/invasive,Fluoroquinolones,303,1033,EARS-Net mixed/not reported,Not reported in Atlas aggregate,ECDC Surveillance Atlas aggregate,https://atlas.ecdc.europa.eu/public/
EU_EEA,Poland,POL,2013,Escherichia coli,Blood/invasive,Fluoroquinolones,283,1035,EARS-Net mixed/not reported,Not reported in Atlas aggregate,ECDC Surveillance Atlas aggregate,https://atlas.ecdc.europa.eu/public/
EU_EEA,Poland,POL,2014,Escherichia coli,Blood/invasive,Fluoroquinolones,309,1057,EARS-Net mixed/not reported,Not reported in Atlas aggregate,ECDC Surveillance Atlas aggregate,https://atlas.ecdc.europa.eu/public/
EU_EEA,Poland,POL,2015,Escherichia coli,Blood/invasive,Fluoroquinolones,438,1571,EARS-Net mixed/not reported,Not reported in Atlas aggregate,ECDC Surveillance Atlas aggregate,https://atlas.ecdc.europa.eu/public/
EU_EEA,Poland,POL,2016,Escherichia coli,Blood/invasive,Fluoroquinolones,872,2637,EARS-Net mixed/not reported,Not reported in Atlas aggregate,ECDC Surveillance Atlas aggregate,https://atlas.ecdc.europa.eu/public/
EU_EEA,Poland,POL,2017,Escherichia coli,Blood/invasive,Fluoroquinolones,657,1832,EARS-Net mixed/not reported,Not reported in Atlas aggregate,ECDC Surveillance Atlas aggregate,https://atlas.ecdc.europa.eu/public/
EU_EEA,Poland,POL,2018,Escherichia coli,Blood/invasive,Fluoroquinolones,890,2567,EARS-Net mixed/not reported,Not reported in Atlas aggregate,ECDC Surveillance Atlas aggregate,https://atlas.ecdc.europa.eu/public/
EU_EEA,Poland,POL,2019,Escherichia coli,Blood/invasive,Fluoroquinolones,909,2753,EARS-Net mixed/not reported,Not reported in Atlas aggregate,ECDC Surveillance Atlas aggregate,https://atlas.ecdc.europa.eu/public/
EU_EEA,Poland,POL,2020,Escherichia coli,Blood/invasive,Fluoroquinolones,709,2149,EUCAST,EUCAST required; exact version unavailable in Atlas aggregate,ECDC Surveillance Atlas aggregate,https://atlas.ecdc.europa.eu/public/
EU_EEA,Poland,POL,2021,Escherichia coli,Blood/invasive,Fluoroquinolones,751,2268,EUCAST,EUCAST required; exact version unavailable in Atlas aggregate,ECDC Surveillance Atlas aggregate,https://atlas.ecdc.europa.eu/public/
EU_EEA,Poland,POL,2022,Escherichia coli,Blood/invasive,Fluoroquinolones,737,2392,EUCAST,EUCAST required; exact version unavailable in Atlas aggregate,ECDC Surveillance Atlas aggregate,https://atlas.ecdc.europa.eu/public/
EU_EEA,Poland,POL,2023,Escherichia coli,Blood/invasive,Fluoroquinolones,979,3040,EUCAST,EUCAST required; exact version unavailable in Atlas aggregate,ECDC Surveillance Atlas aggregate,https://atlas.ecdc.europa.eu/public/
EU_EEA,Poland,POL,2001,Escherichia coli,Blood/invasive,Third-generation cephalosporins,7,99,EARS-Net mixed/not reported,Not reported in Atlas aggregate,ECDC Surveillance Atlas aggregate,https://atlas.ecdc.europa.eu/public/
EU_EEA,Poland,POL,2002,Escherichia coli,Blood/invasive,Third-generation cephalosporins,8,130,EARS-Net mixed/not reported,Not reported in Atlas aggregate,ECDC Surveillance Atlas aggregate,https://atlas.ecdc.europa.eu/public/
EU_EEA,Poland,POL,2003,Escherichia coli,Blood/invasive,Third-generation cephalosporins,5,123,EARS-Net mixed/not reported,Not reported in Atlas aggregate,ECDC Surveillance Atlas aggregate,https://atlas.ecdc.europa.eu/public/
EU_EEA,Poland,POL,2004,Escherichia coli,Blood/invasive,Third-generation cephalosporins,10,191,EARS-Net mixed/not reported,Not reported in Atlas aggregate,ECDC Surveillance Atlas aggregate,https://atlas.ecdc.europa.eu/public/
EU_EEA,Poland,POL,2005,Escherichia coli,Blood/invasive,Third-generation cephalosporins,8,176,EARS-Net mixed/not reported,Not reported in Atlas aggregate,ECDC Surveillance Atlas aggregate,https://atlas.ecdc.europa.eu/public/
EU_EEA,Poland,POL,2006,Escherichia coli,Blood/invasive,Third-generation cephalosporins,9,206,EARS-Net mixed/not reported,Not reported in Atlas aggregate,ECDC Surveillance Atlas aggregate,https://atlas.ecdc.europa.eu/public/
EU_EEA,Poland,POL,2007,Escherichia coli,Blood/invasive,Third-generation cephalosporins,6,256,EARS-Net mixed/not reported,Not reported in Atlas aggregate,ECDC Surveillance Atlas aggregate,https://atlas.ecdc.europa.eu/public/
EU_EEA,Poland,POL,2008,Escherichia coli,Blood/invasive,Third-generation cephalosporins,2,84,EARS-Net mixed/not reported,Not reported in Atlas aggregate,ECDC Surveillance Atlas aggregate,https://atlas.ecdc.europa.eu/public/
EU_EEA,Poland,POL,2009,Escherichia coli,Blood/invasive,Third-generation cephalosporins,53,584,EARS-Net mixed/not reported,Not reported in Atlas aggregate,ECDC Surveillance Atlas aggregate,https://atlas.ecdc.europa.eu/public/
EU_EEA,Poland,POL,2010,Escherichia coli,Blood/invasive,Third-generation cephalosporins,56,744,EARS-Net mixed/not reported,Not reported in Atlas aggregate,ECDC Surveillance Atlas aggregate,https://atlas.ecdc.europa.eu/public/
EU_EEA,Poland,POL,2011,Escherichia coli,Blood/invasive,Third-generation cephalosporins,110,938,EARS-Net mixed/not reported,Not reported in Atlas aggregate,ECDC Surveillance Atlas aggregate,https://atlas.ecdc.europa.eu/public/
EU_EEA,Poland,POL,2012,Escherichia coli,Blood/invasive,Third-generation cephalosporins,134,1037,EARS-Net mixed/not reported,Not reported in Atlas aggregate,ECDC Surveillance Atlas aggregate,https://atlas.ecdc.europa.eu/public/
EU_EEA,Poland,POL,2013,Escherichia coli,Blood/invasive,Third-generation cephalosporins,113,1036,EARS-Net mixed/not reported,Not reported in Atlas aggregate,ECDC Surveillance Atlas aggregate,https://atlas.ecdc.europa.eu/public/
EU_EEA,Poland,POL,2014,Escherichia coli,Blood/invasive,Third-generation cephalosporins,114,1085,EARS-Net mixed/not reported,Not reported in Atlas aggregate,ECDC Surveillance Atlas aggregate,https://atlas.ecdc.europa.eu/public/
EU_EEA,Poland,POL,2015,Escherichia coli,Blood/invasive,Third-generation cephalosporins,192,1610,EARS-Net mixed/not reported,Not reported in Atlas aggregate,ECDC Surveillance Atlas aggregate,https://atlas.ecdc.europa.eu/public/
EU_EEA,Poland,POL,2016,Escherichia coli,Blood/invasive,Third-generation cephalosporins,373,2719,EARS-Net mixed/not reported,Not reported in Atlas aggregate,ECDC Surveillance Atlas aggregate,https://atlas.ecdc.europa.eu/public/
EU_EEA,Poland,POL,2017,Escherichia coli,Blood/invasive,Third-generation cephalosporins,478,2866,EARS-Net mixed/not reported,Not reported in Atlas aggregate,ECDC Surveillance Atlas aggregate,https://atlas.ecdc.europa.eu/public/
EU_EEA,Poland,POL,2018,Escherichia coli,Blood/invasive,Third-generation cephalosporins,461,2620,EARS-Net mixed/not reported,Not reported in Atlas aggregate,ECDC Surveillance Atlas aggregate,https://atlas.ecdc.europa.eu/public/
EU_EEA,Poland,POL,2019,Escherichia coli,Blood/invasive,Third-generation cephalosporins,480,2803,EARS-Net mixed/not reported,Not reported in Atlas aggregate,ECDC Surveillance Atlas aggregate,https://atlas.ecdc.europa.eu/public/
EU_EEA,Poland,POL,2020,Escherichia coli,Blood/invasive,Third-generation cephalosporins,379,2172,EUCAST,EUCAST required; exact version unavailable in Atlas aggregate,ECDC Surveillance Atlas aggregate,https://atlas.ecdc.europa.eu/public/
EU_EEA,Poland,POL,2021,Escherichia coli,Blood/invasive,Third-generation cephalosporins,444,2371,EUCAST,EUCAST required; exact version unavailable in Atlas aggregate,ECDC Surveillance Atlas aggregate,https://atlas.ecdc.europa.eu/public/
EU_EEA,Poland,POL,2022,Escherichia coli,Blood/invasive,Third-generation cephalosporins,473,2531,EUCAST,EUCAST required; exact version unavailable in Atlas aggregate,ECDC Surveillance Atlas aggregate,https://atlas.ecdc.europa.eu/public/
EU_EEA,Poland,POL,2023,Escherichia coli,Blood/invasive,Third-generation cephalosporins,600,3067,EUCAST,EUCAST required; exact version unavailable in Atlas aggregate,ECDC Surveillance Atlas aggregate,https://atlas.ecdc.europa.eu/public/
EU_EEA,Portugal,PRT,2001,Escherichia coli,Blood/invasive,Aminoglycosides,25,418,EARS-Net mixed/not reported,Not reported in Atlas aggregate,ECDC Surveillance Atlas aggregate,https://atlas.ecdc.europa.eu/public/
EU_EEA,Portugal,PRT,2002,Escherichia coli,Blood/invasive,Aminoglycosides,39,444,EARS-Net mixed/not reported,Not reported in Atlas aggregate,ECDC Surveillance Atlas aggregate,https://atlas.ecdc.europa.eu/public/
EU_EEA,Portugal,PRT,2003,Escherichia coli,Blood/invasive,Aminoglycosides,74,792,EARS-Net mixed/not reported,Not reported in Atlas aggregate,ECDC Surveillance Atlas aggregate,https://atlas.ecdc.europa.eu/public/
EU_EEA,Portugal,PRT,2004,Escherichia coli,Blood/invasive,Aminoglycosides,97,759,EARS-Net mixed/not reported,Not reported in Atlas aggregate,ECDC Surveillance Atlas aggregate,https://atlas.ecdc.europa.eu/public/
EU_EEA,Portugal,PRT,2005,Escherichia coli,Blood/invasive,Aminoglycosides,146,1170,EARS-Net mixed/not reported,Not reported in Atlas aggregate,ECDC Surveillance Atlas aggregate,https://atlas.ecdc.europa.eu/public/
EU_EEA,Portugal,PRT,2006,Escherichia coli,Blood/invasive,Aminoglycosides,160,1330,EARS-Net mixed/not reported,Not reported in Atlas aggregate,ECDC Surveillance Atlas aggregate,https://atlas.ecdc.europa.eu/public/
EU_EEA,Portugal,PRT,2007,Escherichia coli,Blood/invasive,Aminoglycosides,174,1429,EARS-Net mixed/not reported,Not reported in Atlas aggregate,ECDC Surveillance Atlas aggregate,https://atlas.ecdc.europa.eu/public/
EU_EEA,Portugal,PRT,2008,Escherichia coli,Blood/invasive,Aminoglycosides,220,1624,EARS-Net mixed/not reported,Not reported in Atlas aggregate,ECDC Surveillance Atlas aggregate,https://atlas.ecdc.europa.eu/public/
EU_EEA,Portugal,PRT,2009,Escherichia coli,Blood/invasive,Aminoglycosides,215,2033,EARS-Net mixed/not reported,Not reported in Atlas aggregate,ECDC Surveillance Atlas aggregate,https://atlas.ecdc.europa.eu/public/
EU_EEA,Portugal,PRT,2010,Escherichia coli,Blood/invasive,Aminoglycosides,238,1979,EARS-Net mixed/not reported,Not reported in Atlas aggregate,ECDC Surveillance Atlas aggregate,https://atlas.ecdc.europa.eu/public/
EU_EEA,Portugal,PRT,2011,Escherichia coli,Blood/invasive,Aminoglycosides,271,1962,EARS-Net mixed/not reported,Not reported in Atlas aggregate,ECDC Surveillance Atlas aggregate,https://atlas.ecdc.europa.eu/public/
EU_EEA,Portugal,PRT,2012,Escherichia coli,Blood/invasive,Aminoglycosides,350,2154,EARS-Net mixed/not reported,Not reported in Atlas aggregate,ECDC Surveillance Atlas aggregate,https://atlas.ecdc.europa.eu/public/
EU_EEA,Portugal,PRT,2013,Escherichia coli,Blood/invasive,Aminoglycosides,408,2684,EARS-Net mixed/not reported,Not reported in Atlas aggregate,ECDC Surveillance Atlas aggregate,https://atlas.ecdc.europa.eu/public/
EU_EEA,Portugal,PRT,2014,Escherichia coli,Blood/invasive,Aminoglycosides,754,4991,EARS-Net mixed/not reported,Not reported in Atlas aggregate,ECDC Surveillance Atlas aggregate,https://atlas.ecdc.europa.eu/public/
EU_EEA,Portugal,PRT,2015,Escherichia coli,Blood/invasive,Aminoglycosides,743,5372,EARS-Net mixed/not reported,Not reported in Atlas aggregate,ECDC Surveillance Atlas aggregate,https://atlas.ecdc.europa.eu/public/
EU_EEA,Portugal,PRT,2016,Escherichia coli,Blood/invasive,Aminoglycosides,758,5765,EARS-Net mixed/not reported,Not reported in Atlas aggregate,ECDC Surveillance Atlas aggregate,https://atlas.ecdc.europa.eu/public/
EU_EEA,Portugal,PRT,2017,Escherichia coli,Blood/invasive,Aminoglycosides,762,6387,EARS-Net mixed/not reported,Not reported in Atlas aggregate,ECDC Surveillance Atlas aggregate,https://atlas.ecdc.europa.eu/public/
EU_EEA,Portugal,PRT,2018,Escherichia coli,Blood/invasive,Aminoglycosides,708,5825,EARS-Net mixed/not reported,Not reported in Atlas aggregate,ECDC Surveillance Atlas aggregate,https://atlas.ecdc.europa.eu/public/
EU_EEA,Portugal,PRT,2019,Escherichia coli,Blood/invasive,Aminoglycosides,775,6428,EARS-Net mixed/not reported,Not reported in Atlas aggregate,ECDC Surveillance Atlas aggregate,https://atlas.ecdc.europa.eu/public/
EU_EEA,Portugal,PRT,2020,Escherichia coli,Blood/invasive,Aminoglycosides,676,5788,EUCAST,EUCAST required; exact version unavailable in Atlas aggregate,ECDC Surveillance Atlas aggregate,https://atlas.ecdc.europa.eu/public/
EU_EEA,Portugal,PRT,2021,Escherichia coli,Blood/invasive,Aminoglycosides,595,5605,EUCAST,EUCAST required; exact version unavailable in Atlas aggregate,ECDC Surveillance Atlas aggregate,https://atlas.ecdc.europa.eu/public/
EU_EEA,Portugal,PRT,2022,Escherichia coli,Blood/invasive,Aminoglycosides,649,5544,EUCAST,EUCAST required; exact version unavailable in Atlas aggregate,ECDC Surveillance Atlas aggregate,https://atlas.ecdc.europa.eu/public/
EU_EEA,Portugal,PRT,2023,Escherichia coli,Blood/invasive,Aminoglycosides,844,6407,EUCAST,EUCAST required; exact version unavailable in Atlas aggregate,ECDC Surveillance Atlas aggregate,https://atlas.ecdc.europa.eu/public/
EU_EEA,Portugal,PRT,2001,Escherichia coli,Blood/invasive,Aminopenicillins,224,417,EARS-Net mixed/not reported,Not reported in Atlas aggregate,ECDC Surveillance Atlas aggregate,https://atlas.ecdc.europa.eu/public/
EU_EEA,Portugal,PRT,2002,Escherichia coli,Blood/invasive,Aminopenicillins,256,443,EARS-Net mixed/not reported,Not reported in Atlas aggregate,ECDC Surveillance Atlas aggregate,https://atlas.ecdc.europa.eu/public/
EU_EEA,Portugal,PRT,2003,Escherichia coli,Blood/invasive,Aminopenicillins,417,784,EARS-Net mixed/not reported,Not reported in Atlas aggregate,ECDC Surveillance Atlas aggregate,https://atlas.ecdc.europa.eu/public/
EU_EEA,Portugal,PRT,2004,Escherichia coli,Blood/invasive,Aminopenicillins,441,756,EARS-Net mixed/not reported,Not reported in Atlas aggregate,ECDC Surveillance Atlas aggregate,https://atlas.ecdc.europa.eu/public/
EU_EEA,Portugal,PRT,2005,Escherichia coli,Blood/invasive,Aminopenicillins,681,1171,EARS-Net mixed/not reported,Not reported in Atlas aggregate,ECDC Surveillance Atlas aggregate,https://atlas.ecdc.europa.eu/public/
EU_EEA,Portugal,PRT,2006,Escherichia coli,Blood/invasive,Aminopenicillins,785,1330,EARS-Net mixed/not reported,Not reported in Atlas aggregate,ECDC Surveillance Atlas aggregate,https://atlas.ecdc.europa.eu/public/
EU_EEA,Portugal,PRT,2007,Escherichia coli,Blood/invasive,Aminopenicillins,840,1432,EARS-Net mixed/not reported,Not reported in Atlas aggregate,ECDC Surveillance Atlas aggregate,https://atlas.ecdc.europa.eu/public/
EU_EEA,Portugal,PRT,2008,Escherichia coli,Blood/invasive,Aminopenicillins,947,1620,EARS-Net mixed/not reported,Not reported in Atlas aggregate,ECDC Surveillance Atlas aggregate,https://atlas.ecdc.europa.eu/public/
EU_EEA,Portugal,PRT,2009,Escherichia coli,Blood/invasive,Aminopenicillins,1119,1919,EARS-Net mixed/not reported,Not reported in Atlas aggregate,ECDC Surveillance Atlas aggregate,https://atlas.ecdc.europa.eu/public/
EU_EEA,Portugal,PRT,2010,Escherichia coli,Blood/invasive,Aminopenicillins,1103,1976,EARS-Net mixed/not reported,Not reported in Atlas aggregate,ECDC Surveillance Atlas aggregate,https://atlas.ecdc.europa.eu/public/
EU_EEA,Portugal,PRT,2011,Escherichia coli,Blood/invasive,Aminopenicillins,1110,1963,EARS-Net mixed/not reported,Not reported in Atlas aggregate,ECDC Surveillance Atlas aggregate,https://atlas.ecdc.europa.eu/public/
EU_EEA,Portugal,PRT,2012,Escherichia coli,Blood/invasive,Aminopenicillins,1279,2152,EARS-Net mixed/not reported,Not reported in Atlas aggregate,ECDC Surveillance Atlas aggregate,https://atlas.ecdc.europa.eu/public/
EU_EEA,Portugal,PRT,2013,Escherichia coli,Blood/invasive,Aminopenicillins,1591,2677,EARS-Net mixed/not reported,Not reported in Atlas aggregate,ECDC Surveillance Atlas aggregate,https://atlas.ecdc.europa.eu/public/
EU_EEA,Portugal,PRT,2014,Escherichia coli,Blood/invasive,Aminopenicillins,2885,4899,EARS-Net mixed/not reported,Not reported in Atlas aggregate,ECDC Surveillance Atlas aggregate,https://atlas.ecdc.europa.eu/public/
EU_EEA,Portugal,PRT,2015,Escherichia coli,Blood/invasive,Aminopenicillins,2990,5177,EARS-Net mixed/not reported,Not reported in Atlas aggregate,ECDC Surveillance Atlas aggregate,https://atlas.ecdc.europa.eu/public/
EU_EEA,Portugal,PRT,2016,Escherichia coli,Blood/invasive,Aminopenicillins,3419,5772,EARS-Net mixed/not reported,Not reported in Atlas aggregate,ECDC Surveillance Atlas aggregate,https://atlas.ecdc.europa.eu/public/
EU_EEA,Portugal,PRT,2017,Escherichia coli,Blood/invasive,Aminopenicillins,3511,6245,EARS-Net mixed/not reported,Not reported in Atlas aggregate,ECDC Surveillance Atlas aggregate,https://atlas.ecdc.europa.eu/public/
EU_EEA,Portugal,PRT,2018,Escherichia coli,Blood/invasive,Aminopenicillins,3246,5895,EARS-Net mixed/not reported,Not reported in Atlas aggregate,ECDC Surveillance Atlas aggregate,https://atlas.ecdc.europa.eu/public/
EU_EEA,Portugal,PRT,2019,Escherichia coli,Blood/invasive,Aminopenicillins,3473,5933,EARS-Net mixed/not reported,Not reported in Atlas aggregate,ECDC Surveillance Atlas aggregate,https://atlas.ecdc.europa.eu/public/
EU_EEA,Portugal,PRT,2020,Escherichia coli,Blood/invasive,Aminopenicillins,3179,5849,EUCAST,EUCAST required; exact version unavailable in Atlas aggregate,ECDC Surveillance Atlas aggregate,https://atlas.ecdc.europa.eu/public/
EU_EEA,Portugal,PRT,2021,Escherichia coli,Blood/invasive,Aminopenicillins,2723,5164,EUCAST,EUCAST required; exact version unavailable in Atlas aggregate,ECDC Surveillance Atlas aggregate,https://atlas.ecdc.europa.eu/public/
EU_EEA,Portugal,PRT,2022,Escherichia coli,Blood/invasive,Aminopenicillins,2863,5486,EUCAST,EUCAST required; exact version unavailable in Atlas aggregate,ECDC Surveillance Atlas aggregate,https://atlas.ecdc.europa.eu/public/
EU_EEA,Portugal,PRT,2023,Escherichia coli,Blood/invasive,Aminopenicillins,3220,5923,EUCAST,EUCAST required; exact version unavailable in Atlas aggregate,ECDC Surveillance Atlas aggregate,https://atlas.ecdc.europa.eu/public/
EU_EEA,Portugal,PRT,2007,Escherichia coli,Blood/invasive,Carbapenems,1,243,EARS-Net mixed/not reported,Not reported in Atlas aggregate,ECDC Surveillance Atlas aggregate,https://atlas.ecdc.europa.eu/public/
EU_EEA,Portugal,PRT,2008,Escherichia coli,Blood/invasive,Carbapenems,0,430,EARS-Net mixed/not reported,Not reported in Atlas aggregate,ECDC Surveillance Atlas aggregate,https://atlas.ecdc.europa.eu/public/
EU_EEA,Portugal,PRT,2009,Escherichia coli,Blood/invasive,Carbapenems,3,1666,EARS-Net mixed/not reported,Not reported in Atlas aggregate,ECDC Surveillance Atlas aggregate,https://atlas.ecdc.europa.eu/public/
EU_EEA,Portugal,PRT,2010,Escherichia coli,Blood/invasive,Carbapenems,4,1443,EARS-Net mixed/not reported,Not reported in Atlas aggregate,ECDC Surveillance Atlas aggregate,https://atlas.ecdc.europa.eu/public/
EU_EEA,Portugal,PRT,2011,Escherichia coli,Blood/invasive,Carbapenems,0,1755,EARS-Net mixed/not reported,Not reported in Atlas aggregate,ECDC Surveillance Atlas aggregate,https://atlas.ecdc.europa.eu/public/
EU_EEA,Portugal,PRT,2012,Escherichia coli,Blood/invasive,Carbapenems,3,2041,EARS-Net mixed/not reported,Not reported in Atlas aggregate,ECDC Surveillance Atlas aggregate,https://atlas.ecdc.europa.eu/public/
EU_EEA,Portugal,PRT,2013,Escherichia coli,Blood/invasive,Carbapenems,3,2668,EARS-Net mixed/not reported,Not reported in Atlas aggregate,ECDC Surveillance Atlas aggregate,https://atlas.ecdc.europa.eu/public/
EU_EEA,Portugal,PRT,2014,Escherichia coli,Blood/invasive,Carbapenems,1,4998,EARS-Net mixed/not reported,Not reported in Atlas aggregate,ECDC Surveillance Atlas aggregate,https://atlas.ecdc.europa.eu/public/
EU_EEA,Portugal,PRT,2015,Escherichia coli,Blood/invasive,Carbapenems,5,5354,EARS-Net mixed/not reported,Not reported in Atlas aggregate,ECDC Surveillance Atlas aggregate,https://atlas.ecdc.europa.eu/public/
EU_EEA,Portugal,PRT,2016,Escherichia coli,Blood/invasive,Carbapenems,1,5760,EARS-Net mixed/not reported,Not reported in Atlas aggregate,ECDC Surveillance Atlas aggregate,https://atlas.ecdc.europa.eu/public/
EU_EEA,Portugal,PRT,2017,Escherichia coli,Blood/invasive,Carbapenems,21,6384,EARS-Net mixed/not reported,Not reported in Atlas aggregate,ECDC Surveillance Atlas aggregate,https://atlas.ecdc.europa.eu/public/
EU_EEA,Portugal,PRT,2018,Escherichia coli,Blood/invasive,Carbapenems,31,5797,EARS-Net mixed/not reported,Not reported in Atlas aggregate,ECDC Surveillance Atlas aggregate,https://atlas.ecdc.europa.eu/public/
EU_EEA,Portugal,PRT,2019,Escherichia coli,Blood/invasive,Carbapenems,4,6372,EARS-Net mixed/not reported,Not reported in Atlas aggregate,ECDC Surveillance Atlas aggregate,https://atlas.ecdc.europa.eu/public/
EU_EEA,Portugal,PRT,2020,Escherichia coli,Blood/invasive,Carbapenems,9,5833,EUCAST,EUCAST required; exact version unavailable in Atlas aggregate,ECDC Surveillance Atlas aggregate,https://atlas.ecdc.europa.eu/public/
EU_EEA,Portugal,PRT,2021,Escherichia coli,Blood/invasive,Carbapenems,18,5466,EUCAST,EUCAST required; exact version unavailable in Atlas aggregate,ECDC Surveillance Atlas aggregate,https://atlas.ecdc.europa.eu/public/
EU_EEA,Portugal,PRT,2022,Escherichia coli,Blood/invasive,Carbapenems,17,5362,EUCAST,EUCAST required; exact version unavailable in Atlas aggregate,ECDC Surveillance Atlas aggregate,https://atlas.ecdc.europa.eu/public/
EU_EEA,Portugal,PRT,2023,Escherichia coli,Blood/invasive,Carbapenems,33,6183,EUCAST,EUCAST required; exact version unavailable in Atlas aggregate,ECDC Surveillance Atlas aggregate,https://atlas.ecdc.europa.eu/public/
EU_EEA,Portugal,PRT,2001,Escherichia coli,Blood/invasive,Fluoroquinolones,51,291,EARS-Net mixed/not reported,Not reported in Atlas aggregate,ECDC Surveillance Atlas aggregate,https://atlas.ecdc.europa.eu/public/
EU_EEA,Portugal,PRT,2002,Escherichia coli,Blood/invasive,Fluoroquinolones,93,396,EARS-Net mixed/not reported,Not reported in Atlas aggregate,ECDC Surveillance Atlas aggregate,https://atlas.ecdc.europa.eu/public/
EU_EEA,Portugal,PRT,2003,Escherichia coli,Blood/invasive,Fluoroquinolones,192,743,EARS-Net mixed/not reported,Not reported in Atlas aggregate,ECDC Surveillance Atlas aggregate,https://atlas.ecdc.europa.eu/public/
EU_EEA,Portugal,PRT,2004,Escherichia coli,Blood/invasive,Fluoroquinolones,192,719,EARS-Net mixed/not reported,Not reported in Atlas aggregate,ECDC Surveillance Atlas aggregate,https://atlas.ecdc.europa.eu/public/
EU_EEA,Portugal,PRT,2005,Escherichia coli,Blood/invasive,Fluoroquinolones,318,1086,EARS-Net mixed/not reported,Not reported in Atlas aggregate,ECDC Surveillance Atlas aggregate,https://atlas.ecdc.europa.eu/public/
EU_EEA,Portugal,PRT,2006,Escherichia coli,Blood/invasive,Fluoroquinolones,357,1290,EARS-Net mixed/not reported,Not reported in Atlas aggregate,ECDC Surveillance Atlas aggregate,https://atlas.ecdc.europa.eu/public/
EU_EEA,Portugal,PRT,2007,Escherichia coli,Blood/invasive,Fluoroquinolones,414,1387,EARS-Net mixed/not reported,Not reported in Atlas aggregate,ECDC Surveillance Atlas aggregate,https://atlas.ecdc.europa.eu/public/
EU_EEA,Portugal,PRT,2008,Escherichia coli,Blood/invasive,Fluoroquinolones,451,1577,EARS-Net mixed/not reported,Not reported in Atlas aggregate,ECDC Surveillance Atlas aggregate,https://atlas.ecdc.europa.eu/public/
EU_EEA,Portugal,PRT,2009,Escherichia coli,Blood/invasive,Fluoroquinolones,547,1973,EARS-Net mixed/not reported,Not reported in Atlas aggregate,ECDC Surveillance Atlas aggregate,https://atlas.ecdc.europa.eu/public/
EU_EEA,Portugal,PRT,2010,Escherichia coli,Blood/invasive,Fluoroquinolones,524,1921,EARS-Net mixed/not reported,Not reported in Atlas aggregate,ECDC Surveillance Atlas aggregate,https://atlas.ecdc.europa.eu/public/
EU_EEA,Portugal,PRT,2011,Escherichia coli,Blood/invasive,Fluoroquinolones,522,1917,EARS-Net mixed/not reported,Not reported in Atlas aggregate,ECDC Surveillance Atlas aggregate,https://atlas.ecdc.europa.eu/public/
EU_EEA,Portugal,PRT,2012,Escherichia coli,Blood/invasive,Fluoroquinolones,654,2158,EARS-Net mixed/not reported,Not reported in Atlas aggregate,ECDC Surveillance Atlas aggregate,https://atlas.ecdc.europa.eu/public/
EU_EEA,Portugal,PRT,2013,Escherichia coli,Blood/invasive,Fluoroquinolones,849,2685,EARS-Net mixed/not reported,Not reported in Atlas aggregate,ECDC Surveillance Atlas aggregate,https://atlas.ecdc.europa.eu/public/
EU_EEA,Portugal,PRT,2014,Escherichia coli,Blood/invasive,Fluoroquinolones,1627,5027,EARS-Net mixed/not reported,Not reported in Atlas aggregate,ECDC Surveillance Atlas aggregate,https://atlas.ecdc.europa.eu/public/
EU_EEA,Portugal,PRT,2015,Escherichia coli,Blood/invasive,Fluoroquinolones,1593,5371,EARS-Net mixed/not reported,Not reported in Atlas aggregate,ECDC Surveillance Atlas aggregate,https://atlas.ecdc.europa.eu/public/
EU_EEA,Portugal,PRT,2016,Escherichia coli,Blood/invasive,Fluoroquinolones,1674,5783,EARS-Net mixed/not reported,Not reported in Atlas aggregate,ECDC Surveillance Atlas aggregate,https://atlas.ecdc.europa.eu/public/
EU_EEA,Portugal,PRT,2017,Escherichia coli,Blood/invasive,Fluoroquinolones,1752,6424,EARS-Net mixed/not reported,Not reported in Atlas aggregate,ECDC Surveillance Atlas aggregate,https://atlas.ecdc.europa.eu/public/
EU_EEA,Portugal,PRT,2018,Escherichia coli,Blood/invasive,Fluoroquinolones,1494,5868,EARS-Net mixed/not reported,Not reported in Atlas aggregate,ECDC Surveillance Atlas aggregate,https://atlas.ecdc.europa.eu/public/
EU_EEA,Portugal,PRT,2019,Escherichia coli,Blood/invasive,Fluoroquinolones,1702,6431,EARS-Net mixed/not reported,Not reported in Atlas aggregate,ECDC Surveillance Atlas aggregate,https://atlas.ecdc.europa.eu/public/
EU_EEA,Portugal,PRT,2020,Escherichia coli,Blood/invasive,Fluoroquinolones,1399,5845,EUCAST,EUCAST required; exact version unavailable in Atlas aggregate,ECDC Surveillance Atlas aggregate,https://atlas.ecdc.europa.eu/public/
EU_EEA,Portugal,PRT,2021,Escherichia coli,Blood/invasive,Fluoroquinolones,1264,5618,EUCAST,EUCAST required; exact version unavailable in Atlas aggregate,ECDC Surveillance Atlas aggregate,https://atlas.ecdc.europa.eu/public/
EU_EEA,Portugal,PRT,2022,Escherichia coli,Blood/invasive,Fluoroquinolones,1186,5530,EUCAST,EUCAST required; exact version unavailable in Atlas aggregate,ECDC Surveillance Atlas aggregate,https://atlas.ecdc.europa.eu/public/
EU_EEA,Portugal,PRT,2023,Escherichia coli,Blood/invasive,Fluoroquinolones,1557,6399,EUCAST,EUCAST required; exact version unavailable in Atlas aggregate,ECDC Surveillance Atlas aggregate,https://atlas.ecdc.europa.eu/public/
EU_EEA,Portugal,PRT,2001,Escherichia coli,Blood/invasive,Third-generation cephalosporins,12,418,EARS-Net mixed/not reported,Not reported in Atlas aggregate,ECDC Surveillance Atlas aggregate,https://atlas.ecdc.europa.eu/public/
EU_EEA,Portugal,PRT,2002,Escherichia coli,Blood/invasive,Third-generation cephalosporins,25,442,EARS-Net mixed/not reported,Not reported in Atlas aggregate,ECDC Surveillance Atlas aggregate,https://atlas.ecdc.europa.eu/public/
EU_EEA,Portugal,PRT,2003,Escherichia coli,Blood/invasive,Third-generation cephalosporins,56,786,EARS-Net mixed/not reported,Not reported in Atlas aggregate,ECDC Surveillance Atlas aggregate,https://atlas.ecdc.europa.eu/public/
EU_EEA,Portugal,PRT,2004,Escherichia coli,Blood/invasive,Third-generation cephalosporins,58,718,EARS-Net mixed/not reported,Not reported in Atlas aggregate,ECDC Surveillance Atlas aggregate,https://atlas.ecdc.europa.eu/public/
EU_EEA,Portugal,PRT,2005,Escherichia coli,Blood/invasive,Third-generation cephalosporins,126,1076,EARS-Net mixed/not reported,Not reported in Atlas aggregate,ECDC Surveillance Atlas aggregate,https://atlas.ecdc.europa.eu/public/
EU_EEA,Portugal,PRT,2006,Escherichia coli,Blood/invasive,Third-generation cephalosporins,124,1259,EARS-Net mixed/not reported,Not reported in Atlas aggregate,ECDC Surveillance Atlas aggregate,https://atlas.ecdc.europa.eu/public/
EU_EEA,Portugal,PRT,2007,Escherichia coli,Blood/invasive,Third-generation cephalosporins,131,1350,EARS-Net mixed/not reported,Not reported in Atlas aggregate,ECDC Surveillance Atlas aggregate,https://atlas.ecdc.europa.eu/public/
EU_EEA,Portugal,PRT,2008,Escherichia coli,Blood/invasive,Third-generation cephalosporins,160,1584,EARS-Net mixed/not reported,Not reported in Atlas aggregate,ECDC Surveillance Atlas aggregate,https://atlas.ecdc.europa.eu/public/
EU_EEA,Portugal,PRT,2009,Escherichia coli,Blood/invasive,Third-generation cephalosporins,176,1912,EARS-Net mixed/not reported,Not reported in Atlas aggregate,ECDC Surveillance Atlas aggregate,https://atlas.ecdc.europa.eu/public/
EU_EEA,Portugal,PRT,2010,Escherichia coli,Blood/invasive,Third-generation cephalosporins,201,1928,EARS-Net mixed/not reported,Not reported in Atlas aggregate,ECDC Surveillance Atlas aggregate,https://atlas.ecdc.europa.eu/public/
EU_EEA,Portugal,PRT,2011,Escherichia coli,Blood/invasive,Third-generation cephalosporins,214,1901,EARS-Net mixed/not reported,Not reported in Atlas aggregate,ECDC Surveillance Atlas aggregate,https://atlas.ecdc.europa.eu/public/
EU_EEA,Portugal,PRT,2012,Escherichia coli,Blood/invasive,Third-generation cephalosporins,291,2154,EARS-Net mixed/not reported,Not reported in Atlas aggregate,ECDC Surveillance Atlas aggregate,https://atlas.ecdc.europa.eu/public/
EU_EEA,Portugal,PRT,2013,Escherichia coli,Blood/invasive,Third-generation cephalosporins,400,2678,EARS-Net mixed/not reported,Not reported in Atlas aggregate,ECDC Surveillance Atlas aggregate,https://atlas.ecdc.europa.eu/public/
EU_EEA,Portugal,PRT,2014,Escherichia coli,Blood/invasive,Third-generation cephalosporins,825,5024,EARS-Net mixed/not reported,Not reported in Atlas aggregate,ECDC Surveillance Atlas aggregate,https://atlas.ecdc.europa.eu/public/
EU_EEA,Portugal,PRT,2015,Escherichia coli,Blood/invasive,Third-generation cephalosporins,865,5376,EARS-Net mixed/not reported,Not reported in Atlas aggregate,ECDC Surveillance Atlas aggregate,https://atlas.ecdc.europa.eu/public/
EU_EEA,Portugal,PRT,2016,Escherichia coli,Blood/invasive,Third-generation cephalosporins,929,5784,EARS-Net mixed/not reported,Not reported in Atlas aggregate,ECDC Surveillance Atlas aggregate,https://atlas.ecdc.europa.eu/public/
EU_EEA,Portugal,PRT,2017,Escherichia coli,Blood/invasive,Third-generation cephalosporins,1004,6441,EARS-Net mixed/not reported,Not reported in Atlas aggregate,ECDC Surveillance Atlas aggregate,https://atlas.ecdc.europa.eu/public/
EU_EEA,Portugal,PRT,2018,Escherichia coli,Blood/invasive,Third-generation cephalosporins,865,5881,EARS-Net mixed/not reported,Not reported in Atlas aggregate,ECDC Surveillance Atlas aggregate,https://atlas.ecdc.europa.eu/public/
EU_EEA,Portugal,PRT,2019,Escherichia coli,Blood/invasive,Third-generation cephalosporins,1029,6390,EARS-Net mixed/not reported,Not reported in Atlas aggregate,ECDC Surveillance Atlas aggregate,https://atlas.ecdc.europa.eu/public/
EU_EEA,Portugal,PRT,2020,Escherichia coli,Blood/invasive,Third-generation cephalosporins,837,5793,EUCAST,EUCAST required; exact version unavailable in Atlas aggregate,ECDC Surveillance Atlas aggregate,https://atlas.ecdc.europa.eu/public/
EU_EEA,Portugal,PRT,2021,Escherichia coli,Blood/invasive,Third-generation cephalosporins,735,5615,EUCAST,EUCAST required; exact version unavailable in Atlas aggregate,ECDC Surveillance Atlas aggregate,https://atlas.ecdc.europa.eu/public/
EU_EEA,Portugal,PRT,2022,Escherichia coli,Blood/invasive,Third-generation cephalosporins,779,5526,EUCAST,EUCAST required; exact version unavailable in Atlas aggregate,ECDC Surveillance Atlas aggregate,https://atlas.ecdc.europa.eu/public/
EU_EEA,Portugal,PRT,2023,Escherichia coli,Blood/invasive,Third-generation cephalosporins,1101,6403,EUCAST,EUCAST required; exact version unavailable in Atlas aggregate,ECDC Surveillance Atlas aggregate,https://atlas.ecdc.europa.eu/public/
EU_EEA,Romania,ROU,2002,Escherichia coli,Blood/invasive,Aminoglycosides,4,25,EARS-Net mixed/not reported,Not reported in Atlas aggregate,ECDC Surveillance Atlas aggregate,https://atlas.ecdc.europa.eu/public/
EU_EEA,Romania,ROU,2003,Escherichia coli,Blood/invasive,Aminoglycosides,10,48,EARS-Net mixed/not reported,Not reported in Atlas aggregate,ECDC Surveillance Atlas aggregate,https://atlas.ecdc.europa.eu/public/
EU_EEA,Romania,ROU,2004,Escherichia coli,Blood/invasive,Aminoglycosides,12,44,EARS-Net mixed/not reported,Not reported in Atlas aggregate,ECDC Surveillance Atlas aggregate,https://atlas.ecdc.europa.eu/public/
EU_EEA,Romania,ROU,2005,Escherichia coli,Blood/invasive,Aminoglycosides,12,81,EARS-Net mixed/not reported,Not reported in Atlas aggregate,ECDC Surveillance Atlas aggregate,https://atlas.ecdc.europa.eu/public/
EU_EEA,Romania,ROU,2006,Escherichia coli,Blood/invasive,Aminoglycosides,16,40,EARS-Net mixed/not reported,Not reported in Atlas aggregate,ECDC Surveillance Atlas aggregate,https://atlas.ecdc.europa.eu/public/
EU_EEA,Romania,ROU,2007,Escherichia coli,Blood/invasive,Aminoglycosides,22,61,EARS-Net mixed/not reported,Not reported in Atlas aggregate,ECDC Surveillance Atlas aggregate,https://atlas.ecdc.europa.eu/public/
EU_EEA,Romania,ROU,2008,Escherichia coli,Blood/invasive,Aminoglycosides,12,51,EARS-Net mixed/not reported,Not reported in Atlas aggregate,ECDC Surveillance Atlas aggregate,https://atlas.ecdc.europa.eu/public/
EU_EEA,Romania,ROU,2009,Escherichia coli,Blood/invasive,Aminoglycosides,9,57,EARS-Net mixed/not reported,Not reported in Atlas aggregate,ECDC Surveillance Atlas aggregate,https://atlas.ecdc.europa.eu/public/
EU_EEA,Romania,ROU,2010,Escherichia coli,Blood/invasive,Aminoglycosides,4,33,EARS-Net mixed/not reported,Not reported in Atlas aggregate,ECDC Surveillance Atlas aggregate,https://atlas.ecdc.europa.eu/public/
EU_EEA,Romania,ROU,2011,Escherichia coli,Blood/invasive,Aminoglycosides,9,50,EARS-Net mixed/not reported,Not reported in Atlas aggregate,ECDC Surveillance Atlas aggregate,https://atlas.ecdc.europa.eu/public/
EU_EEA,Romania,ROU,2012,Escherichia coli,Blood/invasive,Aminoglycosides,45,185,EARS-Net mixed/not reported,Not reported in Atlas aggregate,ECDC Surveillance Atlas aggregate,https://atlas.ecdc.europa.eu/public/
EU_EEA,Romania,ROU,2013,Escherichia coli,Blood/invasive,Aminoglycosides,44,298,EARS-Net mixed/not reported,Not reported in Atlas aggregate,ECDC Surveillance Atlas aggregate,https://atlas.ecdc.europa.eu/public/
EU_EEA,Romania,ROU,2014,Escherichia coli,Blood/invasive,Aminoglycosides,52,303,EARS-Net mixed/not reported,Not reported in Atlas aggregate,ECDC Surveillance Atlas aggregate,https://atlas.ecdc.europa.eu/public/
EU_EEA,Romania,ROU,2015,Escherichia coli,Blood/invasive,Aminoglycosides,67,366,EARS-Net mixed/not reported,Not reported in Atlas aggregate,ECDC Surveillance Atlas aggregate,https://atlas.ecdc.europa.eu/public/
EU_EEA,Romania,ROU,2016,Escherichia coli,Blood/invasive,Aminoglycosides,62,414,EARS-Net mixed/not reported,Not reported in Atlas aggregate,ECDC Surveillance Atlas aggregate,https://atlas.ecdc.europa.eu/public/
EU_EEA,Romania,ROU,2017,Escherichia coli,Blood/invasive,Aminoglycosides,78,513,EARS-Net mixed/not reported,Not reported in Atlas aggregate,ECDC Surveillance Atlas aggregate,https://atlas.ecdc.europa.eu/public/
EU_EEA,Romania,ROU,2018,Escherichia coli,Blood/invasive,Aminoglycosides,83,649,EARS-Net mixed/not reported,Not reported in Atlas aggregate,ECDC Surveillance Atlas aggregate,https://atlas.ecdc.europa.eu/public/
EU_EEA,Romania,ROU,2019,Escherichia coli,Blood/invasive,Aminoglycosides,69,594,EARS-Net mixed/not reported,Not reported in Atlas aggregate,ECDC Surveillance Atlas aggregate,https://atlas.ecdc.europa.eu/public/
EU_EEA,Romania,ROU,2020,Escherichia coli,Blood/invasive,Aminoglycosides,40,367,EUCAST,EUCAST required; exact version unavailable in Atlas aggregate,ECDC Surveillance Atlas aggregate,https://atlas.ecdc.europa.eu/public/
EU_EEA,Romania,ROU,2021,Escherichia coli,Blood/invasive,Aminoglycosides,43,406,EUCAST,EUCAST required; exact version unavailable in Atlas aggregate,ECDC Surveillance Atlas aggregate,https://atlas.ecdc.europa.eu/public/
EU_EEA,Romania,ROU,2022,Escherichia coli,Blood/invasive,Aminoglycosides,72,602,EUCAST,EUCAST required; exact version unavailable in Atlas aggregate,ECDC Surveillance Atlas aggregate,https://atlas.ecdc.europa.eu/public/
EU_EEA,Romania,ROU,2023,Escherichia coli,Blood/invasive,Aminoglycosides,110,865,EUCAST,EUCAST required; exact version unavailable in Atlas aggregate,ECDC Surveillance Atlas aggregate,https://atlas.ecdc.europa.eu/public/
EU_EEA,Romania,ROU,2002,Escherichia coli,Blood/invasive,Aminopenicillins,14,28,EARS-Net mixed/not reported,Not reported in Atlas aggregate,ECDC Surveillance Atlas aggregate,https://atlas.ecdc.europa.eu/public/
EU_EEA,Romania,ROU,2003,Escherichia coli,Blood/invasive,Aminopenicillins,32,46,EARS-Net mixed/not reported,Not reported in Atlas aggregate,ECDC Surveillance Atlas aggregate,https://atlas.ecdc.europa.eu/public/
EU_EEA,Romania,ROU,2004,Escherichia coli,Blood/invasive,Aminopenicillins,34,43,EARS-Net mixed/not reported,Not reported in Atlas aggregate,ECDC Surveillance Atlas aggregate,https://atlas.ecdc.europa.eu/public/
EU_EEA,Romania,ROU,2005,Escherichia coli,Blood/invasive,Aminopenicillins,63,81,EARS-Net mixed/not reported,Not reported in Atlas aggregate,ECDC Surveillance Atlas aggregate,https://atlas.ecdc.europa.eu/public/
EU_EEA,Romania,ROU,2006,Escherichia coli,Blood/invasive,Aminopenicillins,28,33,EARS-Net mixed/not reported,Not reported in Atlas aggregate,ECDC Surveillance Atlas aggregate,https://atlas.ecdc.europa.eu/public/
EU_EEA,Romania,ROU,2007,Escherichia coli,Blood/invasive,Aminopenicillins,37,49,EARS-Net mixed/not reported,Not reported in Atlas aggregate,ECDC Surveillance Atlas aggregate,https://atlas.ecdc.europa.eu/public/
EU_EEA,Romania,ROU,2008,Escherichia coli,Blood/invasive,Aminopenicillins,17,31,EARS-Net mixed/not reported,Not reported in Atlas aggregate,ECDC Surveillance Atlas aggregate,https://atlas.ecdc.europa.eu/public/
EU_EEA,Romania,ROU,2009,Escherichia coli,Blood/invasive,Aminopenicillins,12,20,EARS-Net mixed/not reported,Not reported in Atlas aggregate,ECDC Surveillance Atlas aggregate,https://atlas.ecdc.europa.eu/public/
EU_EEA,Romania,ROU,2010,Escherichia coli,Blood/invasive,Aminopenicillins,19,23,EARS-Net mixed/not reported,Not reported in Atlas aggregate,ECDC Surveillance Atlas aggregate,https://atlas.ecdc.europa.eu/public/
EU_EEA,Romania,ROU,2011,Escherichia coli,Blood/invasive,Aminopenicillins,17,24,EARS-Net mixed/not reported,Not reported in Atlas aggregate,ECDC Surveillance Atlas aggregate,https://atlas.ecdc.europa.eu/public/
EU_EEA,Romania,ROU,2012,Escherichia coli,Blood/invasive,Aminopenicillins,109,185,EARS-Net mixed/not reported,Not reported in Atlas aggregate,ECDC Surveillance Atlas aggregate,https://atlas.ecdc.europa.eu/public/
EU_EEA,Romania,ROU,2013,Escherichia coli,Blood/invasive,Aminopenicillins,188,279,EARS-Net mixed/not reported,Not reported in Atlas aggregate,ECDC Surveillance Atlas aggregate,https://atlas.ecdc.europa.eu/public/
EU_EEA,Romania,ROU,2014,Escherichia coli,Blood/invasive,Aminopenicillins,172,253,EARS-Net mixed/not reported,Not reported in Atlas aggregate,ECDC Surveillance Atlas aggregate,https://atlas.ecdc.europa.eu/public/
EU_EEA,Romania,ROU,2015,Escherichia coli,Blood/invasive,Aminopenicillins,189,259,EARS-Net mixed/not reported,Not reported in Atlas aggregate,ECDC Surveillance Atlas aggregate,https://atlas.ecdc.europa.eu/public/
EU_EEA,Romania,ROU,2016,Escherichia coli,Blood/invasive,Aminopenicillins,272,376,EARS-Net mixed/not reported,Not reported in Atlas aggregate,ECDC Surveillance Atlas aggregate,https://atlas.ecdc.europa.eu/public/
EU_EEA,Romania,ROU,2017,Escherichia coli,Blood/invasive,Aminopenicillins,337,494,EARS-Net mixed/not reported,Not reported in Atlas aggregate,ECDC Surveillance Atlas aggregate,https://atlas.ecdc.europa.eu/public/
EU_EEA,Romania,ROU,2018,Escherichia coli,Blood/invasive,Aminopenicillins,337,542,EARS-Net mixed/not reported,Not reported in Atlas aggregate,ECDC Surveillance Atlas aggregate,https://atlas.ecdc.europa.eu/public/
EU_EEA,Romania,ROU,2019,Escherichia coli,Blood/invasive,Aminopenicillins,339,538,EARS-Net mixed/not reported,Not reported in Atlas aggregate,ECDC Surveillance Atlas aggregate,https://atlas.ecdc.europa.eu/public/
EU_EEA,Romania,ROU,2020,Escherichia coli,Blood/invasive,Aminopenicillins,198,316,EUCAST,EUCAST required; exact version unavailable in Atlas aggregate,ECDC Surveillance Atlas aggregate,https://atlas.ecdc.europa.eu/public/
EU_EEA,Romania,ROU,2021,Escherichia coli,Blood/invasive,Aminopenicillins,226,352,EUCAST,EUCAST required; exact version unavailable in Atlas aggregate,ECDC Surveillance Atlas aggregate,https://atlas.ecdc.europa.eu/public/
EU_EEA,Romania,ROU,2022,Escherichia coli,Blood/invasive,Aminopenicillins,338,542,EUCAST,EUCAST required; exact version unavailable in Atlas aggregate,ECDC Surveillance Atlas aggregate,https://atlas.ecdc.europa.eu/public/
EU_EEA,Romania,ROU,2023,Escherichia coli,Blood/invasive,Aminopenicillins,469,760,EUCAST,EUCAST required; exact version unavailable in Atlas aggregate,ECDC Surveillance Atlas aggregate,https://atlas.ecdc.europa.eu/public/
EU_EEA,Romania,ROU,2002,Escherichia coli,Blood/invasive,Carbapenems,0,23,EARS-Net mixed/not reported,Not reported in Atlas aggregate,ECDC Surveillance Atlas aggregate,https://atlas.ecdc.europa.eu/public/
EU_EEA,Romania,ROU,2003,Escherichia coli,Blood/invasive,Carbapenems,0,39,EARS-Net mixed/not reported,Not reported in Atlas aggregate,ECDC Surveillance Atlas aggregate,https://atlas.ecdc.europa.eu/public/
EU_EEA,Romania,ROU,2004,Escherichia coli,Blood/invasive,Carbapenems,1,37,EARS-Net mixed/not reported,Not reported in Atlas aggregate,ECDC Surveillance Atlas aggregate,https://atlas.ecdc.europa.eu/public/
EU_EEA,Romania,ROU,2005,Escherichia coli,Blood/invasive,Carbapenems,0,75,EARS-Net mixed/not reported,Not reported in Atlas aggregate,ECDC Surveillance Atlas aggregate,https://atlas.ecdc.europa.eu/public/
EU_EEA,Romania,ROU,2006,Escherichia coli,Blood/invasive,Carbapenems,1,33,EARS-Net mixed/not reported,Not reported in Atlas aggregate,ECDC Surveillance Atlas aggregate,https://atlas.ecdc.europa.eu/public/
EU_EEA,Romania,ROU,2007,Escherichia coli,Blood/invasive,Carbapenems,0,58,EARS-Net mixed/not reported,Not reported in Atlas aggregate,ECDC Surveillance Atlas aggregate,https://atlas.ecdc.europa.eu/public/
EU_EEA,Romania,ROU,2008,Escherichia coli,Blood/invasive,Carbapenems,0,55,EARS-Net mixed/not reported,Not reported in Atlas aggregate,ECDC Surveillance Atlas aggregate,https://atlas.ecdc.europa.eu/public/
EU_EEA,Romania,ROU,2009,Escherichia coli,Blood/invasive,Carbapenems,0,11,EARS-Net mixed/not reported,Not reported in Atlas aggregate,ECDC Surveillance Atlas aggregate,https://atlas.ecdc.europa.eu/public/
EU_EEA,Romania,ROU,2010,Escherichia coli,Blood/invasive,Carbapenems,0,31,EARS-Net mixed/not reported,Not reported in Atlas aggregate,ECDC Surveillance Atlas aggregate,https://atlas.ecdc.europa.eu/public/
EU_EEA,Romania,ROU,2011,Escherichia coli,Blood/invasive,Carbapenems,0,47,EARS-Net mixed/not reported,Not reported in Atlas aggregate,ECDC Surveillance Atlas aggregate,https://atlas.ecdc.europa.eu/public/
EU_EEA,Romania,ROU,2012,Escherichia coli,Blood/invasive,Carbapenems,0,182,EARS-Net mixed/not reported,Not reported in Atlas aggregate,ECDC Surveillance Atlas aggregate,https://atlas.ecdc.europa.eu/public/
EU_EEA,Romania,ROU,2013,Escherichia coli,Blood/invasive,Carbapenems,0,299,EARS-Net mixed/not reported,Not reported in Atlas aggregate,ECDC Surveillance Atlas aggregate,https://atlas.ecdc.europa.eu/public/
EU_EEA,Romania,ROU,2014,Escherichia coli,Blood/invasive,Carbapenems,2,305,EARS-Net mixed/not reported,Not reported in Atlas aggregate,ECDC Surveillance Atlas aggregate,https://atlas.ecdc.europa.eu/public/
EU_EEA,Romania,ROU,2015,Escherichia coli,Blood/invasive,Carbapenems,7,368,EARS-Net mixed/not reported,Not reported in Atlas aggregate,ECDC Surveillance Atlas aggregate,https://atlas.ecdc.europa.eu/public/
EU_EEA,Romania,ROU,2016,Escherichia coli,Blood/invasive,Carbapenems,4,411,EARS-Net mixed/not reported,Not reported in Atlas aggregate,ECDC Surveillance Atlas aggregate,https://atlas.ecdc.europa.eu/public/
EU_EEA,Romania,ROU,2017,Escherichia coli,Blood/invasive,Carbapenems,2,510,EARS-Net mixed/not reported,Not reported in Atlas aggregate,ECDC Surveillance Atlas aggregate,https://atlas.ecdc.europa.eu/public/
EU_EEA,Romania,ROU,2018,Escherichia coli,Blood/invasive,Carbapenems,0,653,EARS-Net mixed/not reported,Not reported in Atlas aggregate,ECDC Surveillance Atlas aggregate,https://atlas.ecdc.europa.eu/public/
EU_EEA,Romania,ROU,2019,Escherichia coli,Blood/invasive,Carbapenems,4,666,EARS-Net mixed/not reported,Not reported in Atlas aggregate,ECDC Surveillance Atlas aggregate,https://atlas.ecdc.europa.eu/public/
EU_EEA,Romania,ROU,2020,Escherichia coli,Blood/invasive,Carbapenems,3,454,EUCAST,EUCAST required; exact version unavailable in Atlas aggregate,ECDC Surveillance Atlas aggregate,https://atlas.ecdc.europa.eu/public/
EU_EEA,Romania,ROU,2021,Escherichia coli,Blood/invasive,Carbapenems,2,498,EUCAST,EUCAST required; exact version unavailable in Atlas aggregate,ECDC Surveillance Atlas aggregate,https://atlas.ecdc.europa.eu/public/
EU_EEA,Romania,ROU,2022,Escherichia coli,Blood/invasive,Carbapenems,4,697,EUCAST,EUCAST required; exact version unavailable in Atlas aggregate,ECDC Surveillance Atlas aggregate,https://atlas.ecdc.europa.eu/public/
EU_EEA,Romania,ROU,2023,Escherichia coli,Blood/invasive,Carbapenems,18,985,EUCAST,EUCAST required; exact version unavailable in Atlas aggregate,ECDC Surveillance Atlas aggregate,https://atlas.ecdc.europa.eu/public/
EU_EEA,Romania,ROU,2002,Escherichia coli,Blood/invasive,Fluoroquinolones,5,25,EARS-Net mixed/not reported,Not reported in Atlas aggregate,ECDC Surveillance Atlas aggregate,https://atlas.ecdc.europa.eu/public/
EU_EEA,Romania,ROU,2003,Escherichia coli,Blood/invasive,Fluoroquinolones,7,50,EARS-Net mixed/not reported,Not reported in Atlas aggregate,ECDC Surveillance Atlas aggregate,https://atlas.ecdc.europa.eu/public/
EU_EEA,Romania,ROU,2004,Escherichia coli,Blood/invasive,Fluoroquinolones,9,43,EARS-Net mixed/not reported,Not reported in Atlas aggregate,ECDC Surveillance Atlas aggregate,https://atlas.ecdc.europa.eu/public/
EU_EEA,Romania,ROU,2005,Escherichia coli,Blood/invasive,Fluoroquinolones,7,79,EARS-Net mixed/not reported,Not reported in Atlas aggregate,ECDC Surveillance Atlas aggregate,https://atlas.ecdc.europa.eu/public/
EU_EEA,Romania,ROU,2006,Escherichia coli,Blood/invasive,Fluoroquinolones,16,39,EARS-Net mixed/not reported,Not reported in Atlas aggregate,ECDC Surveillance Atlas aggregate,https://atlas.ecdc.europa.eu/public/
EU_EEA,Romania,ROU,2007,Escherichia coli,Blood/invasive,Fluoroquinolones,16,60,EARS-Net mixed/not reported,Not reported in Atlas aggregate,ECDC Surveillance Atlas aggregate,https://atlas.ecdc.europa.eu/public/
EU_EEA,Romania,ROU,2008,Escherichia coli,Blood/invasive,Fluoroquinolones,14,52,EARS-Net mixed/not reported,Not reported in Atlas aggregate,ECDC Surveillance Atlas aggregate,https://atlas.ecdc.europa.eu/public/
EU_EEA,Romania,ROU,2009,Escherichia coli,Blood/invasive,Fluoroquinolones,10,55,EARS-Net mixed/not reported,Not reported in Atlas aggregate,ECDC Surveillance Atlas aggregate,https://atlas.ecdc.europa.eu/public/
EU_EEA,Romania,ROU,2010,Escherichia coli,Blood/invasive,Fluoroquinolones,8,33,EARS-Net mixed/not reported,Not reported in Atlas aggregate,ECDC Surveillance Atlas aggregate,https://atlas.ecdc.europa.eu/public/
EU_EEA,Romania,ROU,2011,Escherichia coli,Blood/invasive,Fluoroquinolones,14,50,EARS-Net mixed/not reported,Not reported in Atlas aggregate,ECDC Surveillance Atlas aggregate,https://atlas.ecdc.europa.eu/public/
EU_EEA,Romania,ROU,2012,Escherichia coli,Blood/invasive,Fluoroquinolones,54,186,EARS-Net mixed/not reported,Not reported in Atlas aggregate,ECDC Surveillance Atlas aggregate,https://atlas.ecdc.europa.eu/public/
EU_EEA,Romania,ROU,2013,Escherichia coli,Blood/invasive,Fluoroquinolones,93,300,EARS-Net mixed/not reported,Not reported in Atlas aggregate,ECDC Surveillance Atlas aggregate,https://atlas.ecdc.europa.eu/public/
EU_EEA,Romania,ROU,2014,Escherichia coli,Blood/invasive,Fluoroquinolones,96,307,EARS-Net mixed/not reported,Not reported in Atlas aggregate,ECDC Surveillance Atlas aggregate,https://atlas.ecdc.europa.eu/public/
EU_EEA,Romania,ROU,2015,Escherichia coli,Blood/invasive,Fluoroquinolones,114,371,EARS-Net mixed/not reported,Not reported in Atlas aggregate,ECDC Surveillance Atlas aggregate,https://atlas.ecdc.europa.eu/public/
EU_EEA,Romania,ROU,2016,Escherichia coli,Blood/invasive,Fluoroquinolones,128,418,EARS-Net mixed/not reported,Not reported in Atlas aggregate,ECDC Surveillance Atlas aggregate,https://atlas.ecdc.europa.eu/public/
EU_EEA,Romania,ROU,2017,Escherichia coli,Blood/invasive,Fluoroquinolones,137,518,EARS-Net mixed/not reported,Not reported in Atlas aggregate,ECDC Surveillance Atlas aggregate,https://atlas.ecdc.europa.eu/public/
EU_EEA,Romania,ROU,2018,Escherichia coli,Blood/invasive,Fluoroquinolones,188,646,EARS-Net mixed/not reported,Not reported in Atlas aggregate,ECDC Surveillance Atlas aggregate,https://atlas.ecdc.europa.eu/public/
EU_EEA,Romania,ROU,2019,Escherichia coli,Blood/invasive,Fluoroquinolones,185,654,EARS-Net mixed/not reported,Not reported in Atlas aggregate,ECDC Surveillance Atlas aggregate,https://atlas.ecdc.europa.eu/public/
EU_EEA,Romania,ROU,2020,Escherichia coli,Blood/invasive,Fluoroquinolones,117,450,EUCAST,EUCAST required; exact version unavailable in Atlas aggregate,ECDC Surveillance Atlas aggregate,https://atlas.ecdc.europa.eu/public/
EU_EEA,Romania,ROU,2021,Escherichia coli,Blood/invasive,Fluoroquinolones,123,498,EUCAST,EUCAST required; exact version unavailable in Atlas aggregate,ECDC Surveillance Atlas aggregate,https://atlas.ecdc.europa.eu/public/
EU_EEA,Romania,ROU,2022,Escherichia coli,Blood/invasive,Fluoroquinolones,164,690,EUCAST,EUCAST required; exact version unavailable in Atlas aggregate,ECDC Surveillance Atlas aggregate,https://atlas.ecdc.europa.eu/public/
EU_EEA,Romania,ROU,2023,Escherichia coli,Blood/invasive,Fluoroquinolones,249,980,EUCAST,EUCAST required; exact version unavailable in Atlas aggregate,ECDC Surveillance Atlas aggregate,https://atlas.ecdc.europa.eu/public/
EU_EEA,Romania,ROU,2002,Escherichia coli,Blood/invasive,Third-generation cephalosporins,5,28,EARS-Net mixed/not reported,Not reported in Atlas aggregate,ECDC Surveillance Atlas aggregate,https://atlas.ecdc.europa.eu/public/
EU_EEA,Romania,ROU,2003,Escherichia coli,Blood/invasive,Third-generation cephalosporins,9,48,EARS-Net mixed/not reported,Not reported in Atlas aggregate,ECDC Surveillance Atlas aggregate,https://atlas.ecdc.europa.eu/public/
EU_EEA,Romania,ROU,2004,Escherichia coli,Blood/invasive,Third-generation cephalosporins,11,48,EARS-Net mixed/not reported,Not reported in Atlas aggregate,ECDC Surveillance Atlas aggregate,https://atlas.ecdc.europa.eu/public/
EU_EEA,Romania,ROU,2005,Escherichia coli,Blood/invasive,Third-generation cephalosporins,14,84,EARS-Net mixed/not reported,Not reported in Atlas aggregate,ECDC Surveillance Atlas aggregate,https://atlas.ecdc.europa.eu/public/
EU_EEA,Romania,ROU,2006,Escherichia coli,Blood/invasive,Third-generation cephalosporins,16,39,EARS-Net mixed/not reported,Not reported in Atlas aggregate,ECDC Surveillance Atlas aggregate,https://atlas.ecdc.europa.eu/public/
EU_EEA,Romania,ROU,2007,Escherichia coli,Blood/invasive,Third-generation cephalosporins,17,62,EARS-Net mixed/not reported,Not reported in Atlas aggregate,ECDC Surveillance Atlas aggregate,https://atlas.ecdc.europa.eu/public/
EU_EEA,Romania,ROU,2008,Escherichia coli,Blood/invasive,Third-generation cephalosporins,13,55,EARS-Net mixed/not reported,Not reported in Atlas aggregate,ECDC Surveillance Atlas aggregate,https://atlas.ecdc.europa.eu/public/
EU_EEA,Romania,ROU,2009,Escherichia coli,Blood/invasive,Third-generation cephalosporins,8,59,EARS-Net mixed/not reported,Not reported in Atlas aggregate,ECDC Surveillance Atlas aggregate,https://atlas.ecdc.europa.eu/public/
EU_EEA,Romania,ROU,2010,Escherichia coli,Blood/invasive,Third-generation cephalosporins,7,34,EARS-Net mixed/not reported,Not reported in Atlas aggregate,ECDC Surveillance Atlas aggregate,https://atlas.ecdc.europa.eu/public/
EU_EEA,Romania,ROU,2011,Escherichia coli,Blood/invasive,Third-generation cephalosporins,20,95,EARS-Net mixed/not reported,Not reported in Atlas aggregate,ECDC Surveillance Atlas aggregate,https://atlas.ecdc.europa.eu/public/
EU_EEA,Romania,ROU,2012,Escherichia coli,Blood/invasive,Third-generation cephalosporins,48,191,EARS-Net mixed/not reported,Not reported in Atlas aggregate,ECDC Surveillance Atlas aggregate,https://atlas.ecdc.europa.eu/public/
EU_EEA,Romania,ROU,2013,Escherichia coli,Blood/invasive,Third-generation cephalosporins,68,298,EARS-Net mixed/not reported,Not reported in Atlas aggregate,ECDC Surveillance Atlas aggregate,https://atlas.ecdc.europa.eu/public/
EU_EEA,Romania,ROU,2014,Escherichia coli,Blood/invasive,Third-generation cephalosporins,90,306,EARS-Net mixed/not reported,Not reported in Atlas aggregate,ECDC Surveillance Atlas aggregate,https://atlas.ecdc.europa.eu/public/
EU_EEA,Romania,ROU,2015,Escherichia coli,Blood/invasive,Third-generation cephalosporins,99,369,EARS-Net mixed/not reported,Not reported in Atlas aggregate,ECDC Surveillance Atlas aggregate,https://atlas.ecdc.europa.eu/public/
EU_EEA,Romania,ROU,2016,Escherichia coli,Blood/invasive,Third-generation cephalosporins,98,418,EARS-Net mixed/not reported,Not reported in Atlas aggregate,ECDC Surveillance Atlas aggregate,https://atlas.ecdc.europa.eu/public/
EU_EEA,Romania,ROU,2017,Escherichia coli,Blood/invasive,Third-generation cephalosporins,97,518,EARS-Net mixed/not reported,Not reported in Atlas aggregate,ECDC Surveillance Atlas aggregate,https://atlas.ecdc.europa.eu/public/
EU_EEA,Romania,ROU,2018,Escherichia coli,Blood/invasive,Third-generation cephalosporins,132,654,EARS-Net mixed/not reported,Not reported in Atlas aggregate,ECDC Surveillance Atlas aggregate,https://atlas.ecdc.europa.eu/public/
EU_EEA,Romania,ROU,2019,Escherichia coli,Blood/invasive,Third-generation cephalosporins,135,664,EARS-Net mixed/not reported,Not reported in Atlas aggregate,ECDC Surveillance Atlas aggregate,https://atlas.ecdc.europa.eu/public/
EU_EEA,Romania,ROU,2020,Escherichia coli,Blood/invasive,Third-generation cephalosporins,89,452,EUCAST,EUCAST required; exact version unavailable in Atlas aggregate,ECDC Surveillance Atlas aggregate,https://atlas.ecdc.europa.eu/public/
EU_EEA,Romania,ROU,2021,Escherichia coli,Blood/invasive,Third-generation cephalosporins,93,495,EUCAST,EUCAST required; exact version unavailable in Atlas aggregate,ECDC Surveillance Atlas aggregate,https://atlas.ecdc.europa.eu/public/
EU_EEA,Romania,ROU,2022,Escherichia coli,Blood/invasive,Third-generation cephalosporins,123,690,EUCAST,EUCAST required; exact version unavailable in Atlas aggregate,ECDC Surveillance Atlas aggregate,https://atlas.ecdc.europa.eu/public/
EU_EEA,Romania,ROU,2023,Escherichia coli,Blood/invasive,Third-generation cephalosporins,189,990,EUCAST,EUCAST required; exact version unavailable in Atlas aggregate,ECDC Surveillance Atlas aggregate,https://atlas.ecdc.europa.eu/public/
EU_EEA,Slovakia,SVK,2001,Escherichia coli,Blood/invasive,Aminoglycosides,1,45,EARS-Net mixed/not reported,Not reported in Atlas aggregate,ECDC Surveillance Atlas aggregate,https://atlas.ecdc.europa.eu/public/
EU_EEA,Slovakia,SVK,2002,Escherichia coli,Blood/invasive,Aminoglycosides,7,215,EARS-Net mixed/not reported,Not reported in Atlas aggregate,ECDC Surveillance Atlas aggregate,https://atlas.ecdc.europa.eu/public/
EU_EEA,Slovakia,SVK,2003,Escherichia coli,Blood/invasive,Aminoglycosides,14,237,EARS-Net mixed/not reported,Not reported in Atlas aggregate,ECDC Surveillance Atlas aggregate,https://atlas.ecdc.europa.eu/public/
EU_EEA,Slovakia,SVK,2004,Escherichia coli,Blood/invasive,Aminoglycosides,34,280,EARS-Net mixed/not reported,Not reported in Atlas aggregate,ECDC Surveillance Atlas aggregate,https://atlas.ecdc.europa.eu/public/
EU_EEA,Slovakia,SVK,2005,Escherichia coli,Blood/invasive,Aminoglycosides,10,97,EARS-Net mixed/not reported,Not reported in Atlas aggregate,ECDC Surveillance Atlas aggregate,https://atlas.ecdc.europa.eu/public/
EU_EEA,Slovakia,SVK,2011,Escherichia coli,Blood/invasive,Aminoglycosides,131,740,EARS-Net mixed/not reported,Not reported in Atlas aggregate,ECDC Surveillance Atlas aggregate,https://atlas.ecdc.europa.eu/public/
EU_EEA,Slovakia,SVK,2012,Escherichia coli,Blood/invasive,Aminoglycosides,144,694,EARS-Net mixed/not reported,Not reported in Atlas aggregate,ECDC Surveillance Atlas aggregate,https://atlas.ecdc.europa.eu/public/
EU_EEA,Slovakia,SVK,2013,Escherichia coli,Blood/invasive,Aminoglycosides,194,807,EARS-Net mixed/not reported,Not reported in Atlas aggregate,ECDC Surveillance Atlas aggregate,https://atlas.ecdc.europa.eu/public/
EU_EEA,Slovakia,SVK,2014,Escherichia coli,Blood/invasive,Aminoglycosides,202,888,EARS-Net mixed/not reported,Not reported in Atlas aggregate,ECDC Surveillance Atlas aggregate,https://atlas.ecdc.europa.eu/public/
EU_EEA,Slovakia,SVK,2015,Escherichia coli,Blood/invasive,Aminoglycosides,217,896,EARS-Net mixed/not reported,Not reported in Atlas aggregate,ECDC Surveillance Atlas aggregate,https://atlas.ecdc.europa.eu/public/
EU_EEA,Slovakia,SVK,2016,Escherichia coli,Blood/invasive,Aminoglycosides,167,828,EARS-Net mixed/not reported,Not reported in Atlas aggregate,ECDC Surveillance Atlas aggregate,https://atlas.ecdc.europa.eu/public/
EU_EEA,Slovakia,SVK,2017,Escherichia coli,Blood/invasive,Aminoglycosides,197,875,EARS-Net mixed/not reported,Not reported in Atlas aggregate,ECDC Surveillance Atlas aggregate,https://atlas.ecdc.europa.eu/public/
EU_EEA,Slovakia,SVK,2018,Escherichia coli,Blood/invasive,Aminoglycosides,209,969,EARS-Net mixed/not reported,Not reported in Atlas aggregate,ECDC Surveillance Atlas aggregate,https://atlas.ecdc.europa.eu/public/
EU_EEA,Slovakia,SVK,2019,Escherichia coli,Blood/invasive,Aminoglycosides,141,847,EARS-Net mixed/not reported,Not reported in Atlas aggregate,ECDC Surveillance Atlas aggregate,https://atlas.ecdc.europa.eu/public/
EU_EEA,Slovakia,SVK,2020,Escherichia coli,Blood/invasive,Aminoglycosides,135,731,EUCAST,EUCAST required; exact version unavailable in Atlas aggregate,ECDC Surveillance Atlas aggregate,https://atlas.ecdc.europa.eu/public/
EU_EEA,Slovakia,SVK,2021,Escherichia coli,Blood/invasive,Aminoglycosides,94,663,EUCAST,EUCAST required; exact version unavailable in Atlas aggregate,ECDC Surveillance Atlas aggregate,https://atlas.ecdc.europa.eu/public/
EU_EEA,Slovakia,SVK,2022,Escherichia coli,Blood/invasive,Aminoglycosides,108,783,EUCAST,EUCAST required; exact version unavailable in Atlas aggregate,ECDC Surveillance Atlas aggregate,https://atlas.ecdc.europa.eu/public/
EU_EEA,Slovakia,SVK,2023,Escherichia coli,Blood/invasive,Aminoglycosides,96,695,EUCAST,EUCAST required; exact version unavailable in Atlas aggregate,ECDC Surveillance Atlas aggregate,https://atlas.ecdc.europa.eu/public/
EU_EEA,Slovakia,SVK,2001,Escherichia coli,Blood/invasive,Aminopenicillins,16,44,EARS-Net mixed/not reported,Not reported in Atlas aggregate,ECDC Surveillance Atlas aggregate,https://atlas.ecdc.europa.eu/public/
EU_EEA,Slovakia,SVK,2002,Escherichia coli,Blood/invasive,Aminopenicillins,106,215,EARS-Net mixed/not reported,Not reported in Atlas aggregate,ECDC Surveillance Atlas aggregate,https://atlas.ecdc.europa.eu/public/
EU_EEA,Slovakia,SVK,2003,Escherichia coli,Blood/invasive,Aminopenicillins,128,239,EARS-Net mixed/not reported,Not reported in Atlas aggregate,ECDC Surveillance Atlas aggregate,https://atlas.ecdc.europa.eu/public/
EU_EEA,Slovakia,SVK,2004,Escherichia coli,Blood/invasive,Aminopenicillins,176,282,EARS-Net mixed/not reported,Not reported in Atlas aggregate,ECDC Surveillance Atlas aggregate,https://atlas.ecdc.europa.eu/public/
EU_EEA,Slovakia,SVK,2005,Escherichia coli,Blood/invasive,Aminopenicillins,57,97,EARS-Net mixed/not reported,Not reported in Atlas aggregate,ECDC Surveillance Atlas aggregate,https://atlas.ecdc.europa.eu/public/
EU_EEA,Slovakia,SVK,2011,Escherichia coli,Blood/invasive,Aminopenicillins,417,610,EARS-Net mixed/not reported,Not reported in Atlas aggregate,ECDC Surveillance Atlas aggregate,https://atlas.ecdc.europa.eu/public/
EU_EEA,Slovakia,SVK,2012,Escherichia coli,Blood/invasive,Aminopenicillins,387,596,EARS-Net mixed/not reported,Not reported in Atlas aggregate,ECDC Surveillance Atlas aggregate,https://atlas.ecdc.europa.eu/public/
EU_EEA,Slovakia,SVK,2013,Escherichia coli,Blood/invasive,Aminopenicillins,483,786,EARS-Net mixed/not reported,Not reported in Atlas aggregate,ECDC Surveillance Atlas aggregate,https://atlas.ecdc.europa.eu/public/
EU_EEA,Slovakia,SVK,2014,Escherichia coli,Blood/invasive,Aminopenicillins,559,866,EARS-Net mixed/not reported,Not reported in Atlas aggregate,ECDC Surveillance Atlas aggregate,https://atlas.ecdc.europa.eu/public/
EU_EEA,Slovakia,SVK,2015,Escherichia coli,Blood/invasive,Aminopenicillins,551,878,EARS-Net mixed/not reported,Not reported in Atlas aggregate,ECDC Surveillance Atlas aggregate,https://atlas.ecdc.europa.eu/public/
EU_EEA,Slovakia,SVK,2016,Escherichia coli,Blood/invasive,Aminopenicillins,509,817,EARS-Net mixed/not reported,Not reported in Atlas aggregate,ECDC Surveillance Atlas aggregate,https://atlas.ecdc.europa.eu/public/
EU_EEA,Slovakia,SVK,2017,Escherichia coli,Blood/invasive,Aminopenicillins,554,853,EARS-Net mixed/not reported,Not reported in Atlas aggregate,ECDC Surveillance Atlas aggregate,https://atlas.ecdc.europa.eu/public/
EU_EEA,Slovakia,SVK,2018,Escherichia coli,Blood/invasive,Aminopenicillins,597,967,EARS-Net mixed/not reported,Not reported in Atlas aggregate,ECDC Surveillance Atlas aggregate,https://atlas.ecdc.europa.eu/public/
EU_EEA,Slovakia,SVK,2019,Escherichia coli,Blood/invasive,Aminopenicillins,491,849,EARS-Net mixed/not reported,Not reported in Atlas aggregate,ECDC Surveillance Atlas aggregate,https://atlas.ecdc.europa.eu/public/
EU_EEA,Slovakia,SVK,2020,Escherichia coli,Blood/invasive,Aminopenicillins,416,728,EUCAST,EUCAST required; exact version unavailable in Atlas aggregate,ECDC Surveillance Atlas aggregate,https://atlas.ecdc.europa.eu/public/
EU_EEA,Slovakia,SVK,2021,Escherichia coli,Blood/invasive,Aminopenicillins,360,660,EUCAST,EUCAST required; exact version unavailable in Atlas aggregate,ECDC Surveillance Atlas aggregate,https://atlas.ecdc.europa.eu/public/
EU_EEA,Slovakia,SVK,2022,Escherichia coli,Blood/invasive,Aminopenicillins,416,767,EUCAST,EUCAST required; exact version unavailable in Atlas aggregate,ECDC Surveillance Atlas aggregate,https://atlas.ecdc.europa.eu/public/
EU_EEA,Slovakia,SVK,2023,Escherichia coli,Blood/invasive,Aminopenicillins,400,684,EUCAST,EUCAST required; exact version unavailable in Atlas aggregate,ECDC Surveillance Atlas aggregate,https://atlas.ecdc.europa.eu/public/
EU_EEA,Slovakia,SVK,2002,Escherichia coli,Blood/invasive,Carbapenems,1,148,EARS-Net mixed/not reported,Not reported in Atlas aggregate,ECDC Surveillance Atlas aggregate,https://atlas.ecdc.europa.eu/public/
EU_EEA,Slovakia,SVK,2003,Escherichia coli,Blood/invasive,Carbapenems,0,154,EARS-Net mixed/not reported,Not reported in Atlas aggregate,ECDC Surveillance Atlas aggregate,https://atlas.ecdc.europa.eu/public/
EU_EEA,Slovakia,SVK,2004,Escherichia coli,Blood/invasive,Carbapenems,0,180,EARS-Net mixed/not reported,Not reported in Atlas aggregate,ECDC Surveillance Atlas aggregate,https://atlas.ecdc.europa.eu/public/
EU_EEA,Slovakia,SVK,2005,Escherichia coli,Blood/invasive,Carbapenems,0,97,EARS-Net mixed/not reported,Not reported in Atlas aggregate,ECDC Surveillance Atlas aggregate,https://atlas.ecdc.europa.eu/public/
EU_EEA,Slovakia,SVK,2011,Escherichia coli,Blood/invasive,Carbapenems,0,705,EARS-Net mixed/not reported,Not reported in Atlas aggregate,ECDC Surveillance Atlas aggregate,https://atlas.ecdc.europa.eu/public/
EU_EEA,Slovakia,SVK,2012,Escherichia coli,Blood/invasive,Carbapenems,7,659,EARS-Net mixed/not reported,Not reported in Atlas aggregate,ECDC Surveillance Atlas aggregate,https://atlas.ecdc.europa.eu/public/
EU_EEA,Slovakia,SVK,2013,Escherichia coli,Blood/invasive,Carbapenems,0,588,EARS-Net mixed/not reported,Not reported in Atlas aggregate,ECDC Surveillance Atlas aggregate,https://atlas.ecdc.europa.eu/public/
EU_EEA,Slovakia,SVK,2014,Escherichia coli,Blood/invasive,Carbapenems,0,820,EARS-Net mixed/not reported,Not reported in Atlas aggregate,ECDC Surveillance Atlas aggregate,https://atlas.ecdc.europa.eu/public/
EU_EEA,Slovakia,SVK,2015,Escherichia coli,Blood/invasive,Carbapenems,0,830,EARS-Net mixed/not reported,Not reported in Atlas aggregate,ECDC Surveillance Atlas aggregate,https://atlas.ecdc.europa.eu/public/
EU_EEA,Slovakia,SVK,2016,Escherichia coli,Blood/invasive,Carbapenems,0,751,EARS-Net mixed/not reported,Not reported in Atlas aggregate,ECDC Surveillance Atlas aggregate,https://atlas.ecdc.europa.eu/public/
EU_EEA,Slovakia,SVK,2017,Escherichia coli,Blood/invasive,Carbapenems,0,844,EARS-Net mixed/not reported,Not reported in Atlas aggregate,ECDC Surveillance Atlas aggregate,https://atlas.ecdc.europa.eu/public/
EU_EEA,Slovakia,SVK,2018,Escherichia coli,Blood/invasive,Carbapenems,0,924,EARS-Net mixed/not reported,Not reported in Atlas aggregate,ECDC Surveillance Atlas aggregate,https://atlas.ecdc.europa.eu/public/
EU_EEA,Slovakia,SVK,2019,Escherichia coli,Blood/invasive,Carbapenems,1,785,EARS-Net mixed/not reported,Not reported in Atlas aggregate,ECDC Surveillance Atlas aggregate,https://atlas.ecdc.europa.eu/public/
EU_EEA,Slovakia,SVK,2020,Escherichia coli,Blood/invasive,Carbapenems,1,705,EUCAST,EUCAST required; exact version unavailable in Atlas aggregate,ECDC Surveillance Atlas aggregate,https://atlas.ecdc.europa.eu/public/
EU_EEA,Slovakia,SVK,2021,Escherichia coli,Blood/invasive,Carbapenems,0,625,EUCAST,EUCAST required; exact version unavailable in Atlas aggregate,ECDC Surveillance Atlas aggregate,https://atlas.ecdc.europa.eu/public/
EU_EEA,Slovakia,SVK,2022,Escherichia coli,Blood/invasive,Carbapenems,0,738,EUCAST,EUCAST required; exact version unavailable in Atlas aggregate,ECDC Surveillance Atlas aggregate,https://atlas.ecdc.europa.eu/public/
EU_EEA,Slovakia,SVK,2023,Escherichia coli,Blood/invasive,Carbapenems,1,696,EUCAST,EUCAST required; exact version unavailable in Atlas aggregate,ECDC Surveillance Atlas aggregate,https://atlas.ecdc.europa.eu/public/
EU_EEA,Slovakia,SVK,2001,Escherichia coli,Blood/invasive,Fluoroquinolones,7,45,EARS-Net mixed/not reported,Not reported in Atlas aggregate,ECDC Surveillance Atlas aggregate,https://atlas.ecdc.europa.eu/public/
EU_EEA,Slovakia,SVK,2002,Escherichia coli,Blood/invasive,Fluoroquinolones,31,214,EARS-Net mixed/not reported,Not reported in Atlas aggregate,ECDC Surveillance Atlas aggregate,https://atlas.ecdc.europa.eu/public/
EU_EEA,Slovakia,SVK,2003,Escherichia coli,Blood/invasive,Fluoroquinolones,48,238,EARS-Net mixed/not reported,Not reported in Atlas aggregate,ECDC Surveillance Atlas aggregate,https://atlas.ecdc.europa.eu/public/
EU_EEA,Slovakia,SVK,2004,Escherichia coli,Blood/invasive,Fluoroquinolones,74,308,EARS-Net mixed/not reported,Not reported in Atlas aggregate,ECDC Surveillance Atlas aggregate,https://atlas.ecdc.europa.eu/public/
EU_EEA,Slovakia,SVK,2005,Escherichia coli,Blood/invasive,Fluoroquinolones,19,132,EARS-Net mixed/not reported,Not reported in Atlas aggregate,ECDC Surveillance Atlas aggregate,https://atlas.ecdc.europa.eu/public/
EU_EEA,Slovakia,SVK,2011,Escherichia coli,Blood/invasive,Fluoroquinolones,309,739,EARS-Net mixed/not reported,Not reported in Atlas aggregate,ECDC Surveillance Atlas aggregate,https://atlas.ecdc.europa.eu/public/
EU_EEA,Slovakia,SVK,2012,Escherichia coli,Blood/invasive,Fluoroquinolones,287,695,EARS-Net mixed/not reported,Not reported in Atlas aggregate,ECDC Surveillance Atlas aggregate,https://atlas.ecdc.europa.eu/public/
EU_EEA,Slovakia,SVK,2013,Escherichia coli,Blood/invasive,Fluoroquinolones,326,808,EARS-Net mixed/not reported,Not reported in Atlas aggregate,ECDC Surveillance Atlas aggregate,https://atlas.ecdc.europa.eu/public/
EU_EEA,Slovakia,SVK,2014,Escherichia coli,Blood/invasive,Fluoroquinolones,381,887,EARS-Net mixed/not reported,Not reported in Atlas aggregate,ECDC Surveillance Atlas aggregate,https://atlas.ecdc.europa.eu/public/
EU_EEA,Slovakia,SVK,2015,Escherichia coli,Blood/invasive,Fluoroquinolones,395,894,EARS-Net mixed/not reported,Not reported in Atlas aggregate,ECDC Surveillance Atlas aggregate,https://atlas.ecdc.europa.eu/public/
EU_EEA,Slovakia,SVK,2016,Escherichia coli,Blood/invasive,Fluoroquinolones,334,826,EARS-Net mixed/not reported,Not reported in Atlas aggregate,ECDC Surveillance Atlas aggregate,https://atlas.ecdc.europa.eu/public/
EU_EEA,Slovakia,SVK,2017,Escherichia coli,Blood/invasive,Fluoroquinolones,381,882,EARS-Net mixed/not reported,Not reported in Atlas aggregate,ECDC Surveillance Atlas aggregate,https://atlas.ecdc.europa.eu/public/
EU_EEA,Slovakia,SVK,2018,Escherichia coli,Blood/invasive,Fluoroquinolones,408,969,EARS-Net mixed/not reported,Not reported in Atlas aggregate,ECDC Surveillance Atlas aggregate,https://atlas.ecdc.europa.eu/public/
EU_EEA,Slovakia,SVK,2019,Escherichia coli,Blood/invasive,Fluoroquinolones,289,850,EARS-Net mixed/not reported,Not reported in Atlas aggregate,ECDC Surveillance Atlas aggregate,https://atlas.ecdc.europa.eu/public/
EU_EEA,Slovakia,SVK,2020,Escherichia coli,Blood/invasive,Fluoroquinolones,249,729,EUCAST,EUCAST required; exact version unavailable in Atlas aggregate,ECDC Surveillance Atlas aggregate,https://atlas.ecdc.europa.eu/public/
EU_EEA,Slovakia,SVK,2021,Escherichia coli,Blood/invasive,Fluoroquinolones,197,662,EUCAST,EUCAST required; exact version unavailable in Atlas aggregate,ECDC Surveillance Atlas aggregate,https://atlas.ecdc.europa.eu/public/
EU_EEA,Slovakia,SVK,2022,Escherichia coli,Blood/invasive,Fluoroquinolones,253,782,EUCAST,EUCAST required; exact version unavailable in Atlas aggregate,ECDC Surveillance Atlas aggregate,https://atlas.ecdc.europa.eu/public/
EU_EEA,Slovakia,SVK,2023,Escherichia coli,Blood/invasive,Fluoroquinolones,216,693,EUCAST,EUCAST required; exact version unavailable in Atlas aggregate,ECDC Surveillance Atlas aggregate,https://atlas.ecdc.europa.eu/public/
EU_EEA,Slovakia,SVK,2001,Escherichia coli,Blood/invasive,Third-generation cephalosporins,3,45,EARS-Net mixed/not reported,Not reported in Atlas aggregate,ECDC Surveillance Atlas aggregate,https://atlas.ecdc.europa.eu/public/
EU_EEA,Slovakia,SVK,2002,Escherichia coli,Blood/invasive,Third-generation cephalosporins,4,214,EARS-Net mixed/not reported,Not reported in Atlas aggregate,ECDC Surveillance Atlas aggregate,https://atlas.ecdc.europa.eu/public/
EU_EEA,Slovakia,SVK,2003,Escherichia coli,Blood/invasive,Third-generation cephalosporins,1,239,EARS-Net mixed/not reported,Not reported in Atlas aggregate,ECDC Surveillance Atlas aggregate,https://atlas.ecdc.europa.eu/public/
EU_EEA,Slovakia,SVK,2004,Escherichia coli,Blood/invasive,Third-generation cephalosporins,20,280,EARS-Net mixed/not reported,Not reported in Atlas aggregate,ECDC Surveillance Atlas aggregate,https://atlas.ecdc.europa.eu/public/
EU_EEA,Slovakia,SVK,2005,Escherichia coli,Blood/invasive,Third-generation cephalosporins,8,97,EARS-Net mixed/not reported,Not reported in Atlas aggregate,ECDC Surveillance Atlas aggregate,https://atlas.ecdc.europa.eu/public/
EU_EEA,Slovakia,SVK,2011,Escherichia coli,Blood/invasive,Third-generation cephalosporins,229,740,EARS-Net mixed/not reported,Not reported in Atlas aggregate,ECDC Surveillance Atlas aggregate,https://atlas.ecdc.europa.eu/public/
EU_EEA,Slovakia,SVK,2012,Escherichia coli,Blood/invasive,Third-generation cephalosporins,213,693,EARS-Net mixed/not reported,Not reported in Atlas aggregate,ECDC Surveillance Atlas aggregate,https://atlas.ecdc.europa.eu/public/
EU_EEA,Slovakia,SVK,2013,Escherichia coli,Blood/invasive,Third-generation cephalosporins,240,807,EARS-Net mixed/not reported,Not reported in Atlas aggregate,ECDC Surveillance Atlas aggregate,https://atlas.ecdc.europa.eu/public/
EU_EEA,Slovakia,SVK,2014,Escherichia coli,Blood/invasive,Third-generation cephalosporins,283,889,EARS-Net mixed/not reported,Not reported in Atlas aggregate,ECDC Surveillance Atlas aggregate,https://atlas.ecdc.europa.eu/public/
EU_EEA,Slovakia,SVK,2015,Escherichia coli,Blood/invasive,Third-generation cephalosporins,268,893,EARS-Net mixed/not reported,Not reported in Atlas aggregate,ECDC Surveillance Atlas aggregate,https://atlas.ecdc.europa.eu/public/
EU_EEA,Slovakia,SVK,2016,Escherichia coli,Blood/invasive,Third-generation cephalosporins,245,824,EARS-Net mixed/not reported,Not reported in Atlas aggregate,ECDC Surveillance Atlas aggregate,https://atlas.ecdc.europa.eu/public/
EU_EEA,Slovakia,SVK,2017,Escherichia coli,Blood/invasive,Third-generation cephalosporins,269,870,EARS-Net mixed/not reported,Not reported in Atlas aggregate,ECDC Surveillance Atlas aggregate,https://atlas.ecdc.europa.eu/public/
EU_EEA,Slovakia,SVK,2018,Escherichia coli,Blood/invasive,Third-generation cephalosporins,293,973,EARS-Net mixed/not reported,Not reported in Atlas aggregate,ECDC Surveillance Atlas aggregate,https://atlas.ecdc.europa.eu/public/
EU_EEA,Slovakia,SVK,2019,Escherichia coli,Blood/invasive,Third-generation cephalosporins,195,846,EARS-Net mixed/not reported,Not reported in Atlas aggregate,ECDC Surveillance Atlas aggregate,https://atlas.ecdc.europa.eu/public/
EU_EEA,Slovakia,SVK,2020,Escherichia coli,Blood/invasive,Third-generation cephalosporins,197,727,EUCAST,EUCAST required; exact version unavailable in Atlas aggregate,ECDC Surveillance Atlas aggregate,https://atlas.ecdc.europa.eu/public/
EU_EEA,Slovakia,SVK,2021,Escherichia coli,Blood/invasive,Third-generation cephalosporins,150,649,EUCAST,EUCAST required; exact version unavailable in Atlas aggregate,ECDC Surveillance Atlas aggregate,https://atlas.ecdc.europa.eu/public/
EU_EEA,Slovakia,SVK,2022,Escherichia coli,Blood/invasive,Third-generation cephalosporins,182,768,EUCAST,EUCAST required; exact version unavailable in Atlas aggregate,ECDC Surveillance Atlas aggregate,https://atlas.ecdc.europa.eu/public/
EU_EEA,Slovakia,SVK,2023,Escherichia coli,Blood/invasive,Third-generation cephalosporins,150,696,EUCAST,EUCAST required; exact version unavailable in Atlas aggregate,ECDC Surveillance Atlas aggregate,https://atlas.ecdc.europa.eu/public/
EU_EEA,Slovenia,SVN,2001,Escherichia coli,Blood/invasive,Aminoglycosides,8,398,EARS-Net mixed/not reported,Not reported in Atlas aggregate,ECDC Surveillance Atlas aggregate,https://atlas.ecdc.europa.eu/public/
EU_EEA,Slovenia,SVN,2002,Escherichia coli,Blood/invasive,Aminoglycosides,14,409,EARS-Net mixed/not reported,Not reported in Atlas aggregate,ECDC Surveillance Atlas aggregate,https://atlas.ecdc.europa.eu/public/
EU_EEA,Slovenia,SVN,2003,Escherichia coli,Blood/invasive,Aminoglycosides,9,401,EARS-Net mixed/not reported,Not reported in Atlas aggregate,ECDC Surveillance Atlas aggregate,https://atlas.ecdc.europa.eu/public/
EU_EEA,Slovenia,SVN,2004,Escherichia coli,Blood/invasive,Aminoglycosides,25,573,EARS-Net mixed/not reported,Not reported in Atlas aggregate,ECDC Surveillance Atlas aggregate,https://atlas.ecdc.europa.eu/public/
EU_EEA,Slovenia,SVN,2005,Escherichia coli,Blood/invasive,Aminoglycosides,25,657,EARS-Net mixed/not reported,Not reported in Atlas aggregate,ECDC Surveillance Atlas aggregate,https://atlas.ecdc.europa.eu/public/
EU_EEA,Slovenia,SVN,2006,Escherichia coli,Blood/invasive,Aminoglycosides,46,717,EARS-Net mixed/not reported,Not reported in Atlas aggregate,ECDC Surveillance Atlas aggregate,https://atlas.ecdc.europa.eu/public/
EU_EEA,Slovenia,SVN,2007,Escherichia coli,Blood/invasive,Aminoglycosides,58,851,EARS-Net mixed/not reported,Not reported in Atlas aggregate,ECDC Surveillance Atlas aggregate,https://atlas.ecdc.europa.eu/public/
EU_EEA,Slovenia,SVN,2008,Escherichia coli,Blood/invasive,Aminoglycosides,57,874,EARS-Net mixed/not reported,Not reported in Atlas aggregate,ECDC Surveillance Atlas aggregate,https://atlas.ecdc.europa.eu/public/
EU_EEA,Slovenia,SVN,2009,Escherichia coli,Blood/invasive,Aminoglycosides,88,893,EARS-Net mixed/not reported,Not reported in Atlas aggregate,ECDC Surveillance Atlas aggregate,https://atlas.ecdc.europa.eu/public/
EU_EEA,Slovenia,SVN,2010,Escherichia coli,Blood/invasive,Aminoglycosides,84,952,EARS-Net mixed/not reported,Not reported in Atlas aggregate,ECDC Surveillance Atlas aggregate,https://atlas.ecdc.europa.eu/public/
EU_EEA,Slovenia,SVN,2011,Escherichia coli,Blood/invasive,Aminoglycosides,96,1002,EARS-Net mixed/not reported,Not reported in Atlas aggregate,ECDC Surveillance Atlas aggregate,https://atlas.ecdc.europa.eu/public/
EU_EEA,Slovenia,SVN,2012,Escherichia coli,Blood/invasive,Aminoglycosides,98,1168,EARS-Net mixed/not reported,Not reported in Atlas aggregate,ECDC Surveillance Atlas aggregate,https://atlas.ecdc.europa.eu/public/
EU_EEA,Slovenia,SVN,2013,Escherichia coli,Blood/invasive,Aminoglycosides,114,1224,EARS-Net mixed/not reported,Not reported in Atlas aggregate,ECDC Surveillance Atlas aggregate,https://atlas.ecdc.europa.eu/public/
EU_EEA,Slovenia,SVN,2014,Escherichia coli,Blood/invasive,Aminoglycosides,137,1216,EARS-Net mixed/not reported,Not reported in Atlas aggregate,ECDC Surveillance Atlas aggregate,https://atlas.ecdc.europa.eu/public/
EU_EEA,Slovenia,SVN,2015,Escherichia coli,Blood/invasive,Aminoglycosides,171,1326,EARS-Net mixed/not reported,Not reported in Atlas aggregate,ECDC Surveillance Atlas aggregate,https://atlas.ecdc.europa.eu/public/
EU_EEA,Slovenia,SVN,2016,Escherichia coli,Blood/invasive,Aminoglycosides,151,1420,EARS-Net mixed/not reported,Not reported in Atlas aggregate,ECDC Surveillance Atlas aggregate,https://atlas.ecdc.europa.eu/public/
EU_EEA,Slovenia,SVN,2017,Escherichia coli,Blood/invasive,Aminoglycosides,164,1435,EARS-Net mixed/not reported,Not reported in Atlas aggregate,ECDC Surveillance Atlas aggregate,https://atlas.ecdc.europa.eu/public/
EU_EEA,Slovenia,SVN,2018,Escherichia coli,Blood/invasive,Aminoglycosides,157,1668,EARS-Net mixed/not reported,Not reported in Atlas aggregate,ECDC Surveillance Atlas aggregate,https://atlas.ecdc.europa.eu/public/
EU_EEA,Slovenia,SVN,2019,Escherichia coli,Blood/invasive,Aminoglycosides,126,1610,EARS-Net mixed/not reported,Not reported in Atlas aggregate,ECDC Surveillance Atlas aggregate,https://atlas.ecdc.europa.eu/public/
EU_EEA,Slovenia,SVN,2020,Escherichia coli,Blood/invasive,Aminoglycosides,110,1616,EUCAST,EUCAST required; exact version unavailable in Atlas aggregate,ECDC Surveillance Atlas aggregate,https://atlas.ecdc.europa.eu/public/
EU_EEA,Slovenia,SVN,2021,Escherichia coli,Blood/invasive,Aminoglycosides,111,1681,EUCAST,EUCAST required; exact version unavailable in Atlas aggregate,ECDC Surveillance Atlas aggregate,https://atlas.ecdc.europa.eu/public/
EU_EEA,Slovenia,SVN,2022,Escherichia coli,Blood/invasive,Aminoglycosides,132,1660,EUCAST,EUCAST required; exact version unavailable in Atlas aggregate,ECDC Surveillance Atlas aggregate,https://atlas.ecdc.europa.eu/public/
EU_EEA,Slovenia,SVN,2023,Escherichia coli,Blood/invasive,Aminoglycosides,114,1639,EUCAST,EUCAST required; exact version unavailable in Atlas aggregate,ECDC Surveillance Atlas aggregate,https://atlas.ecdc.europa.eu/public/
EU_EEA,Slovenia,SVN,2001,Escherichia coli,Blood/invasive,Aminopenicillins,177,398,EARS-Net mixed/not reported,Not reported in Atlas aggregate,ECDC Surveillance Atlas aggregate,https://atlas.ecdc.europa.eu/public/
EU_EEA,Slovenia,SVN,2002,Escherichia coli,Blood/invasive,Aminopenicillins,177,409,EARS-Net mixed/not reported,Not reported in Atlas aggregate,ECDC Surveillance Atlas aggregate,https://atlas.ecdc.europa.eu/public/
EU_EEA,Slovenia,SVN,2003,Escherichia coli,Blood/invasive,Aminopenicillins,166,401,EARS-Net mixed/not reported,Not reported in Atlas aggregate,ECDC Surveillance Atlas aggregate,https://atlas.ecdc.europa.eu/public/
EU_EEA,Slovenia,SVN,2004,Escherichia coli,Blood/invasive,Aminopenicillins,227,573,EARS-Net mixed/not reported,Not reported in Atlas aggregate,ECDC Surveillance Atlas aggregate,https://atlas.ecdc.europa.eu/public/
EU_EEA,Slovenia,SVN,2005,Escherichia coli,Blood/invasive,Aminopenicillins,276,656,EARS-Net mixed/not reported,Not reported in Atlas aggregate,ECDC Surveillance Atlas aggregate,https://atlas.ecdc.europa.eu/public/
EU_EEA,Slovenia,SVN,2006,Escherichia coli,Blood/invasive,Aminopenicillins,318,717,EARS-Net mixed/not reported,Not reported in Atlas aggregate,ECDC Surveillance Atlas aggregate,https://atlas.ecdc.europa.eu/public/
EU_EEA,Slovenia,SVN,2007,Escherichia coli,Blood/invasive,Aminopenicillins,418,851,EARS-Net mixed/not reported,Not reported in Atlas aggregate,ECDC Surveillance Atlas aggregate,https://atlas.ecdc.europa.eu/public/
EU_EEA,Slovenia,SVN,2008,Escherichia coli,Blood/invasive,Aminopenicillins,432,874,EARS-Net mixed/not reported,Not reported in Atlas aggregate,ECDC Surveillance Atlas aggregate,https://atlas.ecdc.europa.eu/public/
EU_EEA,Slovenia,SVN,2009,Escherichia coli,Blood/invasive,Aminopenicillins,472,893,EARS-Net mixed/not reported,Not reported in Atlas aggregate,ECDC Surveillance Atlas aggregate,https://atlas.ecdc.europa.eu/public/
EU_EEA,Slovenia,SVN,2010,Escherichia coli,Blood/invasive,Aminopenicillins,452,941,EARS-Net mixed/not reported,Not reported in Atlas aggregate,ECDC Surveillance Atlas aggregate,https://atlas.ecdc.europa.eu/public/
EU_EEA,Slovenia,SVN,2011,Escherichia coli,Blood/invasive,Aminopenicillins,540,1002,EARS-Net mixed/not reported,Not reported in Atlas aggregate,ECDC Surveillance Atlas aggregate,https://atlas.ecdc.europa.eu/public/
EU_EEA,Slovenia,SVN,2012,Escherichia coli,Blood/invasive,Aminopenicillins,589,1168,EARS-Net mixed/not reported,Not reported in Atlas aggregate,ECDC Surveillance Atlas aggregate,https://atlas.ecdc.europa.eu/public/
EU_EEA,Slovenia,SVN,2013,Escherichia coli,Blood/invasive,Aminopenicillins,630,1224,EARS-Net mixed/not reported,Not reported in Atlas aggregate,ECDC Surveillance Atlas aggregate,https://atlas.ecdc.europa.eu/public/
EU_EEA,Slovenia,SVN,2014,Escherichia coli,Blood/invasive,Aminopenicillins,640,1216,EARS-Net mixed/not reported,Not reported in Atlas aggregate,ECDC Surveillance Atlas aggregate,https://atlas.ecdc.europa.eu/public/
EU_EEA,Slovenia,SVN,2015,Escherichia coli,Blood/invasive,Aminopenicillins,727,1326,EARS-Net mixed/not reported,Not reported in Atlas aggregate,ECDC Surveillance Atlas aggregate,https://atlas.ecdc.europa.eu/public/
EU_EEA,Slovenia,SVN,2016,Escherichia coli,Blood/invasive,Aminopenicillins,811,1420,EARS-Net mixed/not reported,Not reported in Atlas aggregate,ECDC Surveillance Atlas aggregate,https://atlas.ecdc.europa.eu/public/
EU_EEA,Slovenia,SVN,2017,Escherichia coli,Blood/invasive,Aminopenicillins,740,1435,EARS-Net mixed/not reported,Not reported in Atlas aggregate,ECDC Surveillance Atlas aggregate,https://atlas.ecdc.europa.eu/public/
EU_EEA,Slovenia,SVN,2018,Escherichia coli,Blood/invasive,Aminopenicillins,892,1668,EARS-Net mixed/not reported,Not reported in Atlas aggregate,ECDC Surveillance Atlas aggregate,https://atlas.ecdc.europa.eu/public/
EU_EEA,Slovenia,SVN,2019,Escherichia coli,Blood/invasive,Aminopenicillins,832,1610,EARS-Net mixed/not reported,Not reported in Atlas aggregate,ECDC Surveillance Atlas aggregate,https://atlas.ecdc.europa.eu/public/
EU_EEA,Slovenia,SVN,2020,Escherichia coli,Blood/invasive,Aminopenicillins,829,1617,EUCAST,EUCAST required; exact version unavailable in Atlas aggregate,ECDC Surveillance Atlas aggregate,https://atlas.ecdc.europa.eu/public/
EU_EEA,Slovenia,SVN,2021,Escherichia coli,Blood/invasive,Aminopenicillins,854,1681,EUCAST,EUCAST required; exact version unavailable in Atlas aggregate,ECDC Surveillance Atlas aggregate,https://atlas.ecdc.europa.eu/public/
EU_EEA,Slovenia,SVN,2022,Escherichia coli,Blood/invasive,Aminopenicillins,813,1659,EUCAST,EUCAST required; exact version unavailable in Atlas aggregate,ECDC Surveillance Atlas aggregate,https://atlas.ecdc.europa.eu/public/
EU_EEA,Slovenia,SVN,2023,Escherichia coli,Blood/invasive,Aminopenicillins,803,1639,EUCAST,EUCAST required; exact version unavailable in Atlas aggregate,ECDC Surveillance Atlas aggregate,https://atlas.ecdc.europa.eu/public/
EU_EEA,Slovenia,SVN,2002,Escherichia coli,Blood/invasive,Carbapenems,0,128,EARS-Net mixed/not reported,Not reported in Atlas aggregate,ECDC Surveillance Atlas aggregate,https://atlas.ecdc.europa.eu/public/
EU_EEA,Slovenia,SVN,2003,Escherichia coli,Blood/invasive,Carbapenems,0,196,EARS-Net mixed/not reported,Not reported in Atlas aggregate,ECDC Surveillance Atlas aggregate,https://atlas.ecdc.europa.eu/public/
EU_EEA,Slovenia,SVN,2004,Escherichia coli,Blood/invasive,Carbapenems,0,347,EARS-Net mixed/not reported,Not reported in Atlas aggregate,ECDC Surveillance Atlas aggregate,https://atlas.ecdc.europa.eu/public/
EU_EEA,Slovenia,SVN,2005,Escherichia coli,Blood/invasive,Carbapenems,0,378,EARS-Net mixed/not reported,Not reported in Atlas aggregate,ECDC Surveillance Atlas aggregate,https://atlas.ecdc.europa.eu/public/
EU_EEA,Slovenia,SVN,2006,Escherichia coli,Blood/invasive,Carbapenems,0,486,EARS-Net mixed/not reported,Not reported in Atlas aggregate,ECDC Surveillance Atlas aggregate,https://atlas.ecdc.europa.eu/public/
EU_EEA,Slovenia,SVN,2007,Escherichia coli,Blood/invasive,Carbapenems,0,640,EARS-Net mixed/not reported,Not reported in Atlas aggregate,ECDC Surveillance Atlas aggregate,https://atlas.ecdc.europa.eu/public/
EU_EEA,Slovenia,SVN,2008,Escherichia coli,Blood/invasive,Carbapenems,0,844,EARS-Net mixed/not reported,Not reported in Atlas aggregate,ECDC Surveillance Atlas aggregate,https://atlas.ecdc.europa.eu/public/
EU_EEA,Slovenia,SVN,2009,Escherichia coli,Blood/invasive,Carbapenems,0,891,EARS-Net mixed/not reported,Not reported in Atlas aggregate,ECDC Surveillance Atlas aggregate,https://atlas.ecdc.europa.eu/public/
EU_EEA,Slovenia,SVN,2010,Escherichia coli,Blood/invasive,Carbapenems,0,922,EARS-Net mixed/not reported,Not reported in Atlas aggregate,ECDC Surveillance Atlas aggregate,https://atlas.ecdc.europa.eu/public/
EU_EEA,Slovenia,SVN,2011,Escherichia coli,Blood/invasive,Carbapenems,0,1002,EARS-Net mixed/not reported,Not reported in Atlas aggregate,ECDC Surveillance Atlas aggregate,https://atlas.ecdc.europa.eu/public/
EU_EEA,Slovenia,SVN,2012,Escherichia coli,Blood/invasive,Carbapenems,0,1168,EARS-Net mixed/not reported,Not reported in Atlas aggregate,ECDC Surveillance Atlas aggregate,https://atlas.ecdc.europa.eu/public/
EU_EEA,Slovenia,SVN,2013,Escherichia coli,Blood/invasive,Carbapenems,1,1224,EARS-Net mixed/not reported,Not reported in Atlas aggregate,ECDC Surveillance Atlas aggregate,https://atlas.ecdc.europa.eu/public/
EU_EEA,Slovenia,SVN,2014,Escherichia coli,Blood/invasive,Carbapenems,0,1216,EARS-Net mixed/not reported,Not reported in Atlas aggregate,ECDC Surveillance Atlas aggregate,https://atlas.ecdc.europa.eu/public/
EU_EEA,Slovenia,SVN,2015,Escherichia coli,Blood/invasive,Carbapenems,0,1326,EARS-Net mixed/not reported,Not reported in Atlas aggregate,ECDC Surveillance Atlas aggregate,https://atlas.ecdc.europa.eu/public/
EU_EEA,Slovenia,SVN,2016,Escherichia coli,Blood/invasive,Carbapenems,0,1420,EARS-Net mixed/not reported,Not reported in Atlas aggregate,ECDC Surveillance Atlas aggregate,https://atlas.ecdc.europa.eu/public/
EU_EEA,Slovenia,SVN,2017,Escherichia coli,Blood/invasive,Carbapenems,0,1435,EARS-Net mixed/not reported,Not reported in Atlas aggregate,ECDC Surveillance Atlas aggregate,https://atlas.ecdc.europa.eu/public/
EU_EEA,Slovenia,SVN,2018,Escherichia coli,Blood/invasive,Carbapenems,0,1668,EARS-Net mixed/not reported,Not reported in Atlas aggregate,ECDC Surveillance Atlas aggregate,https://atlas.ecdc.europa.eu/public/
EU_EEA,Slovenia,SVN,2019,Escherichia coli,Blood/invasive,Carbapenems,0,1610,EARS-Net mixed/not reported,Not reported in Atlas aggregate,ECDC Surveillance Atlas aggregate,https://atlas.ecdc.europa.eu/public/
EU_EEA,Slovenia,SVN,2020,Escherichia coli,Blood/invasive,Carbapenems,0,1617,EUCAST,EUCAST required; exact version unavailable in Atlas aggregate,ECDC Surveillance Atlas aggregate,https://atlas.ecdc.europa.eu/public/
EU_EEA,Slovenia,SVN,2021,Escherichia coli,Blood/invasive,Carbapenems,0,1681,EUCAST,EUCAST required; exact version unavailable in Atlas aggregate,ECDC Surveillance Atlas aggregate,https://atlas.ecdc.europa.eu/public/
EU_EEA,Slovenia,SVN,2022,Escherichia coli,Blood/invasive,Carbapenems,0,1660,EUCAST,EUCAST required; exact version unavailable in Atlas aggregate,ECDC Surveillance Atlas aggregate,https://atlas.ecdc.europa.eu/public/
EU_EEA,Slovenia,SVN,2023,Escherichia coli,Blood/invasive,Carbapenems,1,1639,EUCAST,EUCAST required; exact version unavailable in Atlas aggregate,ECDC Surveillance Atlas aggregate,https://atlas.ecdc.europa.eu/public/
EU_EEA,Slovenia,SVN,2001,Escherichia coli,Blood/invasive,Fluoroquinolones,32,398,EARS-Net mixed/not reported,Not reported in Atlas aggregate,ECDC Surveillance Atlas aggregate,https://atlas.ecdc.europa.eu/public/
EU_EEA,Slovenia,SVN,2002,Escherichia coli,Blood/invasive,Fluoroquinolones,49,409,EARS-Net mixed/not reported,Not reported in Atlas aggregate,ECDC Surveillance Atlas aggregate,https://atlas.ecdc.europa.eu/public/
EU_EEA,Slovenia,SVN,2003,Escherichia coli,Blood/invasive,Fluoroquinolones,45,401,EARS-Net mixed/not reported,Not reported in Atlas aggregate,ECDC Surveillance Atlas aggregate,https://atlas.ecdc.europa.eu/public/
EU_EEA,Slovenia,SVN,2004,Escherichia coli,Blood/invasive,Fluoroquinolones,71,573,EARS-Net mixed/not reported,Not reported in Atlas aggregate,ECDC Surveillance Atlas aggregate,https://atlas.ecdc.europa.eu/public/
EU_EEA,Slovenia,SVN,2005,Escherichia coli,Blood/invasive,Fluoroquinolones,79,657,EARS-Net mixed/not reported,Not reported in Atlas aggregate,ECDC Surveillance Atlas aggregate,https://atlas.ecdc.europa.eu/public/
EU_EEA,Slovenia,SVN,2006,Escherichia coli,Blood/invasive,Fluoroquinolones,109,717,EARS-Net mixed/not reported,Not reported in Atlas aggregate,ECDC Surveillance Atlas aggregate,https://atlas.ecdc.europa.eu/public/
EU_EEA,Slovenia,SVN,2007,Escherichia coli,Blood/invasive,Fluoroquinolones,146,851,EARS-Net mixed/not reported,Not reported in Atlas aggregate,ECDC Surveillance Atlas aggregate,https://atlas.ecdc.europa.eu/public/
EU_EEA,Slovenia,SVN,2008,Escherichia coli,Blood/invasive,Fluoroquinolones,148,874,EARS-Net mixed/not reported,Not reported in Atlas aggregate,ECDC Surveillance Atlas aggregate,https://atlas.ecdc.europa.eu/public/
EU_EEA,Slovenia,SVN,2009,Escherichia coli,Blood/invasive,Fluoroquinolones,163,893,EARS-Net mixed/not reported,Not reported in Atlas aggregate,ECDC Surveillance Atlas aggregate,https://atlas.ecdc.europa.eu/public/
EU_EEA,Slovenia,SVN,2010,Escherichia coli,Blood/invasive,Fluoroquinolones,184,952,EARS-Net mixed/not reported,Not reported in Atlas aggregate,ECDC Surveillance Atlas aggregate,https://atlas.ecdc.europa.eu/public/
EU_EEA,Slovenia,SVN,2011,Escherichia coli,Blood/invasive,Fluoroquinolones,207,1002,EARS-Net mixed/not reported,Not reported in Atlas aggregate,ECDC Surveillance Atlas aggregate,https://atlas.ecdc.europa.eu/public/
EU_EEA,Slovenia,SVN,2012,Escherichia coli,Blood/invasive,Fluoroquinolones,250,1168,EARS-Net mixed/not reported,Not reported in Atlas aggregate,ECDC Surveillance Atlas aggregate,https://atlas.ecdc.europa.eu/public/
EU_EEA,Slovenia,SVN,2013,Escherichia coli,Blood/invasive,Fluoroquinolones,243,1224,EARS-Net mixed/not reported,Not reported in Atlas aggregate,ECDC Surveillance Atlas aggregate,https://atlas.ecdc.europa.eu/public/
EU_EEA,Slovenia,SVN,2014,Escherichia coli,Blood/invasive,Fluoroquinolones,283,1216,EARS-Net mixed/not reported,Not reported in Atlas aggregate,ECDC Surveillance Atlas aggregate,https://atlas.ecdc.europa.eu/public/
EU_EEA,Slovenia,SVN,2015,Escherichia coli,Blood/invasive,Fluoroquinolones,326,1325,EARS-Net mixed/not reported,Not reported in Atlas aggregate,ECDC Surveillance Atlas aggregate,https://atlas.ecdc.europa.eu/public/
EU_EEA,Slovenia,SVN,2016,Escherichia coli,Blood/invasive,Fluoroquinolones,363,1420,EARS-Net mixed/not reported,Not reported in Atlas aggregate,ECDC Surveillance Atlas aggregate,https://atlas.ecdc.europa.eu/public/
EU_EEA,Slovenia,SVN,2017,Escherichia coli,Blood/invasive,Fluoroquinolones,344,1383,EARS-Net mixed/not reported,Not reported in Atlas aggregate,ECDC Surveillance Atlas aggregate,https://atlas.ecdc.europa.eu/public/
EU_EEA,Slovenia,SVN,2018,Escherichia coli,Blood/invasive,Fluoroquinolones,380,1668,EARS-Net mixed/not reported,Not reported in Atlas aggregate,ECDC Surveillance Atlas aggregate,https://atlas.ecdc.europa.eu/public/
EU_EEA,Slovenia,SVN,2019,Escherichia coli,Blood/invasive,Fluoroquinolones,306,1610,EARS-Net mixed/not reported,Not reported in Atlas aggregate,ECDC Surveillance Atlas aggregate,https://atlas.ecdc.europa.eu/public/
EU_EEA,Slovenia,SVN,2020,Escherichia coli,Blood/invasive,Fluoroquinolones,293,1617,EUCAST,EUCAST required; exact version unavailable in Atlas aggregate,ECDC Surveillance Atlas aggregate,https://atlas.ecdc.europa.eu/public/
EU_EEA,Slovenia,SVN,2021,Escherichia coli,Blood/invasive,Fluoroquinolones,280,1681,EUCAST,EUCAST required; exact version unavailable in Atlas aggregate,ECDC Surveillance Atlas aggregate,https://atlas.ecdc.europa.eu/public/
EU_EEA,Slovenia,SVN,2022,Escherichia coli,Blood/invasive,Fluoroquinolones,275,1660,EUCAST,EUCAST required; exact version unavailable in Atlas aggregate,ECDC Surveillance Atlas aggregate,https://atlas.ecdc.europa.eu/public/
EU_EEA,Slovenia,SVN,2023,Escherichia coli,Blood/invasive,Fluoroquinolones,261,1639,EUCAST,EUCAST required; exact version unavailable in Atlas aggregate,ECDC Surveillance Atlas aggregate,https://atlas.ecdc.europa.eu/public/
EU_EEA,Slovenia,SVN,2001,Escherichia coli,Blood/invasive,Third-generation cephalosporins,1,398,EARS-Net mixed/not reported,Not reported in Atlas aggregate,ECDC Surveillance Atlas aggregate,https://atlas.ecdc.europa.eu/public/
EU_EEA,Slovenia,SVN,2002,Escherichia coli,Blood/invasive,Third-generation cephalosporins,5,409,EARS-Net mixed/not reported,Not reported in Atlas aggregate,ECDC Surveillance Atlas aggregate,https://atlas.ecdc.europa.eu/public/
EU_EEA,Slovenia,SVN,2003,Escherichia coli,Blood/invasive,Third-generation cephalosporins,3,401,EARS-Net mixed/not reported,Not reported in Atlas aggregate,ECDC Surveillance Atlas aggregate,https://atlas.ecdc.europa.eu/public/
EU_EEA,Slovenia,SVN,2004,Escherichia coli,Blood/invasive,Third-generation cephalosporins,8,573,EARS-Net mixed/not reported,Not reported in Atlas aggregate,ECDC Surveillance Atlas aggregate,https://atlas.ecdc.europa.eu/public/
EU_EEA,Slovenia,SVN,2005,Escherichia coli,Blood/invasive,Third-generation cephalosporins,11,657,EARS-Net mixed/not reported,Not reported in Atlas aggregate,ECDC Surveillance Atlas aggregate,https://atlas.ecdc.europa.eu/public/
EU_EEA,Slovenia,SVN,2006,Escherichia coli,Blood/invasive,Third-generation cephalosporins,12,717,EARS-Net mixed/not reported,Not reported in Atlas aggregate,ECDC Surveillance Atlas aggregate,https://atlas.ecdc.europa.eu/public/
EU_EEA,Slovenia,SVN,2007,Escherichia coli,Blood/invasive,Third-generation cephalosporins,36,851,EARS-Net mixed/not reported,Not reported in Atlas aggregate,ECDC Surveillance Atlas aggregate,https://atlas.ecdc.europa.eu/public/
EU_EEA,Slovenia,SVN,2008,Escherichia coli,Blood/invasive,Third-generation cephalosporins,37,874,EARS-Net mixed/not reported,Not reported in Atlas aggregate,ECDC Surveillance Atlas aggregate,https://atlas.ecdc.europa.eu/public/
EU_EEA,Slovenia,SVN,2009,Escherichia coli,Blood/invasive,Third-generation cephalosporins,41,893,EARS-Net mixed/not reported,Not reported in Atlas aggregate,ECDC Surveillance Atlas aggregate,https://atlas.ecdc.europa.eu/public/
EU_EEA,Slovenia,SVN,2010,Escherichia coli,Blood/invasive,Third-generation cephalosporins,63,952,EARS-Net mixed/not reported,Not reported in Atlas aggregate,ECDC Surveillance Atlas aggregate,https://atlas.ecdc.europa.eu/public/
EU_EEA,Slovenia,SVN,2011,Escherichia coli,Blood/invasive,Third-generation cephalosporins,88,1002,EARS-Net mixed/not reported,Not reported in Atlas aggregate,ECDC Surveillance Atlas aggregate,https://atlas.ecdc.europa.eu/public/
EU_EEA,Slovenia,SVN,2012,Escherichia coli,Blood/invasive,Third-generation cephalosporins,111,1168,EARS-Net mixed/not reported,Not reported in Atlas aggregate,ECDC Surveillance Atlas aggregate,https://atlas.ecdc.europa.eu/public/
EU_EEA,Slovenia,SVN,2013,Escherichia coli,Blood/invasive,Third-generation cephalosporins,107,1224,EARS-Net mixed/not reported,Not reported in Atlas aggregate,ECDC Surveillance Atlas aggregate,https://atlas.ecdc.europa.eu/public/
EU_EEA,Slovenia,SVN,2014,Escherichia coli,Blood/invasive,Third-generation cephalosporins,155,1216,EARS-Net mixed/not reported,Not reported in Atlas aggregate,ECDC Surveillance Atlas aggregate,https://atlas.ecdc.europa.eu/public/
EU_EEA,Slovenia,SVN,2015,Escherichia coli,Blood/invasive,Third-generation cephalosporins,181,1326,EARS-Net mixed/not reported,Not reported in Atlas aggregate,ECDC Surveillance Atlas aggregate,https://atlas.ecdc.europa.eu/public/
EU_EEA,Slovenia,SVN,2016,Escherichia coli,Blood/invasive,Third-generation cephalosporins,178,1420,EARS-Net mixed/not reported,Not reported in Atlas aggregate,ECDC Surveillance Atlas aggregate,https://atlas.ecdc.europa.eu/public/
EU_EEA,Slovenia,SVN,2017,Escherichia coli,Blood/invasive,Third-generation cephalosporins,179,1435,EARS-Net mixed/not reported,Not reported in Atlas aggregate,ECDC Surveillance Atlas aggregate,https://atlas.ecdc.europa.eu/public/
EU_EEA,Slovenia,SVN,2018,Escherichia coli,Blood/invasive,Third-generation cephalosporins,189,1668,EARS-Net mixed/not reported,Not reported in Atlas aggregate,ECDC Surveillance Atlas aggregate,https://atlas.ecdc.europa.eu/public/
EU_EEA,Slovenia,SVN,2019,Escherichia coli,Blood/invasive,Third-generation cephalosporins,158,1610,EARS-Net mixed/not reported,Not reported in Atlas aggregate,ECDC Surveillance Atlas aggregate,https://atlas.ecdc.europa.eu/public/
EU_EEA,Slovenia,SVN,2020,Escherichia coli,Blood/invasive,Third-generation cephalosporins,171,1617,EUCAST,EUCAST required; exact version unavailable in Atlas aggregate,ECDC Surveillance Atlas aggregate,https://atlas.ecdc.europa.eu/public/
EU_EEA,Slovenia,SVN,2021,Escherichia coli,Blood/invasive,Third-generation cephalosporins,156,1681,EUCAST,EUCAST required; exact version unavailable in Atlas aggregate,ECDC Surveillance Atlas aggregate,https://atlas.ecdc.europa.eu/public/
EU_EEA,Slovenia,SVN,2022,Escherichia coli,Blood/invasive,Third-generation cephalosporins,155,1660,EUCAST,EUCAST required; exact version unavailable in Atlas aggregate,ECDC Surveillance Atlas aggregate,https://atlas.ecdc.europa.eu/public/
EU_EEA,Slovenia,SVN,2023,Escherichia coli,Blood/invasive,Third-generation cephalosporins,142,1639,EUCAST,EUCAST required; exact version unavailable in Atlas aggregate,ECDC Surveillance Atlas aggregate,https://atlas.ecdc.europa.eu/public/
EU_EEA,Sweden,SWE,2001,Escherichia coli,Blood/invasive,Aminoglycosides,11,1239,EARS-Net mixed/not reported,Not reported in Atlas aggregate,ECDC Surveillance Atlas aggregate,https://atlas.ecdc.europa.eu/public/
EU_EEA,Sweden,SWE,2002,Escherichia coli,Blood/invasive,Aminoglycosides,7,1581,EARS-Net mixed/not reported,Not reported in Atlas aggregate,ECDC Surveillance Atlas aggregate,https://atlas.ecdc.europa.eu/public/
EU_EEA,Sweden,SWE,2003,Escherichia coli,Blood/invasive,Aminoglycosides,29,2819,EARS-Net mixed/not reported,Not reported in Atlas aggregate,ECDC Surveillance Atlas aggregate,https://atlas.ecdc.europa.eu/public/
EU_EEA,Sweden,SWE,2004,Escherichia coli,Blood/invasive,Aminoglycosides,39,3314,EARS-Net mixed/not reported,Not reported in Atlas aggregate,ECDC Surveillance Atlas aggregate,https://atlas.ecdc.europa.eu/public/
EU_EEA,Sweden,SWE,2005,Escherichia coli,Blood/invasive,Aminoglycosides,43,3190,EARS-Net mixed/not reported,Not reported in Atlas aggregate,ECDC Surveillance Atlas aggregate,https://atlas.ecdc.europa.eu/public/
EU_EEA,Sweden,SWE,2006,Escherichia coli,Blood/invasive,Aminoglycosides,55,3521,EARS-Net mixed/not reported,Not reported in Atlas aggregate,ECDC Surveillance Atlas aggregate,https://atlas.ecdc.europa.eu/public/
EU_EEA,Sweden,SWE,2007,Escherichia coli,Blood/invasive,Aminoglycosides,84,3743,EARS-Net mixed/not reported,Not reported in Atlas aggregate,ECDC Surveillance Atlas aggregate,https://atlas.ecdc.europa.eu/public/
EU_EEA,Sweden,SWE,2008,Escherichia coli,Blood/invasive,Aminoglycosides,91,4027,EARS-Net mixed/not reported,Not reported in Atlas aggregate,ECDC Surveillance Atlas aggregate,https://atlas.ecdc.europa.eu/public/
EU_EEA,Sweden,SWE,2009,Escherichia coli,Blood/invasive,Aminoglycosides,1,1,EARS-Net mixed/not reported,Not reported in Atlas aggregate,ECDC Surveillance Atlas aggregate,https://atlas.ecdc.europa.eu/public/
EU_EEA,Sweden,SWE,2010,Escherichia coli,Blood/invasive,Aminoglycosides,146,4239,EARS-Net mixed/not reported,Not reported in Atlas aggregate,ECDC Surveillance Atlas aggregate,https://atlas.ecdc.europa.eu/public/
EU_EEA,Sweden,SWE,2011,Escherichia coli,Blood/invasive,Aminoglycosides,230,4829,EARS-Net mixed/not reported,Not reported in Atlas aggregate,ECDC Surveillance Atlas aggregate,https://atlas.ecdc.europa.eu/public/
EU_EEA,Sweden,SWE,2012,Escherichia coli,Blood/invasive,Aminoglycosides,322,5537,EARS-Net mixed/not reported,Not reported in Atlas aggregate,ECDC Surveillance Atlas aggregate,https://atlas.ecdc.europa.eu/public/
EU_EEA,Sweden,SWE,2013,Escherichia coli,Blood/invasive,Aminoglycosides,429,7100,EARS-Net mixed/not reported,Not reported in Atlas aggregate,ECDC Surveillance Atlas aggregate,https://atlas.ecdc.europa.eu/public/
EU_EEA,Sweden,SWE,2014,Escherichia coli,Blood/invasive,Aminoglycosides,340,5606,EARS-Net mixed/not reported,Not reported in Atlas aggregate,ECDC Surveillance Atlas aggregate,https://atlas.ecdc.europa.eu/public/
EU_EEA,Sweden,SWE,2015,Escherichia coli,Blood/invasive,Aminoglycosides,370,5761,EARS-Net mixed/not reported,Not reported in Atlas aggregate,ECDC Surveillance Atlas aggregate,https://atlas.ecdc.europa.eu/public/
EU_EEA,Sweden,SWE,2016,Escherichia coli,Blood/invasive,Aminoglycosides,502,6949,EARS-Net mixed/not reported,Not reported in Atlas aggregate,ECDC Surveillance Atlas aggregate,https://atlas.ecdc.europa.eu/public/
EU_EEA,Sweden,SWE,2017,Escherichia coli,Blood/invasive,Aminoglycosides,374,5758,EARS-Net mixed/not reported,Not reported in Atlas aggregate,ECDC Surveillance Atlas aggregate,https://atlas.ecdc.europa.eu/public/
EU_EEA,Sweden,SWE,2018,Escherichia coli,Blood/invasive,Aminoglycosides,416,5378,EARS-Net mixed/not reported,Not reported in Atlas aggregate,ECDC Surveillance Atlas aggregate,https://atlas.ecdc.europa.eu/public/
EU_EEA,Sweden,SWE,2019,Escherichia coli,Blood/invasive,Aminoglycosides,566,9410,EARS-Net mixed/not reported,Not reported in Atlas aggregate,ECDC Surveillance Atlas aggregate,https://atlas.ecdc.europa.eu/public/
EU_EEA,Sweden,SWE,2020,Escherichia coli,Blood/invasive,Aminoglycosides,579,9840,EUCAST,EUCAST required; exact version unavailable in Atlas aggregate,ECDC Surveillance Atlas aggregate,https://atlas.ecdc.europa.eu/public/
EU_EEA,Sweden,SWE,2021,Escherichia coli,Blood/invasive,Aminoglycosides,616,10299,EUCAST,EUCAST required; exact version unavailable in Atlas aggregate,ECDC Surveillance Atlas aggregate,https://atlas.ecdc.europa.eu/public/
EU_EEA,Sweden,SWE,2022,Escherichia coli,Blood/invasive,Aminoglycosides,597,10549,EUCAST,EUCAST required; exact version unavailable in Atlas aggregate,ECDC Surveillance Atlas aggregate,https://atlas.ecdc.europa.eu/public/
EU_EEA,Sweden,SWE,2023,Escherichia coli,Blood/invasive,Aminoglycosides,660,10714,EUCAST,EUCAST required; exact version unavailable in Atlas aggregate,ECDC Surveillance Atlas aggregate,https://atlas.ecdc.europa.eu/public/
EU_EEA,Sweden,SWE,2000,Escherichia coli,Blood/invasive,Aminopenicillins,0,1,EARS-Net mixed/not reported,Not reported in Atlas aggregate,ECDC Surveillance Atlas aggregate,https://atlas.ecdc.europa.eu/public/
EU_EEA,Sweden,SWE,2001,Escherichia coli,Blood/invasive,Aminopenicillins,401,1513,EARS-Net mixed/not reported,Not reported in Atlas aggregate,ECDC Surveillance Atlas aggregate,https://atlas.ecdc.europa.eu/public/
EU_EEA,Sweden,SWE,2002,Escherichia coli,Blood/invasive,Aminopenicillins,436,1753,EARS-Net mixed/not reported,Not reported in Atlas aggregate,ECDC Surveillance Atlas aggregate,https://atlas.ecdc.europa.eu/public/
EU_EEA,Sweden,SWE,2003,Escherichia coli,Blood/invasive,Aminopenicillins,558,1953,EARS-Net mixed/not reported,Not reported in Atlas aggregate,ECDC Surveillance Atlas aggregate,https://atlas.ecdc.europa.eu/public/
EU_EEA,Sweden,SWE,2004,Escherichia coli,Blood/invasive,Aminopenicillins,465,2020,EARS-Net mixed/not reported,Not reported in Atlas aggregate,ECDC Surveillance Atlas aggregate,https://atlas.ecdc.europa.eu/public/
EU_EEA,Sweden,SWE,2005,Escherichia coli,Blood/invasive,Aminopenicillins,497,1906,EARS-Net mixed/not reported,Not reported in Atlas aggregate,ECDC Surveillance Atlas aggregate,https://atlas.ecdc.europa.eu/public/
EU_EEA,Sweden,SWE,2006,Escherichia coli,Blood/invasive,Aminopenicillins,580,2038,EARS-Net mixed/not reported,Not reported in Atlas aggregate,ECDC Surveillance Atlas aggregate,https://atlas.ecdc.europa.eu/public/
EU_EEA,Sweden,SWE,2007,Escherichia coli,Blood/invasive,Aminopenicillins,671,2041,EARS-Net mixed/not reported,Not reported in Atlas aggregate,ECDC Surveillance Atlas aggregate,https://atlas.ecdc.europa.eu/public/
EU_EEA,Sweden,SWE,2008,Escherichia coli,Blood/invasive,Aminopenicillins,712,2229,EARS-Net mixed/not reported,Not reported in Atlas aggregate,ECDC Surveillance Atlas aggregate,https://atlas.ecdc.europa.eu/public/
EU_EEA,Sweden,SWE,2010,Escherichia coli,Blood/invasive,Aminopenicillins,324,940,EARS-Net mixed/not reported,Not reported in Atlas aggregate,ECDC Surveillance Atlas aggregate,https://atlas.ecdc.europa.eu/public/
EU_EEA,Sweden,SWE,2011,Escherichia coli,Blood/invasive,Aminopenicillins,122,352,EARS-Net mixed/not reported,Not reported in Atlas aggregate,ECDC Surveillance Atlas aggregate,https://atlas.ecdc.europa.eu/public/
EU_EEA,Sweden,SWE,2012,Escherichia coli,Blood/invasive,Aminopenicillins,65,230,EARS-Net mixed/not reported,Not reported in Atlas aggregate,ECDC Surveillance Atlas aggregate,https://atlas.ecdc.europa.eu/public/
EU_EEA,Sweden,SWE,2013,Escherichia coli,Blood/invasive,Aminopenicillins,154,452,EARS-Net mixed/not reported,Not reported in Atlas aggregate,ECDC Surveillance Atlas aggregate,https://atlas.ecdc.europa.eu/public/
EU_EEA,Sweden,SWE,2015,Escherichia coli,Blood/invasive,Aminopenicillins,135,396,EARS-Net mixed/not reported,Not reported in Atlas aggregate,ECDC Surveillance Atlas aggregate,https://atlas.ecdc.europa.eu/public/
EU_EEA,Sweden,SWE,2005,Escherichia coli,Blood/invasive,Carbapenems,0,46,EARS-Net mixed/not reported,Not reported in Atlas aggregate,ECDC Surveillance Atlas aggregate,https://atlas.ecdc.europa.eu/public/
EU_EEA,Sweden,SWE,2006,Escherichia coli,Blood/invasive,Carbapenems,0,1,EARS-Net mixed/not reported,Not reported in Atlas aggregate,ECDC Surveillance Atlas aggregate,https://atlas.ecdc.europa.eu/public/
EU_EEA,Sweden,SWE,2007,Escherichia coli,Blood/invasive,Carbapenems,0,3099,EARS-Net mixed/not reported,Not reported in Atlas aggregate,ECDC Surveillance Atlas aggregate,https://atlas.ecdc.europa.eu/public/
EU_EEA,Sweden,SWE,2008,Escherichia coli,Blood/invasive,Carbapenems,0,3154,EARS-Net mixed/not reported,Not reported in Atlas aggregate,ECDC Surveillance Atlas aggregate,https://atlas.ecdc.europa.eu/public/
EU_EEA,Sweden,SWE,2009,Escherichia coli,Blood/invasive,Carbapenems,0,1,EARS-Net mixed/not reported,Not reported in Atlas aggregate,ECDC Surveillance Atlas aggregate,https://atlas.ecdc.europa.eu/public/
EU_EEA,Sweden,SWE,2010,Escherichia coli,Blood/invasive,Carbapenems,1,3866,EARS-Net mixed/not reported,Not reported in Atlas aggregate,ECDC Surveillance Atlas aggregate,https://atlas.ecdc.europa.eu/public/
EU_EEA,Sweden,SWE,2011,Escherichia coli,Blood/invasive,Carbapenems,0,5092,EARS-Net mixed/not reported,Not reported in Atlas aggregate,ECDC Surveillance Atlas aggregate,https://atlas.ecdc.europa.eu/public/
EU_EEA,Sweden,SWE,2012,Escherichia coli,Blood/invasive,Carbapenems,1,5529,EARS-Net mixed/not reported,Not reported in Atlas aggregate,ECDC Surveillance Atlas aggregate,https://atlas.ecdc.europa.eu/public/
EU_EEA,Sweden,SWE,2013,Escherichia coli,Blood/invasive,Carbapenems,2,7347,EARS-Net mixed/not reported,Not reported in Atlas aggregate,ECDC Surveillance Atlas aggregate,https://atlas.ecdc.europa.eu/public/
EU_EEA,Sweden,SWE,2014,Escherichia coli,Blood/invasive,Carbapenems,0,6298,EARS-Net mixed/not reported,Not reported in Atlas aggregate,ECDC Surveillance Atlas aggregate,https://atlas.ecdc.europa.eu/public/
EU_EEA,Sweden,SWE,2015,Escherichia coli,Blood/invasive,Carbapenems,4,5307,EARS-Net mixed/not reported,Not reported in Atlas aggregate,ECDC Surveillance Atlas aggregate,https://atlas.ecdc.europa.eu/public/
EU_EEA,Sweden,SWE,2016,Escherichia coli,Blood/invasive,Carbapenems,6,6927,EARS-Net mixed/not reported,Not reported in Atlas aggregate,ECDC Surveillance Atlas aggregate,https://atlas.ecdc.europa.eu/public/
EU_EEA,Sweden,SWE,2017,Escherichia coli,Blood/invasive,Carbapenems,1,5769,EARS-Net mixed/not reported,Not reported in Atlas aggregate,ECDC Surveillance Atlas aggregate,https://atlas.ecdc.europa.eu/public/
EU_EEA,Sweden,SWE,2018,Escherichia coli,Blood/invasive,Carbapenems,1,5388,EARS-Net mixed/not reported,Not reported in Atlas aggregate,ECDC Surveillance Atlas aggregate,https://atlas.ecdc.europa.eu/public/
EU_EEA,Sweden,SWE,2019,Escherichia coli,Blood/invasive,Carbapenems,2,9413,EARS-Net mixed/not reported,Not reported in Atlas aggregate,ECDC Surveillance Atlas aggregate,https://atlas.ecdc.europa.eu/public/
EU_EEA,Sweden,SWE,2020,Escherichia coli,Blood/invasive,Carbapenems,1,9846,EUCAST,EUCAST required; exact version unavailable in Atlas aggregate,ECDC Surveillance Atlas aggregate,https://atlas.ecdc.europa.eu/public/
EU_EEA,Sweden,SWE,2021,Escherichia coli,Blood/invasive,Carbapenems,6,10626,EUCAST,EUCAST required; exact version unavailable in Atlas aggregate,ECDC Surveillance Atlas aggregate,https://atlas.ecdc.europa.eu/public/
EU_EEA,Sweden,SWE,2022,Escherichia coli,Blood/invasive,Carbapenems,4,10558,EUCAST,EUCAST required; exact version unavailable in Atlas aggregate,ECDC Surveillance Atlas aggregate,https://atlas.ecdc.europa.eu/public/
EU_EEA,Sweden,SWE,2023,Escherichia coli,Blood/invasive,Carbapenems,4,10714,EUCAST,EUCAST required; exact version unavailable in Atlas aggregate,ECDC Surveillance Atlas aggregate,https://atlas.ecdc.europa.eu/public/
EU_EEA,Sweden,SWE,2000,Escherichia coli,Blood/invasive,Fluoroquinolones,0,1,EARS-Net mixed/not reported,Not reported in Atlas aggregate,ECDC Surveillance Atlas aggregate,https://atlas.ecdc.europa.eu/public/
EU_EEA,Sweden,SWE,2001,Escherichia coli,Blood/invasive,Fluoroquinolones,85,2273,EARS-Net mixed/not reported,Not reported in Atlas aggregate,ECDC Surveillance Atlas aggregate,https://atlas.ecdc.europa.eu/public/
EU_EEA,Sweden,SWE,2002,Escherichia coli,Blood/invasive,Fluoroquinolones,123,2414,EARS-Net mixed/not reported,Not reported in Atlas aggregate,ECDC Surveillance Atlas aggregate,https://atlas.ecdc.europa.eu/public/
EU_EEA,Sweden,SWE,2003,Escherichia coli,Blood/invasive,Fluoroquinolones,205,3121,EARS-Net mixed/not reported,Not reported in Atlas aggregate,ECDC Surveillance Atlas aggregate,https://atlas.ecdc.europa.eu/public/
EU_EEA,Sweden,SWE,2004,Escherichia coli,Blood/invasive,Fluoroquinolones,253,3337,EARS-Net mixed/not reported,Not reported in Atlas aggregate,ECDC Surveillance Atlas aggregate,https://atlas.ecdc.europa.eu/public/
EU_EEA,Sweden,SWE,2005,Escherichia coli,Blood/invasive,Fluoroquinolones,192,3037,EARS-Net mixed/not reported,Not reported in Atlas aggregate,ECDC Surveillance Atlas aggregate,https://atlas.ecdc.europa.eu/public/
EU_EEA,Sweden,SWE,2006,Escherichia coli,Blood/invasive,Fluoroquinolones,258,3244,EARS-Net mixed/not reported,Not reported in Atlas aggregate,ECDC Surveillance Atlas aggregate,https://atlas.ecdc.europa.eu/public/
EU_EEA,Sweden,SWE,2007,Escherichia coli,Blood/invasive,Fluoroquinolones,384,3720,EARS-Net mixed/not reported,Not reported in Atlas aggregate,ECDC Surveillance Atlas aggregate,https://atlas.ecdc.europa.eu/public/
EU_EEA,Sweden,SWE,2008,Escherichia coli,Blood/invasive,Fluoroquinolones,368,3580,EARS-Net mixed/not reported,Not reported in Atlas aggregate,ECDC Surveillance Atlas aggregate,https://atlas.ecdc.europa.eu/public/
EU_EEA,Sweden,SWE,2009,Escherichia coli,Blood/invasive,Fluoroquinolones,1,1,EARS-Net mixed/not reported,Not reported in Atlas aggregate,ECDC Surveillance Atlas aggregate,https://atlas.ecdc.europa.eu/public/
EU_EEA,Sweden,SWE,2010,Escherichia coli,Blood/invasive,Fluoroquinolones,420,3998,EARS-Net mixed/not reported,Not reported in Atlas aggregate,ECDC Surveillance Atlas aggregate,https://atlas.ecdc.europa.eu/public/
EU_EEA,Sweden,SWE,2011,Escherichia coli,Blood/invasive,Fluoroquinolones,513,5101,EARS-Net mixed/not reported,Not reported in Atlas aggregate,ECDC Surveillance Atlas aggregate,https://atlas.ecdc.europa.eu/public/
EU_EEA,Sweden,SWE,2012,Escherichia coli,Blood/invasive,Fluoroquinolones,614,5537,EARS-Net mixed/not reported,Not reported in Atlas aggregate,ECDC Surveillance Atlas aggregate,https://atlas.ecdc.europa.eu/public/
EU_EEA,Sweden,SWE,2013,Escherichia coli,Blood/invasive,Fluoroquinolones,852,7356,EARS-Net mixed/not reported,Not reported in Atlas aggregate,ECDC Surveillance Atlas aggregate,https://atlas.ecdc.europa.eu/public/
EU_EEA,Sweden,SWE,2014,Escherichia coli,Blood/invasive,Fluoroquinolones,581,5142,EARS-Net mixed/not reported,Not reported in Atlas aggregate,ECDC Surveillance Atlas aggregate,https://atlas.ecdc.europa.eu/public/
EU_EEA,Sweden,SWE,2015,Escherichia coli,Blood/invasive,Fluoroquinolones,697,5525,EARS-Net mixed/not reported,Not reported in Atlas aggregate,ECDC Surveillance Atlas aggregate,https://atlas.ecdc.europa.eu/public/
EU_EEA,Sweden,SWE,2016,Escherichia coli,Blood/invasive,Fluoroquinolones,949,6947,EARS-Net mixed/not reported,Not reported in Atlas aggregate,ECDC Surveillance Atlas aggregate,https://atlas.ecdc.europa.eu/public/
EU_EEA,Sweden,SWE,2017,Escherichia coli,Blood/invasive,Fluoroquinolones,910,5762,EARS-Net mixed/not reported,Not reported in Atlas aggregate,ECDC Surveillance Atlas aggregate,https://atlas.ecdc.europa.eu/public/
EU_EEA,Sweden,SWE,2018,Escherichia coli,Blood/invasive,Fluoroquinolones,971,5378,EARS-Net mixed/not reported,Not reported in Atlas aggregate,ECDC Surveillance Atlas aggregate,https://atlas.ecdc.europa.eu/public/
EU_EEA,Sweden,SWE,2019,Escherichia coli,Blood/invasive,Fluoroquinolones,1492,9412,EARS-Net mixed/not reported,Not reported in Atlas aggregate,ECDC Surveillance Atlas aggregate,https://atlas.ecdc.europa.eu/public/
EU_EEA,Sweden,SWE,2020,Escherichia coli,Blood/invasive,Fluoroquinolones,1380,9798,EUCAST,EUCAST required; exact version unavailable in Atlas aggregate,ECDC Surveillance Atlas aggregate,https://atlas.ecdc.europa.eu/public/
EU_EEA,Sweden,SWE,2021,Escherichia coli,Blood/invasive,Fluoroquinolones,1444,10570,EUCAST,EUCAST required; exact version unavailable in Atlas aggregate,ECDC Surveillance Atlas aggregate,https://atlas.ecdc.europa.eu/public/
EU_EEA,Sweden,SWE,2022,Escherichia coli,Blood/invasive,Fluoroquinolones,1453,10513,EUCAST,EUCAST required; exact version unavailable in Atlas aggregate,ECDC Surveillance Atlas aggregate,https://atlas.ecdc.europa.eu/public/
EU_EEA,Sweden,SWE,2023,Escherichia coli,Blood/invasive,Fluoroquinolones,1574,10674,EUCAST,EUCAST required; exact version unavailable in Atlas aggregate,ECDC Surveillance Atlas aggregate,https://atlas.ecdc.europa.eu/public/
EU_EEA,Sweden,SWE,2000,Escherichia coli,Blood/invasive,Third-generation cephalosporins,0,1,EARS-Net mixed/not reported,Not reported in Atlas aggregate,ECDC Surveillance Atlas aggregate,https://atlas.ecdc.europa.eu/public/
EU_EEA,Sweden,SWE,2001,Escherichia coli,Blood/invasive,Third-generation cephalosporins,9,2627,EARS-Net mixed/not reported,Not reported in Atlas aggregate,ECDC Surveillance Atlas aggregate,https://atlas.ecdc.europa.eu/public/
EU_EEA,Sweden,SWE,2002,Escherichia coli,Blood/invasive,Third-generation cephalosporins,10,3062,EARS-Net mixed/not reported,Not reported in Atlas aggregate,ECDC Surveillance Atlas aggregate,https://atlas.ecdc.europa.eu/public/
EU_EEA,Sweden,SWE,2003,Escherichia coli,Blood/invasive,Third-generation cephalosporins,14,3301,EARS-Net mixed/not reported,Not reported in Atlas aggregate,ECDC Surveillance Atlas aggregate,https://atlas.ecdc.europa.eu/public/
EU_EEA,Sweden,SWE,2004,Escherichia coli,Blood/invasive,Third-generation cephalosporins,24,3291,EARS-Net mixed/not reported,Not reported in Atlas aggregate,ECDC Surveillance Atlas aggregate,https://atlas.ecdc.europa.eu/public/
EU_EEA,Sweden,SWE,2005,Escherichia coli,Blood/invasive,Third-generation cephalosporins,41,3200,EARS-Net mixed/not reported,Not reported in Atlas aggregate,ECDC Surveillance Atlas aggregate,https://atlas.ecdc.europa.eu/public/
EU_EEA,Sweden,SWE,2006,Escherichia coli,Blood/invasive,Third-generation cephalosporins,54,3539,EARS-Net mixed/not reported,Not reported in Atlas aggregate,ECDC Surveillance Atlas aggregate,https://atlas.ecdc.europa.eu/public/
EU_EEA,Sweden,SWE,2007,Escherichia coli,Blood/invasive,Third-generation cephalosporins,85,3747,EARS-Net mixed/not reported,Not reported in Atlas aggregate,ECDC Surveillance Atlas aggregate,https://atlas.ecdc.europa.eu/public/
EU_EEA,Sweden,SWE,2008,Escherichia coli,Blood/invasive,Third-generation cephalosporins,91,4030,EARS-Net mixed/not reported,Not reported in Atlas aggregate,ECDC Surveillance Atlas aggregate,https://atlas.ecdc.europa.eu/public/
EU_EEA,Sweden,SWE,2009,Escherichia coli,Blood/invasive,Third-generation cephalosporins,1,1,EARS-Net mixed/not reported,Not reported in Atlas aggregate,ECDC Surveillance Atlas aggregate,https://atlas.ecdc.europa.eu/public/
EU_EEA,Sweden,SWE,2010,Escherichia coli,Blood/invasive,Third-generation cephalosporins,130,4470,EARS-Net mixed/not reported,Not reported in Atlas aggregate,ECDC Surveillance Atlas aggregate,https://atlas.ecdc.europa.eu/public/
EU_EEA,Sweden,SWE,2011,Escherichia coli,Blood/invasive,Third-generation cephalosporins,186,5102,EARS-Net mixed/not reported,Not reported in Atlas aggregate,ECDC Surveillance Atlas aggregate,https://atlas.ecdc.europa.eu/public/
EU_EEA,Sweden,SWE,2012,Escherichia coli,Blood/invasive,Third-generation cephalosporins,247,5537,EARS-Net mixed/not reported,Not reported in Atlas aggregate,ECDC Surveillance Atlas aggregate,https://atlas.ecdc.europa.eu/public/
EU_EEA,Sweden,SWE,2013,Escherichia coli,Blood/invasive,Third-generation cephalosporins,392,7532,EARS-Net mixed/not reported,Not reported in Atlas aggregate,ECDC Surveillance Atlas aggregate,https://atlas.ecdc.europa.eu/public/
EU_EEA,Sweden,SWE,2014,Escherichia coli,Blood/invasive,Third-generation cephalosporins,364,6546,EARS-Net mixed/not reported,Not reported in Atlas aggregate,ECDC Surveillance Atlas aggregate,https://atlas.ecdc.europa.eu/public/
EU_EEA,Sweden,SWE,2015,Escherichia coli,Blood/invasive,Third-generation cephalosporins,374,5995,EARS-Net mixed/not reported,Not reported in Atlas aggregate,ECDC Surveillance Atlas aggregate,https://atlas.ecdc.europa.eu/public/
EU_EEA,Sweden,SWE,2016,Escherichia coli,Blood/invasive,Third-generation cephalosporins,575,6958,EARS-Net mixed/not reported,Not reported in Atlas aggregate,ECDC Surveillance Atlas aggregate,https://atlas.ecdc.europa.eu/public/
EU_EEA,Sweden,SWE,2017,Escherichia coli,Blood/invasive,Third-generation cephalosporins,426,5790,EARS-Net mixed/not reported,Not reported in Atlas aggregate,ECDC Surveillance Atlas aggregate,https://atlas.ecdc.europa.eu/public/
EU_EEA,Sweden,SWE,2018,Escherichia coli,Blood/invasive,Third-generation cephalosporins,449,5390,EARS-Net mixed/not reported,Not reported in Atlas aggregate,ECDC Surveillance Atlas aggregate,https://atlas.ecdc.europa.eu/public/
EU_EEA,Sweden,SWE,2019,Escherichia coli,Blood/invasive,Third-generation cephalosporins,737,9419,EARS-Net mixed/not reported,Not reported in Atlas aggregate,ECDC Surveillance Atlas aggregate,https://atlas.ecdc.europa.eu/public/
EU_EEA,Sweden,SWE,2020,Escherichia coli,Blood/invasive,Third-generation cephalosporins,775,9852,EUCAST,EUCAST required; exact version unavailable in Atlas aggregate,ECDC Surveillance Atlas aggregate,https://atlas.ecdc.europa.eu/public/
EU_EEA,Sweden,SWE,2021,Escherichia coli,Blood/invasive,Third-generation cephalosporins,757,10633,EUCAST,EUCAST required; exact version unavailable in Atlas aggregate,ECDC Surveillance Atlas aggregate,https://atlas.ecdc.europa.eu/public/
EU_EEA,Sweden,SWE,2022,Escherichia coli,Blood/invasive,Third-generation cephalosporins,793,10563,EUCAST,EUCAST required; exact version unavailable in Atlas aggregate,ECDC Surveillance Atlas aggregate,https://atlas.ecdc.europa.eu/public/
EU_EEA,Sweden,SWE,2023,Escherichia coli,Blood/invasive,Third-generation cephalosporins,850,10725,EUCAST,EUCAST required; exact version unavailable in Atlas aggregate,ECDC Surveillance Atlas aggregate,https://atlas.ecdc.europa.eu/public/
