country,iso3,year,sector,antibiotic_family,ddd_per_1000_per_day,access_pct,broad_narrow_ratio,oral_parenteral_ratio,reserve_pct,source_url
Austria,AUT,2013,community,J01C_penicillins,5.2907,,,,,https://www.ecdc.europa.eu/en/publications-data/downloadable-tables-antimicrobial-consumption-annual-epidemiological-report-2022
Austria,AUT,2013,community,J01D_other_beta_lactams,1.9557,,,,,https://www.ecdc.europa.eu/en/publications-data/downloadable-tables-antimicrobial-consumption-annual-epidemiological-report-2022
Austria,AUT,2013,community,J01M_quinolones,1.4661,,,,,https://www.ecdc.europa.eu/en/publications-data/downloadable-tables-antimicrobial-consumption-annual-epidemiological-report-2022
Austria,AUT,2014,community,J01C_penicillins,4.6528,,,,,https://www.ecdc.europa.eu/en/publications-data/downloadable-tables-antimicrobial-consumption-annual-epidemiological-report-2022
Austria,AUT,2014,community,J01D_other_beta_lactams,1.4864,,,,,https://www.ecdc.europa.eu/en/publications-data/downloadable-tables-antimicrobial-consumption-annual-epidemiological-report-2022
Austria,AUT,2014,community,J01M_quinolones,1.2968999999999997,,,,,https://www.ecdc.europa.eu/en/publications-data/downloadable-tables-antimicrobial-consumption-annual-epidemiological-report-2022
Austria,AUT,2015,community,J01C_penicillins,4.7178,,,,,https://www.ecdc.europa.eu/en/publications-data/downloadable-tables-antimicrobial-consumption-annual-epidemiological-report-2022
Austria,AUT,2015,community,J01D_other_beta_lactams,1.4445000000000001,,,,,https://www.ecdc.europa.eu/en/publications-data/downloadable-tables-antimicrobial-consumption-annual-epidemiological-report-2022
Austria,AUT,2015,community,J01M_quinolones,1.3141,,,,,https://www.ecdc.europa.eu/en/publications-data/downloadable-tables-antimicrobial-consumption-annual-epidemiological-report-2022
Austria,AUT,2016,community,J01C_penicillins,4.667,,,,,https://www.ecdc.europa.eu/en/publications-data/downloadable-tables-antimicrobial-consumption-annual-epidemiological-report-2022
Austria,AUT,2016,community,J01D_other_beta_lactams,1.4095,,,,,https://www.ecdc.europa.eu/en/publications-data/downloadable-tables-antimicrobial-consumption-annual-epidemiological-report-2022
Austria,AUT,2016,community,J01M_quinolones,1.2005000000000001,,,,,https://www.ecdc.europa.eu/en/publications-data/downloadable-tables-antimicrobial-consumption-annual-epidemiological-report-2022
Austria,AUT,2017,community,J01C_penicillins,5.1217,,,,,https://www.ecdc.europa.eu/en/publications-data/downloadable-tables-antimicrobial-consumption-annual-epidemiological-report-2022
Austria,AUT,2017,community,J01D_other_beta_lactams,1.5156,,,,,https://www.ecdc.europa.eu/en/publications-data/downloadable-tables-antimicrobial-consumption-annual-epidemiological-report-2022
Austria,AUT,2017,community,J01M_quinolones,1.2315999999999998,,,,,https://www.ecdc.europa.eu/en/publications-data/downloadable-tables-antimicrobial-consumption-annual-epidemiological-report-2022
Austria,AUT,2018,community,J01C_penicillins,4.7263,,,,,https://www.ecdc.europa.eu/en/publications-data/downloadable-tables-antimicrobial-consumption-annual-epidemiological-report-2022
Austria,AUT,2018,community,J01D_other_beta_lactams,1.4042999999999999,,,,,https://www.ecdc.europa.eu/en/publications-data/downloadable-tables-antimicrobial-consumption-annual-epidemiological-report-2022
Austria,AUT,2018,community,J01M_quinolones,1.0429000000000002,,,,,https://www.ecdc.europa.eu/en/publications-data/downloadable-tables-antimicrobial-consumption-annual-epidemiological-report-2022
Austria,AUT,2019,community,J01C_penicillins,4.599099999999999,,,,4.501248870702027,https://www.ecdc.europa.eu/en/publications-data/downloadable-tables-antimicrobial-consumption-annual-epidemiological-report-2022
Austria,AUT,2019,community,J01D_other_beta_lactams,1.3903,,,,4.501248870702027,https://www.ecdc.europa.eu/en/publications-data/downloadable-tables-antimicrobial-consumption-annual-epidemiological-report-2022
Austria,AUT,2019,community,J01M_quinolones,0.7286999999999999,,,,4.501248870702027,https://www.ecdc.europa.eu/en/publications-data/downloadable-tables-antimicrobial-consumption-annual-epidemiological-report-2022
Austria,AUT,2019,hospital,J01C_penicillins,0.6890000000000001,,,,4.501248870702027,https://www.ecdc.europa.eu/en/publications-data/downloadable-tables-antimicrobial-consumption-annual-epidemiological-report-2022
Austria,AUT,2019,hospital,J01DH_carbapenems,0.1118,,,,4.501248870702027,https://www.ecdc.europa.eu/en/publications-data/downloadable-tables-antimicrobial-consumption-annual-epidemiological-report-2022
Austria,AUT,2019,hospital,J01D_other_beta_lactams,0.5306,,,,4.501248870702027,https://www.ecdc.europa.eu/en/publications-data/downloadable-tables-antimicrobial-consumption-annual-epidemiological-report-2022
Austria,AUT,2019,hospital,J01M_quinolones,0.1693,,,,4.501248870702027,https://www.ecdc.europa.eu/en/publications-data/downloadable-tables-antimicrobial-consumption-annual-epidemiological-report-2022
Austria,AUT,2020,community,J01C_penicillins,3.3497,,,,5.271685666338753,https://www.ecdc.europa.eu/en/publications-data/downloadable-tables-antimicrobial-consumption-annual-epidemiological-report-2022
Austria,AUT,2020,community,J01D_other_beta_lactams,0.9582999999999999,,,,5.271685666338753,https://www.ecdc.europa.eu/en/publications-data/downloadable-tables-antimicrobial-consumption-annual-epidemiological-report-2022
Austria,AUT,2020,community,J01M_quinolones,0.5674,,,,5.271685666338753,https://www.ecdc.europa.eu/en/publications-data/downloadable-tables-antimicrobial-consumption-annual-epidemiological-report-2022
Austria,AUT,2020,hospital,J01C_penicillins,0.6371,,,,5.271685666338753,https://www.ecdc.europa.eu/en/publications-data/downloadable-tables-antimicrobial-consumption-annual-epidemiological-report-2022
Austria,AUT,2020,hospital,J01DH_carbapenems,0.105,,,,5.271685666338753,https://www.ecdc.europa.eu/en/publications-data/downloadable-tables-antimicrobial-consumption-annual-epidemiological-report-2022
Austria,AUT,2020,hospital,J01D_other_beta_lactams,0.49429999999999996,,,,5.271685666338753,https://www.ecdc.europa.eu/en/publications-data/downloadable-tables-antimicrobial-consumption-annual-epidemiological-report-2022
Austria,AUT,2020,hospital,J01M_quinolones,0.1321,,,,5.271685666338753,https://www.ecdc.europa.eu/en/publications-data/downloadable-tables-antimicrobial-consumption-annual-epidemiological-report-2022
Austria,AUT,2021,community,J01C_penicillins,3.4556,,,,6.082162546683264,https://www.ecdc.europa.eu/en/publications-data/downloadable-tables-antimicrobial-consumption-annual-epidemiological-report-2022
Austria,AUT,2021,community,J01D_other_beta_lactams,1.0375999999999999,,,,6.082162546683264,https://www.ecdc.europa.eu/en/publications-data/downloadable-tables-antimicrobial-consumption-annual-epidemiological-report-2022
Austria,AUT,2021,community,J01M_quinolones,0.5153,,,,6.082162546683264,https://www.ecdc.europa.eu/en/publications-data/downloadable-tables-antimicrobial-consumption-annual-epidemiological-report-2022
Austria,AUT,2021,hospital,J01C_penicillins,0.6232999999999999,,,,6.082162546683264,https://www.ecdc.europa.eu/en/publications-data/downloadable-tables-antimicrobial-consumption-annual-epidemiological-report-2022
Austria,AUT,2021,hospital,J01DH_carbapenems,0.11249999999999999,,,,6.082162546683264,https://www.ecdc.europa.eu/en/publications-data/downloadable-tables-antimicrobial-consumption-annual-epidemiological-report-2022
Austria,AUT,2021,hospital,J01D_other_beta_lactams,0.48600000000000004,,,,6.082162546683264,https://www.ecdc.europa.eu/en/publications-data/downloadable-tables-antimicrobial-consumption-annual-epidemiological-report-2022
Austria,AUT,2021,hospital,J01M_quinolones,0.11750000000000001,,,,6.082162546683264,https://www.ecdc.europa.eu/en/publications-data/downloadable-tables-antimicrobial-consumption-annual-epidemiological-report-2022
Austria,AUT,2022,community,J01C_penicillins,4.453200000000001,,,,5.702308487423912,https://www.ecdc.europa.eu/en/publications-data/downloadable-tables-antimicrobial-consumption-annual-epidemiological-report-2022
Austria,AUT,2022,community,J01D_other_beta_lactams,1.1209,,,,5.702308487423912,https://www.ecdc.europa.eu/en/publications-data/downloadable-tables-antimicrobial-consumption-annual-epidemiological-report-2022
Austria,AUT,2022,community,J01M_quinolones,0.5656000000000001,,,,5.702308487423912,https://www.ecdc.europa.eu/en/publications-data/downloadable-tables-antimicrobial-consumption-annual-epidemiological-report-2022
Austria,AUT,2022,hospital,J01C_penicillins,0.6868,,,,5.702308487423912,https://www.ecdc.europa.eu/en/publications-data/downloadable-tables-antimicrobial-consumption-annual-epidemiological-report-2022
Austria,AUT,2022,hospital,J01DH_carbapenems,0.1031,,,,5.702308487423912,https://www.ecdc.europa.eu/en/publications-data/downloadable-tables-antimicrobial-consumption-annual-epidemiological-report-2022
Austria,AUT,2022,hospital,J01D_other_beta_lactams,0.48610000000000003,,,,5.702308487423912,https://www.ecdc.europa.eu/en/publications-data/downloadable-tables-antimicrobial-consumption-annual-epidemiological-report-2022
Austria,AUT,2022,hospital,J01M_quinolones,0.1252,,,,5.702308487423912,https://www.ecdc.europa.eu/en/publications-data/downloadable-tables-antimicrobial-consumption-annual-epidemiological-report-2022
Belgium,BEL,2013,community,J01C_penicillins,9.8656,,,,1.9662587620292276,https://www.ecdc.europa.eu/en/publications-data/downloadable-tables-antimicrobial-consumption-annual-epidemiological-report-2022
Belgium,BEL,2013,community,J01D_other_beta_lactams,1.5315,,,,1.9662587620292276,https://www.ecdc.europa.eu/en/publications-data/downloadable-tables-antimicrobial-consumption-annual-epidemiological-report-2022
Belgium,BEL,2013,community,J01M_quinolones,2.6388,,,,1.9662587620292276,https://www.ecdc.europa.eu/en/publications-data/downloadable-tables-antimicrobial-consumption-annual-epidemiological-report-2022
Belgium,BEL,2013,hospital,J01C_penicillins,0.7474000000000001,,,,1.9662587620292276,https://www.ecdc.europa.eu/en/publications-data/downloadable-tables-antimicrobial-consumption-annual-epidemiological-report-2022
Belgium,BEL,2013,hospital,J01DH_carbapenems,0.0499,,,,1.9662587620292276,https://www.ecdc.europa.eu/en/publications-data/downloadable-tables-antimicrobial-consumption-annual-epidemiological-report-2022
Belgium,BEL,2013,hospital,J01D_other_beta_lactams,0.38620000000000004,,,,1.9662587620292276,https://www.ecdc.europa.eu/en/publications-data/downloadable-tables-antimicrobial-consumption-annual-epidemiological-report-2022
Belgium,BEL,2013,hospital,J01M_quinolones,0.21739999999999998,,,,1.9662587620292276,https://www.ecdc.europa.eu/en/publications-data/downloadable-tables-antimicrobial-consumption-annual-epidemiological-report-2022
Belgium,BEL,2014,community,J01C_penicillins,9.9098,,,,2.0073542709024053,https://www.ecdc.europa.eu/en/publications-data/downloadable-tables-antimicrobial-consumption-annual-epidemiological-report-2022
Belgium,BEL,2014,community,J01D_other_beta_lactams,1.4224999999999999,,,,2.0073542709024053,https://www.ecdc.europa.eu/en/publications-data/downloadable-tables-antimicrobial-consumption-annual-epidemiological-report-2022
Belgium,BEL,2014,community,J01M_quinolones,2.5524999999999998,,,,2.0073542709024053,https://www.ecdc.europa.eu/en/publications-data/downloadable-tables-antimicrobial-consumption-annual-epidemiological-report-2022
Belgium,BEL,2014,hospital,J01C_penicillins,0.7446999999999999,,,,2.0073542709024053,https://www.ecdc.europa.eu/en/publications-data/downloadable-tables-antimicrobial-consumption-annual-epidemiological-report-2022
Belgium,BEL,2014,hospital,J01DH_carbapenems,0.052700000000000004,,,,2.0073542709024053,https://www.ecdc.europa.eu/en/publications-data/downloadable-tables-antimicrobial-consumption-annual-epidemiological-report-2022
Belgium,BEL,2014,hospital,J01D_other_beta_lactams,0.38070000000000004,,,,2.0073542709024053,https://www.ecdc.europa.eu/en/publications-data/downloadable-tables-antimicrobial-consumption-annual-epidemiological-report-2022
Belgium,BEL,2014,hospital,J01M_quinolones,0.20809999999999998,,,,2.0073542709024053,https://www.ecdc.europa.eu/en/publications-data/downloadable-tables-antimicrobial-consumption-annual-epidemiological-report-2022
Belgium,BEL,2015,community,J01C_penicillins,10.0886,,,,1.96078431372549,https://www.ecdc.europa.eu/en/publications-data/downloadable-tables-antimicrobial-consumption-annual-epidemiological-report-2022
Belgium,BEL,2015,community,J01D_other_beta_lactams,1.4402,,,,1.96078431372549,https://www.ecdc.europa.eu/en/publications-data/downloadable-tables-antimicrobial-consumption-annual-epidemiological-report-2022
Belgium,BEL,2015,community,J01M_quinolones,2.5715999999999997,,,,1.96078431372549,https://www.ecdc.europa.eu/en/publications-data/downloadable-tables-antimicrobial-consumption-annual-epidemiological-report-2022
Belgium,BEL,2015,hospital,J01C_penicillins,0.7584,,,,1.96078431372549,https://www.ecdc.europa.eu/en/publications-data/downloadable-tables-antimicrobial-consumption-annual-epidemiological-report-2022
Belgium,BEL,2015,hospital,J01DH_carbapenems,0.0526,,,,1.96078431372549,https://www.ecdc.europa.eu/en/publications-data/downloadable-tables-antimicrobial-consumption-annual-epidemiological-report-2022
Belgium,BEL,2015,hospital,J01D_other_beta_lactams,0.38569999999999993,,,,1.96078431372549,https://www.ecdc.europa.eu/en/publications-data/downloadable-tables-antimicrobial-consumption-annual-epidemiological-report-2022
Belgium,BEL,2015,hospital,J01M_quinolones,0.20900000000000002,,,,1.96078431372549,https://www.ecdc.europa.eu/en/publications-data/downloadable-tables-antimicrobial-consumption-annual-epidemiological-report-2022
Belgium,BEL,2016,community,J01C_penicillins,10.213899999999999,,,,2.0900130625816407,https://www.ecdc.europa.eu/en/publications-data/downloadable-tables-antimicrobial-consumption-annual-epidemiological-report-2022
Belgium,BEL,2016,community,J01D_other_beta_lactams,1.3178,,,,2.0900130625816407,https://www.ecdc.europa.eu/en/publications-data/downloadable-tables-antimicrobial-consumption-annual-epidemiological-report-2022
Belgium,BEL,2016,community,J01M_quinolones,2.4042,,,,2.0900130625816407,https://www.ecdc.europa.eu/en/publications-data/downloadable-tables-antimicrobial-consumption-annual-epidemiological-report-2022
Belgium,BEL,2016,hospital,J01C_penicillins,0.7453,,,,2.0900130625816407,https://www.ecdc.europa.eu/en/publications-data/downloadable-tables-antimicrobial-consumption-annual-epidemiological-report-2022
Belgium,BEL,2016,hospital,J01DH_carbapenems,0.050600000000000006,,,,2.0900130625816407,https://www.ecdc.europa.eu/en/publications-data/downloadable-tables-antimicrobial-consumption-annual-epidemiological-report-2022
Belgium,BEL,2016,hospital,J01D_other_beta_lactams,0.3755,,,,2.0900130625816407,https://www.ecdc.europa.eu/en/publications-data/downloadable-tables-antimicrobial-consumption-annual-epidemiological-report-2022
Belgium,BEL,2016,hospital,J01M_quinolones,0.19979999999999998,,,,2.0900130625816407,https://www.ecdc.europa.eu/en/publications-data/downloadable-tables-antimicrobial-consumption-annual-epidemiological-report-2022
Belgium,BEL,2017,community,J01C_penicillins,9.7426,,,,2.0622286541244574,https://www.ecdc.europa.eu/en/publications-data/downloadable-tables-antimicrobial-consumption-annual-epidemiological-report-2022
Belgium,BEL,2017,community,J01D_other_beta_lactams,1.1726,,,,2.0622286541244574,https://www.ecdc.europa.eu/en/publications-data/downloadable-tables-antimicrobial-consumption-annual-epidemiological-report-2022
Belgium,BEL,2017,community,J01M_quinolones,2.1725000000000003,,,,2.0622286541244574,https://www.ecdc.europa.eu/en/publications-data/downloadable-tables-antimicrobial-consumption-annual-epidemiological-report-2022
Belgium,BEL,2017,hospital,J01C_penicillins,0.7393999999999998,,,,2.0622286541244574,https://www.ecdc.europa.eu/en/publications-data/downloadable-tables-antimicrobial-consumption-annual-epidemiological-report-2022
Belgium,BEL,2017,hospital,J01DH_carbapenems,0.0489,,,,2.0622286541244574,https://www.ecdc.europa.eu/en/publications-data/downloadable-tables-antimicrobial-consumption-annual-epidemiological-report-2022
Belgium,BEL,2017,hospital,J01D_other_beta_lactams,0.37129999999999996,,,,2.0622286541244574,https://www.ecdc.europa.eu/en/publications-data/downloadable-tables-antimicrobial-consumption-annual-epidemiological-report-2022
Belgium,BEL,2017,hospital,J01M_quinolones,0.1886,,,,2.0622286541244574,https://www.ecdc.europa.eu/en/publications-data/downloadable-tables-antimicrobial-consumption-annual-epidemiological-report-2022
Belgium,BEL,2018,community,J01C_penicillins,10.0976,,,,2.037126325940212,https://www.ecdc.europa.eu/en/publications-data/downloadable-tables-antimicrobial-consumption-annual-epidemiological-report-2022
Belgium,BEL,2018,community,J01D_other_beta_lactams,1.2453,,,,2.037126325940212,https://www.ecdc.europa.eu/en/publications-data/downloadable-tables-antimicrobial-consumption-annual-epidemiological-report-2022
Belgium,BEL,2018,community,J01M_quinolones,1.1618,,,,2.037126325940212,https://www.ecdc.europa.eu/en/publications-data/downloadable-tables-antimicrobial-consumption-annual-epidemiological-report-2022
Belgium,BEL,2018,hospital,J01C_penicillins,0.7609,,,,2.037126325940212,https://www.ecdc.europa.eu/en/publications-data/downloadable-tables-antimicrobial-consumption-annual-epidemiological-report-2022
Belgium,BEL,2018,hospital,J01DH_carbapenems,0.0492,,,,2.037126325940212,https://www.ecdc.europa.eu/en/publications-data/downloadable-tables-antimicrobial-consumption-annual-epidemiological-report-2022
Belgium,BEL,2018,hospital,J01D_other_beta_lactams,0.3756,,,,2.037126325940212,https://www.ecdc.europa.eu/en/publications-data/downloadable-tables-antimicrobial-consumption-annual-epidemiological-report-2022
Belgium,BEL,2018,hospital,J01M_quinolones,0.17090000000000002,,,,2.037126325940212,https://www.ecdc.europa.eu/en/publications-data/downloadable-tables-antimicrobial-consumption-annual-epidemiological-report-2022
Belgium,BEL,2019,community,J01C_penicillins,9.7919,,,,2.1260997067448684,https://www.ecdc.europa.eu/en/publications-data/downloadable-tables-antimicrobial-consumption-annual-epidemiological-report-2022
Belgium,BEL,2019,community,J01D_other_beta_lactams,1.2003,,,,2.1260997067448684,https://www.ecdc.europa.eu/en/publications-data/downloadable-tables-antimicrobial-consumption-annual-epidemiological-report-2022
Belgium,BEL,2019,community,J01M_quinolones,0.5719,,,,2.1260997067448684,https://www.ecdc.europa.eu/en/publications-data/downloadable-tables-antimicrobial-consumption-annual-epidemiological-report-2022
Belgium,BEL,2019,hospital,J01C_penicillins,0.7397,,,,2.1260997067448684,https://www.ecdc.europa.eu/en/publications-data/downloadable-tables-antimicrobial-consumption-annual-epidemiological-report-2022
Belgium,BEL,2019,hospital,J01DH_carbapenems,0.047,,,,2.1260997067448684,https://www.ecdc.europa.eu/en/publications-data/downloadable-tables-antimicrobial-consumption-annual-epidemiological-report-2022
Belgium,BEL,2019,hospital,J01D_other_beta_lactams,0.37520000000000003,,,,2.1260997067448684,https://www.ecdc.europa.eu/en/publications-data/downloadable-tables-antimicrobial-consumption-annual-epidemiological-report-2022
Belgium,BEL,2019,hospital,J01M_quinolones,0.1587,,,,2.1260997067448684,https://www.ecdc.europa.eu/en/publications-data/downloadable-tables-antimicrobial-consumption-annual-epidemiological-report-2022
Belgium,BEL,2020,community,J01C_penicillins,6.9681999999999995,,,,2.233009708737864,https://www.ecdc.europa.eu/en/publications-data/downloadable-tables-antimicrobial-consumption-annual-epidemiological-report-2022
Belgium,BEL,2020,community,J01D_other_beta_lactams,0.7981,,,,2.233009708737864,https://www.ecdc.europa.eu/en/publications-data/downloadable-tables-antimicrobial-consumption-annual-epidemiological-report-2022
Belgium,BEL,2020,community,J01M_quinolones,0.46009999999999995,,,,2.233009708737864,https://www.ecdc.europa.eu/en/publications-data/downloadable-tables-antimicrobial-consumption-annual-epidemiological-report-2022
Belgium,BEL,2020,hospital,J01C_penicillins,0.6436999999999998,,,,2.233009708737864,https://www.ecdc.europa.eu/en/publications-data/downloadable-tables-antimicrobial-consumption-annual-epidemiological-report-2022
Belgium,BEL,2020,hospital,J01DH_carbapenems,0.0448,,,,2.233009708737864,https://www.ecdc.europa.eu/en/publications-data/downloadable-tables-antimicrobial-consumption-annual-epidemiological-report-2022
Belgium,BEL,2020,hospital,J01D_other_beta_lactams,0.3349,,,,2.233009708737864,https://www.ecdc.europa.eu/en/publications-data/downloadable-tables-antimicrobial-consumption-annual-epidemiological-report-2022
Belgium,BEL,2020,hospital,J01M_quinolones,0.1342,,,,2.233009708737864,https://www.ecdc.europa.eu/en/publications-data/downloadable-tables-antimicrobial-consumption-annual-epidemiological-report-2022
Belgium,BEL,2021,community,J01C_penicillins,7.496600000000001,,,,2.352700490998363,https://www.ecdc.europa.eu/en/publications-data/downloadable-tables-antimicrobial-consumption-annual-epidemiological-report-2022
Belgium,BEL,2021,community,J01D_other_beta_lactams,0.7963,,,,2.352700490998363,https://www.ecdc.europa.eu/en/publications-data/downloadable-tables-antimicrobial-consumption-annual-epidemiological-report-2022
Belgium,BEL,2021,community,J01M_quinolones,0.4454,,,,2.352700490998363,https://www.ecdc.europa.eu/en/publications-data/downloadable-tables-antimicrobial-consumption-annual-epidemiological-report-2022
Belgium,BEL,2021,hospital,J01C_penicillins,0.6576,,,,2.352700490998363,https://www.ecdc.europa.eu/en/publications-data/downloadable-tables-antimicrobial-consumption-annual-epidemiological-report-2022
Belgium,BEL,2021,hospital,J01DH_carbapenems,0.0443,,,,2.352700490998363,https://www.ecdc.europa.eu/en/publications-data/downloadable-tables-antimicrobial-consumption-annual-epidemiological-report-2022
Belgium,BEL,2021,hospital,J01D_other_beta_lactams,0.3499,,,,2.352700490998363,https://www.ecdc.europa.eu/en/publications-data/downloadable-tables-antimicrobial-consumption-annual-epidemiological-report-2022
Belgium,BEL,2021,hospital,J01M_quinolones,0.1346,,,,2.352700490998363,https://www.ecdc.europa.eu/en/publications-data/downloadable-tables-antimicrobial-consumption-annual-epidemiological-report-2022
Belgium,BEL,2022,community,J01C_penicillins,9.6406,,,,2.263529734549694,https://www.ecdc.europa.eu/en/publications-data/downloadable-tables-antimicrobial-consumption-annual-epidemiological-report-2022
Belgium,BEL,2022,community,J01D_other_beta_lactams,0.9556999999999999,,,,2.263529734549694,https://www.ecdc.europa.eu/en/publications-data/downloadable-tables-antimicrobial-consumption-annual-epidemiological-report-2022
Belgium,BEL,2022,community,J01M_quinolones,0.47400000000000003,,,,2.263529734549694,https://www.ecdc.europa.eu/en/publications-data/downloadable-tables-antimicrobial-consumption-annual-epidemiological-report-2022
Belgium,BEL,2022,hospital,J01C_penicillins,0.6676,,,,2.263529734549694,https://www.ecdc.europa.eu/en/publications-data/downloadable-tables-antimicrobial-consumption-annual-epidemiological-report-2022
Belgium,BEL,2022,hospital,J01DH_carbapenems,0.0386,,,,2.263529734549694,https://www.ecdc.europa.eu/en/publications-data/downloadable-tables-antimicrobial-consumption-annual-epidemiological-report-2022
Belgium,BEL,2022,hospital,J01D_other_beta_lactams,0.33970000000000006,,,,2.263529734549694,https://www.ecdc.europa.eu/en/publications-data/downloadable-tables-antimicrobial-consumption-annual-epidemiological-report-2022
Belgium,BEL,2022,hospital,J01M_quinolones,0.13399999999999998,,,,2.263529734549694,https://www.ecdc.europa.eu/en/publications-data/downloadable-tables-antimicrobial-consumption-annual-epidemiological-report-2022
Bulgaria,BGR,2013,community,J01C_penicillins,5.7429,,,,0.1892659186156551,https://www.ecdc.europa.eu/en/publications-data/downloadable-tables-antimicrobial-consumption-annual-epidemiological-report-2022
Bulgaria,BGR,2013,community,J01D_other_beta_lactams,2.8019,,,,0.1892659186156551,https://www.ecdc.europa.eu/en/publications-data/downloadable-tables-antimicrobial-consumption-annual-epidemiological-report-2022
Bulgaria,BGR,2013,community,J01M_quinolones,2.5191000000000003,,,,0.1892659186156551,https://www.ecdc.europa.eu/en/publications-data/downloadable-tables-antimicrobial-consumption-annual-epidemiological-report-2022
Bulgaria,BGR,2013,hospital,J01C_penicillins,0.09950000000000002,,,,0.1892659186156551,https://www.ecdc.europa.eu/en/publications-data/downloadable-tables-antimicrobial-consumption-annual-epidemiological-report-2022
Bulgaria,BGR,2013,hospital,J01DH_carbapenems,0.01,,,,0.1892659186156551,https://www.ecdc.europa.eu/en/publications-data/downloadable-tables-antimicrobial-consumption-annual-epidemiological-report-2022
Bulgaria,BGR,2013,hospital,J01D_other_beta_lactams,0.7732999999999998,,,,0.1892659186156551,https://www.ecdc.europa.eu/en/publications-data/downloadable-tables-antimicrobial-consumption-annual-epidemiological-report-2022
Bulgaria,BGR,2013,hospital,J01M_quinolones,0.1147,,,,0.1892659186156551,https://www.ecdc.europa.eu/en/publications-data/downloadable-tables-antimicrobial-consumption-annual-epidemiological-report-2022
Bulgaria,BGR,2014,community,J01C_penicillins,5.5844000000000005,,,,0.2570515492566348,https://www.ecdc.europa.eu/en/publications-data/downloadable-tables-antimicrobial-consumption-annual-epidemiological-report-2022
Bulgaria,BGR,2014,community,J01D_other_beta_lactams,3.3789000000000002,,,,0.2570515492566348,https://www.ecdc.europa.eu/en/publications-data/downloadable-tables-antimicrobial-consumption-annual-epidemiological-report-2022
Bulgaria,BGR,2014,community,J01M_quinolones,2.868,,,,0.2570515492566348,https://www.ecdc.europa.eu/en/publications-data/downloadable-tables-antimicrobial-consumption-annual-epidemiological-report-2022
Bulgaria,BGR,2014,hospital,J01C_penicillins,0.11309999999999999,,,,0.2570515492566348,https://www.ecdc.europa.eu/en/publications-data/downloadable-tables-antimicrobial-consumption-annual-epidemiological-report-2022
Bulgaria,BGR,2014,hospital,J01DH_carbapenems,0.014499999999999999,,,,0.2570515492566348,https://www.ecdc.europa.eu/en/publications-data/downloadable-tables-antimicrobial-consumption-annual-epidemiological-report-2022
Bulgaria,BGR,2014,hospital,J01D_other_beta_lactams,0.7926000000000002,,,,0.2570515492566348,https://www.ecdc.europa.eu/en/publications-data/downloadable-tables-antimicrobial-consumption-annual-epidemiological-report-2022
Bulgaria,BGR,2014,hospital,J01M_quinolones,0.1427,,,,0.2570515492566348,https://www.ecdc.europa.eu/en/publications-data/downloadable-tables-antimicrobial-consumption-annual-epidemiological-report-2022
Bulgaria,BGR,2015,community,J01C_penicillins,5.5235,,,,0.19370460048426152,https://www.ecdc.europa.eu/en/publications-data/downloadable-tables-antimicrobial-consumption-annual-epidemiological-report-2022
Bulgaria,BGR,2015,community,J01D_other_beta_lactams,3.8951000000000002,,,,0.19370460048426152,https://www.ecdc.europa.eu/en/publications-data/downloadable-tables-antimicrobial-consumption-annual-epidemiological-report-2022
Bulgaria,BGR,2015,community,J01M_quinolones,2.8284999999999996,,,,0.19370460048426152,https://www.ecdc.europa.eu/en/publications-data/downloadable-tables-antimicrobial-consumption-annual-epidemiological-report-2022
Bulgaria,BGR,2015,hospital,J01C_penicillins,0.0993,,,,0.19370460048426152,https://www.ecdc.europa.eu/en/publications-data/downloadable-tables-antimicrobial-consumption-annual-epidemiological-report-2022
Bulgaria,BGR,2015,hospital,J01DH_carbapenems,0.014499999999999999,,,,0.19370460048426152,https://www.ecdc.europa.eu/en/publications-data/downloadable-tables-antimicrobial-consumption-annual-epidemiological-report-2022
Bulgaria,BGR,2015,hospital,J01D_other_beta_lactams,0.7419,,,,0.19370460048426152,https://www.ecdc.europa.eu/en/publications-data/downloadable-tables-antimicrobial-consumption-annual-epidemiological-report-2022
Bulgaria,BGR,2015,hospital,J01M_quinolones,0.1396,,,,0.19370460048426152,https://www.ecdc.europa.eu/en/publications-data/downloadable-tables-antimicrobial-consumption-annual-epidemiological-report-2022
Bulgaria,BGR,2016,community,J01C_penicillins,4.6511000000000005,,,,0.18257847929795623,https://www.ecdc.europa.eu/en/publications-data/downloadable-tables-antimicrobial-consumption-annual-epidemiological-report-2022
Bulgaria,BGR,2016,community,J01D_other_beta_lactams,3.844,,,,0.18257847929795623,https://www.ecdc.europa.eu/en/publications-data/downloadable-tables-antimicrobial-consumption-annual-epidemiological-report-2022
Bulgaria,BGR,2016,community,J01M_quinolones,2.7755,,,,0.18257847929795623,https://www.ecdc.europa.eu/en/publications-data/downloadable-tables-antimicrobial-consumption-annual-epidemiological-report-2022
Bulgaria,BGR,2016,hospital,J01C_penicillins,0.09809999999999999,,,,0.18257847929795623,https://www.ecdc.europa.eu/en/publications-data/downloadable-tables-antimicrobial-consumption-annual-epidemiological-report-2022
Bulgaria,BGR,2016,hospital,J01DH_carbapenems,0.0202,,,,0.18257847929795623,https://www.ecdc.europa.eu/en/publications-data/downloadable-tables-antimicrobial-consumption-annual-epidemiological-report-2022
Bulgaria,BGR,2016,hospital,J01D_other_beta_lactams,0.97,,,,0.18257847929795623,https://www.ecdc.europa.eu/en/publications-data/downloadable-tables-antimicrobial-consumption-annual-epidemiological-report-2022
Bulgaria,BGR,2016,hospital,J01M_quinolones,0.1508,,,,0.18257847929795623,https://www.ecdc.europa.eu/en/publications-data/downloadable-tables-antimicrobial-consumption-annual-epidemiological-report-2022
Bulgaria,BGR,2017,community,J01C_penicillins,5.381500000000001,,,,0.18137469510288326,https://www.ecdc.europa.eu/en/publications-data/downloadable-tables-antimicrobial-consumption-annual-epidemiological-report-2022
Bulgaria,BGR,2017,community,J01D_other_beta_lactams,4.1129999999999995,,,,0.18137469510288326,https://www.ecdc.europa.eu/en/publications-data/downloadable-tables-antimicrobial-consumption-annual-epidemiological-report-2022
Bulgaria,BGR,2017,community,J01M_quinolones,2.8607,,,,0.18137469510288326,https://www.ecdc.europa.eu/en/publications-data/downloadable-tables-antimicrobial-consumption-annual-epidemiological-report-2022
Bulgaria,BGR,2017,hospital,J01C_penicillins,0.1031,,,,0.18137469510288326,https://www.ecdc.europa.eu/en/publications-data/downloadable-tables-antimicrobial-consumption-annual-epidemiological-report-2022
Bulgaria,BGR,2017,hospital,J01DH_carbapenems,0.0253,,,,0.18137469510288326,https://www.ecdc.europa.eu/en/publications-data/downloadable-tables-antimicrobial-consumption-annual-epidemiological-report-2022
Bulgaria,BGR,2017,hospital,J01D_other_beta_lactams,0.9088999999999999,,,,0.18137469510288326,https://www.ecdc.europa.eu/en/publications-data/downloadable-tables-antimicrobial-consumption-annual-epidemiological-report-2022
Bulgaria,BGR,2017,hospital,J01M_quinolones,0.1377,,,,0.18137469510288326,https://www.ecdc.europa.eu/en/publications-data/downloadable-tables-antimicrobial-consumption-annual-epidemiological-report-2022
Bulgaria,BGR,2018,community,J01C_penicillins,5.5363,,,,0.21846953235710917,https://www.ecdc.europa.eu/en/publications-data/downloadable-tables-antimicrobial-consumption-annual-epidemiological-report-2022
Bulgaria,BGR,2018,community,J01D_other_beta_lactams,4.479900000000001,,,,0.21846953235710917,https://www.ecdc.europa.eu/en/publications-data/downloadable-tables-antimicrobial-consumption-annual-epidemiological-report-2022
Bulgaria,BGR,2018,community,J01M_quinolones,2.8267,,,,0.21846953235710917,https://www.ecdc.europa.eu/en/publications-data/downloadable-tables-antimicrobial-consumption-annual-epidemiological-report-2022
Bulgaria,BGR,2018,hospital,J01C_penicillins,0.1063,,,,0.21846953235710917,https://www.ecdc.europa.eu/en/publications-data/downloadable-tables-antimicrobial-consumption-annual-epidemiological-report-2022
Bulgaria,BGR,2018,hospital,J01DH_carbapenems,0.0323,,,,0.21846953235710917,https://www.ecdc.europa.eu/en/publications-data/downloadable-tables-antimicrobial-consumption-annual-epidemiological-report-2022
Bulgaria,BGR,2018,hospital,J01D_other_beta_lactams,0.9057,,,,0.21846953235710917,https://www.ecdc.europa.eu/en/publications-data/downloadable-tables-antimicrobial-consumption-annual-epidemiological-report-2022
Bulgaria,BGR,2018,hospital,J01M_quinolones,0.16620000000000001,,,,0.21846953235710917,https://www.ecdc.europa.eu/en/publications-data/downloadable-tables-antimicrobial-consumption-annual-epidemiological-report-2022
Bulgaria,BGR,2019,community,J01C_penicillins,5.360500000000001,,,,0.31708749266001174,https://www.ecdc.europa.eu/en/publications-data/downloadable-tables-antimicrobial-consumption-annual-epidemiological-report-2022
Bulgaria,BGR,2019,community,J01D_other_beta_lactams,4.276900000000001,,,,0.31708749266001174,https://www.ecdc.europa.eu/en/publications-data/downloadable-tables-antimicrobial-consumption-annual-epidemiological-report-2022
Bulgaria,BGR,2019,community,J01M_quinolones,2.7641999999999998,,,,0.31708749266001174,https://www.ecdc.europa.eu/en/publications-data/downloadable-tables-antimicrobial-consumption-annual-epidemiological-report-2022
Bulgaria,BGR,2019,hospital,J01C_penicillins,0.1235,,,,0.31708749266001174,https://www.ecdc.europa.eu/en/publications-data/downloadable-tables-antimicrobial-consumption-annual-epidemiological-report-2022
Bulgaria,BGR,2019,hospital,J01DH_carbapenems,0.038599999999999995,,,,0.31708749266001174,https://www.ecdc.europa.eu/en/publications-data/downloadable-tables-antimicrobial-consumption-annual-epidemiological-report-2022
Bulgaria,BGR,2019,hospital,J01D_other_beta_lactams,0.9391999999999998,,,,0.31708749266001174,https://www.ecdc.europa.eu/en/publications-data/downloadable-tables-antimicrobial-consumption-annual-epidemiological-report-2022
Bulgaria,BGR,2019,hospital,J01M_quinolones,0.1688,,,,0.31708749266001174,https://www.ecdc.europa.eu/en/publications-data/downloadable-tables-antimicrobial-consumption-annual-epidemiological-report-2022
Bulgaria,BGR,2020,community,J01C_penicillins,4.7015,,,,0.5710278501302345,https://www.ecdc.europa.eu/en/publications-data/downloadable-tables-antimicrobial-consumption-annual-epidemiological-report-2022
Bulgaria,BGR,2020,community,J01D_other_beta_lactams,3.9716,,,,0.5710278501302345,https://www.ecdc.europa.eu/en/publications-data/downloadable-tables-antimicrobial-consumption-annual-epidemiological-report-2022
Bulgaria,BGR,2020,community,J01M_quinolones,3.3451000000000004,,,,0.5710278501302345,https://www.ecdc.europa.eu/en/publications-data/downloadable-tables-antimicrobial-consumption-annual-epidemiological-report-2022
Bulgaria,BGR,2020,hospital,J01C_penicillins,0.12869999999999998,,,,0.5710278501302345,https://www.ecdc.europa.eu/en/publications-data/downloadable-tables-antimicrobial-consumption-annual-epidemiological-report-2022
Bulgaria,BGR,2020,hospital,J01DH_carbapenems,0.0993,,,,0.5710278501302345,https://www.ecdc.europa.eu/en/publications-data/downloadable-tables-antimicrobial-consumption-annual-epidemiological-report-2022
Bulgaria,BGR,2020,hospital,J01D_other_beta_lactams,1.0045,,,,0.5710278501302345,https://www.ecdc.europa.eu/en/publications-data/downloadable-tables-antimicrobial-consumption-annual-epidemiological-report-2022
Bulgaria,BGR,2020,hospital,J01M_quinolones,0.3271,,,,0.5710278501302345,https://www.ecdc.europa.eu/en/publications-data/downloadable-tables-antimicrobial-consumption-annual-epidemiological-report-2022
Bulgaria,BGR,2021,community,J01C_penicillins,4.812600000000001,,,,0.6627252789167543,https://www.ecdc.europa.eu/en/publications-data/downloadable-tables-antimicrobial-consumption-annual-epidemiological-report-2022
Bulgaria,BGR,2021,community,J01D_other_beta_lactams,4.5423,,,,0.6627252789167543,https://www.ecdc.europa.eu/en/publications-data/downloadable-tables-antimicrobial-consumption-annual-epidemiological-report-2022
Bulgaria,BGR,2021,community,J01M_quinolones,3.9178999999999995,,,,0.6627252789167543,https://www.ecdc.europa.eu/en/publications-data/downloadable-tables-antimicrobial-consumption-annual-epidemiological-report-2022
Bulgaria,BGR,2021,hospital,J01C_penicillins,0.1164,,,,0.6627252789167543,https://www.ecdc.europa.eu/en/publications-data/downloadable-tables-antimicrobial-consumption-annual-epidemiological-report-2022
Bulgaria,BGR,2021,hospital,J01DH_carbapenems,0.1182,,,,0.6627252789167543,https://www.ecdc.europa.eu/en/publications-data/downloadable-tables-antimicrobial-consumption-annual-epidemiological-report-2022
Bulgaria,BGR,2021,hospital,J01D_other_beta_lactams,1.2139999999999997,,,,0.6627252789167543,https://www.ecdc.europa.eu/en/publications-data/downloadable-tables-antimicrobial-consumption-annual-epidemiological-report-2022
Bulgaria,BGR,2021,hospital,J01M_quinolones,0.3435000000000001,,,,0.6627252789167543,https://www.ecdc.europa.eu/en/publications-data/downloadable-tables-antimicrobial-consumption-annual-epidemiological-report-2022
Bulgaria,BGR,2022,community,J01C_penicillins,5.945900000000001,,,,0.8211920529801323,https://www.ecdc.europa.eu/en/publications-data/downloadable-tables-antimicrobial-consumption-annual-epidemiological-report-2022
Bulgaria,BGR,2022,community,J01D_other_beta_lactams,5.5847999999999995,,,,0.8211920529801323,https://www.ecdc.europa.eu/en/publications-data/downloadable-tables-antimicrobial-consumption-annual-epidemiological-report-2022
Bulgaria,BGR,2022,community,J01M_quinolones,3.3524000000000003,,,,0.8211920529801323,https://www.ecdc.europa.eu/en/publications-data/downloadable-tables-antimicrobial-consumption-annual-epidemiological-report-2022
Bulgaria,BGR,2022,hospital,J01C_penicillins,0.1054,,,,0.8211920529801323,https://www.ecdc.europa.eu/en/publications-data/downloadable-tables-antimicrobial-consumption-annual-epidemiological-report-2022
Bulgaria,BGR,2022,hospital,J01DH_carbapenems,0.050100000000000006,,,,0.8211920529801323,https://www.ecdc.europa.eu/en/publications-data/downloadable-tables-antimicrobial-consumption-annual-epidemiological-report-2022
Bulgaria,BGR,2022,hospital,J01D_other_beta_lactams,0.9140999999999999,,,,0.8211920529801323,https://www.ecdc.europa.eu/en/publications-data/downloadable-tables-antimicrobial-consumption-annual-epidemiological-report-2022
Bulgaria,BGR,2022,hospital,J01M_quinolones,0.1832,,,,0.8211920529801323,https://www.ecdc.europa.eu/en/publications-data/downloadable-tables-antimicrobial-consumption-annual-epidemiological-report-2022
Czechia,CZE,2013,community,J01C_penicillins,6.0531,,,,,https://www.ecdc.europa.eu/en/publications-data/downloadable-tables-antimicrobial-consumption-annual-epidemiological-report-2022
Czechia,CZE,2013,community,J01D_other_beta_lactams,1.7442000000000002,,,,,https://www.ecdc.europa.eu/en/publications-data/downloadable-tables-antimicrobial-consumption-annual-epidemiological-report-2022
Czechia,CZE,2013,community,J01M_quinolones,0.8526999999999999,,,,,https://www.ecdc.europa.eu/en/publications-data/downloadable-tables-antimicrobial-consumption-annual-epidemiological-report-2022
Czechia,CZE,2014,community,J01C_penicillins,6.0808,,,,,https://www.ecdc.europa.eu/en/publications-data/downloadable-tables-antimicrobial-consumption-annual-epidemiological-report-2022
Czechia,CZE,2014,community,J01D_other_beta_lactams,2.0247,,,,,https://www.ecdc.europa.eu/en/publications-data/downloadable-tables-antimicrobial-consumption-annual-epidemiological-report-2022
Czechia,CZE,2014,community,J01M_quinolones,0.8802999999999999,,,,,https://www.ecdc.europa.eu/en/publications-data/downloadable-tables-antimicrobial-consumption-annual-epidemiological-report-2022
Czechia,CZE,2015,community,J01C_penicillins,6.257900000000001,,,,,https://www.ecdc.europa.eu/en/publications-data/downloadable-tables-antimicrobial-consumption-annual-epidemiological-report-2022
Czechia,CZE,2015,community,J01D_other_beta_lactams,2.2104,,,,,https://www.ecdc.europa.eu/en/publications-data/downloadable-tables-antimicrobial-consumption-annual-epidemiological-report-2022
Czechia,CZE,2015,community,J01M_quinolones,0.8755,,,,,https://www.ecdc.europa.eu/en/publications-data/downloadable-tables-antimicrobial-consumption-annual-epidemiological-report-2022
Czechia,CZE,2021,community,J01C_penicillins,3.7842999999999996,,,,1.7772719313605325,https://www.ecdc.europa.eu/en/publications-data/downloadable-tables-antimicrobial-consumption-annual-epidemiological-report-2022
Czechia,CZE,2021,community,J01D_other_beta_lactams,1.4349,,,,1.7772719313605325,https://www.ecdc.europa.eu/en/publications-data/downloadable-tables-antimicrobial-consumption-annual-epidemiological-report-2022
Czechia,CZE,2021,community,J01M_quinolones,0.4766,,,,1.7772719313605325,https://www.ecdc.europa.eu/en/publications-data/downloadable-tables-antimicrobial-consumption-annual-epidemiological-report-2022
Czechia,CZE,2021,hospital,J01C_penicillins,0.8798000000000001,,,,1.7772719313605325,https://www.ecdc.europa.eu/en/publications-data/downloadable-tables-antimicrobial-consumption-annual-epidemiological-report-2022
Czechia,CZE,2021,hospital,J01DH_carbapenems,0.0976,,,,1.7772719313605325,https://www.ecdc.europa.eu/en/publications-data/downloadable-tables-antimicrobial-consumption-annual-epidemiological-report-2022
Czechia,CZE,2021,hospital,J01D_other_beta_lactams,0.5703,,,,1.7772719313605325,https://www.ecdc.europa.eu/en/publications-data/downloadable-tables-antimicrobial-consumption-annual-epidemiological-report-2022
Czechia,CZE,2021,hospital,J01M_quinolones,0.1193,,,,1.7772719313605325,https://www.ecdc.europa.eu/en/publications-data/downloadable-tables-antimicrobial-consumption-annual-epidemiological-report-2022
Czechia,CZE,2022,community,J01C_penicillins,4.8718,,,,1.226070122607012,https://www.ecdc.europa.eu/en/publications-data/downloadable-tables-antimicrobial-consumption-annual-epidemiological-report-2022
Czechia,CZE,2022,community,J01D_other_beta_lactams,1.9265,,,,1.226070122607012,https://www.ecdc.europa.eu/en/publications-data/downloadable-tables-antimicrobial-consumption-annual-epidemiological-report-2022
Czechia,CZE,2022,community,J01M_quinolones,0.4777,,,,1.226070122607012,https://www.ecdc.europa.eu/en/publications-data/downloadable-tables-antimicrobial-consumption-annual-epidemiological-report-2022
Czechia,CZE,2022,hospital,J01C_penicillins,1.1816,,,,1.226070122607012,https://www.ecdc.europa.eu/en/publications-data/downloadable-tables-antimicrobial-consumption-annual-epidemiological-report-2022
Czechia,CZE,2022,hospital,J01DH_carbapenems,0.08760000000000001,,,,1.226070122607012,https://www.ecdc.europa.eu/en/publications-data/downloadable-tables-antimicrobial-consumption-annual-epidemiological-report-2022
Czechia,CZE,2022,hospital,J01D_other_beta_lactams,0.5858,,,,1.226070122607012,https://www.ecdc.europa.eu/en/publications-data/downloadable-tables-antimicrobial-consumption-annual-epidemiological-report-2022
Czechia,CZE,2022,hospital,J01M_quinolones,0.1497,,,,1.226070122607012,https://www.ecdc.europa.eu/en/publications-data/downloadable-tables-antimicrobial-consumption-annual-epidemiological-report-2022
Germany,DEU,2013,community,J01C_penicillins,3.5337000000000005,,,,,https://www.ecdc.europa.eu/en/publications-data/downloadable-tables-antimicrobial-consumption-annual-epidemiological-report-2022
Germany,DEU,2013,community,J01D_other_beta_lactams,3.2222000000000004,,,,,https://www.ecdc.europa.eu/en/publications-data/downloadable-tables-antimicrobial-consumption-annual-epidemiological-report-2022
Germany,DEU,2013,community,J01M_quinolones,1.4163,,,,,https://www.ecdc.europa.eu/en/publications-data/downloadable-tables-antimicrobial-consumption-annual-epidemiological-report-2022
Germany,DEU,2014,community,J01C_penicillins,3.3605,,,,,https://www.ecdc.europa.eu/en/publications-data/downloadable-tables-antimicrobial-consumption-annual-epidemiological-report-2022
Germany,DEU,2014,community,J01D_other_beta_lactams,3.0144,,,,,https://www.ecdc.europa.eu/en/publications-data/downloadable-tables-antimicrobial-consumption-annual-epidemiological-report-2022
Germany,DEU,2014,community,J01M_quinolones,1.3426,,,,,https://www.ecdc.europa.eu/en/publications-data/downloadable-tables-antimicrobial-consumption-annual-epidemiological-report-2022
Germany,DEU,2015,community,J01C_penicillins,3.3015000000000003,,,,,https://www.ecdc.europa.eu/en/publications-data/downloadable-tables-antimicrobial-consumption-annual-epidemiological-report-2022
Germany,DEU,2015,community,J01D_other_beta_lactams,3.1147,,,,,https://www.ecdc.europa.eu/en/publications-data/downloadable-tables-antimicrobial-consumption-annual-epidemiological-report-2022
Germany,DEU,2015,community,J01M_quinolones,1.325,,,,,https://www.ecdc.europa.eu/en/publications-data/downloadable-tables-antimicrobial-consumption-annual-epidemiological-report-2022
Germany,DEU,2016,community,J01C_penicillins,3.4174,,,,,https://www.ecdc.europa.eu/en/publications-data/downloadable-tables-antimicrobial-consumption-annual-epidemiological-report-2022
Germany,DEU,2016,community,J01D_other_beta_lactams,3.0342999999999996,,,,,https://www.ecdc.europa.eu/en/publications-data/downloadable-tables-antimicrobial-consumption-annual-epidemiological-report-2022
Germany,DEU,2016,community,J01M_quinolones,1.2362,,,,,https://www.ecdc.europa.eu/en/publications-data/downloadable-tables-antimicrobial-consumption-annual-epidemiological-report-2022
Germany,DEU,2017,community,J01C_penicillins,3.8163,,,,,https://www.ecdc.europa.eu/en/publications-data/downloadable-tables-antimicrobial-consumption-annual-epidemiological-report-2022
Germany,DEU,2017,community,J01D_other_beta_lactams,2.8133999999999997,,,,,https://www.ecdc.europa.eu/en/publications-data/downloadable-tables-antimicrobial-consumption-annual-epidemiological-report-2022
Germany,DEU,2017,community,J01M_quinolones,1.1054,,,,,https://www.ecdc.europa.eu/en/publications-data/downloadable-tables-antimicrobial-consumption-annual-epidemiological-report-2022
Germany,DEU,2018,community,J01C_penicillins,3.7387000000000006,,,,,https://www.ecdc.europa.eu/en/publications-data/downloadable-tables-antimicrobial-consumption-annual-epidemiological-report-2022
Germany,DEU,2018,community,J01D_other_beta_lactams,2.4873,,,,,https://www.ecdc.europa.eu/en/publications-data/downloadable-tables-antimicrobial-consumption-annual-epidemiological-report-2022
Germany,DEU,2018,community,J01M_quinolones,0.9621,,,,,https://www.ecdc.europa.eu/en/publications-data/downloadable-tables-antimicrobial-consumption-annual-epidemiological-report-2022
Germany,DEU,2019,community,J01C_penicillins,3.9564000000000004,,,,,https://www.ecdc.europa.eu/en/publications-data/downloadable-tables-antimicrobial-consumption-annual-epidemiological-report-2022
Germany,DEU,2019,community,J01D_other_beta_lactams,2.3634,,,,,https://www.ecdc.europa.eu/en/publications-data/downloadable-tables-antimicrobial-consumption-annual-epidemiological-report-2022
Germany,DEU,2019,community,J01M_quinolones,0.6336999999999999,,,,,https://www.ecdc.europa.eu/en/publications-data/downloadable-tables-antimicrobial-consumption-annual-epidemiological-report-2022
Germany,DEU,2020,community,J01C_penicillins,3.0518000000000005,,,,,https://www.ecdc.europa.eu/en/publications-data/downloadable-tables-antimicrobial-consumption-annual-epidemiological-report-2022
Germany,DEU,2020,community,J01D_other_beta_lactams,1.6787,,,,,https://www.ecdc.europa.eu/en/publications-data/downloadable-tables-antimicrobial-consumption-annual-epidemiological-report-2022
Germany,DEU,2020,community,J01M_quinolones,0.48850000000000005,,,,,https://www.ecdc.europa.eu/en/publications-data/downloadable-tables-antimicrobial-consumption-annual-epidemiological-report-2022
Germany,DEU,2021,community,J01C_penicillins,2.8357,,,,,https://www.ecdc.europa.eu/en/publications-data/downloadable-tables-antimicrobial-consumption-annual-epidemiological-report-2022
Germany,DEU,2021,community,J01D_other_beta_lactams,1.4378,,,,,https://www.ecdc.europa.eu/en/publications-data/downloadable-tables-antimicrobial-consumption-annual-epidemiological-report-2022
Germany,DEU,2021,community,J01M_quinolones,0.4342,,,,,https://www.ecdc.europa.eu/en/publications-data/downloadable-tables-antimicrobial-consumption-annual-epidemiological-report-2022
Germany,DEU,2022,community,J01C_penicillins,3.8896,,,,,https://www.ecdc.europa.eu/en/publications-data/downloadable-tables-antimicrobial-consumption-annual-epidemiological-report-2022
Germany,DEU,2022,community,J01D_other_beta_lactams,1.8681999999999999,,,,,https://www.ecdc.europa.eu/en/publications-data/downloadable-tables-antimicrobial-consumption-annual-epidemiological-report-2022
Germany,DEU,2022,community,J01M_quinolones,0.47739999999999994,,,,,https://www.ecdc.europa.eu/en/publications-data/downloadable-tables-antimicrobial-consumption-annual-epidemiological-report-2022
Denmark,DNK,2013,community,J01C_penicillins,9.7913,,,,0.690923551048812,https://www.ecdc.europa.eu/en/publications-data/downloadable-tables-antimicrobial-consumption-annual-epidemiological-report-2022
Denmark,DNK,2013,community,J01D_other_beta_lactams,0.032900000000000006,,,,0.690923551048812,https://www.ecdc.europa.eu/en/publications-data/downloadable-tables-antimicrobial-consumption-annual-epidemiological-report-2022
Denmark,DNK,2013,community,J01M_quinolones,0.5163,,,,0.690923551048812,https://www.ecdc.europa.eu/en/publications-data/downloadable-tables-antimicrobial-consumption-annual-epidemiological-report-2022
Denmark,DNK,2013,hospital,J01C_penicillins,0.9367999999999999,,,,0.690923551048812,https://www.ecdc.europa.eu/en/publications-data/downloadable-tables-antimicrobial-consumption-annual-epidemiological-report-2022
Denmark,DNK,2013,hospital,J01DH_carbapenems,0.0584,,,,0.690923551048812,https://www.ecdc.europa.eu/en/publications-data/downloadable-tables-antimicrobial-consumption-annual-epidemiological-report-2022
Denmark,DNK,2013,hospital,J01D_other_beta_lactams,0.35279999999999995,,,,0.690923551048812,https://www.ecdc.europa.eu/en/publications-data/downloadable-tables-antimicrobial-consumption-annual-epidemiological-report-2022
Denmark,DNK,2013,hospital,J01M_quinolones,0.1852,,,,0.690923551048812,https://www.ecdc.europa.eu/en/publications-data/downloadable-tables-antimicrobial-consumption-annual-epidemiological-report-2022
Denmark,DNK,2014,community,J01C_penicillins,9.716299999999999,,,,0.6419706120119834,https://www.ecdc.europa.eu/en/publications-data/downloadable-tables-antimicrobial-consumption-annual-epidemiological-report-2022
Denmark,DNK,2014,community,J01D_other_beta_lactams,0.0317,,,,0.6419706120119834,https://www.ecdc.europa.eu/en/publications-data/downloadable-tables-antimicrobial-consumption-annual-epidemiological-report-2022
Denmark,DNK,2014,community,J01M_quinolones,0.4954,,,,0.6419706120119834,https://www.ecdc.europa.eu/en/publications-data/downloadable-tables-antimicrobial-consumption-annual-epidemiological-report-2022
Denmark,DNK,2014,hospital,J01C_penicillins,0.9878,,,,0.6419706120119834,https://www.ecdc.europa.eu/en/publications-data/downloadable-tables-antimicrobial-consumption-annual-epidemiological-report-2022
Denmark,DNK,2014,hospital,J01DH_carbapenems,0.057199999999999994,,,,0.6419706120119834,https://www.ecdc.europa.eu/en/publications-data/downloadable-tables-antimicrobial-consumption-annual-epidemiological-report-2022
Denmark,DNK,2014,hospital,J01D_other_beta_lactams,0.3881,,,,0.6419706120119834,https://www.ecdc.europa.eu/en/publications-data/downloadable-tables-antimicrobial-consumption-annual-epidemiological-report-2022
Denmark,DNK,2014,hospital,J01M_quinolones,0.1815,,,,0.6419706120119834,https://www.ecdc.europa.eu/en/publications-data/downloadable-tables-antimicrobial-consumption-annual-epidemiological-report-2022
Denmark,DNK,2015,community,J01C_penicillins,9.8688,,,,0.6046052913682949,https://www.ecdc.europa.eu/en/publications-data/downloadable-tables-antimicrobial-consumption-annual-epidemiological-report-2022
Denmark,DNK,2015,community,J01D_other_beta_lactams,0.0337,,,,0.6046052913682949,https://www.ecdc.europa.eu/en/publications-data/downloadable-tables-antimicrobial-consumption-annual-epidemiological-report-2022
Denmark,DNK,2015,community,J01M_quinolones,0.4948,,,,0.6046052913682949,https://www.ecdc.europa.eu/en/publications-data/downloadable-tables-antimicrobial-consumption-annual-epidemiological-report-2022
Denmark,DNK,2015,hospital,J01C_penicillins,1.0042,,,,0.6046052913682949,https://www.ecdc.europa.eu/en/publications-data/downloadable-tables-antimicrobial-consumption-annual-epidemiological-report-2022
Denmark,DNK,2015,hospital,J01DH_carbapenems,0.056299999999999996,,,,0.6046052913682949,https://www.ecdc.europa.eu/en/publications-data/downloadable-tables-antimicrobial-consumption-annual-epidemiological-report-2022
Denmark,DNK,2015,hospital,J01D_other_beta_lactams,0.28990000000000005,,,,0.6046052913682949,https://www.ecdc.europa.eu/en/publications-data/downloadable-tables-antimicrobial-consumption-annual-epidemiological-report-2022
Denmark,DNK,2015,hospital,J01M_quinolones,0.1671,,,,0.6046052913682949,https://www.ecdc.europa.eu/en/publications-data/downloadable-tables-antimicrobial-consumption-annual-epidemiological-report-2022
Denmark,DNK,2016,community,J01C_penicillins,9.7905,,,,0.6189344424638542,https://www.ecdc.europa.eu/en/publications-data/downloadable-tables-antimicrobial-consumption-annual-epidemiological-report-2022
Denmark,DNK,2016,community,J01D_other_beta_lactams,0.0328,,,,0.6189344424638542,https://www.ecdc.europa.eu/en/publications-data/downloadable-tables-antimicrobial-consumption-annual-epidemiological-report-2022
Denmark,DNK,2016,community,J01M_quinolones,0.4796,,,,0.6189344424638542,https://www.ecdc.europa.eu/en/publications-data/downloadable-tables-antimicrobial-consumption-annual-epidemiological-report-2022
Denmark,DNK,2016,hospital,J01C_penicillins,0.9968,,,,0.6189344424638542,https://www.ecdc.europa.eu/en/publications-data/downloadable-tables-antimicrobial-consumption-annual-epidemiological-report-2022
Denmark,DNK,2016,hospital,J01DH_carbapenems,0.0528,,,,0.6189344424638542,https://www.ecdc.europa.eu/en/publications-data/downloadable-tables-antimicrobial-consumption-annual-epidemiological-report-2022
Denmark,DNK,2016,hospital,J01D_other_beta_lactams,0.2611,,,,0.6189344424638542,https://www.ecdc.europa.eu/en/publications-data/downloadable-tables-antimicrobial-consumption-annual-epidemiological-report-2022
Denmark,DNK,2016,hospital,J01M_quinolones,0.14629999999999999,,,,0.6189344424638542,https://www.ecdc.europa.eu/en/publications-data/downloadable-tables-antimicrobial-consumption-annual-epidemiological-report-2022
Denmark,DNK,2017,community,J01C_penicillins,9.5159,,,,0.6233346022078414,https://www.ecdc.europa.eu/en/publications-data/downloadable-tables-antimicrobial-consumption-annual-epidemiological-report-2022
Denmark,DNK,2017,community,J01D_other_beta_lactams,0.0322,,,,0.6233346022078414,https://www.ecdc.europa.eu/en/publications-data/downloadable-tables-antimicrobial-consumption-annual-epidemiological-report-2022
Denmark,DNK,2017,community,J01M_quinolones,0.4441,,,,0.6233346022078414,https://www.ecdc.europa.eu/en/publications-data/downloadable-tables-antimicrobial-consumption-annual-epidemiological-report-2022
Denmark,DNK,2017,hospital,J01C_penicillins,1.0016,,,,0.6233346022078414,https://www.ecdc.europa.eu/en/publications-data/downloadable-tables-antimicrobial-consumption-annual-epidemiological-report-2022
Denmark,DNK,2017,hospital,J01DH_carbapenems,0.0549,,,,0.6233346022078414,https://www.ecdc.europa.eu/en/publications-data/downloadable-tables-antimicrobial-consumption-annual-epidemiological-report-2022
Denmark,DNK,2017,hospital,J01D_other_beta_lactams,0.297,,,,0.6233346022078414,https://www.ecdc.europa.eu/en/publications-data/downloadable-tables-antimicrobial-consumption-annual-epidemiological-report-2022
Denmark,DNK,2017,hospital,J01M_quinolones,0.13929999999999998,,,,0.6233346022078414,https://www.ecdc.europa.eu/en/publications-data/downloadable-tables-antimicrobial-consumption-annual-epidemiological-report-2022
Denmark,DNK,2018,community,J01C_penicillins,9.1552,,,,0.8651565189078562,https://www.ecdc.europa.eu/en/publications-data/downloadable-tables-antimicrobial-consumption-annual-epidemiological-report-2022
Denmark,DNK,2018,community,J01D_other_beta_lactams,0.0314,,,,0.8651565189078562,https://www.ecdc.europa.eu/en/publications-data/downloadable-tables-antimicrobial-consumption-annual-epidemiological-report-2022
Denmark,DNK,2018,community,J01M_quinolones,0.414,,,,0.8651565189078562,https://www.ecdc.europa.eu/en/publications-data/downloadable-tables-antimicrobial-consumption-annual-epidemiological-report-2022
Denmark,DNK,2018,hospital,J01C_penicillins,1.0719,,,,0.8651565189078562,https://www.ecdc.europa.eu/en/publications-data/downloadable-tables-antimicrobial-consumption-annual-epidemiological-report-2022
Denmark,DNK,2018,hospital,J01DH_carbapenems,0.053399999999999996,,,,0.8651565189078562,https://www.ecdc.europa.eu/en/publications-data/downloadable-tables-antimicrobial-consumption-annual-epidemiological-report-2022
Denmark,DNK,2018,hospital,J01D_other_beta_lactams,0.2527,,,,0.8651565189078562,https://www.ecdc.europa.eu/en/publications-data/downloadable-tables-antimicrobial-consumption-annual-epidemiological-report-2022
Denmark,DNK,2018,hospital,J01M_quinolones,0.1323,,,,0.8651565189078562,https://www.ecdc.europa.eu/en/publications-data/downloadable-tables-antimicrobial-consumption-annual-epidemiological-report-2022
Denmark,DNK,2019,community,J01C_penicillins,8.925099999999999,,,,0.788898393688813,https://www.ecdc.europa.eu/en/publications-data/downloadable-tables-antimicrobial-consumption-annual-epidemiological-report-2022
Denmark,DNK,2019,community,J01D_other_beta_lactams,0.0301,,,,0.788898393688813,https://www.ecdc.europa.eu/en/publications-data/downloadable-tables-antimicrobial-consumption-annual-epidemiological-report-2022
Denmark,DNK,2019,community,J01M_quinolones,0.3681,,,,0.788898393688813,https://www.ecdc.europa.eu/en/publications-data/downloadable-tables-antimicrobial-consumption-annual-epidemiological-report-2022
Denmark,DNK,2019,hospital,J01C_penicillins,0.9998,,,,0.788898393688813,https://www.ecdc.europa.eu/en/publications-data/downloadable-tables-antimicrobial-consumption-annual-epidemiological-report-2022
Denmark,DNK,2019,hospital,J01DH_carbapenems,0.0538,,,,0.788898393688813,https://www.ecdc.europa.eu/en/publications-data/downloadable-tables-antimicrobial-consumption-annual-epidemiological-report-2022
Denmark,DNK,2019,hospital,J01D_other_beta_lactams,0.2329,,,,0.788898393688813,https://www.ecdc.europa.eu/en/publications-data/downloadable-tables-antimicrobial-consumption-annual-epidemiological-report-2022
Denmark,DNK,2019,hospital,J01M_quinolones,0.1241,,,,0.788898393688813,https://www.ecdc.europa.eu/en/publications-data/downloadable-tables-antimicrobial-consumption-annual-epidemiological-report-2022
Denmark,DNK,2020,community,J01C_penicillins,8.0766,,,,0.7530120481927711,https://www.ecdc.europa.eu/en/publications-data/downloadable-tables-antimicrobial-consumption-annual-epidemiological-report-2022
Denmark,DNK,2020,community,J01D_other_beta_lactams,0.0274,,,,0.7530120481927711,https://www.ecdc.europa.eu/en/publications-data/downloadable-tables-antimicrobial-consumption-annual-epidemiological-report-2022
Denmark,DNK,2020,community,J01M_quinolones,0.3291,,,,0.7530120481927711,https://www.ecdc.europa.eu/en/publications-data/downloadable-tables-antimicrobial-consumption-annual-epidemiological-report-2022
Denmark,DNK,2020,hospital,J01C_penicillins,0.9767999999999999,,,,0.7530120481927711,https://www.ecdc.europa.eu/en/publications-data/downloadable-tables-antimicrobial-consumption-annual-epidemiological-report-2022
Denmark,DNK,2020,hospital,J01DH_carbapenems,0.0529,,,,0.7530120481927711,https://www.ecdc.europa.eu/en/publications-data/downloadable-tables-antimicrobial-consumption-annual-epidemiological-report-2022
Denmark,DNK,2020,hospital,J01D_other_beta_lactams,0.21250000000000002,,,,0.7530120481927711,https://www.ecdc.europa.eu/en/publications-data/downloadable-tables-antimicrobial-consumption-annual-epidemiological-report-2022
Denmark,DNK,2020,hospital,J01M_quinolones,0.1085,,,,0.7530120481927711,https://www.ecdc.europa.eu/en/publications-data/downloadable-tables-antimicrobial-consumption-annual-epidemiological-report-2022
Denmark,DNK,2021,community,J01C_penicillins,8.229899999999999,,,,0.730633376881018,https://www.ecdc.europa.eu/en/publications-data/downloadable-tables-antimicrobial-consumption-annual-epidemiological-report-2022
Denmark,DNK,2021,community,J01D_other_beta_lactams,0.026600000000000002,,,,0.730633376881018,https://www.ecdc.europa.eu/en/publications-data/downloadable-tables-antimicrobial-consumption-annual-epidemiological-report-2022
Denmark,DNK,2021,community,J01M_quinolones,0.3156,,,,0.730633376881018,https://www.ecdc.europa.eu/en/publications-data/downloadable-tables-antimicrobial-consumption-annual-epidemiological-report-2022
Denmark,DNK,2021,hospital,J01C_penicillins,1.0604,,,,0.730633376881018,https://www.ecdc.europa.eu/en/publications-data/downloadable-tables-antimicrobial-consumption-annual-epidemiological-report-2022
Denmark,DNK,2021,hospital,J01DH_carbapenems,0.0509,,,,0.730633376881018,https://www.ecdc.europa.eu/en/publications-data/downloadable-tables-antimicrobial-consumption-annual-epidemiological-report-2022
Denmark,DNK,2021,hospital,J01D_other_beta_lactams,0.2041,,,,0.730633376881018,https://www.ecdc.europa.eu/en/publications-data/downloadable-tables-antimicrobial-consumption-annual-epidemiological-report-2022
Denmark,DNK,2021,hospital,J01M_quinolones,0.1011,,,,0.730633376881018,https://www.ecdc.europa.eu/en/publications-data/downloadable-tables-antimicrobial-consumption-annual-epidemiological-report-2022
Denmark,DNK,2022,community,J01C_penicillins,8.843699999999998,,,,0.7580814341565745,https://www.ecdc.europa.eu/en/publications-data/downloadable-tables-antimicrobial-consumption-annual-epidemiological-report-2022
Denmark,DNK,2022,community,J01D_other_beta_lactams,0.023200000000000002,,,,0.7580814341565745,https://www.ecdc.europa.eu/en/publications-data/downloadable-tables-antimicrobial-consumption-annual-epidemiological-report-2022
Denmark,DNK,2022,community,J01M_quinolones,0.3381,,,,0.7580814341565745,https://www.ecdc.europa.eu/en/publications-data/downloadable-tables-antimicrobial-consumption-annual-epidemiological-report-2022
Denmark,DNK,2022,hospital,J01C_penicillins,1.0667,,,,0.7580814341565745,https://www.ecdc.europa.eu/en/publications-data/downloadable-tables-antimicrobial-consumption-annual-epidemiological-report-2022
Denmark,DNK,2022,hospital,J01DH_carbapenems,0.0493,,,,0.7580814341565745,https://www.ecdc.europa.eu/en/publications-data/downloadable-tables-antimicrobial-consumption-annual-epidemiological-report-2022
Denmark,DNK,2022,hospital,J01D_other_beta_lactams,0.2084,,,,0.7580814341565745,https://www.ecdc.europa.eu/en/publications-data/downloadable-tables-antimicrobial-consumption-annual-epidemiological-report-2022
Denmark,DNK,2022,hospital,J01M_quinolones,0.103,,,,0.7580814341565745,https://www.ecdc.europa.eu/en/publications-data/downloadable-tables-antimicrobial-consumption-annual-epidemiological-report-2022
Spain,ESP,2013,community,J01C_penicillins,8.623899999999999,,,,,https://www.ecdc.europa.eu/en/publications-data/downloadable-tables-antimicrobial-consumption-annual-epidemiological-report-2022
Spain,ESP,2013,community,J01D_other_beta_lactams,1.5667,,,,,https://www.ecdc.europa.eu/en/publications-data/downloadable-tables-antimicrobial-consumption-annual-epidemiological-report-2022
Spain,ESP,2013,community,J01M_quinolones,2.3589999999999995,,,,,https://www.ecdc.europa.eu/en/publications-data/downloadable-tables-antimicrobial-consumption-annual-epidemiological-report-2022
Spain,ESP,2014,community,J01C_penicillins,9.4416,,,,,https://www.ecdc.europa.eu/en/publications-data/downloadable-tables-antimicrobial-consumption-annual-epidemiological-report-2022
Spain,ESP,2014,community,J01D_other_beta_lactams,1.6410999999999998,,,,,https://www.ecdc.europa.eu/en/publications-data/downloadable-tables-antimicrobial-consumption-annual-epidemiological-report-2022
Spain,ESP,2014,community,J01M_quinolones,2.3112,,,,,https://www.ecdc.europa.eu/en/publications-data/downloadable-tables-antimicrobial-consumption-annual-epidemiological-report-2022
Spain,ESP,2015,community,J01C_penicillins,9.762199999999998,,,,,https://www.ecdc.europa.eu/en/publications-data/downloadable-tables-antimicrobial-consumption-annual-epidemiological-report-2022
Spain,ESP,2015,community,J01D_other_beta_lactams,1.6434000000000002,,,,,https://www.ecdc.europa.eu/en/publications-data/downloadable-tables-antimicrobial-consumption-annual-epidemiological-report-2022
Spain,ESP,2015,community,J01M_quinolones,2.3484,,,,,https://www.ecdc.europa.eu/en/publications-data/downloadable-tables-antimicrobial-consumption-annual-epidemiological-report-2022
Spain,ESP,2016,community,J01C_penicillins,14.792199999999998,,,,7.097791798107256,https://www.ecdc.europa.eu/en/publications-data/downloadable-tables-antimicrobial-consumption-annual-epidemiological-report-2022
Spain,ESP,2016,community,J01D_other_beta_lactams,2.2398,,,,7.097791798107256,https://www.ecdc.europa.eu/en/publications-data/downloadable-tables-antimicrobial-consumption-annual-epidemiological-report-2022
Spain,ESP,2016,community,J01M_quinolones,2.8999,,,,7.097791798107256,https://www.ecdc.europa.eu/en/publications-data/downloadable-tables-antimicrobial-consumption-annual-epidemiological-report-2022
Spain,ESP,2016,hospital,J01C_penicillins,0.6347999999999999,,,,7.097791798107256,https://www.ecdc.europa.eu/en/publications-data/downloadable-tables-antimicrobial-consumption-annual-epidemiological-report-2022
Spain,ESP,2016,hospital,J01DH_carbapenems,0.1114,,,,7.097791798107256,https://www.ecdc.europa.eu/en/publications-data/downloadable-tables-antimicrobial-consumption-annual-epidemiological-report-2022
Spain,ESP,2016,hospital,J01D_other_beta_lactams,0.42989999999999995,,,,7.097791798107256,https://www.ecdc.europa.eu/en/publications-data/downloadable-tables-antimicrobial-consumption-annual-epidemiological-report-2022
Spain,ESP,2016,hospital,J01M_quinolones,0.3412,,,,7.097791798107256,https://www.ecdc.europa.eu/en/publications-data/downloadable-tables-antimicrobial-consumption-annual-epidemiological-report-2022
Spain,ESP,2017,community,J01C_penicillins,14.232800000000001,,,,7.539659976118723,https://www.ecdc.europa.eu/en/publications-data/downloadable-tables-antimicrobial-consumption-annual-epidemiological-report-2022
Spain,ESP,2017,community,J01D_other_beta_lactams,2.269,,,,7.539659976118723,https://www.ecdc.europa.eu/en/publications-data/downloadable-tables-antimicrobial-consumption-annual-epidemiological-report-2022
Spain,ESP,2017,community,J01M_quinolones,2.8223000000000003,,,,7.539659976118723,https://www.ecdc.europa.eu/en/publications-data/downloadable-tables-antimicrobial-consumption-annual-epidemiological-report-2022
Spain,ESP,2017,hospital,J01C_penicillins,0.6108999999999999,,,,7.539659976118723,https://www.ecdc.europa.eu/en/publications-data/downloadable-tables-antimicrobial-consumption-annual-epidemiological-report-2022
Spain,ESP,2017,hospital,J01DH_carbapenems,0.08810000000000001,,,,7.539659976118723,https://www.ecdc.europa.eu/en/publications-data/downloadable-tables-antimicrobial-consumption-annual-epidemiological-report-2022
Spain,ESP,2017,hospital,J01D_other_beta_lactams,0.40629999999999994,,,,7.539659976118723,https://www.ecdc.europa.eu/en/publications-data/downloadable-tables-antimicrobial-consumption-annual-epidemiological-report-2022
Spain,ESP,2017,hospital,J01M_quinolones,0.2966,,,,7.539659976118723,https://www.ecdc.europa.eu/en/publications-data/downloadable-tables-antimicrobial-consumption-annual-epidemiological-report-2022
Spain,ESP,2018,community,J01C_penicillins,13.774700000000001,,,,8.032198285846654,https://www.ecdc.europa.eu/en/publications-data/downloadable-tables-antimicrobial-consumption-annual-epidemiological-report-2022
Spain,ESP,2018,community,J01D_other_beta_lactams,2.3496999999999995,,,,8.032198285846654,https://www.ecdc.europa.eu/en/publications-data/downloadable-tables-antimicrobial-consumption-annual-epidemiological-report-2022
Spain,ESP,2018,community,J01M_quinolones,2.6957,,,,8.032198285846654,https://www.ecdc.europa.eu/en/publications-data/downloadable-tables-antimicrobial-consumption-annual-epidemiological-report-2022
Spain,ESP,2018,hospital,J01C_penicillins,0.6164999999999999,,,,8.032198285846654,https://www.ecdc.europa.eu/en/publications-data/downloadable-tables-antimicrobial-consumption-annual-epidemiological-report-2022
Spain,ESP,2018,hospital,J01DH_carbapenems,0.08729999999999999,,,,8.032198285846654,https://www.ecdc.europa.eu/en/publications-data/downloadable-tables-antimicrobial-consumption-annual-epidemiological-report-2022
Spain,ESP,2018,hospital,J01D_other_beta_lactams,0.40099999999999997,,,,8.032198285846654,https://www.ecdc.europa.eu/en/publications-data/downloadable-tables-antimicrobial-consumption-annual-epidemiological-report-2022
Spain,ESP,2018,hospital,J01M_quinolones,0.2698,,,,8.032198285846654,https://www.ecdc.europa.eu/en/publications-data/downloadable-tables-antimicrobial-consumption-annual-epidemiological-report-2022
Spain,ESP,2019,community,J01C_penicillins,13.1623,,,,9.559184675834974,https://www.ecdc.europa.eu/en/publications-data/downloadable-tables-antimicrobial-consumption-annual-epidemiological-report-2022
Spain,ESP,2019,community,J01D_other_beta_lactams,2.3583999999999996,,,,9.559184675834974,https://www.ecdc.europa.eu/en/publications-data/downloadable-tables-antimicrobial-consumption-annual-epidemiological-report-2022
Spain,ESP,2019,community,J01M_quinolones,2.2952,,,,9.559184675834974,https://www.ecdc.europa.eu/en/publications-data/downloadable-tables-antimicrobial-consumption-annual-epidemiological-report-2022
Spain,ESP,2019,hospital,J01C_penicillins,0.5736,,,,9.559184675834974,https://www.ecdc.europa.eu/en/publications-data/downloadable-tables-antimicrobial-consumption-annual-epidemiological-report-2022
Spain,ESP,2019,hospital,J01DH_carbapenems,0.0859,,,,9.559184675834974,https://www.ecdc.europa.eu/en/publications-data/downloadable-tables-antimicrobial-consumption-annual-epidemiological-report-2022
Spain,ESP,2019,hospital,J01D_other_beta_lactams,0.40120000000000006,,,,9.559184675834974,https://www.ecdc.europa.eu/en/publications-data/downloadable-tables-antimicrobial-consumption-annual-epidemiological-report-2022
Spain,ESP,2019,hospital,J01M_quinolones,0.23130000000000003,,,,9.559184675834974,https://www.ecdc.europa.eu/en/publications-data/downloadable-tables-antimicrobial-consumption-annual-epidemiological-report-2022
Spain,ESP,2020,community,J01C_penicillins,9.8986,,,,10.933692445812497,https://www.ecdc.europa.eu/en/publications-data/downloadable-tables-antimicrobial-consumption-annual-epidemiological-report-2022
Spain,ESP,2020,community,J01D_other_beta_lactams,1.9171999999999998,,,,10.933692445812497,https://www.ecdc.europa.eu/en/publications-data/downloadable-tables-antimicrobial-consumption-annual-epidemiological-report-2022
Spain,ESP,2020,community,J01M_quinolones,1.7807,,,,10.933692445812497,https://www.ecdc.europa.eu/en/publications-data/downloadable-tables-antimicrobial-consumption-annual-epidemiological-report-2022
Spain,ESP,2020,hospital,J01C_penicillins,0.48019999999999996,,,,10.933692445812497,https://www.ecdc.europa.eu/en/publications-data/downloadable-tables-antimicrobial-consumption-annual-epidemiological-report-2022
Spain,ESP,2020,hospital,J01DH_carbapenems,0.0887,,,,10.933692445812497,https://www.ecdc.europa.eu/en/publications-data/downloadable-tables-antimicrobial-consumption-annual-epidemiological-report-2022
Spain,ESP,2020,hospital,J01D_other_beta_lactams,0.41140000000000004,,,,10.933692445812497,https://www.ecdc.europa.eu/en/publications-data/downloadable-tables-antimicrobial-consumption-annual-epidemiological-report-2022
Spain,ESP,2020,hospital,J01M_quinolones,0.1923,,,,10.933692445812497,https://www.ecdc.europa.eu/en/publications-data/downloadable-tables-antimicrobial-consumption-annual-epidemiological-report-2022
Spain,ESP,2021,community,J01C_penicillins,9.9168,,,,11.80938298158355,https://www.ecdc.europa.eu/en/publications-data/downloadable-tables-antimicrobial-consumption-annual-epidemiological-report-2022
Spain,ESP,2021,community,J01D_other_beta_lactams,1.9701,,,,11.80938298158355,https://www.ecdc.europa.eu/en/publications-data/downloadable-tables-antimicrobial-consumption-annual-epidemiological-report-2022
Spain,ESP,2021,community,J01M_quinolones,1.7204000000000002,,,,11.80938298158355,https://www.ecdc.europa.eu/en/publications-data/downloadable-tables-antimicrobial-consumption-annual-epidemiological-report-2022
Spain,ESP,2021,hospital,J01C_penicillins,0.46449999999999997,,,,11.80938298158355,https://www.ecdc.europa.eu/en/publications-data/downloadable-tables-antimicrobial-consumption-annual-epidemiological-report-2022
Spain,ESP,2021,hospital,J01DH_carbapenems,0.0991,,,,11.80938298158355,https://www.ecdc.europa.eu/en/publications-data/downloadable-tables-antimicrobial-consumption-annual-epidemiological-report-2022
Spain,ESP,2021,hospital,J01D_other_beta_lactams,0.4132,,,,11.80938298158355,https://www.ecdc.europa.eu/en/publications-data/downloadable-tables-antimicrobial-consumption-annual-epidemiological-report-2022
Spain,ESP,2021,hospital,J01M_quinolones,0.17320000000000002,,,,11.80938298158355,https://www.ecdc.europa.eu/en/publications-data/downloadable-tables-antimicrobial-consumption-annual-epidemiological-report-2022
Spain,ESP,2022,community,J01C_penicillins,11.780800000000001,,,,12.486869747899162,https://www.ecdc.europa.eu/en/publications-data/downloadable-tables-antimicrobial-consumption-annual-epidemiological-report-2022
Spain,ESP,2022,community,J01D_other_beta_lactams,2.3487000000000005,,,,12.486869747899162,https://www.ecdc.europa.eu/en/publications-data/downloadable-tables-antimicrobial-consumption-annual-epidemiological-report-2022
Spain,ESP,2022,community,J01M_quinolones,1.9865,,,,12.486869747899162,https://www.ecdc.europa.eu/en/publications-data/downloadable-tables-antimicrobial-consumption-annual-epidemiological-report-2022
Spain,ESP,2022,hospital,J01C_penicillins,0.4741,,,,12.486869747899162,https://www.ecdc.europa.eu/en/publications-data/downloadable-tables-antimicrobial-consumption-annual-epidemiological-report-2022
Spain,ESP,2022,hospital,J01DH_carbapenems,0.0996,,,,12.486869747899162,https://www.ecdc.europa.eu/en/publications-data/downloadable-tables-antimicrobial-consumption-annual-epidemiological-report-2022
Spain,ESP,2022,hospital,J01D_other_beta_lactams,0.4210999999999999,,,,12.486869747899162,https://www.ecdc.europa.eu/en/publications-data/downloadable-tables-antimicrobial-consumption-annual-epidemiological-report-2022
Spain,ESP,2022,hospital,J01M_quinolones,0.1759,,,,12.486869747899162,https://www.ecdc.europa.eu/en/publications-data/downloadable-tables-antimicrobial-consumption-annual-epidemiological-report-2022
Estonia,EST,2013,community,J01C_penicillins,3.0898,,,,0.2068680182043857,https://www.ecdc.europa.eu/en/publications-data/downloadable-tables-antimicrobial-consumption-annual-epidemiological-report-2022
Estonia,EST,2013,community,J01D_other_beta_lactams,1.0973000000000002,,,,0.2068680182043857,https://www.ecdc.europa.eu/en/publications-data/downloadable-tables-antimicrobial-consumption-annual-epidemiological-report-2022
Estonia,EST,2013,community,J01M_quinolones,0.8916999999999999,,,,0.2068680182043857,https://www.ecdc.europa.eu/en/publications-data/downloadable-tables-antimicrobial-consumption-annual-epidemiological-report-2022
Estonia,EST,2013,hospital,J01C_penicillins,0.4528000000000001,,,,0.2068680182043857,https://www.ecdc.europa.eu/en/publications-data/downloadable-tables-antimicrobial-consumption-annual-epidemiological-report-2022
Estonia,EST,2013,hospital,J01DH_carbapenems,0.030099999999999995,,,,0.2068680182043857,https://www.ecdc.europa.eu/en/publications-data/downloadable-tables-antimicrobial-consumption-annual-epidemiological-report-2022
Estonia,EST,2013,hospital,J01D_other_beta_lactams,0.5434,,,,0.2068680182043857,https://www.ecdc.europa.eu/en/publications-data/downloadable-tables-antimicrobial-consumption-annual-epidemiological-report-2022
Estonia,EST,2013,hospital,J01M_quinolones,0.19280000000000003,,,,0.2068680182043857,https://www.ecdc.europa.eu/en/publications-data/downloadable-tables-antimicrobial-consumption-annual-epidemiological-report-2022
Estonia,EST,2014,community,J01C_penicillins,3.1796,,,,0.3969167050161068,https://www.ecdc.europa.eu/en/publications-data/downloadable-tables-antimicrobial-consumption-annual-epidemiological-report-2022
Estonia,EST,2014,community,J01D_other_beta_lactams,1.1398,,,,0.3969167050161068,https://www.ecdc.europa.eu/en/publications-data/downloadable-tables-antimicrobial-consumption-annual-epidemiological-report-2022
Estonia,EST,2014,community,J01M_quinolones,0.9022,,,,0.3969167050161068,https://www.ecdc.europa.eu/en/publications-data/downloadable-tables-antimicrobial-consumption-annual-epidemiological-report-2022
Estonia,EST,2014,hospital,J01C_penicillins,0.44470000000000004,,,,0.3969167050161068,https://www.ecdc.europa.eu/en/publications-data/downloadable-tables-antimicrobial-consumption-annual-epidemiological-report-2022
Estonia,EST,2014,hospital,J01DH_carbapenems,0.0396,,,,0.3969167050161068,https://www.ecdc.europa.eu/en/publications-data/downloadable-tables-antimicrobial-consumption-annual-epidemiological-report-2022
Estonia,EST,2014,hospital,J01D_other_beta_lactams,0.5624,,,,0.3969167050161068,https://www.ecdc.europa.eu/en/publications-data/downloadable-tables-antimicrobial-consumption-annual-epidemiological-report-2022
Estonia,EST,2014,hospital,J01M_quinolones,0.1842,,,,0.3969167050161068,https://www.ecdc.europa.eu/en/publications-data/downloadable-tables-antimicrobial-consumption-annual-epidemiological-report-2022
Estonia,EST,2015,community,J01C_penicillins,3.2773,,,,0.4631886884446613,https://www.ecdc.europa.eu/en/publications-data/downloadable-tables-antimicrobial-consumption-annual-epidemiological-report-2022
Estonia,EST,2015,community,J01D_other_beta_lactams,1.2168,,,,0.4631886884446613,https://www.ecdc.europa.eu/en/publications-data/downloadable-tables-antimicrobial-consumption-annual-epidemiological-report-2022
Estonia,EST,2015,community,J01M_quinolones,0.9228999999999999,,,,0.4631886884446613,https://www.ecdc.europa.eu/en/publications-data/downloadable-tables-antimicrobial-consumption-annual-epidemiological-report-2022
Estonia,EST,2015,hospital,J01C_penicillins,0.4636,,,,0.4631886884446613,https://www.ecdc.europa.eu/en/publications-data/downloadable-tables-antimicrobial-consumption-annual-epidemiological-report-2022
Estonia,EST,2015,hospital,J01DH_carbapenems,0.0435,,,,0.4631886884446613,https://www.ecdc.europa.eu/en/publications-data/downloadable-tables-antimicrobial-consumption-annual-epidemiological-report-2022
Estonia,EST,2015,hospital,J01D_other_beta_lactams,0.5652,,,,0.4631886884446613,https://www.ecdc.europa.eu/en/publications-data/downloadable-tables-antimicrobial-consumption-annual-epidemiological-report-2022
Estonia,EST,2015,hospital,J01M_quinolones,0.15469999999999998,,,,0.4631886884446613,https://www.ecdc.europa.eu/en/publications-data/downloadable-tables-antimicrobial-consumption-annual-epidemiological-report-2022
Estonia,EST,2016,community,J01C_penicillins,3.3669,,,,0.5824996834240852,https://www.ecdc.europa.eu/en/publications-data/downloadable-tables-antimicrobial-consumption-annual-epidemiological-report-2022
Estonia,EST,2016,community,J01D_other_beta_lactams,1.1573,,,,0.5824996834240852,https://www.ecdc.europa.eu/en/publications-data/downloadable-tables-antimicrobial-consumption-annual-epidemiological-report-2022
Estonia,EST,2016,community,J01M_quinolones,0.848,,,,0.5824996834240852,https://www.ecdc.europa.eu/en/publications-data/downloadable-tables-antimicrobial-consumption-annual-epidemiological-report-2022
Estonia,EST,2016,hospital,J01C_penicillins,0.48969999999999997,,,,0.5824996834240852,https://www.ecdc.europa.eu/en/publications-data/downloadable-tables-antimicrobial-consumption-annual-epidemiological-report-2022
Estonia,EST,2016,hospital,J01DH_carbapenems,0.0551,,,,0.5824996834240852,https://www.ecdc.europa.eu/en/publications-data/downloadable-tables-antimicrobial-consumption-annual-epidemiological-report-2022
Estonia,EST,2016,hospital,J01D_other_beta_lactams,0.5481999999999999,,,,0.5824996834240852,https://www.ecdc.europa.eu/en/publications-data/downloadable-tables-antimicrobial-consumption-annual-epidemiological-report-2022
Estonia,EST,2016,hospital,J01M_quinolones,0.1414,,,,0.5824996834240852,https://www.ecdc.europa.eu/en/publications-data/downloadable-tables-antimicrobial-consumption-annual-epidemiological-report-2022
Estonia,EST,2017,community,J01C_penicillins,3.4675000000000002,,,,0.8617698091382304,https://www.ecdc.europa.eu/en/publications-data/downloadable-tables-antimicrobial-consumption-annual-epidemiological-report-2022
Estonia,EST,2017,community,J01D_other_beta_lactams,1.1832,,,,0.8617698091382304,https://www.ecdc.europa.eu/en/publications-data/downloadable-tables-antimicrobial-consumption-annual-epidemiological-report-2022
Estonia,EST,2017,community,J01M_quinolones,0.7858,,,,0.8617698091382304,https://www.ecdc.europa.eu/en/publications-data/downloadable-tables-antimicrobial-consumption-annual-epidemiological-report-2022
Estonia,EST,2017,hospital,J01C_penicillins,0.5141,,,,0.8617698091382304,https://www.ecdc.europa.eu/en/publications-data/downloadable-tables-antimicrobial-consumption-annual-epidemiological-report-2022
Estonia,EST,2017,hospital,J01DH_carbapenems,0.054900000000000004,,,,0.8617698091382304,https://www.ecdc.europa.eu/en/publications-data/downloadable-tables-antimicrobial-consumption-annual-epidemiological-report-2022
Estonia,EST,2017,hospital,J01D_other_beta_lactams,0.5488,,,,0.8617698091382304,https://www.ecdc.europa.eu/en/publications-data/downloadable-tables-antimicrobial-consumption-annual-epidemiological-report-2022
Estonia,EST,2017,hospital,J01M_quinolones,0.2012,,,,0.8617698091382304,https://www.ecdc.europa.eu/en/publications-data/downloadable-tables-antimicrobial-consumption-annual-epidemiological-report-2022
Estonia,EST,2018,community,J01C_penicillins,3.7282,,,,1.041212045638756,https://www.ecdc.europa.eu/en/publications-data/downloadable-tables-antimicrobial-consumption-annual-epidemiological-report-2022
Estonia,EST,2018,community,J01D_other_beta_lactams,1.181,,,,1.041212045638756,https://www.ecdc.europa.eu/en/publications-data/downloadable-tables-antimicrobial-consumption-annual-epidemiological-report-2022
Estonia,EST,2018,community,J01M_quinolones,0.7498,,,,1.041212045638756,https://www.ecdc.europa.eu/en/publications-data/downloadable-tables-antimicrobial-consumption-annual-epidemiological-report-2022
Estonia,EST,2018,hospital,J01C_penicillins,0.5489,,,,1.041212045638756,https://www.ecdc.europa.eu/en/publications-data/downloadable-tables-antimicrobial-consumption-annual-epidemiological-report-2022
Estonia,EST,2018,hospital,J01DH_carbapenems,0.0576,,,,1.041212045638756,https://www.ecdc.europa.eu/en/publications-data/downloadable-tables-antimicrobial-consumption-annual-epidemiological-report-2022
Estonia,EST,2018,hospital,J01D_other_beta_lactams,0.5055,,,,1.041212045638756,https://www.ecdc.europa.eu/en/publications-data/downloadable-tables-antimicrobial-consumption-annual-epidemiological-report-2022
Estonia,EST,2018,hospital,J01M_quinolones,0.11080000000000001,,,,1.041212045638756,https://www.ecdc.europa.eu/en/publications-data/downloadable-tables-antimicrobial-consumption-annual-epidemiological-report-2022
Estonia,EST,2019,community,J01C_penicillins,3.7468000000000004,,,,1.3374746450304258,https://www.ecdc.europa.eu/en/publications-data/downloadable-tables-antimicrobial-consumption-annual-epidemiological-report-2022
Estonia,EST,2019,community,J01D_other_beta_lactams,1.1851999999999998,,,,1.3374746450304258,https://www.ecdc.europa.eu/en/publications-data/downloadable-tables-antimicrobial-consumption-annual-epidemiological-report-2022
Estonia,EST,2019,community,J01M_quinolones,0.6486999999999999,,,,1.3374746450304258,https://www.ecdc.europa.eu/en/publications-data/downloadable-tables-antimicrobial-consumption-annual-epidemiological-report-2022
Estonia,EST,2019,hospital,J01C_penicillins,0.5407000000000001,,,,1.3374746450304258,https://www.ecdc.europa.eu/en/publications-data/downloadable-tables-antimicrobial-consumption-annual-epidemiological-report-2022
Estonia,EST,2019,hospital,J01DH_carbapenems,0.06620000000000001,,,,1.3374746450304258,https://www.ecdc.europa.eu/en/publications-data/downloadable-tables-antimicrobial-consumption-annual-epidemiological-report-2022
Estonia,EST,2019,hospital,J01D_other_beta_lactams,0.5081,,,,1.3374746450304258,https://www.ecdc.europa.eu/en/publications-data/downloadable-tables-antimicrobial-consumption-annual-epidemiological-report-2022
Estonia,EST,2019,hospital,J01M_quinolones,0.1255,,,,1.3374746450304258,https://www.ecdc.europa.eu/en/publications-data/downloadable-tables-antimicrobial-consumption-annual-epidemiological-report-2022
Estonia,EST,2020,community,J01C_penicillins,3.1762,,,,1.1016553975285615,https://www.ecdc.europa.eu/en/publications-data/downloadable-tables-antimicrobial-consumption-annual-epidemiological-report-2022
Estonia,EST,2020,community,J01D_other_beta_lactams,1.0165,,,,1.1016553975285615,https://www.ecdc.europa.eu/en/publications-data/downloadable-tables-antimicrobial-consumption-annual-epidemiological-report-2022
Estonia,EST,2020,community,J01M_quinolones,0.7193999999999999,,,,1.1016553975285615,https://www.ecdc.europa.eu/en/publications-data/downloadable-tables-antimicrobial-consumption-annual-epidemiological-report-2022
Estonia,EST,2020,hospital,J01C_penicillins,0.5804999999999999,,,,1.1016553975285615,https://www.ecdc.europa.eu/en/publications-data/downloadable-tables-antimicrobial-consumption-annual-epidemiological-report-2022
Estonia,EST,2020,hospital,J01DH_carbapenems,0.07780000000000001,,,,1.1016553975285615,https://www.ecdc.europa.eu/en/publications-data/downloadable-tables-antimicrobial-consumption-annual-epidemiological-report-2022
Estonia,EST,2020,hospital,J01D_other_beta_lactams,0.5177,,,,1.1016553975285615,https://www.ecdc.europa.eu/en/publications-data/downloadable-tables-antimicrobial-consumption-annual-epidemiological-report-2022
Estonia,EST,2020,hospital,J01M_quinolones,0.1632,,,,1.1016553975285615,https://www.ecdc.europa.eu/en/publications-data/downloadable-tables-antimicrobial-consumption-annual-epidemiological-report-2022
Estonia,EST,2021,community,J01C_penicillins,3.2113,,,,1.2745912995289552,https://www.ecdc.europa.eu/en/publications-data/downloadable-tables-antimicrobial-consumption-annual-epidemiological-report-2022
Estonia,EST,2021,community,J01D_other_beta_lactams,0.9292,,,,1.2745912995289552,https://www.ecdc.europa.eu/en/publications-data/downloadable-tables-antimicrobial-consumption-annual-epidemiological-report-2022
Estonia,EST,2021,community,J01M_quinolones,0.592,,,,1.2745912995289552,https://www.ecdc.europa.eu/en/publications-data/downloadable-tables-antimicrobial-consumption-annual-epidemiological-report-2022
Estonia,EST,2021,hospital,J01C_penicillins,0.5286000000000001,,,,1.2745912995289552,https://www.ecdc.europa.eu/en/publications-data/downloadable-tables-antimicrobial-consumption-annual-epidemiological-report-2022
Estonia,EST,2021,hospital,J01DH_carbapenems,0.0807,,,,1.2745912995289552,https://www.ecdc.europa.eu/en/publications-data/downloadable-tables-antimicrobial-consumption-annual-epidemiological-report-2022
Estonia,EST,2021,hospital,J01D_other_beta_lactams,0.4627,,,,1.2745912995289552,https://www.ecdc.europa.eu/en/publications-data/downloadable-tables-antimicrobial-consumption-annual-epidemiological-report-2022
Estonia,EST,2021,hospital,J01M_quinolones,0.11120000000000001,,,,1.2745912995289552,https://www.ecdc.europa.eu/en/publications-data/downloadable-tables-antimicrobial-consumption-annual-epidemiological-report-2022
Estonia,EST,2022,community,J01C_penicillins,4.2127,,,,1.3382809173307375,https://www.ecdc.europa.eu/en/publications-data/downloadable-tables-antimicrobial-consumption-annual-epidemiological-report-2022
Estonia,EST,2022,community,J01D_other_beta_lactams,1.1889,,,,1.3382809173307375,https://www.ecdc.europa.eu/en/publications-data/downloadable-tables-antimicrobial-consumption-annual-epidemiological-report-2022
Estonia,EST,2022,community,J01M_quinolones,0.6123999999999999,,,,1.3382809173307375,https://www.ecdc.europa.eu/en/publications-data/downloadable-tables-antimicrobial-consumption-annual-epidemiological-report-2022
Estonia,EST,2022,hospital,J01C_penicillins,0.6671999999999999,,,,1.3382809173307375,https://www.ecdc.europa.eu/en/publications-data/downloadable-tables-antimicrobial-consumption-annual-epidemiological-report-2022
Estonia,EST,2022,hospital,J01DH_carbapenems,0.087,,,,1.3382809173307375,https://www.ecdc.europa.eu/en/publications-data/downloadable-tables-antimicrobial-consumption-annual-epidemiological-report-2022
Estonia,EST,2022,hospital,J01D_other_beta_lactams,0.48240000000000005,,,,1.3382809173307375,https://www.ecdc.europa.eu/en/publications-data/downloadable-tables-antimicrobial-consumption-annual-epidemiological-report-2022
Estonia,EST,2022,hospital,J01M_quinolones,0.1062,,,,1.3382809173307375,https://www.ecdc.europa.eu/en/publications-data/downloadable-tables-antimicrobial-consumption-annual-epidemiological-report-2022
Finland,FIN,2013,community,J01C_penicillins,4.8217,,,,0.5085479333477603,https://www.ecdc.europa.eu/en/publications-data/downloadable-tables-antimicrobial-consumption-annual-epidemiological-report-2022
Finland,FIN,2013,community,J01D_other_beta_lactams,2.2775999999999996,,,,0.5085479333477603,https://www.ecdc.europa.eu/en/publications-data/downloadable-tables-antimicrobial-consumption-annual-epidemiological-report-2022
Finland,FIN,2013,community,J01M_quinolones,0.8371999999999999,,,,0.5085479333477603,https://www.ecdc.europa.eu/en/publications-data/downloadable-tables-antimicrobial-consumption-annual-epidemiological-report-2022
Finland,FIN,2013,hospital,J01C_penicillins,0.5443,,,,0.5085479333477603,https://www.ecdc.europa.eu/en/publications-data/downloadable-tables-antimicrobial-consumption-annual-epidemiological-report-2022
Finland,FIN,2013,hospital,J01DH_carbapenems,0.0634,,,,0.5085479333477603,https://www.ecdc.europa.eu/en/publications-data/downloadable-tables-antimicrobial-consumption-annual-epidemiological-report-2022
Finland,FIN,2013,hospital,J01D_other_beta_lactams,0.9115999999999997,,,,0.5085479333477603,https://www.ecdc.europa.eu/en/publications-data/downloadable-tables-antimicrobial-consumption-annual-epidemiological-report-2022
Finland,FIN,2013,hospital,J01M_quinolones,0.2937,,,,0.5085479333477603,https://www.ecdc.europa.eu/en/publications-data/downloadable-tables-antimicrobial-consumption-annual-epidemiological-report-2022
Finland,FIN,2014,community,J01C_penicillins,4.9542,,,,0.48782346888219835,https://www.ecdc.europa.eu/en/publications-data/downloadable-tables-antimicrobial-consumption-annual-epidemiological-report-2022
Finland,FIN,2014,community,J01D_other_beta_lactams,2.2494,,,,0.48782346888219835,https://www.ecdc.europa.eu/en/publications-data/downloadable-tables-antimicrobial-consumption-annual-epidemiological-report-2022
Finland,FIN,2014,community,J01M_quinolones,0.8163,,,,0.48782346888219835,https://www.ecdc.europa.eu/en/publications-data/downloadable-tables-antimicrobial-consumption-annual-epidemiological-report-2022
Finland,FIN,2014,hospital,J01C_penicillins,0.5394,,,,0.48782346888219835,https://www.ecdc.europa.eu/en/publications-data/downloadable-tables-antimicrobial-consumption-annual-epidemiological-report-2022
Finland,FIN,2014,hospital,J01DH_carbapenems,0.0582,,,,0.48782346888219835,https://www.ecdc.europa.eu/en/publications-data/downloadable-tables-antimicrobial-consumption-annual-epidemiological-report-2022
Finland,FIN,2014,hospital,J01D_other_beta_lactams,0.8938,,,,0.48782346888219835,https://www.ecdc.europa.eu/en/publications-data/downloadable-tables-antimicrobial-consumption-annual-epidemiological-report-2022
Finland,FIN,2014,hospital,J01M_quinolones,0.2925,,,,0.48782346888219835,https://www.ecdc.europa.eu/en/publications-data/downloadable-tables-antimicrobial-consumption-annual-epidemiological-report-2022
Finland,FIN,2015,community,J01C_penicillins,4.8644,,,,0.500961846745752,https://www.ecdc.europa.eu/en/publications-data/downloadable-tables-antimicrobial-consumption-annual-epidemiological-report-2022
Finland,FIN,2015,community,J01D_other_beta_lactams,2.1027,,,,0.500961846745752,https://www.ecdc.europa.eu/en/publications-data/downloadable-tables-antimicrobial-consumption-annual-epidemiological-report-2022
Finland,FIN,2015,community,J01M_quinolones,0.7323000000000001,,,,0.500961846745752,https://www.ecdc.europa.eu/en/publications-data/downloadable-tables-antimicrobial-consumption-annual-epidemiological-report-2022
Finland,FIN,2015,hospital,J01C_penicillins,0.5224,,,,0.500961846745752,https://www.ecdc.europa.eu/en/publications-data/downloadable-tables-antimicrobial-consumption-annual-epidemiological-report-2022
Finland,FIN,2015,hospital,J01DH_carbapenems,0.047900000000000005,,,,0.500961846745752,https://www.ecdc.europa.eu/en/publications-data/downloadable-tables-antimicrobial-consumption-annual-epidemiological-report-2022
Finland,FIN,2015,hospital,J01D_other_beta_lactams,0.8876999999999999,,,,0.500961846745752,https://www.ecdc.europa.eu/en/publications-data/downloadable-tables-antimicrobial-consumption-annual-epidemiological-report-2022
Finland,FIN,2015,hospital,J01M_quinolones,0.255,,,,0.500961846745752,https://www.ecdc.europa.eu/en/publications-data/downloadable-tables-antimicrobial-consumption-annual-epidemiological-report-2022
Finland,FIN,2016,community,J01C_penicillins,4.7611,,,,0.5126574732742518,https://www.ecdc.europa.eu/en/publications-data/downloadable-tables-antimicrobial-consumption-annual-epidemiological-report-2022
Finland,FIN,2016,community,J01D_other_beta_lactams,2.0511,,,,0.5126574732742518,https://www.ecdc.europa.eu/en/publications-data/downloadable-tables-antimicrobial-consumption-annual-epidemiological-report-2022
Finland,FIN,2016,community,J01M_quinolones,0.7434,,,,0.5126574732742518,https://www.ecdc.europa.eu/en/publications-data/downloadable-tables-antimicrobial-consumption-annual-epidemiological-report-2022
Finland,FIN,2016,hospital,J01C_penicillins,0.5402,,,,0.5126574732742518,https://www.ecdc.europa.eu/en/publications-data/downloadable-tables-antimicrobial-consumption-annual-epidemiological-report-2022
Finland,FIN,2016,hospital,J01DH_carbapenems,0.0674,,,,0.5126574732742518,https://www.ecdc.europa.eu/en/publications-data/downloadable-tables-antimicrobial-consumption-annual-epidemiological-report-2022
Finland,FIN,2016,hospital,J01D_other_beta_lactams,0.9629999999999999,,,,0.5126574732742518,https://www.ecdc.europa.eu/en/publications-data/downloadable-tables-antimicrobial-consumption-annual-epidemiological-report-2022
Finland,FIN,2016,hospital,J01M_quinolones,0.2503,,,,0.5126574732742518,https://www.ecdc.europa.eu/en/publications-data/downloadable-tables-antimicrobial-consumption-annual-epidemiological-report-2022
Finland,FIN,2017,community,J01C_penicillins,4.3961,,,,0.5093302082394302,https://www.ecdc.europa.eu/en/publications-data/downloadable-tables-antimicrobial-consumption-annual-epidemiological-report-2022
Finland,FIN,2017,community,J01D_other_beta_lactams,1.9401,,,,0.5093302082394302,https://www.ecdc.europa.eu/en/publications-data/downloadable-tables-antimicrobial-consumption-annual-epidemiological-report-2022
Finland,FIN,2017,community,J01M_quinolones,0.6699,,,,0.5093302082394302,https://www.ecdc.europa.eu/en/publications-data/downloadable-tables-antimicrobial-consumption-annual-epidemiological-report-2022
Finland,FIN,2017,hospital,J01C_penicillins,0.5451,,,,0.5093302082394302,https://www.ecdc.europa.eu/en/publications-data/downloadable-tables-antimicrobial-consumption-annual-epidemiological-report-2022
Finland,FIN,2017,hospital,J01DH_carbapenems,0.0548,,,,0.5093302082394302,https://www.ecdc.europa.eu/en/publications-data/downloadable-tables-antimicrobial-consumption-annual-epidemiological-report-2022
Finland,FIN,2017,hospital,J01D_other_beta_lactams,0.8378,,,,0.5093302082394302,https://www.ecdc.europa.eu/en/publications-data/downloadable-tables-antimicrobial-consumption-annual-epidemiological-report-2022
Finland,FIN,2017,hospital,J01M_quinolones,0.21749999999999997,,,,0.5093302082394302,https://www.ecdc.europa.eu/en/publications-data/downloadable-tables-antimicrobial-consumption-annual-epidemiological-report-2022
Finland,FIN,2018,community,J01C_penicillins,4.4052,,,,0.5657944002995383,https://www.ecdc.europa.eu/en/publications-data/downloadable-tables-antimicrobial-consumption-annual-epidemiological-report-2022
Finland,FIN,2018,community,J01D_other_beta_lactams,1.9161000000000001,,,,0.5657944002995383,https://www.ecdc.europa.eu/en/publications-data/downloadable-tables-antimicrobial-consumption-annual-epidemiological-report-2022
Finland,FIN,2018,community,J01M_quinolones,0.6176,,,,0.5657944002995383,https://www.ecdc.europa.eu/en/publications-data/downloadable-tables-antimicrobial-consumption-annual-epidemiological-report-2022
Finland,FIN,2018,hospital,J01C_penicillins,0.5477,,,,0.5657944002995383,https://www.ecdc.europa.eu/en/publications-data/downloadable-tables-antimicrobial-consumption-annual-epidemiological-report-2022
Finland,FIN,2018,hospital,J01DH_carbapenems,0.0536,,,,0.5657944002995383,https://www.ecdc.europa.eu/en/publications-data/downloadable-tables-antimicrobial-consumption-annual-epidemiological-report-2022
Finland,FIN,2018,hospital,J01D_other_beta_lactams,0.9864999999999999,,,,0.5657944002995383,https://www.ecdc.europa.eu/en/publications-data/downloadable-tables-antimicrobial-consumption-annual-epidemiological-report-2022
Finland,FIN,2018,hospital,J01M_quinolones,0.20309999999999997,,,,0.5657944002995383,https://www.ecdc.europa.eu/en/publications-data/downloadable-tables-antimicrobial-consumption-annual-epidemiological-report-2022
Finland,FIN,2019,community,J01C_penicillins,4.3281,,,,0.5511633160153602,https://www.ecdc.europa.eu/en/publications-data/downloadable-tables-antimicrobial-consumption-annual-epidemiological-report-2022
Finland,FIN,2019,community,J01D_other_beta_lactams,1.7751000000000001,,,,0.5511633160153602,https://www.ecdc.europa.eu/en/publications-data/downloadable-tables-antimicrobial-consumption-annual-epidemiological-report-2022
Finland,FIN,2019,community,J01M_quinolones,0.4739,,,,0.5511633160153602,https://www.ecdc.europa.eu/en/publications-data/downloadable-tables-antimicrobial-consumption-annual-epidemiological-report-2022
Finland,FIN,2019,hospital,J01C_penicillins,0.5981000000000001,,,,0.5511633160153602,https://www.ecdc.europa.eu/en/publications-data/downloadable-tables-antimicrobial-consumption-annual-epidemiological-report-2022
Finland,FIN,2019,hospital,J01DH_carbapenems,0.0398,,,,0.5511633160153602,https://www.ecdc.europa.eu/en/publications-data/downloadable-tables-antimicrobial-consumption-annual-epidemiological-report-2022
Finland,FIN,2019,hospital,J01D_other_beta_lactams,0.8566,,,,0.5511633160153602,https://www.ecdc.europa.eu/en/publications-data/downloadable-tables-antimicrobial-consumption-annual-epidemiological-report-2022
Finland,FIN,2019,hospital,J01M_quinolones,0.1455,,,,0.5511633160153602,https://www.ecdc.europa.eu/en/publications-data/downloadable-tables-antimicrobial-consumption-annual-epidemiological-report-2022
Finland,FIN,2020,community,J01C_penicillins,3.0724,,,,0.5545467929528392,https://www.ecdc.europa.eu/en/publications-data/downloadable-tables-antimicrobial-consumption-annual-epidemiological-report-2022
Finland,FIN,2020,community,J01D_other_beta_lactams,1.5030000000000001,,,,0.5545467929528392,https://www.ecdc.europa.eu/en/publications-data/downloadable-tables-antimicrobial-consumption-annual-epidemiological-report-2022
Finland,FIN,2020,community,J01M_quinolones,0.3891,,,,0.5545467929528392,https://www.ecdc.europa.eu/en/publications-data/downloadable-tables-antimicrobial-consumption-annual-epidemiological-report-2022
Finland,FIN,2020,hospital,J01C_penicillins,0.5439999999999999,,,,0.5545467929528392,https://www.ecdc.europa.eu/en/publications-data/downloadable-tables-antimicrobial-consumption-annual-epidemiological-report-2022
Finland,FIN,2020,hospital,J01DH_carbapenems,0.0427,,,,0.5545467929528392,https://www.ecdc.europa.eu/en/publications-data/downloadable-tables-antimicrobial-consumption-annual-epidemiological-report-2022
Finland,FIN,2020,hospital,J01D_other_beta_lactams,0.776,,,,0.5545467929528392,https://www.ecdc.europa.eu/en/publications-data/downloadable-tables-antimicrobial-consumption-annual-epidemiological-report-2022
Finland,FIN,2020,hospital,J01M_quinolones,0.1592,,,,0.5545467929528392,https://www.ecdc.europa.eu/en/publications-data/downloadable-tables-antimicrobial-consumption-annual-epidemiological-report-2022
Finland,FIN,2021,community,J01C_penicillins,2.9705,,,,0.6053394039735099,https://www.ecdc.europa.eu/en/publications-data/downloadable-tables-antimicrobial-consumption-annual-epidemiological-report-2022
Finland,FIN,2021,community,J01D_other_beta_lactams,1.4243,,,,0.6053394039735099,https://www.ecdc.europa.eu/en/publications-data/downloadable-tables-antimicrobial-consumption-annual-epidemiological-report-2022
Finland,FIN,2021,community,J01M_quinolones,0.3638,,,,0.6053394039735099,https://www.ecdc.europa.eu/en/publications-data/downloadable-tables-antimicrobial-consumption-annual-epidemiological-report-2022
Finland,FIN,2021,hospital,J01C_penicillins,0.5254,,,,0.6053394039735099,https://www.ecdc.europa.eu/en/publications-data/downloadable-tables-antimicrobial-consumption-annual-epidemiological-report-2022
Finland,FIN,2021,hospital,J01DH_carbapenems,0.0416,,,,0.6053394039735099,https://www.ecdc.europa.eu/en/publications-data/downloadable-tables-antimicrobial-consumption-annual-epidemiological-report-2022
Finland,FIN,2021,hospital,J01D_other_beta_lactams,0.7701000000000001,,,,0.6053394039735099,https://www.ecdc.europa.eu/en/publications-data/downloadable-tables-antimicrobial-consumption-annual-epidemiological-report-2022
Finland,FIN,2021,hospital,J01M_quinolones,0.12350000000000001,,,,0.6053394039735099,https://www.ecdc.europa.eu/en/publications-data/downloadable-tables-antimicrobial-consumption-annual-epidemiological-report-2022
Finland,FIN,2022,community,J01C_penicillins,3.7575,,,,0.5659008464328897,https://www.ecdc.europa.eu/en/publications-data/downloadable-tables-antimicrobial-consumption-annual-epidemiological-report-2022
Finland,FIN,2022,community,J01D_other_beta_lactams,1.401,,,,0.5659008464328897,https://www.ecdc.europa.eu/en/publications-data/downloadable-tables-antimicrobial-consumption-annual-epidemiological-report-2022
Finland,FIN,2022,community,J01M_quinolones,0.3844,,,,0.5659008464328897,https://www.ecdc.europa.eu/en/publications-data/downloadable-tables-antimicrobial-consumption-annual-epidemiological-report-2022
Finland,FIN,2022,hospital,J01C_penicillins,0.5857,,,,0.5659008464328897,https://www.ecdc.europa.eu/en/publications-data/downloadable-tables-antimicrobial-consumption-annual-epidemiological-report-2022
Finland,FIN,2022,hospital,J01DH_carbapenems,0.0422,,,,0.5659008464328897,https://www.ecdc.europa.eu/en/publications-data/downloadable-tables-antimicrobial-consumption-annual-epidemiological-report-2022
Finland,FIN,2022,hospital,J01D_other_beta_lactams,0.8210000000000001,,,,0.5659008464328897,https://www.ecdc.europa.eu/en/publications-data/downloadable-tables-antimicrobial-consumption-annual-epidemiological-report-2022
Finland,FIN,2022,hospital,J01M_quinolones,0.1391,,,,0.5659008464328897,https://www.ecdc.europa.eu/en/publications-data/downloadable-tables-antimicrobial-consumption-annual-epidemiological-report-2022
France,FRA,2013,community,J01C_penicillins,12.423199999999998,,,,1.301800824473856,https://www.ecdc.europa.eu/en/publications-data/downloadable-tables-antimicrobial-consumption-annual-epidemiological-report-2022
France,FRA,2013,community,J01D_other_beta_lactams,2.2459000000000002,,,,1.301800824473856,https://www.ecdc.europa.eu/en/publications-data/downloadable-tables-antimicrobial-consumption-annual-epidemiological-report-2022
France,FRA,2013,community,J01M_quinolones,1.8371,,,,1.301800824473856,https://www.ecdc.europa.eu/en/publications-data/downloadable-tables-antimicrobial-consumption-annual-epidemiological-report-2022
France,FRA,2013,hospital,J01C_penicillins,0.8513,,,,1.301800824473856,https://www.ecdc.europa.eu/en/publications-data/downloadable-tables-antimicrobial-consumption-annual-epidemiological-report-2022
France,FRA,2013,hospital,J01DH_carbapenems,0.0315,,,,1.301800824473856,https://www.ecdc.europa.eu/en/publications-data/downloadable-tables-antimicrobial-consumption-annual-epidemiological-report-2022
France,FRA,2013,hospital,J01D_other_beta_lactams,0.3018,,,,1.301800824473856,https://www.ecdc.europa.eu/en/publications-data/downloadable-tables-antimicrobial-consumption-annual-epidemiological-report-2022
France,FRA,2013,hospital,J01M_quinolones,0.253,,,,1.301800824473856,https://www.ecdc.europa.eu/en/publications-data/downloadable-tables-antimicrobial-consumption-annual-epidemiological-report-2022
France,FRA,2014,community,J01C_penicillins,12.1729,,,,1.5915689859124642,https://www.ecdc.europa.eu/en/publications-data/downloadable-tables-antimicrobial-consumption-annual-epidemiological-report-2022
France,FRA,2014,community,J01D_other_beta_lactams,2.0539000000000005,,,,1.5915689859124642,https://www.ecdc.europa.eu/en/publications-data/downloadable-tables-antimicrobial-consumption-annual-epidemiological-report-2022
France,FRA,2014,community,J01M_quinolones,1.7479999999999998,,,,1.5915689859124642,https://www.ecdc.europa.eu/en/publications-data/downloadable-tables-antimicrobial-consumption-annual-epidemiological-report-2022
France,FRA,2014,hospital,J01C_penicillins,0.8580000000000001,,,,1.5915689859124642,https://www.ecdc.europa.eu/en/publications-data/downloadable-tables-antimicrobial-consumption-annual-epidemiological-report-2022
France,FRA,2014,hospital,J01DH_carbapenems,0.0308,,,,1.5915689859124642,https://www.ecdc.europa.eu/en/publications-data/downloadable-tables-antimicrobial-consumption-annual-epidemiological-report-2022
France,FRA,2014,hospital,J01D_other_beta_lactams,0.3134,,,,1.5915689859124642,https://www.ecdc.europa.eu/en/publications-data/downloadable-tables-antimicrobial-consumption-annual-epidemiological-report-2022
France,FRA,2014,hospital,J01M_quinolones,0.2422,,,,1.5915689859124642,https://www.ecdc.europa.eu/en/publications-data/downloadable-tables-antimicrobial-consumption-annual-epidemiological-report-2022
France,FRA,2015,community,J01C_penicillins,12.6777,,,,1.610017889087657,https://www.ecdc.europa.eu/en/publications-data/downloadable-tables-antimicrobial-consumption-annual-epidemiological-report-2022
France,FRA,2015,community,J01D_other_beta_lactams,2.123100000000001,,,,1.610017889087657,https://www.ecdc.europa.eu/en/publications-data/downloadable-tables-antimicrobial-consumption-annual-epidemiological-report-2022
France,FRA,2015,community,J01M_quinolones,1.6008,,,,1.610017889087657,https://www.ecdc.europa.eu/en/publications-data/downloadable-tables-antimicrobial-consumption-annual-epidemiological-report-2022
France,FRA,2015,hospital,J01C_penicillins,0.8674999999999998,,,,1.610017889087657,https://www.ecdc.europa.eu/en/publications-data/downloadable-tables-antimicrobial-consumption-annual-epidemiological-report-2022
France,FRA,2015,hospital,J01DH_carbapenems,0.033299999999999996,,,,1.610017889087657,https://www.ecdc.europa.eu/en/publications-data/downloadable-tables-antimicrobial-consumption-annual-epidemiological-report-2022
France,FRA,2015,hospital,J01D_other_beta_lactams,0.3169,,,,1.610017889087657,https://www.ecdc.europa.eu/en/publications-data/downloadable-tables-antimicrobial-consumption-annual-epidemiological-report-2022
France,FRA,2015,hospital,J01M_quinolones,0.225,,,,1.610017889087657,https://www.ecdc.europa.eu/en/publications-data/downloadable-tables-antimicrobial-consumption-annual-epidemiological-report-2022
France,FRA,2016,community,J01C_penicillins,13.3101,,,,1.570054870429728,https://www.ecdc.europa.eu/en/publications-data/downloadable-tables-antimicrobial-consumption-annual-epidemiological-report-2022
France,FRA,2016,community,J01D_other_beta_lactams,1.9415999999999998,,,,1.570054870429728,https://www.ecdc.europa.eu/en/publications-data/downloadable-tables-antimicrobial-consumption-annual-epidemiological-report-2022
France,FRA,2016,community,J01M_quinolones,1.5118,,,,1.570054870429728,https://www.ecdc.europa.eu/en/publications-data/downloadable-tables-antimicrobial-consumption-annual-epidemiological-report-2022
France,FRA,2016,hospital,J01C_penicillins,0.8633000000000001,,,,1.570054870429728,https://www.ecdc.europa.eu/en/publications-data/downloadable-tables-antimicrobial-consumption-annual-epidemiological-report-2022
France,FRA,2016,hospital,J01DH_carbapenems,0.0315,,,,1.570054870429728,https://www.ecdc.europa.eu/en/publications-data/downloadable-tables-antimicrobial-consumption-annual-epidemiological-report-2022
France,FRA,2016,hospital,J01D_other_beta_lactams,0.32649999999999996,,,,1.570054870429728,https://www.ecdc.europa.eu/en/publications-data/downloadable-tables-antimicrobial-consumption-annual-epidemiological-report-2022
France,FRA,2016,hospital,J01M_quinolones,0.2181,,,,1.570054870429728,https://www.ecdc.europa.eu/en/publications-data/downloadable-tables-antimicrobial-consumption-annual-epidemiological-report-2022
France,FRA,2017,community,J01C_penicillins,13.0021,,,,1.8669778296382735,https://www.ecdc.europa.eu/en/publications-data/downloadable-tables-antimicrobial-consumption-annual-epidemiological-report-2022
France,FRA,2017,community,J01D_other_beta_lactams,1.6004999999999998,,,,1.8669778296382735,https://www.ecdc.europa.eu/en/publications-data/downloadable-tables-antimicrobial-consumption-annual-epidemiological-report-2022
France,FRA,2017,community,J01M_quinolones,1.3733,,,,1.8669778296382735,https://www.ecdc.europa.eu/en/publications-data/downloadable-tables-antimicrobial-consumption-annual-epidemiological-report-2022
France,FRA,2017,hospital,J01C_penicillins,0.8404999999999998,,,,1.8669778296382735,https://www.ecdc.europa.eu/en/publications-data/downloadable-tables-antimicrobial-consumption-annual-epidemiological-report-2022
France,FRA,2017,hospital,J01DH_carbapenems,0.0293,,,,1.8669778296382735,https://www.ecdc.europa.eu/en/publications-data/downloadable-tables-antimicrobial-consumption-annual-epidemiological-report-2022
France,FRA,2017,hospital,J01D_other_beta_lactams,0.31639999999999996,,,,1.8669778296382735,https://www.ecdc.europa.eu/en/publications-data/downloadable-tables-antimicrobial-consumption-annual-epidemiological-report-2022
France,FRA,2017,hospital,J01M_quinolones,0.18589999999999998,,,,1.8669778296382735,https://www.ecdc.europa.eu/en/publications-data/downloadable-tables-antimicrobial-consumption-annual-epidemiological-report-2022
France,FRA,2018,community,J01C_penicillins,13.336300000000001,,,,2.343282770619257,https://www.ecdc.europa.eu/en/publications-data/downloadable-tables-antimicrobial-consumption-annual-epidemiological-report-2022
France,FRA,2018,community,J01D_other_beta_lactams,1.3978,,,,2.343282770619257,https://www.ecdc.europa.eu/en/publications-data/downloadable-tables-antimicrobial-consumption-annual-epidemiological-report-2022
France,FRA,2018,community,J01M_quinolones,1.2999999999999998,,,,2.343282770619257,https://www.ecdc.europa.eu/en/publications-data/downloadable-tables-antimicrobial-consumption-annual-epidemiological-report-2022
France,FRA,2018,hospital,J01C_penicillins,0.8311,,,,2.343282770619257,https://www.ecdc.europa.eu/en/publications-data/downloadable-tables-antimicrobial-consumption-annual-epidemiological-report-2022
France,FRA,2018,hospital,J01DH_carbapenems,0.030100000000000002,,,,2.343282770619257,https://www.ecdc.europa.eu/en/publications-data/downloadable-tables-antimicrobial-consumption-annual-epidemiological-report-2022
France,FRA,2018,hospital,J01D_other_beta_lactams,0.3292999999999999,,,,2.343282770619257,https://www.ecdc.europa.eu/en/publications-data/downloadable-tables-antimicrobial-consumption-annual-epidemiological-report-2022
France,FRA,2018,hospital,J01M_quinolones,0.22760000000000002,,,,2.343282770619257,https://www.ecdc.europa.eu/en/publications-data/downloadable-tables-antimicrobial-consumption-annual-epidemiological-report-2022
France,FRA,2019,community,J01C_penicillins,13.3474,,,,3.118790019871937,https://www.ecdc.europa.eu/en/publications-data/downloadable-tables-antimicrobial-consumption-annual-epidemiological-report-2022
France,FRA,2019,community,J01D_other_beta_lactams,1.2775999999999996,,,,3.118790019871937,https://www.ecdc.europa.eu/en/publications-data/downloadable-tables-antimicrobial-consumption-annual-epidemiological-report-2022
France,FRA,2019,community,J01M_quinolones,1.206,,,,3.118790019871937,https://www.ecdc.europa.eu/en/publications-data/downloadable-tables-antimicrobial-consumption-annual-epidemiological-report-2022
France,FRA,2019,hospital,J01C_penicillins,0.8376999999999999,,,,3.118790019871937,https://www.ecdc.europa.eu/en/publications-data/downloadable-tables-antimicrobial-consumption-annual-epidemiological-report-2022
France,FRA,2019,hospital,J01DH_carbapenems,0.028,,,,3.118790019871937,https://www.ecdc.europa.eu/en/publications-data/downloadable-tables-antimicrobial-consumption-annual-epidemiological-report-2022
France,FRA,2019,hospital,J01D_other_beta_lactams,0.3297,,,,3.118790019871937,https://www.ecdc.europa.eu/en/publications-data/downloadable-tables-antimicrobial-consumption-annual-epidemiological-report-2022
France,FRA,2019,hospital,J01M_quinolones,0.1712,,,,3.118790019871937,https://www.ecdc.europa.eu/en/publications-data/downloadable-tables-antimicrobial-consumption-annual-epidemiological-report-2022
France,FRA,2020,community,J01C_penicillins,10.095,,,,3.830942683430731,https://www.ecdc.europa.eu/en/publications-data/downloadable-tables-antimicrobial-consumption-annual-epidemiological-report-2022
France,FRA,2020,community,J01D_other_beta_lactams,0.8786,,,,3.830942683430731,https://www.ecdc.europa.eu/en/publications-data/downloadable-tables-antimicrobial-consumption-annual-epidemiological-report-2022
France,FRA,2020,community,J01M_quinolones,1.0876,,,,3.830942683430731,https://www.ecdc.europa.eu/en/publications-data/downloadable-tables-antimicrobial-consumption-annual-epidemiological-report-2022
France,FRA,2020,hospital,J01C_penicillins,0.7076,,,,3.830942683430731,https://www.ecdc.europa.eu/en/publications-data/downloadable-tables-antimicrobial-consumption-annual-epidemiological-report-2022
France,FRA,2020,hospital,J01DH_carbapenems,0.0284,,,,3.830942683430731,https://www.ecdc.europa.eu/en/publications-data/downloadable-tables-antimicrobial-consumption-annual-epidemiological-report-2022
France,FRA,2020,hospital,J01D_other_beta_lactams,0.32009999999999994,,,,3.830942683430731,https://www.ecdc.europa.eu/en/publications-data/downloadable-tables-antimicrobial-consumption-annual-epidemiological-report-2022
France,FRA,2020,hospital,J01M_quinolones,0.15810000000000002,,,,3.830942683430731,https://www.ecdc.europa.eu/en/publications-data/downloadable-tables-antimicrobial-consumption-annual-epidemiological-report-2022
France,FRA,2021,community,J01C_penicillins,11.031799999999999,,,,4.059718633362046,https://www.ecdc.europa.eu/en/publications-data/downloadable-tables-antimicrobial-consumption-annual-epidemiological-report-2022
France,FRA,2021,community,J01D_other_beta_lactams,0.8904000000000002,,,,4.059718633362046,https://www.ecdc.europa.eu/en/publications-data/downloadable-tables-antimicrobial-consumption-annual-epidemiological-report-2022
France,FRA,2021,community,J01M_quinolones,0.991,,,,4.059718633362046,https://www.ecdc.europa.eu/en/publications-data/downloadable-tables-antimicrobial-consumption-annual-epidemiological-report-2022
France,FRA,2021,hospital,J01C_penicillins,0.7436999999999999,,,,4.059718633362046,https://www.ecdc.europa.eu/en/publications-data/downloadable-tables-antimicrobial-consumption-annual-epidemiological-report-2022
France,FRA,2021,hospital,J01DH_carbapenems,0.0338,,,,4.059718633362046,https://www.ecdc.europa.eu/en/publications-data/downloadable-tables-antimicrobial-consumption-annual-epidemiological-report-2022
France,FRA,2021,hospital,J01D_other_beta_lactams,0.3345,,,,4.059718633362046,https://www.ecdc.europa.eu/en/publications-data/downloadable-tables-antimicrobial-consumption-annual-epidemiological-report-2022
France,FRA,2021,hospital,J01M_quinolones,0.17299999999999996,,,,4.059718633362046,https://www.ecdc.europa.eu/en/publications-data/downloadable-tables-antimicrobial-consumption-annual-epidemiological-report-2022
France,FRA,2022,community,J01C_penicillins,13.0155,,,,4.603183406355725,https://www.ecdc.europa.eu/en/publications-data/downloadable-tables-antimicrobial-consumption-annual-epidemiological-report-2022
France,FRA,2022,community,J01D_other_beta_lactams,1.0927999999999998,,,,4.603183406355725,https://www.ecdc.europa.eu/en/publications-data/downloadable-tables-antimicrobial-consumption-annual-epidemiological-report-2022
France,FRA,2022,community,J01M_quinolones,1.1493,,,,4.603183406355725,https://www.ecdc.europa.eu/en/publications-data/downloadable-tables-antimicrobial-consumption-annual-epidemiological-report-2022
France,FRA,2022,hospital,J01C_penicillins,0.8709999999999999,,,,4.603183406355725,https://www.ecdc.europa.eu/en/publications-data/downloadable-tables-antimicrobial-consumption-annual-epidemiological-report-2022
France,FRA,2022,hospital,J01DH_carbapenems,0.030399999999999996,,,,4.603183406355725,https://www.ecdc.europa.eu/en/publications-data/downloadable-tables-antimicrobial-consumption-annual-epidemiological-report-2022
France,FRA,2022,hospital,J01D_other_beta_lactams,0.32589999999999997,,,,4.603183406355725,https://www.ecdc.europa.eu/en/publications-data/downloadable-tables-antimicrobial-consumption-annual-epidemiological-report-2022
France,FRA,2022,hospital,J01M_quinolones,0.16119999999999998,,,,4.603183406355725,https://www.ecdc.europa.eu/en/publications-data/downloadable-tables-antimicrobial-consumption-annual-epidemiological-report-2022
Greece,GRC,2013,community,J01C_penicillins,8.4494,,,,6.335465372739304,https://www.ecdc.europa.eu/en/publications-data/downloadable-tables-antimicrobial-consumption-annual-epidemiological-report-2022
Greece,GRC,2013,community,J01D_other_beta_lactams,7.404300000000002,,,,6.335465372739304,https://www.ecdc.europa.eu/en/publications-data/downloadable-tables-antimicrobial-consumption-annual-epidemiological-report-2022
Greece,GRC,2013,community,J01M_quinolones,2.0553000000000003,,,,6.335465372739304,https://www.ecdc.europa.eu/en/publications-data/downloadable-tables-antimicrobial-consumption-annual-epidemiological-report-2022
Greece,GRC,2013,hospital,J01C_penicillins,0.49599999999999994,,,,6.335465372739304,https://www.ecdc.europa.eu/en/publications-data/downloadable-tables-antimicrobial-consumption-annual-epidemiological-report-2022
Greece,GRC,2013,hospital,J01DH_carbapenems,0.096,,,,6.335465372739304,https://www.ecdc.europa.eu/en/publications-data/downloadable-tables-antimicrobial-consumption-annual-epidemiological-report-2022
Greece,GRC,2013,hospital,J01D_other_beta_lactams,0.5169000000000001,,,,6.335465372739304,https://www.ecdc.europa.eu/en/publications-data/downloadable-tables-antimicrobial-consumption-annual-epidemiological-report-2022
Greece,GRC,2013,hospital,J01M_quinolones,0.17789999999999997,,,,6.335465372739304,https://www.ecdc.europa.eu/en/publications-data/downloadable-tables-antimicrobial-consumption-annual-epidemiological-report-2022
Greece,GRC,2014,community,J01C_penicillins,8.014100000000001,,,,6.4698128130767225,https://www.ecdc.europa.eu/en/publications-data/downloadable-tables-antimicrobial-consumption-annual-epidemiological-report-2022
Greece,GRC,2014,community,J01D_other_beta_lactams,7.2923,,,,6.4698128130767225,https://www.ecdc.europa.eu/en/publications-data/downloadable-tables-antimicrobial-consumption-annual-epidemiological-report-2022
Greece,GRC,2014,community,J01M_quinolones,2.5575,,,,6.4698128130767225,https://www.ecdc.europa.eu/en/publications-data/downloadable-tables-antimicrobial-consumption-annual-epidemiological-report-2022
Greece,GRC,2014,hospital,J01C_penicillins,0.5078999999999999,,,,6.4698128130767225,https://www.ecdc.europa.eu/en/publications-data/downloadable-tables-antimicrobial-consumption-annual-epidemiological-report-2022
Greece,GRC,2014,hospital,J01DH_carbapenems,0.1007,,,,6.4698128130767225,https://www.ecdc.europa.eu/en/publications-data/downloadable-tables-antimicrobial-consumption-annual-epidemiological-report-2022
Greece,GRC,2014,hospital,J01D_other_beta_lactams,0.5007,,,,6.4698128130767225,https://www.ecdc.europa.eu/en/publications-data/downloadable-tables-antimicrobial-consumption-annual-epidemiological-report-2022
Greece,GRC,2014,hospital,J01M_quinolones,0.21719999999999998,,,,6.4698128130767225,https://www.ecdc.europa.eu/en/publications-data/downloadable-tables-antimicrobial-consumption-annual-epidemiological-report-2022
Greece,GRC,2015,community,J01C_penicillins,9.7816,,,,6.116129032258065,https://www.ecdc.europa.eu/en/publications-data/downloadable-tables-antimicrobial-consumption-annual-epidemiological-report-2022
Greece,GRC,2015,community,J01D_other_beta_lactams,7.525900000000001,,,,6.116129032258065,https://www.ecdc.europa.eu/en/publications-data/downloadable-tables-antimicrobial-consumption-annual-epidemiological-report-2022
Greece,GRC,2015,community,J01M_quinolones,2.6418,,,,6.116129032258065,https://www.ecdc.europa.eu/en/publications-data/downloadable-tables-antimicrobial-consumption-annual-epidemiological-report-2022
Greece,GRC,2015,hospital,J01C_penicillins,0.5536999999999999,,,,6.116129032258065,https://www.ecdc.europa.eu/en/publications-data/downloadable-tables-antimicrobial-consumption-annual-epidemiological-report-2022
Greece,GRC,2015,hospital,J01DH_carbapenems,0.096,,,,6.116129032258065,https://www.ecdc.europa.eu/en/publications-data/downloadable-tables-antimicrobial-consumption-annual-epidemiological-report-2022
Greece,GRC,2015,hospital,J01D_other_beta_lactams,0.5134000000000001,,,,6.116129032258065,https://www.ecdc.europa.eu/en/publications-data/downloadable-tables-antimicrobial-consumption-annual-epidemiological-report-2022
Greece,GRC,2015,hospital,J01M_quinolones,0.25539999999999996,,,,6.116129032258065,https://www.ecdc.europa.eu/en/publications-data/downloadable-tables-antimicrobial-consumption-annual-epidemiological-report-2022
Greece,GRC,2016,community,J01C_penicillins,10.8778,,,,6.00174897592857,https://www.ecdc.europa.eu/en/publications-data/downloadable-tables-antimicrobial-consumption-annual-epidemiological-report-2022
Greece,GRC,2016,community,J01D_other_beta_lactams,7.431900000000001,,,,6.00174897592857,https://www.ecdc.europa.eu/en/publications-data/downloadable-tables-antimicrobial-consumption-annual-epidemiological-report-2022
Greece,GRC,2016,community,J01M_quinolones,2.6125000000000003,,,,6.00174897592857,https://www.ecdc.europa.eu/en/publications-data/downloadable-tables-antimicrobial-consumption-annual-epidemiological-report-2022
Greece,GRC,2016,hospital,J01C_penicillins,0.8021999999999999,,,,6.00174897592857,https://www.ecdc.europa.eu/en/publications-data/downloadable-tables-antimicrobial-consumption-annual-epidemiological-report-2022
Greece,GRC,2016,hospital,J01DH_carbapenems,0.12459999999999999,,,,6.00174897592857,https://www.ecdc.europa.eu/en/publications-data/downloadable-tables-antimicrobial-consumption-annual-epidemiological-report-2022
Greece,GRC,2016,hospital,J01D_other_beta_lactams,0.5182,,,,6.00174897592857,https://www.ecdc.europa.eu/en/publications-data/downloadable-tables-antimicrobial-consumption-annual-epidemiological-report-2022
Greece,GRC,2016,hospital,J01M_quinolones,0.2081,,,,6.00174897592857,https://www.ecdc.europa.eu/en/publications-data/downloadable-tables-antimicrobial-consumption-annual-epidemiological-report-2022
Greece,GRC,2017,community,J01C_penicillins,10.764700000000001,,,,6.886560100449124,https://www.ecdc.europa.eu/en/publications-data/downloadable-tables-antimicrobial-consumption-annual-epidemiological-report-2022
Greece,GRC,2017,community,J01D_other_beta_lactams,7.703,,,,6.886560100449124,https://www.ecdc.europa.eu/en/publications-data/downloadable-tables-antimicrobial-consumption-annual-epidemiological-report-2022
Greece,GRC,2017,community,J01M_quinolones,2.5988000000000007,,,,6.886560100449124,https://www.ecdc.europa.eu/en/publications-data/downloadable-tables-antimicrobial-consumption-annual-epidemiological-report-2022
Greece,GRC,2017,hospital,J01C_penicillins,0.7767,,,,6.886560100449124,https://www.ecdc.europa.eu/en/publications-data/downloadable-tables-antimicrobial-consumption-annual-epidemiological-report-2022
Greece,GRC,2017,hospital,J01DH_carbapenems,0.1243,,,,6.886560100449124,https://www.ecdc.europa.eu/en/publications-data/downloadable-tables-antimicrobial-consumption-annual-epidemiological-report-2022
Greece,GRC,2017,hospital,J01D_other_beta_lactams,0.5009000000000001,,,,6.886560100449124,https://www.ecdc.europa.eu/en/publications-data/downloadable-tables-antimicrobial-consumption-annual-epidemiological-report-2022
Greece,GRC,2017,hospital,J01M_quinolones,0.2032,,,,6.886560100449124,https://www.ecdc.europa.eu/en/publications-data/downloadable-tables-antimicrobial-consumption-annual-epidemiological-report-2022
Greece,GRC,2018,community,J01C_penicillins,11.0852,,,,9.668622917778176,https://www.ecdc.europa.eu/en/publications-data/downloadable-tables-antimicrobial-consumption-annual-epidemiological-report-2022
Greece,GRC,2018,community,J01D_other_beta_lactams,7.8836,,,,9.668622917778176,https://www.ecdc.europa.eu/en/publications-data/downloadable-tables-antimicrobial-consumption-annual-epidemiological-report-2022
Greece,GRC,2018,community,J01M_quinolones,2.9404999999999997,,,,9.668622917778176,https://www.ecdc.europa.eu/en/publications-data/downloadable-tables-antimicrobial-consumption-annual-epidemiological-report-2022
Greece,GRC,2018,hospital,J01C_penicillins,0.2900999999999999,,,,9.668622917778176,https://www.ecdc.europa.eu/en/publications-data/downloadable-tables-antimicrobial-consumption-annual-epidemiological-report-2022
Greece,GRC,2018,hospital,J01DH_carbapenems,0.121,,,,9.668622917778176,https://www.ecdc.europa.eu/en/publications-data/downloadable-tables-antimicrobial-consumption-annual-epidemiological-report-2022
Greece,GRC,2018,hospital,J01D_other_beta_lactams,0.5375,,,,9.668622917778176,https://www.ecdc.europa.eu/en/publications-data/downloadable-tables-antimicrobial-consumption-annual-epidemiological-report-2022
Greece,GRC,2018,hospital,J01M_quinolones,0.21500000000000002,,,,9.668622917778176,https://www.ecdc.europa.eu/en/publications-data/downloadable-tables-antimicrobial-consumption-annual-epidemiological-report-2022
Greece,GRC,2019,community,J01C_penicillins,10.956399999999999,,,,11.29439389492222,https://www.ecdc.europa.eu/en/publications-data/downloadable-tables-antimicrobial-consumption-annual-epidemiological-report-2022
Greece,GRC,2019,community,J01D_other_beta_lactams,7.593100000000001,,,,11.29439389492222,https://www.ecdc.europa.eu/en/publications-data/downloadable-tables-antimicrobial-consumption-annual-epidemiological-report-2022
Greece,GRC,2019,community,J01M_quinolones,3.0385,,,,11.29439389492222,https://www.ecdc.europa.eu/en/publications-data/downloadable-tables-antimicrobial-consumption-annual-epidemiological-report-2022
Greece,GRC,2019,hospital,J01C_penicillins,0.301,,,,11.29439389492222,https://www.ecdc.europa.eu/en/publications-data/downloadable-tables-antimicrobial-consumption-annual-epidemiological-report-2022
Greece,GRC,2019,hospital,J01DH_carbapenems,0.1256,,,,11.29439389492222,https://www.ecdc.europa.eu/en/publications-data/downloadable-tables-antimicrobial-consumption-annual-epidemiological-report-2022
Greece,GRC,2019,hospital,J01D_other_beta_lactams,0.5191,,,,11.29439389492222,https://www.ecdc.europa.eu/en/publications-data/downloadable-tables-antimicrobial-consumption-annual-epidemiological-report-2022
Greece,GRC,2019,hospital,J01M_quinolones,0.19940000000000002,,,,11.29439389492222,https://www.ecdc.europa.eu/en/publications-data/downloadable-tables-antimicrobial-consumption-annual-epidemiological-report-2022
Greece,GRC,2020,community,J01C_penicillins,8.693400000000002,,,,12.104335966357906,https://www.ecdc.europa.eu/en/publications-data/downloadable-tables-antimicrobial-consumption-annual-epidemiological-report-2022
Greece,GRC,2020,community,J01D_other_beta_lactams,5.762099999999999,,,,12.104335966357906,https://www.ecdc.europa.eu/en/publications-data/downloadable-tables-antimicrobial-consumption-annual-epidemiological-report-2022
Greece,GRC,2020,community,J01M_quinolones,2.6125999999999996,,,,12.104335966357906,https://www.ecdc.europa.eu/en/publications-data/downloadable-tables-antimicrobial-consumption-annual-epidemiological-report-2022
Greece,GRC,2020,hospital,J01C_penicillins,0.29580000000000006,,,,12.104335966357906,https://www.ecdc.europa.eu/en/publications-data/downloadable-tables-antimicrobial-consumption-annual-epidemiological-report-2022
Greece,GRC,2020,hospital,J01DH_carbapenems,0.135,,,,12.104335966357906,https://www.ecdc.europa.eu/en/publications-data/downloadable-tables-antimicrobial-consumption-annual-epidemiological-report-2022
Greece,GRC,2020,hospital,J01D_other_beta_lactams,0.539,,,,12.104335966357906,https://www.ecdc.europa.eu/en/publications-data/downloadable-tables-antimicrobial-consumption-annual-epidemiological-report-2022
Greece,GRC,2020,hospital,J01M_quinolones,0.1864,,,,12.104335966357906,https://www.ecdc.europa.eu/en/publications-data/downloadable-tables-antimicrobial-consumption-annual-epidemiological-report-2022
Greece,GRC,2021,community,J01C_penicillins,7.4467,,,,15.579160343955492,https://www.ecdc.europa.eu/en/publications-data/downloadable-tables-antimicrobial-consumption-annual-epidemiological-report-2022
Greece,GRC,2021,community,J01D_other_beta_lactams,4.3827,,,,15.579160343955492,https://www.ecdc.europa.eu/en/publications-data/downloadable-tables-antimicrobial-consumption-annual-epidemiological-report-2022
Greece,GRC,2021,community,J01M_quinolones,2.1635,,,,15.579160343955492,https://www.ecdc.europa.eu/en/publications-data/downloadable-tables-antimicrobial-consumption-annual-epidemiological-report-2022
Greece,GRC,2021,hospital,J01C_penicillins,0.33369999999999994,,,,15.579160343955492,https://www.ecdc.europa.eu/en/publications-data/downloadable-tables-antimicrobial-consumption-annual-epidemiological-report-2022
Greece,GRC,2021,hospital,J01DH_carbapenems,0.1699,,,,15.579160343955492,https://www.ecdc.europa.eu/en/publications-data/downloadable-tables-antimicrobial-consumption-annual-epidemiological-report-2022
Greece,GRC,2021,hospital,J01D_other_beta_lactams,0.5725,,,,15.579160343955492,https://www.ecdc.europa.eu/en/publications-data/downloadable-tables-antimicrobial-consumption-annual-epidemiological-report-2022
Greece,GRC,2021,hospital,J01M_quinolones,0.20149999999999998,,,,15.579160343955492,https://www.ecdc.europa.eu/en/publications-data/downloadable-tables-antimicrobial-consumption-annual-epidemiological-report-2022
Greece,GRC,2022,community,J01C_penicillins,9.8079,,,,15.436471663619747,https://www.ecdc.europa.eu/en/publications-data/downloadable-tables-antimicrobial-consumption-annual-epidemiological-report-2022
Greece,GRC,2022,community,J01D_other_beta_lactams,6.880999999999999,,,,15.436471663619747,https://www.ecdc.europa.eu/en/publications-data/downloadable-tables-antimicrobial-consumption-annual-epidemiological-report-2022
Greece,GRC,2022,community,J01M_quinolones,3.1994000000000002,,,,15.436471663619747,https://www.ecdc.europa.eu/en/publications-data/downloadable-tables-antimicrobial-consumption-annual-epidemiological-report-2022
Greece,GRC,2022,hospital,J01C_penicillins,0.3305,,,,15.436471663619747,https://www.ecdc.europa.eu/en/publications-data/downloadable-tables-antimicrobial-consumption-annual-epidemiological-report-2022
Greece,GRC,2022,hospital,J01DH_carbapenems,0.1898,,,,15.436471663619747,https://www.ecdc.europa.eu/en/publications-data/downloadable-tables-antimicrobial-consumption-annual-epidemiological-report-2022
Greece,GRC,2022,hospital,J01D_other_beta_lactams,0.5786,,,,15.436471663619747,https://www.ecdc.europa.eu/en/publications-data/downloadable-tables-antimicrobial-consumption-annual-epidemiological-report-2022
Greece,GRC,2022,hospital,J01M_quinolones,0.1381,,,,15.436471663619747,https://www.ecdc.europa.eu/en/publications-data/downloadable-tables-antimicrobial-consumption-annual-epidemiological-report-2022
Croatia,HRV,2013,community,J01C_penicillins,7.777,,,,0.4178620431582887,https://www.ecdc.europa.eu/en/publications-data/downloadable-tables-antimicrobial-consumption-annual-epidemiological-report-2022
Croatia,HRV,2013,community,J01D_other_beta_lactams,2.9852,,,,0.4178620431582887,https://www.ecdc.europa.eu/en/publications-data/downloadable-tables-antimicrobial-consumption-annual-epidemiological-report-2022
Croatia,HRV,2013,community,J01M_quinolones,1.4747,,,,0.4178620431582887,https://www.ecdc.europa.eu/en/publications-data/downloadable-tables-antimicrobial-consumption-annual-epidemiological-report-2022
Croatia,HRV,2013,hospital,J01C_penicillins,0.4427,,,,0.4178620431582887,https://www.ecdc.europa.eu/en/publications-data/downloadable-tables-antimicrobial-consumption-annual-epidemiological-report-2022
Croatia,HRV,2013,hospital,J01DH_carbapenems,0.0453,,,,0.4178620431582887,https://www.ecdc.europa.eu/en/publications-data/downloadable-tables-antimicrobial-consumption-annual-epidemiological-report-2022
Croatia,HRV,2013,hospital,J01D_other_beta_lactams,0.48539999999999994,,,,0.4178620431582887,https://www.ecdc.europa.eu/en/publications-data/downloadable-tables-antimicrobial-consumption-annual-epidemiological-report-2022
Croatia,HRV,2013,hospital,J01M_quinolones,0.1867,,,,0.4178620431582887,https://www.ecdc.europa.eu/en/publications-data/downloadable-tables-antimicrobial-consumption-annual-epidemiological-report-2022
Croatia,HRV,2014,community,J01C_penicillins,7.953900000000001,,,,0.9110680068183157,https://www.ecdc.europa.eu/en/publications-data/downloadable-tables-antimicrobial-consumption-annual-epidemiological-report-2022
Croatia,HRV,2014,community,J01D_other_beta_lactams,2.8067,,,,0.9110680068183157,https://www.ecdc.europa.eu/en/publications-data/downloadable-tables-antimicrobial-consumption-annual-epidemiological-report-2022
Croatia,HRV,2014,community,J01M_quinolones,1.4961000000000002,,,,0.9110680068183157,https://www.ecdc.europa.eu/en/publications-data/downloadable-tables-antimicrobial-consumption-annual-epidemiological-report-2022
Croatia,HRV,2014,hospital,J01C_penicillins,0.445,,,,0.9110680068183157,https://www.ecdc.europa.eu/en/publications-data/downloadable-tables-antimicrobial-consumption-annual-epidemiological-report-2022
Croatia,HRV,2014,hospital,J01DH_carbapenems,0.0547,,,,0.9110680068183157,https://www.ecdc.europa.eu/en/publications-data/downloadable-tables-antimicrobial-consumption-annual-epidemiological-report-2022
Croatia,HRV,2014,hospital,J01D_other_beta_lactams,0.5236000000000001,,,,0.9110680068183157,https://www.ecdc.europa.eu/en/publications-data/downloadable-tables-antimicrobial-consumption-annual-epidemiological-report-2022
Croatia,HRV,2014,hospital,J01M_quinolones,0.2,,,,0.9110680068183157,https://www.ecdc.europa.eu/en/publications-data/downloadable-tables-antimicrobial-consumption-annual-epidemiological-report-2022
Croatia,HRV,2015,community,J01C_penicillins,8.0899,,,,0.8613264427217916,https://www.ecdc.europa.eu/en/publications-data/downloadable-tables-antimicrobial-consumption-annual-epidemiological-report-2022
Croatia,HRV,2015,community,J01D_other_beta_lactams,2.7392,,,,0.8613264427217916,https://www.ecdc.europa.eu/en/publications-data/downloadable-tables-antimicrobial-consumption-annual-epidemiological-report-2022
Croatia,HRV,2015,community,J01M_quinolones,1.4955,,,,0.8613264427217916,https://www.ecdc.europa.eu/en/publications-data/downloadable-tables-antimicrobial-consumption-annual-epidemiological-report-2022
Croatia,HRV,2015,hospital,J01C_penicillins,0.4556,,,,0.8613264427217916,https://www.ecdc.europa.eu/en/publications-data/downloadable-tables-antimicrobial-consumption-annual-epidemiological-report-2022
Croatia,HRV,2015,hospital,J01DH_carbapenems,0.0588,,,,0.8613264427217916,https://www.ecdc.europa.eu/en/publications-data/downloadable-tables-antimicrobial-consumption-annual-epidemiological-report-2022
Croatia,HRV,2015,hospital,J01D_other_beta_lactams,0.5432,,,,0.8613264427217916,https://www.ecdc.europa.eu/en/publications-data/downloadable-tables-antimicrobial-consumption-annual-epidemiological-report-2022
Croatia,HRV,2015,hospital,J01M_quinolones,0.20950000000000002,,,,0.8613264427217916,https://www.ecdc.europa.eu/en/publications-data/downloadable-tables-antimicrobial-consumption-annual-epidemiological-report-2022
Croatia,HRV,2016,community,J01C_penicillins,7.8781,,,,1.0359933696424346,https://www.ecdc.europa.eu/en/publications-data/downloadable-tables-antimicrobial-consumption-annual-epidemiological-report-2022
Croatia,HRV,2016,community,J01D_other_beta_lactams,2.4895,,,,1.0359933696424346,https://www.ecdc.europa.eu/en/publications-data/downloadable-tables-antimicrobial-consumption-annual-epidemiological-report-2022
Croatia,HRV,2016,community,J01M_quinolones,1.4879,,,,1.0359933696424346,https://www.ecdc.europa.eu/en/publications-data/downloadable-tables-antimicrobial-consumption-annual-epidemiological-report-2022
Croatia,HRV,2016,hospital,J01C_penicillins,0.45040000000000013,,,,1.0359933696424346,https://www.ecdc.europa.eu/en/publications-data/downloadable-tables-antimicrobial-consumption-annual-epidemiological-report-2022
Croatia,HRV,2016,hospital,J01DH_carbapenems,0.060700000000000004,,,,1.0359933696424346,https://www.ecdc.europa.eu/en/publications-data/downloadable-tables-antimicrobial-consumption-annual-epidemiological-report-2022
Croatia,HRV,2016,hospital,J01D_other_beta_lactams,0.5041,,,,1.0359933696424346,https://www.ecdc.europa.eu/en/publications-data/downloadable-tables-antimicrobial-consumption-annual-epidemiological-report-2022
Croatia,HRV,2016,hospital,J01M_quinolones,0.21239999999999998,,,,1.0359933696424346,https://www.ecdc.europa.eu/en/publications-data/downloadable-tables-antimicrobial-consumption-annual-epidemiological-report-2022
Croatia,HRV,2017,community,J01C_penicillins,7.823799999999999,,,,1.448383849681244,https://www.ecdc.europa.eu/en/publications-data/downloadable-tables-antimicrobial-consumption-annual-epidemiological-report-2022
Croatia,HRV,2017,community,J01D_other_beta_lactams,2.4746,,,,1.448383849681244,https://www.ecdc.europa.eu/en/publications-data/downloadable-tables-antimicrobial-consumption-annual-epidemiological-report-2022
Croatia,HRV,2017,community,J01M_quinolones,1.5010999999999999,,,,1.448383849681244,https://www.ecdc.europa.eu/en/publications-data/downloadable-tables-antimicrobial-consumption-annual-epidemiological-report-2022
Croatia,HRV,2017,hospital,J01C_penicillins,0.4548,,,,1.448383849681244,https://www.ecdc.europa.eu/en/publications-data/downloadable-tables-antimicrobial-consumption-annual-epidemiological-report-2022
Croatia,HRV,2017,hospital,J01DH_carbapenems,0.0754,,,,1.448383849681244,https://www.ecdc.europa.eu/en/publications-data/downloadable-tables-antimicrobial-consumption-annual-epidemiological-report-2022
Croatia,HRV,2017,hospital,J01D_other_beta_lactams,0.5459,,,,1.448383849681244,https://www.ecdc.europa.eu/en/publications-data/downloadable-tables-antimicrobial-consumption-annual-epidemiological-report-2022
Croatia,HRV,2017,hospital,J01M_quinolones,0.2293,,,,1.448383849681244,https://www.ecdc.europa.eu/en/publications-data/downloadable-tables-antimicrobial-consumption-annual-epidemiological-report-2022
Croatia,HRV,2018,community,J01C_penicillins,7.832999999999999,,,,1.570054870429728,https://www.ecdc.europa.eu/en/publications-data/downloadable-tables-antimicrobial-consumption-annual-epidemiological-report-2022
Croatia,HRV,2018,community,J01D_other_beta_lactams,2.5244,,,,1.570054870429728,https://www.ecdc.europa.eu/en/publications-data/downloadable-tables-antimicrobial-consumption-annual-epidemiological-report-2022
Croatia,HRV,2018,community,J01M_quinolones,1.4827,,,,1.570054870429728,https://www.ecdc.europa.eu/en/publications-data/downloadable-tables-antimicrobial-consumption-annual-epidemiological-report-2022
Croatia,HRV,2018,hospital,J01C_penicillins,0.47350000000000003,,,,1.570054870429728,https://www.ecdc.europa.eu/en/publications-data/downloadable-tables-antimicrobial-consumption-annual-epidemiological-report-2022
Croatia,HRV,2018,hospital,J01DH_carbapenems,0.07479999999999999,,,,1.570054870429728,https://www.ecdc.europa.eu/en/publications-data/downloadable-tables-antimicrobial-consumption-annual-epidemiological-report-2022
Croatia,HRV,2018,hospital,J01D_other_beta_lactams,0.5274,,,,1.570054870429728,https://www.ecdc.europa.eu/en/publications-data/downloadable-tables-antimicrobial-consumption-annual-epidemiological-report-2022
Croatia,HRV,2018,hospital,J01M_quinolones,0.24009999999999998,,,,1.570054870429728,https://www.ecdc.europa.eu/en/publications-data/downloadable-tables-antimicrobial-consumption-annual-epidemiological-report-2022
Croatia,HRV,2019,community,J01C_penicillins,7.8879,,,,1.9476406629367682,https://www.ecdc.europa.eu/en/publications-data/downloadable-tables-antimicrobial-consumption-annual-epidemiological-report-2022
Croatia,HRV,2019,community,J01D_other_beta_lactams,2.5534000000000003,,,,1.9476406629367682,https://www.ecdc.europa.eu/en/publications-data/downloadable-tables-antimicrobial-consumption-annual-epidemiological-report-2022
Croatia,HRV,2019,community,J01M_quinolones,1.3604,,,,1.9476406629367682,https://www.ecdc.europa.eu/en/publications-data/downloadable-tables-antimicrobial-consumption-annual-epidemiological-report-2022
Croatia,HRV,2019,hospital,J01C_penicillins,0.49960000000000004,,,,1.9476406629367682,https://www.ecdc.europa.eu/en/publications-data/downloadable-tables-antimicrobial-consumption-annual-epidemiological-report-2022
Croatia,HRV,2019,hospital,J01DH_carbapenems,0.08180000000000001,,,,1.9476406629367682,https://www.ecdc.europa.eu/en/publications-data/downloadable-tables-antimicrobial-consumption-annual-epidemiological-report-2022
Croatia,HRV,2019,hospital,J01D_other_beta_lactams,0.5564999999999999,,,,1.9476406629367682,https://www.ecdc.europa.eu/en/publications-data/downloadable-tables-antimicrobial-consumption-annual-epidemiological-report-2022
Croatia,HRV,2019,hospital,J01M_quinolones,0.2404,,,,1.9476406629367682,https://www.ecdc.europa.eu/en/publications-data/downloadable-tables-antimicrobial-consumption-annual-epidemiological-report-2022
Croatia,HRV,2020,community,J01C_penicillins,6.159700000000001,,,,2.559882976778206,https://www.ecdc.europa.eu/en/publications-data/downloadable-tables-antimicrobial-consumption-annual-epidemiological-report-2022
Croatia,HRV,2020,community,J01D_other_beta_lactams,2.0904,,,,2.559882976778206,https://www.ecdc.europa.eu/en/publications-data/downloadable-tables-antimicrobial-consumption-annual-epidemiological-report-2022
Croatia,HRV,2020,community,J01M_quinolones,1.2187,,,,2.559882976778206,https://www.ecdc.europa.eu/en/publications-data/downloadable-tables-antimicrobial-consumption-annual-epidemiological-report-2022
Croatia,HRV,2020,hospital,J01C_penicillins,0.3912,,,,2.559882976778206,https://www.ecdc.europa.eu/en/publications-data/downloadable-tables-antimicrobial-consumption-annual-epidemiological-report-2022
Croatia,HRV,2020,hospital,J01DH_carbapenems,0.0887,,,,2.559882976778206,https://www.ecdc.europa.eu/en/publications-data/downloadable-tables-antimicrobial-consumption-annual-epidemiological-report-2022
Croatia,HRV,2020,hospital,J01D_other_beta_lactams,0.502,,,,2.559882976778206,https://www.ecdc.europa.eu/en/publications-data/downloadable-tables-antimicrobial-consumption-annual-epidemiological-report-2022
Croatia,HRV,2020,hospital,J01M_quinolones,0.19740000000000002,,,,2.559882976778206,https://www.ecdc.europa.eu/en/publications-data/downloadable-tables-antimicrobial-consumption-annual-epidemiological-report-2022
Croatia,HRV,2021,community,J01C_penicillins,6.871200000000001,,,,3.6025979297747117,https://www.ecdc.europa.eu/en/publications-data/downloadable-tables-antimicrobial-consumption-annual-epidemiological-report-2022
Croatia,HRV,2021,community,J01D_other_beta_lactams,2.3576,,,,3.6025979297747117,https://www.ecdc.europa.eu/en/publications-data/downloadable-tables-antimicrobial-consumption-annual-epidemiological-report-2022
Croatia,HRV,2021,community,J01M_quinolones,1.4407999999999999,,,,3.6025979297747117,https://www.ecdc.europa.eu/en/publications-data/downloadable-tables-antimicrobial-consumption-annual-epidemiological-report-2022
Croatia,HRV,2021,hospital,J01C_penicillins,0.4650999999999999,,,,3.6025979297747117,https://www.ecdc.europa.eu/en/publications-data/downloadable-tables-antimicrobial-consumption-annual-epidemiological-report-2022
Croatia,HRV,2021,hospital,J01DH_carbapenems,0.1171,,,,3.6025979297747117,https://www.ecdc.europa.eu/en/publications-data/downloadable-tables-antimicrobial-consumption-annual-epidemiological-report-2022
Croatia,HRV,2021,hospital,J01D_other_beta_lactams,0.603,,,,3.6025979297747117,https://www.ecdc.europa.eu/en/publications-data/downloadable-tables-antimicrobial-consumption-annual-epidemiological-report-2022
Croatia,HRV,2021,hospital,J01M_quinolones,0.2365,,,,3.6025979297747117,https://www.ecdc.europa.eu/en/publications-data/downloadable-tables-antimicrobial-consumption-annual-epidemiological-report-2022
Croatia,HRV,2022,community,J01C_penicillins,7.7988,,,,3.8852272164131034,https://www.ecdc.europa.eu/en/publications-data/downloadable-tables-antimicrobial-consumption-annual-epidemiological-report-2022
Croatia,HRV,2022,community,J01D_other_beta_lactams,2.7186,,,,3.8852272164131034,https://www.ecdc.europa.eu/en/publications-data/downloadable-tables-antimicrobial-consumption-annual-epidemiological-report-2022
Croatia,HRV,2022,community,J01M_quinolones,1.5042999999999997,,,,3.8852272164131034,https://www.ecdc.europa.eu/en/publications-data/downloadable-tables-antimicrobial-consumption-annual-epidemiological-report-2022
Croatia,HRV,2022,hospital,J01C_penicillins,0.49659999999999993,,,,3.8852272164131034,https://www.ecdc.europa.eu/en/publications-data/downloadable-tables-antimicrobial-consumption-annual-epidemiological-report-2022
Croatia,HRV,2022,hospital,J01DH_carbapenems,0.1231,,,,3.8852272164131034,https://www.ecdc.europa.eu/en/publications-data/downloadable-tables-antimicrobial-consumption-annual-epidemiological-report-2022
Croatia,HRV,2022,hospital,J01D_other_beta_lactams,0.6092999999999998,,,,3.8852272164131034,https://www.ecdc.europa.eu/en/publications-data/downloadable-tables-antimicrobial-consumption-annual-epidemiological-report-2022
Croatia,HRV,2022,hospital,J01M_quinolones,0.2396,,,,3.8852272164131034,https://www.ecdc.europa.eu/en/publications-data/downloadable-tables-antimicrobial-consumption-annual-epidemiological-report-2022
Hungary,HUN,2013,community,J01C_penicillins,4.6530000000000005,,,,0.3723764387271498,https://www.ecdc.europa.eu/en/publications-data/downloadable-tables-antimicrobial-consumption-annual-epidemiological-report-2022
Hungary,HUN,2013,community,J01D_other_beta_lactams,1.8130000000000002,,,,0.3723764387271498,https://www.ecdc.europa.eu/en/publications-data/downloadable-tables-antimicrobial-consumption-annual-epidemiological-report-2022
Hungary,HUN,2013,community,J01M_quinolones,2.112,,,,0.3723764387271498,https://www.ecdc.europa.eu/en/publications-data/downloadable-tables-antimicrobial-consumption-annual-epidemiological-report-2022
Hungary,HUN,2013,hospital,J01C_penicillins,0.30630000000000007,,,,0.3723764387271498,https://www.ecdc.europa.eu/en/publications-data/downloadable-tables-antimicrobial-consumption-annual-epidemiological-report-2022
Hungary,HUN,2013,hospital,J01DH_carbapenems,0.0319,,,,0.3723764387271498,https://www.ecdc.europa.eu/en/publications-data/downloadable-tables-antimicrobial-consumption-annual-epidemiological-report-2022
Hungary,HUN,2013,hospital,J01D_other_beta_lactams,0.30360000000000004,,,,0.3723764387271498,https://www.ecdc.europa.eu/en/publications-data/downloadable-tables-antimicrobial-consumption-annual-epidemiological-report-2022
Hungary,HUN,2013,hospital,J01M_quinolones,0.20750000000000002,,,,0.3723764387271498,https://www.ecdc.europa.eu/en/publications-data/downloadable-tables-antimicrobial-consumption-annual-epidemiological-report-2022
Hungary,HUN,2014,community,J01C_penicillins,4.6324000000000005,,,,0.4206439087526292,https://www.ecdc.europa.eu/en/publications-data/downloadable-tables-antimicrobial-consumption-annual-epidemiological-report-2022
Hungary,HUN,2014,community,J01D_other_beta_lactams,1.8749,,,,0.4206439087526292,https://www.ecdc.europa.eu/en/publications-data/downloadable-tables-antimicrobial-consumption-annual-epidemiological-report-2022
Hungary,HUN,2014,community,J01M_quinolones,2.4289,,,,0.4206439087526292,https://www.ecdc.europa.eu/en/publications-data/downloadable-tables-antimicrobial-consumption-annual-epidemiological-report-2022
Hungary,HUN,2014,hospital,J01C_penicillins,0.3173,,,,0.4206439087526292,https://www.ecdc.europa.eu/en/publications-data/downloadable-tables-antimicrobial-consumption-annual-epidemiological-report-2022
Hungary,HUN,2014,hospital,J01DH_carbapenems,0.0358,,,,0.4206439087526292,https://www.ecdc.europa.eu/en/publications-data/downloadable-tables-antimicrobial-consumption-annual-epidemiological-report-2022
Hungary,HUN,2014,hospital,J01D_other_beta_lactams,0.3146,,,,0.4206439087526292,https://www.ecdc.europa.eu/en/publications-data/downloadable-tables-antimicrobial-consumption-annual-epidemiological-report-2022
Hungary,HUN,2014,hospital,J01M_quinolones,0.2076,,,,0.4206439087526292,https://www.ecdc.europa.eu/en/publications-data/downloadable-tables-antimicrobial-consumption-annual-epidemiological-report-2022
Hungary,HUN,2015,community,J01C_penicillins,4.7801,,,,0.5198448716890833,https://www.ecdc.europa.eu/en/publications-data/downloadable-tables-antimicrobial-consumption-annual-epidemiological-report-2022
Hungary,HUN,2015,community,J01D_other_beta_lactams,1.9764999999999997,,,,0.5198448716890833,https://www.ecdc.europa.eu/en/publications-data/downloadable-tables-antimicrobial-consumption-annual-epidemiological-report-2022
Hungary,HUN,2015,community,J01M_quinolones,2.7084000000000006,,,,0.5198448716890833,https://www.ecdc.europa.eu/en/publications-data/downloadable-tables-antimicrobial-consumption-annual-epidemiological-report-2022
Hungary,HUN,2015,hospital,J01C_penicillins,0.28099999999999997,,,,0.5198448716890833,https://www.ecdc.europa.eu/en/publications-data/downloadable-tables-antimicrobial-consumption-annual-epidemiological-report-2022
Hungary,HUN,2015,hospital,J01DH_carbapenems,0.039099999999999996,,,,0.5198448716890833,https://www.ecdc.europa.eu/en/publications-data/downloadable-tables-antimicrobial-consumption-annual-epidemiological-report-2022
Hungary,HUN,2015,hospital,J01D_other_beta_lactams,0.32989999999999997,,,,0.5198448716890833,https://www.ecdc.europa.eu/en/publications-data/downloadable-tables-antimicrobial-consumption-annual-epidemiological-report-2022
Hungary,HUN,2015,hospital,J01M_quinolones,0.2115,,,,0.5198448716890833,https://www.ecdc.europa.eu/en/publications-data/downloadable-tables-antimicrobial-consumption-annual-epidemiological-report-2022
Hungary,HUN,2016,community,J01C_penicillins,4.389400000000001,,,,0.6695853721349472,https://www.ecdc.europa.eu/en/publications-data/downloadable-tables-antimicrobial-consumption-annual-epidemiological-report-2022
Hungary,HUN,2016,community,J01D_other_beta_lactams,2.0597,,,,0.6695853721349472,https://www.ecdc.europa.eu/en/publications-data/downloadable-tables-antimicrobial-consumption-annual-epidemiological-report-2022
Hungary,HUN,2016,community,J01M_quinolones,2.3790999999999998,,,,0.6695853721349472,https://www.ecdc.europa.eu/en/publications-data/downloadable-tables-antimicrobial-consumption-annual-epidemiological-report-2022
Hungary,HUN,2016,hospital,J01C_penicillins,0.2855,,,,0.6695853721349472,https://www.ecdc.europa.eu/en/publications-data/downloadable-tables-antimicrobial-consumption-annual-epidemiological-report-2022
Hungary,HUN,2016,hospital,J01DH_carbapenems,0.0409,,,,0.6695853721349472,https://www.ecdc.europa.eu/en/publications-data/downloadable-tables-antimicrobial-consumption-annual-epidemiological-report-2022
Hungary,HUN,2016,hospital,J01D_other_beta_lactams,0.32430000000000003,,,,0.6695853721349472,https://www.ecdc.europa.eu/en/publications-data/downloadable-tables-antimicrobial-consumption-annual-epidemiological-report-2022
Hungary,HUN,2016,hospital,J01M_quinolones,0.205,,,,0.6695853721349472,https://www.ecdc.europa.eu/en/publications-data/downloadable-tables-antimicrobial-consumption-annual-epidemiological-report-2022
Hungary,HUN,2017,community,J01C_penicillins,4.5067,,,,0.7595557007513883,https://www.ecdc.europa.eu/en/publications-data/downloadable-tables-antimicrobial-consumption-annual-epidemiological-report-2022
Hungary,HUN,2017,community,J01D_other_beta_lactams,2.1048,,,,0.7595557007513883,https://www.ecdc.europa.eu/en/publications-data/downloadable-tables-antimicrobial-consumption-annual-epidemiological-report-2022
Hungary,HUN,2017,community,J01M_quinolones,2.4027000000000003,,,,0.7595557007513883,https://www.ecdc.europa.eu/en/publications-data/downloadable-tables-antimicrobial-consumption-annual-epidemiological-report-2022
Hungary,HUN,2017,hospital,J01C_penicillins,0.28889999999999993,,,,0.7595557007513883,https://www.ecdc.europa.eu/en/publications-data/downloadable-tables-antimicrobial-consumption-annual-epidemiological-report-2022
Hungary,HUN,2017,hospital,J01DH_carbapenems,0.0448,,,,0.7595557007513883,https://www.ecdc.europa.eu/en/publications-data/downloadable-tables-antimicrobial-consumption-annual-epidemiological-report-2022
Hungary,HUN,2017,hospital,J01D_other_beta_lactams,0.35219999999999996,,,,0.7595557007513883,https://www.ecdc.europa.eu/en/publications-data/downloadable-tables-antimicrobial-consumption-annual-epidemiological-report-2022
Hungary,HUN,2017,hospital,J01M_quinolones,0.20550000000000002,,,,0.7595557007513883,https://www.ecdc.europa.eu/en/publications-data/downloadable-tables-antimicrobial-consumption-annual-epidemiological-report-2022
Hungary,HUN,2018,community,J01C_penicillins,4.626099999999999,,,,0.8173037232725172,https://www.ecdc.europa.eu/en/publications-data/downloadable-tables-antimicrobial-consumption-annual-epidemiological-report-2022
Hungary,HUN,2018,community,J01D_other_beta_lactams,2.1297,,,,0.8173037232725172,https://www.ecdc.europa.eu/en/publications-data/downloadable-tables-antimicrobial-consumption-annual-epidemiological-report-2022
Hungary,HUN,2018,community,J01M_quinolones,2.3084,,,,0.8173037232725172,https://www.ecdc.europa.eu/en/publications-data/downloadable-tables-antimicrobial-consumption-annual-epidemiological-report-2022
Hungary,HUN,2018,hospital,J01C_penicillins,0.2741,,,,0.8173037232725172,https://www.ecdc.europa.eu/en/publications-data/downloadable-tables-antimicrobial-consumption-annual-epidemiological-report-2022
Hungary,HUN,2018,hospital,J01DH_carbapenems,0.0493,,,,0.8173037232725172,https://www.ecdc.europa.eu/en/publications-data/downloadable-tables-antimicrobial-consumption-annual-epidemiological-report-2022
Hungary,HUN,2018,hospital,J01D_other_beta_lactams,0.36749999999999994,,,,0.8173037232725172,https://www.ecdc.europa.eu/en/publications-data/downloadable-tables-antimicrobial-consumption-annual-epidemiological-report-2022
Hungary,HUN,2018,hospital,J01M_quinolones,0.1906,,,,0.8173037232725172,https://www.ecdc.europa.eu/en/publications-data/downloadable-tables-antimicrobial-consumption-annual-epidemiological-report-2022
Hungary,HUN,2019,community,J01C_penicillins,4.6149,,,,0.8656620711766592,https://www.ecdc.europa.eu/en/publications-data/downloadable-tables-antimicrobial-consumption-annual-epidemiological-report-2022
Hungary,HUN,2019,community,J01D_other_beta_lactams,2.0585,,,,0.8656620711766592,https://www.ecdc.europa.eu/en/publications-data/downloadable-tables-antimicrobial-consumption-annual-epidemiological-report-2022
Hungary,HUN,2019,community,J01M_quinolones,1.9255000000000002,,,,0.8656620711766592,https://www.ecdc.europa.eu/en/publications-data/downloadable-tables-antimicrobial-consumption-annual-epidemiological-report-2022
Hungary,HUN,2019,hospital,J01C_penicillins,0.2709,,,,0.8656620711766592,https://www.ecdc.europa.eu/en/publications-data/downloadable-tables-antimicrobial-consumption-annual-epidemiological-report-2022
Hungary,HUN,2019,hospital,J01DH_carbapenems,0.050699999999999995,,,,0.8656620711766592,https://www.ecdc.europa.eu/en/publications-data/downloadable-tables-antimicrobial-consumption-annual-epidemiological-report-2022
Hungary,HUN,2019,hospital,J01D_other_beta_lactams,0.38469999999999993,,,,0.8656620711766592,https://www.ecdc.europa.eu/en/publications-data/downloadable-tables-antimicrobial-consumption-annual-epidemiological-report-2022
Hungary,HUN,2019,hospital,J01M_quinolones,0.1446,,,,0.8656620711766592,https://www.ecdc.europa.eu/en/publications-data/downloadable-tables-antimicrobial-consumption-annual-epidemiological-report-2022
Hungary,HUN,2020,community,J01C_penicillins,3.1591,,,,0.9356725146198831,https://www.ecdc.europa.eu/en/publications-data/downloadable-tables-antimicrobial-consumption-annual-epidemiological-report-2022
Hungary,HUN,2020,community,J01D_other_beta_lactams,1.3774,,,,0.9356725146198831,https://www.ecdc.europa.eu/en/publications-data/downloadable-tables-antimicrobial-consumption-annual-epidemiological-report-2022
Hungary,HUN,2020,community,J01M_quinolones,1.4084,,,,0.9356725146198831,https://www.ecdc.europa.eu/en/publications-data/downloadable-tables-antimicrobial-consumption-annual-epidemiological-report-2022
Hungary,HUN,2020,hospital,J01C_penicillins,0.23260000000000003,,,,0.9356725146198831,https://www.ecdc.europa.eu/en/publications-data/downloadable-tables-antimicrobial-consumption-annual-epidemiological-report-2022
Hungary,HUN,2020,hospital,J01DH_carbapenems,0.0652,,,,0.9356725146198831,https://www.ecdc.europa.eu/en/publications-data/downloadable-tables-antimicrobial-consumption-annual-epidemiological-report-2022
Hungary,HUN,2020,hospital,J01D_other_beta_lactams,0.42569999999999997,,,,0.9356725146198831,https://www.ecdc.europa.eu/en/publications-data/downloadable-tables-antimicrobial-consumption-annual-epidemiological-report-2022
Hungary,HUN,2020,hospital,J01M_quinolones,0.1385,,,,0.9356725146198831,https://www.ecdc.europa.eu/en/publications-data/downloadable-tables-antimicrobial-consumption-annual-epidemiological-report-2022
Hungary,HUN,2021,community,J01C_penicillins,3.2842,,,,1.3425071320691393,https://www.ecdc.europa.eu/en/publications-data/downloadable-tables-antimicrobial-consumption-annual-epidemiological-report-2022
Hungary,HUN,2021,community,J01D_other_beta_lactams,1.3061000000000003,,,,1.3425071320691393,https://www.ecdc.europa.eu/en/publications-data/downloadable-tables-antimicrobial-consumption-annual-epidemiological-report-2022
Hungary,HUN,2021,community,J01M_quinolones,1.4197,,,,1.3425071320691393,https://www.ecdc.europa.eu/en/publications-data/downloadable-tables-antimicrobial-consumption-annual-epidemiological-report-2022
Hungary,HUN,2021,hospital,J01C_penicillins,0.2232,,,,1.3425071320691393,https://www.ecdc.europa.eu/en/publications-data/downloadable-tables-antimicrobial-consumption-annual-epidemiological-report-2022
Hungary,HUN,2021,hospital,J01DH_carbapenems,0.06770000000000001,,,,1.3425071320691393,https://www.ecdc.europa.eu/en/publications-data/downloadable-tables-antimicrobial-consumption-annual-epidemiological-report-2022
Hungary,HUN,2021,hospital,J01D_other_beta_lactams,0.40840000000000004,,,,1.3425071320691393,https://www.ecdc.europa.eu/en/publications-data/downloadable-tables-antimicrobial-consumption-annual-epidemiological-report-2022
Hungary,HUN,2021,hospital,J01M_quinolones,0.1167,,,,1.3425071320691393,https://www.ecdc.europa.eu/en/publications-data/downloadable-tables-antimicrobial-consumption-annual-epidemiological-report-2022
Hungary,HUN,2022,community,J01C_penicillins,4.4174,,,,1.610291471752429,https://www.ecdc.europa.eu/en/publications-data/downloadable-tables-antimicrobial-consumption-annual-epidemiological-report-2022
Hungary,HUN,2022,community,J01D_other_beta_lactams,1.5578999999999998,,,,1.610291471752429,https://www.ecdc.europa.eu/en/publications-data/downloadable-tables-antimicrobial-consumption-annual-epidemiological-report-2022
Hungary,HUN,2022,community,J01M_quinolones,1.6631,,,,1.610291471752429,https://www.ecdc.europa.eu/en/publications-data/downloadable-tables-antimicrobial-consumption-annual-epidemiological-report-2022
Hungary,HUN,2022,hospital,J01C_penicillins,0.22679999999999997,,,,1.610291471752429,https://www.ecdc.europa.eu/en/publications-data/downloadable-tables-antimicrobial-consumption-annual-epidemiological-report-2022
Hungary,HUN,2022,hospital,J01DH_carbapenems,0.0584,,,,1.610291471752429,https://www.ecdc.europa.eu/en/publications-data/downloadable-tables-antimicrobial-consumption-annual-epidemiological-report-2022
Hungary,HUN,2022,hospital,J01D_other_beta_lactams,0.35719999999999996,,,,1.610291471752429,https://www.ecdc.europa.eu/en/publications-data/downloadable-tables-antimicrobial-consumption-annual-epidemiological-report-2022
Hungary,HUN,2022,hospital,J01M_quinolones,0.11019999999999999,,,,1.610291471752429,https://www.ecdc.europa.eu/en/publications-data/downloadable-tables-antimicrobial-consumption-annual-epidemiological-report-2022
Ireland,IRL,2013,community,J01C_penicillins,9.4623,,,,3.319682303301067,https://www.ecdc.europa.eu/en/publications-data/downloadable-tables-antimicrobial-consumption-annual-epidemiological-report-2022
Ireland,IRL,2013,community,J01D_other_beta_lactams,1.3579999999999997,,,,3.319682303301067,https://www.ecdc.europa.eu/en/publications-data/downloadable-tables-antimicrobial-consumption-annual-epidemiological-report-2022
Ireland,IRL,2013,community,J01M_quinolones,0.8702,,,,3.319682303301067,https://www.ecdc.europa.eu/en/publications-data/downloadable-tables-antimicrobial-consumption-annual-epidemiological-report-2022
Ireland,IRL,2013,hospital,J01C_penicillins,0.6876,,,,3.319682303301067,https://www.ecdc.europa.eu/en/publications-data/downloadable-tables-antimicrobial-consumption-annual-epidemiological-report-2022
Ireland,IRL,2013,hospital,J01DH_carbapenems,0.0583,,,,3.319682303301067,https://www.ecdc.europa.eu/en/publications-data/downloadable-tables-antimicrobial-consumption-annual-epidemiological-report-2022
Ireland,IRL,2013,hospital,J01D_other_beta_lactams,0.1585,,,,3.319682303301067,https://www.ecdc.europa.eu/en/publications-data/downloadable-tables-antimicrobial-consumption-annual-epidemiological-report-2022
Ireland,IRL,2013,hospital,J01M_quinolones,0.1094,,,,3.319682303301067,https://www.ecdc.europa.eu/en/publications-data/downloadable-tables-antimicrobial-consumption-annual-epidemiological-report-2022
Ireland,IRL,2014,community,J01C_penicillins,9.666800000000002,,,,4.079861111111112,https://www.ecdc.europa.eu/en/publications-data/downloadable-tables-antimicrobial-consumption-annual-epidemiological-report-2022
Ireland,IRL,2014,community,J01D_other_beta_lactams,1.1034000000000002,,,,4.079861111111112,https://www.ecdc.europa.eu/en/publications-data/downloadable-tables-antimicrobial-consumption-annual-epidemiological-report-2022
Ireland,IRL,2014,community,J01M_quinolones,0.8403999999999999,,,,4.079861111111112,https://www.ecdc.europa.eu/en/publications-data/downloadable-tables-antimicrobial-consumption-annual-epidemiological-report-2022
Ireland,IRL,2014,hospital,J01C_penicillins,0.5822,,,,4.079861111111112,https://www.ecdc.europa.eu/en/publications-data/downloadable-tables-antimicrobial-consumption-annual-epidemiological-report-2022
Ireland,IRL,2014,hospital,J01DH_carbapenems,0.0721,,,,4.079861111111112,https://www.ecdc.europa.eu/en/publications-data/downloadable-tables-antimicrobial-consumption-annual-epidemiological-report-2022
Ireland,IRL,2014,hospital,J01D_other_beta_lactams,0.17049999999999998,,,,4.079861111111112,https://www.ecdc.europa.eu/en/publications-data/downloadable-tables-antimicrobial-consumption-annual-epidemiological-report-2022
Ireland,IRL,2014,hospital,J01M_quinolones,0.0989,,,,4.079861111111112,https://www.ecdc.europa.eu/en/publications-data/downloadable-tables-antimicrobial-consumption-annual-epidemiological-report-2022
Ireland,IRL,2015,community,J01C_penicillins,11.3432,,,,2.5728295356215747,https://www.ecdc.europa.eu/en/publications-data/downloadable-tables-antimicrobial-consumption-annual-epidemiological-report-2022
Ireland,IRL,2015,community,J01D_other_beta_lactams,1.1631999999999998,,,,2.5728295356215747,https://www.ecdc.europa.eu/en/publications-data/downloadable-tables-antimicrobial-consumption-annual-epidemiological-report-2022
Ireland,IRL,2015,community,J01M_quinolones,0.9183,,,,2.5728295356215747,https://www.ecdc.europa.eu/en/publications-data/downloadable-tables-antimicrobial-consumption-annual-epidemiological-report-2022
Ireland,IRL,2015,hospital,J01C_penicillins,0.7958000000000001,,,,2.5728295356215747,https://www.ecdc.europa.eu/en/publications-data/downloadable-tables-antimicrobial-consumption-annual-epidemiological-report-2022
Ireland,IRL,2015,hospital,J01DH_carbapenems,0.0601,,,,2.5728295356215747,https://www.ecdc.europa.eu/en/publications-data/downloadable-tables-antimicrobial-consumption-annual-epidemiological-report-2022
Ireland,IRL,2015,hospital,J01D_other_beta_lactams,0.1764,,,,2.5728295356215747,https://www.ecdc.europa.eu/en/publications-data/downloadable-tables-antimicrobial-consumption-annual-epidemiological-report-2022
Ireland,IRL,2015,hospital,J01M_quinolones,0.1136,,,,2.5728295356215747,https://www.ecdc.europa.eu/en/publications-data/downloadable-tables-antimicrobial-consumption-annual-epidemiological-report-2022
Ireland,IRL,2016,community,J01C_penicillins,10.2503,,,,2.4471370871941076,https://www.ecdc.europa.eu/en/publications-data/downloadable-tables-antimicrobial-consumption-annual-epidemiological-report-2022
Ireland,IRL,2016,community,J01D_other_beta_lactams,1.1668999999999998,,,,2.4471370871941076,https://www.ecdc.europa.eu/en/publications-data/downloadable-tables-antimicrobial-consumption-annual-epidemiological-report-2022
Ireland,IRL,2016,community,J01M_quinolones,0.8733,,,,2.4471370871941076,https://www.ecdc.europa.eu/en/publications-data/downloadable-tables-antimicrobial-consumption-annual-epidemiological-report-2022
Ireland,IRL,2016,hospital,J01C_penicillins,0.7841,,,,2.4471370871941076,https://www.ecdc.europa.eu/en/publications-data/downloadable-tables-antimicrobial-consumption-annual-epidemiological-report-2022
Ireland,IRL,2016,hospital,J01DH_carbapenems,0.0541,,,,2.4471370871941076,https://www.ecdc.europa.eu/en/publications-data/downloadable-tables-antimicrobial-consumption-annual-epidemiological-report-2022
Ireland,IRL,2016,hospital,J01D_other_beta_lactams,0.1727,,,,2.4471370871941076,https://www.ecdc.europa.eu/en/publications-data/downloadable-tables-antimicrobial-consumption-annual-epidemiological-report-2022
Ireland,IRL,2016,hospital,J01M_quinolones,0.10199999999999998,,,,2.4471370871941076,https://www.ecdc.europa.eu/en/publications-data/downloadable-tables-antimicrobial-consumption-annual-epidemiological-report-2022
Ireland,IRL,2017,community,J01C_penicillins,9.538599999999999,,,,2.4573504957812418,https://www.ecdc.europa.eu/en/publications-data/downloadable-tables-antimicrobial-consumption-annual-epidemiological-report-2022
Ireland,IRL,2017,community,J01D_other_beta_lactams,1.0813000000000001,,,,2.4573504957812418,https://www.ecdc.europa.eu/en/publications-data/downloadable-tables-antimicrobial-consumption-annual-epidemiological-report-2022
Ireland,IRL,2017,community,J01M_quinolones,0.8060999999999999,,,,2.4573504957812418,https://www.ecdc.europa.eu/en/publications-data/downloadable-tables-antimicrobial-consumption-annual-epidemiological-report-2022
Ireland,IRL,2017,hospital,J01C_penicillins,0.7646,,,,2.4573504957812418,https://www.ecdc.europa.eu/en/publications-data/downloadable-tables-antimicrobial-consumption-annual-epidemiological-report-2022
Ireland,IRL,2017,hospital,J01DH_carbapenems,0.0463,,,,2.4573504957812418,https://www.ecdc.europa.eu/en/publications-data/downloadable-tables-antimicrobial-consumption-annual-epidemiological-report-2022
Ireland,IRL,2017,hospital,J01D_other_beta_lactams,0.18609999999999996,,,,2.4573504957812418,https://www.ecdc.europa.eu/en/publications-data/downloadable-tables-antimicrobial-consumption-annual-epidemiological-report-2022
Ireland,IRL,2017,hospital,J01M_quinolones,0.098,,,,2.4573504957812418,https://www.ecdc.europa.eu/en/publications-data/downloadable-tables-antimicrobial-consumption-annual-epidemiological-report-2022
Ireland,IRL,2018,community,J01C_penicillins,9.7118,,,,2.831232028312321,https://www.ecdc.europa.eu/en/publications-data/downloadable-tables-antimicrobial-consumption-annual-epidemiological-report-2022
Ireland,IRL,2018,community,J01D_other_beta_lactams,1.1380000000000001,,,,2.831232028312321,https://www.ecdc.europa.eu/en/publications-data/downloadable-tables-antimicrobial-consumption-annual-epidemiological-report-2022
Ireland,IRL,2018,community,J01M_quinolones,0.7613,,,,2.831232028312321,https://www.ecdc.europa.eu/en/publications-data/downloadable-tables-antimicrobial-consumption-annual-epidemiological-report-2022
Ireland,IRL,2018,hospital,J01C_penicillins,0.8480000000000001,,,,2.831232028312321,https://www.ecdc.europa.eu/en/publications-data/downloadable-tables-antimicrobial-consumption-annual-epidemiological-report-2022
Ireland,IRL,2018,hospital,J01DH_carbapenems,0.0429,,,,2.831232028312321,https://www.ecdc.europa.eu/en/publications-data/downloadable-tables-antimicrobial-consumption-annual-epidemiological-report-2022
Ireland,IRL,2018,hospital,J01D_other_beta_lactams,0.19970000000000002,,,,2.831232028312321,https://www.ecdc.europa.eu/en/publications-data/downloadable-tables-antimicrobial-consumption-annual-epidemiological-report-2022
Ireland,IRL,2018,hospital,J01M_quinolones,0.10200000000000001,,,,2.831232028312321,https://www.ecdc.europa.eu/en/publications-data/downloadable-tables-antimicrobial-consumption-annual-epidemiological-report-2022
Ireland,IRL,2019,community,J01C_penicillins,10.0391,,,,2.973936288705725,https://www.ecdc.europa.eu/en/publications-data/downloadable-tables-antimicrobial-consumption-annual-epidemiological-report-2022
Ireland,IRL,2019,community,J01D_other_beta_lactams,1.1663000000000001,,,,2.973936288705725,https://www.ecdc.europa.eu/en/publications-data/downloadable-tables-antimicrobial-consumption-annual-epidemiological-report-2022
Ireland,IRL,2019,community,J01M_quinolones,0.551,,,,2.973936288705725,https://www.ecdc.europa.eu/en/publications-data/downloadable-tables-antimicrobial-consumption-annual-epidemiological-report-2022
Ireland,IRL,2019,hospital,J01C_penicillins,0.8713000000000002,,,,2.973936288705725,https://www.ecdc.europa.eu/en/publications-data/downloadable-tables-antimicrobial-consumption-annual-epidemiological-report-2022
Ireland,IRL,2019,hospital,J01DH_carbapenems,0.045799999999999993,,,,2.973936288705725,https://www.ecdc.europa.eu/en/publications-data/downloadable-tables-antimicrobial-consumption-annual-epidemiological-report-2022
Ireland,IRL,2019,hospital,J01D_other_beta_lactams,0.2103,,,,2.973936288705725,https://www.ecdc.europa.eu/en/publications-data/downloadable-tables-antimicrobial-consumption-annual-epidemiological-report-2022
Ireland,IRL,2019,hospital,J01M_quinolones,0.075,,,,2.973936288705725,https://www.ecdc.europa.eu/en/publications-data/downloadable-tables-antimicrobial-consumption-annual-epidemiological-report-2022
Ireland,IRL,2020,community,J01C_penicillins,7.352399999999999,,,,3.747308934337998,https://www.ecdc.europa.eu/en/publications-data/downloadable-tables-antimicrobial-consumption-annual-epidemiological-report-2022
Ireland,IRL,2020,community,J01D_other_beta_lactams,0.9692999999999999,,,,3.747308934337998,https://www.ecdc.europa.eu/en/publications-data/downloadable-tables-antimicrobial-consumption-annual-epidemiological-report-2022
Ireland,IRL,2020,community,J01M_quinolones,0.4222,,,,3.747308934337998,https://www.ecdc.europa.eu/en/publications-data/downloadable-tables-antimicrobial-consumption-annual-epidemiological-report-2022
Ireland,IRL,2020,hospital,J01C_penicillins,0.6839,,,,3.747308934337998,https://www.ecdc.europa.eu/en/publications-data/downloadable-tables-antimicrobial-consumption-annual-epidemiological-report-2022
Ireland,IRL,2020,hospital,J01DH_carbapenems,0.0428,,,,3.747308934337998,https://www.ecdc.europa.eu/en/publications-data/downloadable-tables-antimicrobial-consumption-annual-epidemiological-report-2022
Ireland,IRL,2020,hospital,J01D_other_beta_lactams,0.1934,,,,3.747308934337998,https://www.ecdc.europa.eu/en/publications-data/downloadable-tables-antimicrobial-consumption-annual-epidemiological-report-2022
Ireland,IRL,2020,hospital,J01M_quinolones,0.0555,,,,3.747308934337998,https://www.ecdc.europa.eu/en/publications-data/downloadable-tables-antimicrobial-consumption-annual-epidemiological-report-2022
Ireland,IRL,2021,community,J01C_penicillins,7.215399999999999,,,,3.532301971980613,https://www.ecdc.europa.eu/en/publications-data/downloadable-tables-antimicrobial-consumption-annual-epidemiological-report-2022
Ireland,IRL,2021,community,J01D_other_beta_lactams,0.9531,,,,3.532301971980613,https://www.ecdc.europa.eu/en/publications-data/downloadable-tables-antimicrobial-consumption-annual-epidemiological-report-2022
Ireland,IRL,2021,community,J01M_quinolones,0.3753,,,,3.532301971980613,https://www.ecdc.europa.eu/en/publications-data/downloadable-tables-antimicrobial-consumption-annual-epidemiological-report-2022
Ireland,IRL,2021,hospital,J01C_penicillins,0.7209,,,,3.532301971980613,https://www.ecdc.europa.eu/en/publications-data/downloadable-tables-antimicrobial-consumption-annual-epidemiological-report-2022
Ireland,IRL,2021,hospital,J01DH_carbapenems,0.0475,,,,3.532301971980613,https://www.ecdc.europa.eu/en/publications-data/downloadable-tables-antimicrobial-consumption-annual-epidemiological-report-2022
Ireland,IRL,2021,hospital,J01D_other_beta_lactams,0.2057,,,,3.532301971980613,https://www.ecdc.europa.eu/en/publications-data/downloadable-tables-antimicrobial-consumption-annual-epidemiological-report-2022
Ireland,IRL,2021,hospital,J01M_quinolones,0.051000000000000004,,,,3.532301971980613,https://www.ecdc.europa.eu/en/publications-data/downloadable-tables-antimicrobial-consumption-annual-epidemiological-report-2022
Ireland,IRL,2022,community,J01C_penicillins,10.365200000000002,,,,3.3717105263157903,https://www.ecdc.europa.eu/en/publications-data/downloadable-tables-antimicrobial-consumption-annual-epidemiological-report-2022
Ireland,IRL,2022,community,J01D_other_beta_lactams,1.3228,,,,3.3717105263157903,https://www.ecdc.europa.eu/en/publications-data/downloadable-tables-antimicrobial-consumption-annual-epidemiological-report-2022
Ireland,IRL,2022,community,J01M_quinolones,0.3944,,,,3.3717105263157903,https://www.ecdc.europa.eu/en/publications-data/downloadable-tables-antimicrobial-consumption-annual-epidemiological-report-2022
Ireland,IRL,2022,hospital,J01C_penicillins,0.8146,,,,3.3717105263157903,https://www.ecdc.europa.eu/en/publications-data/downloadable-tables-antimicrobial-consumption-annual-epidemiological-report-2022
Ireland,IRL,2022,hospital,J01DH_carbapenems,0.049,,,,3.3717105263157903,https://www.ecdc.europa.eu/en/publications-data/downloadable-tables-antimicrobial-consumption-annual-epidemiological-report-2022
Ireland,IRL,2022,hospital,J01D_other_beta_lactams,0.226,,,,3.3717105263157903,https://www.ecdc.europa.eu/en/publications-data/downloadable-tables-antimicrobial-consumption-annual-epidemiological-report-2022
Ireland,IRL,2022,hospital,J01M_quinolones,0.05360000000000001,,,,3.3717105263157903,https://www.ecdc.europa.eu/en/publications-data/downloadable-tables-antimicrobial-consumption-annual-epidemiological-report-2022
Iceland,ISL,2014,community,J01C_penicillins,8.2648,,,,,https://www.ecdc.europa.eu/en/publications-data/downloadable-tables-antimicrobial-consumption-annual-epidemiological-report-2022
Iceland,ISL,2014,community,J01D_other_beta_lactams,0.47409999999999997,,,,,https://www.ecdc.europa.eu/en/publications-data/downloadable-tables-antimicrobial-consumption-annual-epidemiological-report-2022
Iceland,ISL,2014,community,J01M_quinolones,0.8841,,,,,https://www.ecdc.europa.eu/en/publications-data/downloadable-tables-antimicrobial-consumption-annual-epidemiological-report-2022
Iceland,ISL,2015,community,J01C_penicillins,8.2663,,,,,https://www.ecdc.europa.eu/en/publications-data/downloadable-tables-antimicrobial-consumption-annual-epidemiological-report-2022
Iceland,ISL,2015,community,J01D_other_beta_lactams,0.45930000000000004,,,,,https://www.ecdc.europa.eu/en/publications-data/downloadable-tables-antimicrobial-consumption-annual-epidemiological-report-2022
Iceland,ISL,2015,community,J01M_quinolones,0.923,,,,,https://www.ecdc.europa.eu/en/publications-data/downloadable-tables-antimicrobial-consumption-annual-epidemiological-report-2022
Iceland,ISL,2016,community,J01C_penicillins,8.8652,,,,,https://www.ecdc.europa.eu/en/publications-data/downloadable-tables-antimicrobial-consumption-annual-epidemiological-report-2022
Iceland,ISL,2016,community,J01D_other_beta_lactams,0.5151,,,,,https://www.ecdc.europa.eu/en/publications-data/downloadable-tables-antimicrobial-consumption-annual-epidemiological-report-2022
Iceland,ISL,2016,community,J01M_quinolones,0.9219,,,,,https://www.ecdc.europa.eu/en/publications-data/downloadable-tables-antimicrobial-consumption-annual-epidemiological-report-2022
Iceland,ISL,2017,community,J01C_penicillins,9.1266,,,,0.930561281583132,https://www.ecdc.europa.eu/en/publications-data/downloadable-tables-antimicrobial-consumption-annual-epidemiological-report-2022
Iceland,ISL,2017,community,J01D_other_beta_lactams,0.6183000000000001,,,,0.930561281583132,https://www.ecdc.europa.eu/en/publications-data/downloadable-tables-antimicrobial-consumption-annual-epidemiological-report-2022
Iceland,ISL,2017,community,J01M_quinolones,0.8231999999999999,,,,0.930561281583132,https://www.ecdc.europa.eu/en/publications-data/downloadable-tables-antimicrobial-consumption-annual-epidemiological-report-2022
Iceland,ISL,2017,hospital,J01C_penicillins,0.6461,,,,0.930561281583132,https://www.ecdc.europa.eu/en/publications-data/downloadable-tables-antimicrobial-consumption-annual-epidemiological-report-2022
Iceland,ISL,2017,hospital,J01DH_carbapenems,0.0138,,,,0.930561281583132,https://www.ecdc.europa.eu/en/publications-data/downloadable-tables-antimicrobial-consumption-annual-epidemiological-report-2022
Iceland,ISL,2017,hospital,J01D_other_beta_lactams,0.2723,,,,0.930561281583132,https://www.ecdc.europa.eu/en/publications-data/downloadable-tables-antimicrobial-consumption-annual-epidemiological-report-2022
Iceland,ISL,2017,hospital,J01M_quinolones,0.089,,,,0.930561281583132,https://www.ecdc.europa.eu/en/publications-data/downloadable-tables-antimicrobial-consumption-annual-epidemiological-report-2022
Iceland,ISL,2018,community,J01C_penicillins,9.1118,,,,0.6775327580696708,https://www.ecdc.europa.eu/en/publications-data/downloadable-tables-antimicrobial-consumption-annual-epidemiological-report-2022
Iceland,ISL,2018,community,J01D_other_beta_lactams,0.5781999999999999,,,,0.6775327580696708,https://www.ecdc.europa.eu/en/publications-data/downloadable-tables-antimicrobial-consumption-annual-epidemiological-report-2022
Iceland,ISL,2018,community,J01M_quinolones,0.8273999999999999,,,,0.6775327580696708,https://www.ecdc.europa.eu/en/publications-data/downloadable-tables-antimicrobial-consumption-annual-epidemiological-report-2022
Iceland,ISL,2018,hospital,J01C_penicillins,0.6341999999999999,,,,0.6775327580696708,https://www.ecdc.europa.eu/en/publications-data/downloadable-tables-antimicrobial-consumption-annual-epidemiological-report-2022
Iceland,ISL,2018,hospital,J01DH_carbapenems,0.0339,,,,0.6775327580696708,https://www.ecdc.europa.eu/en/publications-data/downloadable-tables-antimicrobial-consumption-annual-epidemiological-report-2022
Iceland,ISL,2018,hospital,J01D_other_beta_lactams,0.28350000000000003,,,,0.6775327580696708,https://www.ecdc.europa.eu/en/publications-data/downloadable-tables-antimicrobial-consumption-annual-epidemiological-report-2022
Iceland,ISL,2018,hospital,J01M_quinolones,0.0789,,,,0.6775327580696708,https://www.ecdc.europa.eu/en/publications-data/downloadable-tables-antimicrobial-consumption-annual-epidemiological-report-2022
Iceland,ISL,2019,community,J01C_penicillins,8.5452,,,,0.4547121378804546,https://www.ecdc.europa.eu/en/publications-data/downloadable-tables-antimicrobial-consumption-annual-epidemiological-report-2022
Iceland,ISL,2019,community,J01D_other_beta_lactams,0.5462,,,,0.4547121378804546,https://www.ecdc.europa.eu/en/publications-data/downloadable-tables-antimicrobial-consumption-annual-epidemiological-report-2022
Iceland,ISL,2019,community,J01M_quinolones,0.5688,,,,0.4547121378804546,https://www.ecdc.europa.eu/en/publications-data/downloadable-tables-antimicrobial-consumption-annual-epidemiological-report-2022
Iceland,ISL,2019,hospital,J01C_penicillins,0.5391999999999999,,,,0.4547121378804546,https://www.ecdc.europa.eu/en/publications-data/downloadable-tables-antimicrobial-consumption-annual-epidemiological-report-2022
Iceland,ISL,2019,hospital,J01DH_carbapenems,0.030600000000000002,,,,0.4547121378804546,https://www.ecdc.europa.eu/en/publications-data/downloadable-tables-antimicrobial-consumption-annual-epidemiological-report-2022
Iceland,ISL,2019,hospital,J01D_other_beta_lactams,0.25229999999999997,,,,0.4547121378804546,https://www.ecdc.europa.eu/en/publications-data/downloadable-tables-antimicrobial-consumption-annual-epidemiological-report-2022
Iceland,ISL,2019,hospital,J01M_quinolones,0.047,,,,0.4547121378804546,https://www.ecdc.europa.eu/en/publications-data/downloadable-tables-antimicrobial-consumption-annual-epidemiological-report-2022
Iceland,ISL,2020,community,J01C_penicillins,7.0215000000000005,,,,0.7103534008169062,https://www.ecdc.europa.eu/en/publications-data/downloadable-tables-antimicrobial-consumption-annual-epidemiological-report-2022
Iceland,ISL,2020,community,J01D_other_beta_lactams,0.4917,,,,0.7103534008169062,https://www.ecdc.europa.eu/en/publications-data/downloadable-tables-antimicrobial-consumption-annual-epidemiological-report-2022
Iceland,ISL,2020,community,J01M_quinolones,0.488,,,,0.7103534008169062,https://www.ecdc.europa.eu/en/publications-data/downloadable-tables-antimicrobial-consumption-annual-epidemiological-report-2022
Iceland,ISL,2020,hospital,J01C_penicillins,0.4101,,,,0.7103534008169062,https://www.ecdc.europa.eu/en/publications-data/downloadable-tables-antimicrobial-consumption-annual-epidemiological-report-2022
Iceland,ISL,2020,hospital,J01DH_carbapenems,0.0296,,,,0.7103534008169062,https://www.ecdc.europa.eu/en/publications-data/downloadable-tables-antimicrobial-consumption-annual-epidemiological-report-2022
Iceland,ISL,2020,hospital,J01D_other_beta_lactams,0.2621,,,,0.7103534008169062,https://www.ecdc.europa.eu/en/publications-data/downloadable-tables-antimicrobial-consumption-annual-epidemiological-report-2022
Iceland,ISL,2020,hospital,J01M_quinolones,0.0436,,,,0.7103534008169062,https://www.ecdc.europa.eu/en/publications-data/downloadable-tables-antimicrobial-consumption-annual-epidemiological-report-2022
Iceland,ISL,2021,community,J01C_penicillins,7.4969,,,,0.7449145258332538,https://www.ecdc.europa.eu/en/publications-data/downloadable-tables-antimicrobial-consumption-annual-epidemiological-report-2022
Iceland,ISL,2021,community,J01D_other_beta_lactams,0.5468999999999999,,,,0.7449145258332538,https://www.ecdc.europa.eu/en/publications-data/downloadable-tables-antimicrobial-consumption-annual-epidemiological-report-2022
Iceland,ISL,2021,community,J01M_quinolones,0.4506,,,,0.7449145258332538,https://www.ecdc.europa.eu/en/publications-data/downloadable-tables-antimicrobial-consumption-annual-epidemiological-report-2022
Iceland,ISL,2021,hospital,J01C_penicillins,0.4526,,,,0.7449145258332538,https://www.ecdc.europa.eu/en/publications-data/downloadable-tables-antimicrobial-consumption-annual-epidemiological-report-2022
Iceland,ISL,2021,hospital,J01DH_carbapenems,0.0379,,,,0.7449145258332538,https://www.ecdc.europa.eu/en/publications-data/downloadable-tables-antimicrobial-consumption-annual-epidemiological-report-2022
Iceland,ISL,2021,hospital,J01D_other_beta_lactams,0.2814,,,,0.7449145258332538,https://www.ecdc.europa.eu/en/publications-data/downloadable-tables-antimicrobial-consumption-annual-epidemiological-report-2022
Iceland,ISL,2021,hospital,J01M_quinolones,0.0453,,,,0.7449145258332538,https://www.ecdc.europa.eu/en/publications-data/downloadable-tables-antimicrobial-consumption-annual-epidemiological-report-2022
Iceland,ISL,2022,community,J01C_penicillins,8.726600000000001,,,,0.8125908818749465,https://www.ecdc.europa.eu/en/publications-data/downloadable-tables-antimicrobial-consumption-annual-epidemiological-report-2022
Iceland,ISL,2022,community,J01D_other_beta_lactams,0.6438,,,,0.8125908818749465,https://www.ecdc.europa.eu/en/publications-data/downloadable-tables-antimicrobial-consumption-annual-epidemiological-report-2022
Iceland,ISL,2022,community,J01M_quinolones,0.4455,,,,0.8125908818749465,https://www.ecdc.europa.eu/en/publications-data/downloadable-tables-antimicrobial-consumption-annual-epidemiological-report-2022
Iceland,ISL,2022,hospital,J01C_penicillins,0.40269999999999995,,,,0.8125908818749465,https://www.ecdc.europa.eu/en/publications-data/downloadable-tables-antimicrobial-consumption-annual-epidemiological-report-2022
Iceland,ISL,2022,hospital,J01DH_carbapenems,0.0453,,,,0.8125908818749465,https://www.ecdc.europa.eu/en/publications-data/downloadable-tables-antimicrobial-consumption-annual-epidemiological-report-2022
Iceland,ISL,2022,hospital,J01D_other_beta_lactams,0.39349999999999996,,,,0.8125908818749465,https://www.ecdc.europa.eu/en/publications-data/downloadable-tables-antimicrobial-consumption-annual-epidemiological-report-2022
Iceland,ISL,2022,hospital,J01M_quinolones,0.0591,,,,0.8125908818749465,https://www.ecdc.europa.eu/en/publications-data/downloadable-tables-antimicrobial-consumption-annual-epidemiological-report-2022
Italy,ITA,2013,community,J01C_penicillins,10.785600000000002,,,,2.4643839040239945,https://www.ecdc.europa.eu/en/publications-data/downloadable-tables-antimicrobial-consumption-annual-epidemiological-report-2022
Italy,ITA,2013,community,J01D_other_beta_lactams,2.4776,,,,2.4643839040239945,https://www.ecdc.europa.eu/en/publications-data/downloadable-tables-antimicrobial-consumption-annual-epidemiological-report-2022
Italy,ITA,2013,community,J01M_quinolones,3.5545,,,,2.4643839040239945,https://www.ecdc.europa.eu/en/publications-data/downloadable-tables-antimicrobial-consumption-annual-epidemiological-report-2022
Italy,ITA,2013,hospital,J01C_penicillins,0.5999,,,,2.4643839040239945,https://www.ecdc.europa.eu/en/publications-data/downloadable-tables-antimicrobial-consumption-annual-epidemiological-report-2022
Italy,ITA,2013,hospital,J01DH_carbapenems,0.0572,,,,2.4643839040239945,https://www.ecdc.europa.eu/en/publications-data/downloadable-tables-antimicrobial-consumption-annual-epidemiological-report-2022
Italy,ITA,2013,hospital,J01D_other_beta_lactams,0.4180999999999999,,,,2.4643839040239945,https://www.ecdc.europa.eu/en/publications-data/downloadable-tables-antimicrobial-consumption-annual-epidemiological-report-2022
Italy,ITA,2013,hospital,J01M_quinolones,0.42060000000000003,,,,2.4643839040239945,https://www.ecdc.europa.eu/en/publications-data/downloadable-tables-antimicrobial-consumption-annual-epidemiological-report-2022
Italy,ITA,2014,community,J01C_penicillins,10.4916,,,,2.8926889207454445,https://www.ecdc.europa.eu/en/publications-data/downloadable-tables-antimicrobial-consumption-annual-epidemiological-report-2022
Italy,ITA,2014,community,J01D_other_beta_lactams,2.3423999999999996,,,,2.8926889207454445,https://www.ecdc.europa.eu/en/publications-data/downloadable-tables-antimicrobial-consumption-annual-epidemiological-report-2022
Italy,ITA,2014,community,J01M_quinolones,3.407,,,,2.8926889207454445,https://www.ecdc.europa.eu/en/publications-data/downloadable-tables-antimicrobial-consumption-annual-epidemiological-report-2022
Italy,ITA,2014,hospital,J01C_penicillins,0.5936,,,,2.8926889207454445,https://www.ecdc.europa.eu/en/publications-data/downloadable-tables-antimicrobial-consumption-annual-epidemiological-report-2022
Italy,ITA,2014,hospital,J01DH_carbapenems,0.06,,,,2.8926889207454445,https://www.ecdc.europa.eu/en/publications-data/downloadable-tables-antimicrobial-consumption-annual-epidemiological-report-2022
Italy,ITA,2014,hospital,J01D_other_beta_lactams,0.40559999999999996,,,,2.8926889207454445,https://www.ecdc.europa.eu/en/publications-data/downloadable-tables-antimicrobial-consumption-annual-epidemiological-report-2022
Italy,ITA,2014,hospital,J01M_quinolones,0.3983,,,,2.8926889207454445,https://www.ecdc.europa.eu/en/publications-data/downloadable-tables-antimicrobial-consumption-annual-epidemiological-report-2022
Italy,ITA,2015,community,J01C_penicillins,10.3821,,,,2.816449899248947,https://www.ecdc.europa.eu/en/publications-data/downloadable-tables-antimicrobial-consumption-annual-epidemiological-report-2022
Italy,ITA,2015,community,J01D_other_beta_lactams,2.3274,,,,2.816449899248947,https://www.ecdc.europa.eu/en/publications-data/downloadable-tables-antimicrobial-consumption-annual-epidemiological-report-2022
Italy,ITA,2015,community,J01M_quinolones,3.3747,,,,2.816449899248947,https://www.ecdc.europa.eu/en/publications-data/downloadable-tables-antimicrobial-consumption-annual-epidemiological-report-2022
Italy,ITA,2015,hospital,J01C_penicillins,0.6225,,,,2.816449899248947,https://www.ecdc.europa.eu/en/publications-data/downloadable-tables-antimicrobial-consumption-annual-epidemiological-report-2022
Italy,ITA,2015,hospital,J01DH_carbapenems,0.0414,,,,2.816449899248947,https://www.ecdc.europa.eu/en/publications-data/downloadable-tables-antimicrobial-consumption-annual-epidemiological-report-2022
Italy,ITA,2015,hospital,J01D_other_beta_lactams,0.3627,,,,2.816449899248947,https://www.ecdc.europa.eu/en/publications-data/downloadable-tables-antimicrobial-consumption-annual-epidemiological-report-2022
Italy,ITA,2015,hospital,J01M_quinolones,0.4289,,,,2.816449899248947,https://www.ecdc.europa.eu/en/publications-data/downloadable-tables-antimicrobial-consumption-annual-epidemiological-report-2022
Italy,ITA,2016,community,J01C_penicillins,10.298500000000002,,,,3.0602943091548376,https://www.ecdc.europa.eu/en/publications-data/downloadable-tables-antimicrobial-consumption-annual-epidemiological-report-2022
Italy,ITA,2016,community,J01D_other_beta_lactams,2.2594,,,,3.0602943091548376,https://www.ecdc.europa.eu/en/publications-data/downloadable-tables-antimicrobial-consumption-annual-epidemiological-report-2022
Italy,ITA,2016,community,J01M_quinolones,3.2258,,,,3.0602943091548376,https://www.ecdc.europa.eu/en/publications-data/downloadable-tables-antimicrobial-consumption-annual-epidemiological-report-2022
Italy,ITA,2016,hospital,J01C_penicillins,0.6248999999999999,,,,3.0602943091548376,https://www.ecdc.europa.eu/en/publications-data/downloadable-tables-antimicrobial-consumption-annual-epidemiological-report-2022
Italy,ITA,2016,hospital,J01DH_carbapenems,0.0303,,,,3.0602943091548376,https://www.ecdc.europa.eu/en/publications-data/downloadable-tables-antimicrobial-consumption-annual-epidemiological-report-2022
Italy,ITA,2016,hospital,J01D_other_beta_lactams,0.3018,,,,3.0602943091548376,https://www.ecdc.europa.eu/en/publications-data/downloadable-tables-antimicrobial-consumption-annual-epidemiological-report-2022
Italy,ITA,2016,hospital,J01M_quinolones,0.40080000000000005,,,,3.0602943091548376,https://www.ecdc.europa.eu/en/publications-data/downloadable-tables-antimicrobial-consumption-annual-epidemiological-report-2022
Italy,ITA,2017,community,J01C_penicillins,8.786100000000001,,,,4.150099403578529,https://www.ecdc.europa.eu/en/publications-data/downloadable-tables-antimicrobial-consumption-annual-epidemiological-report-2022
Italy,ITA,2017,community,J01D_other_beta_lactams,1.9367000000000003,,,,4.150099403578529,https://www.ecdc.europa.eu/en/publications-data/downloadable-tables-antimicrobial-consumption-annual-epidemiological-report-2022
Italy,ITA,2017,community,J01M_quinolones,2.6830000000000003,,,,4.150099403578529,https://www.ecdc.europa.eu/en/publications-data/downloadable-tables-antimicrobial-consumption-annual-epidemiological-report-2022
Italy,ITA,2017,hospital,J01C_penicillins,0.5733999999999998,,,,4.150099403578529,https://www.ecdc.europa.eu/en/publications-data/downloadable-tables-antimicrobial-consumption-annual-epidemiological-report-2022
Italy,ITA,2017,hospital,J01DH_carbapenems,0.0312,,,,4.150099403578529,https://www.ecdc.europa.eu/en/publications-data/downloadable-tables-antimicrobial-consumption-annual-epidemiological-report-2022
Italy,ITA,2017,hospital,J01D_other_beta_lactams,0.39419999999999994,,,,4.150099403578529,https://www.ecdc.europa.eu/en/publications-data/downloadable-tables-antimicrobial-consumption-annual-epidemiological-report-2022
Italy,ITA,2017,hospital,J01M_quinolones,0.3894,,,,4.150099403578529,https://www.ecdc.europa.eu/en/publications-data/downloadable-tables-antimicrobial-consumption-annual-epidemiological-report-2022
Italy,ITA,2018,community,J01C_penicillins,8.926800000000002,,,,4.234037387715466,https://www.ecdc.europa.eu/en/publications-data/downloadable-tables-antimicrobial-consumption-annual-epidemiological-report-2022
Italy,ITA,2018,community,J01D_other_beta_lactams,2.0516,,,,4.234037387715466,https://www.ecdc.europa.eu/en/publications-data/downloadable-tables-antimicrobial-consumption-annual-epidemiological-report-2022
Italy,ITA,2018,community,J01M_quinolones,2.6500999999999997,,,,4.234037387715466,https://www.ecdc.europa.eu/en/publications-data/downloadable-tables-antimicrobial-consumption-annual-epidemiological-report-2022
Italy,ITA,2018,hospital,J01C_penicillins,0.5497,,,,4.234037387715466,https://www.ecdc.europa.eu/en/publications-data/downloadable-tables-antimicrobial-consumption-annual-epidemiological-report-2022
Italy,ITA,2018,hospital,J01DH_carbapenems,0.044700000000000004,,,,4.234037387715466,https://www.ecdc.europa.eu/en/publications-data/downloadable-tables-antimicrobial-consumption-annual-epidemiological-report-2022
Italy,ITA,2018,hospital,J01D_other_beta_lactams,0.44889999999999997,,,,4.234037387715466,https://www.ecdc.europa.eu/en/publications-data/downloadable-tables-antimicrobial-consumption-annual-epidemiological-report-2022
Italy,ITA,2018,hospital,J01M_quinolones,0.36269999999999997,,,,4.234037387715466,https://www.ecdc.europa.eu/en/publications-data/downloadable-tables-antimicrobial-consumption-annual-epidemiological-report-2022
Italy,ITA,2019,community,J01C_penicillins,9.2343,,,,4.597092519495525,https://www.ecdc.europa.eu/en/publications-data/downloadable-tables-antimicrobial-consumption-annual-epidemiological-report-2022
Italy,ITA,2019,community,J01D_other_beta_lactams,2.2686,,,,4.597092519495525,https://www.ecdc.europa.eu/en/publications-data/downloadable-tables-antimicrobial-consumption-annual-epidemiological-report-2022
Italy,ITA,2019,community,J01M_quinolones,1.9884000000000002,,,,4.597092519495525,https://www.ecdc.europa.eu/en/publications-data/downloadable-tables-antimicrobial-consumption-annual-epidemiological-report-2022
Italy,ITA,2019,hospital,J01C_penicillins,0.5751999999999998,,,,4.597092519495525,https://www.ecdc.europa.eu/en/publications-data/downloadable-tables-antimicrobial-consumption-annual-epidemiological-report-2022
Italy,ITA,2019,hospital,J01DH_carbapenems,0.050100000000000006,,,,4.597092519495525,https://www.ecdc.europa.eu/en/publications-data/downloadable-tables-antimicrobial-consumption-annual-epidemiological-report-2022
Italy,ITA,2019,hospital,J01D_other_beta_lactams,0.45960000000000006,,,,4.597092519495525,https://www.ecdc.europa.eu/en/publications-data/downloadable-tables-antimicrobial-consumption-annual-epidemiological-report-2022
Italy,ITA,2019,hospital,J01M_quinolones,0.25570000000000004,,,,4.597092519495525,https://www.ecdc.europa.eu/en/publications-data/downloadable-tables-antimicrobial-consumption-annual-epidemiological-report-2022
Italy,ITA,2020,community,J01C_penicillins,7.372700000000001,,,,4.910587567414136,https://www.ecdc.europa.eu/en/publications-data/downloadable-tables-antimicrobial-consumption-annual-epidemiological-report-2022
Italy,ITA,2020,community,J01D_other_beta_lactams,1.6791,,,,4.910587567414136,https://www.ecdc.europa.eu/en/publications-data/downloadable-tables-antimicrobial-consumption-annual-epidemiological-report-2022
Italy,ITA,2020,community,J01M_quinolones,1.6676,,,,4.910587567414136,https://www.ecdc.europa.eu/en/publications-data/downloadable-tables-antimicrobial-consumption-annual-epidemiological-report-2022
Italy,ITA,2020,hospital,J01C_penicillins,0.46249999999999997,,,,4.910587567414136,https://www.ecdc.europa.eu/en/publications-data/downloadable-tables-antimicrobial-consumption-annual-epidemiological-report-2022
Italy,ITA,2020,hospital,J01DH_carbapenems,0.058699999999999995,,,,4.910587567414136,https://www.ecdc.europa.eu/en/publications-data/downloadable-tables-antimicrobial-consumption-annual-epidemiological-report-2022
Italy,ITA,2020,hospital,J01D_other_beta_lactams,0.45280000000000004,,,,4.910587567414136,https://www.ecdc.europa.eu/en/publications-data/downloadable-tables-antimicrobial-consumption-annual-epidemiological-report-2022
Italy,ITA,2020,hospital,J01M_quinolones,0.2057,,,,4.910587567414136,https://www.ecdc.europa.eu/en/publications-data/downloadable-tables-antimicrobial-consumption-annual-epidemiological-report-2022
Italy,ITA,2021,community,J01C_penicillins,7.1206000000000005,,,,6.237738026543566,https://www.ecdc.europa.eu/en/publications-data/downloadable-tables-antimicrobial-consumption-annual-epidemiological-report-2022
Italy,ITA,2021,community,J01D_other_beta_lactams,1.6300999999999997,,,,6.237738026543566,https://www.ecdc.europa.eu/en/publications-data/downloadable-tables-antimicrobial-consumption-annual-epidemiological-report-2022
Italy,ITA,2021,community,J01M_quinolones,1.6154000000000002,,,,6.237738026543566,https://www.ecdc.europa.eu/en/publications-data/downloadable-tables-antimicrobial-consumption-annual-epidemiological-report-2022
Italy,ITA,2021,hospital,J01C_penicillins,0.4499,,,,6.237738026543566,https://www.ecdc.europa.eu/en/publications-data/downloadable-tables-antimicrobial-consumption-annual-epidemiological-report-2022
Italy,ITA,2021,hospital,J01DH_carbapenems,0.059,,,,6.237738026543566,https://www.ecdc.europa.eu/en/publications-data/downloadable-tables-antimicrobial-consumption-annual-epidemiological-report-2022
Italy,ITA,2021,hospital,J01D_other_beta_lactams,0.37570000000000003,,,,6.237738026543566,https://www.ecdc.europa.eu/en/publications-data/downloadable-tables-antimicrobial-consumption-annual-epidemiological-report-2022
Italy,ITA,2021,hospital,J01M_quinolones,0.15480000000000002,,,,6.237738026543566,https://www.ecdc.europa.eu/en/publications-data/downloadable-tables-antimicrobial-consumption-annual-epidemiological-report-2022
Italy,ITA,2022,community,J01C_penicillins,8.974100000000002,,,,7.844199330313181,https://www.ecdc.europa.eu/en/publications-data/downloadable-tables-antimicrobial-consumption-annual-epidemiological-report-2022
Italy,ITA,2022,community,J01D_other_beta_lactams,2.1658,,,,7.844199330313181,https://www.ecdc.europa.eu/en/publications-data/downloadable-tables-antimicrobial-consumption-annual-epidemiological-report-2022
Italy,ITA,2022,community,J01M_quinolones,1.8028,,,,7.844199330313181,https://www.ecdc.europa.eu/en/publications-data/downloadable-tables-antimicrobial-consumption-annual-epidemiological-report-2022
Italy,ITA,2022,hospital,J01C_penicillins,0.5350999999999998,,,,7.844199330313181,https://www.ecdc.europa.eu/en/publications-data/downloadable-tables-antimicrobial-consumption-annual-epidemiological-report-2022
Italy,ITA,2022,hospital,J01DH_carbapenems,0.0664,,,,7.844199330313181,https://www.ecdc.europa.eu/en/publications-data/downloadable-tables-antimicrobial-consumption-annual-epidemiological-report-2022
Italy,ITA,2022,hospital,J01D_other_beta_lactams,0.43389999999999995,,,,7.844199330313181,https://www.ecdc.europa.eu/en/publications-data/downloadable-tables-antimicrobial-consumption-annual-epidemiological-report-2022
Italy,ITA,2022,hospital,J01M_quinolones,0.1707,,,,7.844199330313181,https://www.ecdc.europa.eu/en/publications-data/downloadable-tables-antimicrobial-consumption-annual-epidemiological-report-2022
Lithuania,LTU,2013,community,J01C_penicillins,7.2218,,,,0.8435835807530989,https://www.ecdc.europa.eu/en/publications-data/downloadable-tables-antimicrobial-consumption-annual-epidemiological-report-2022
Lithuania,LTU,2013,community,J01D_other_beta_lactams,1.2148999999999999,,,,0.8435835807530989,https://www.ecdc.europa.eu/en/publications-data/downloadable-tables-antimicrobial-consumption-annual-epidemiological-report-2022
Lithuania,LTU,2013,community,J01M_quinolones,0.9627999999999999,,,,0.8435835807530989,https://www.ecdc.europa.eu/en/publications-data/downloadable-tables-antimicrobial-consumption-annual-epidemiological-report-2022
Lithuania,LTU,2013,hospital,J01C_penicillins,0.6946999999999999,,,,0.8435835807530989,https://www.ecdc.europa.eu/en/publications-data/downloadable-tables-antimicrobial-consumption-annual-epidemiological-report-2022
Lithuania,LTU,2013,hospital,J01DH_carbapenems,0.023700000000000002,,,,0.8435835807530989,https://www.ecdc.europa.eu/en/publications-data/downloadable-tables-antimicrobial-consumption-annual-epidemiological-report-2022
Lithuania,LTU,2013,hospital,J01D_other_beta_lactams,0.6214,,,,0.8435835807530989,https://www.ecdc.europa.eu/en/publications-data/downloadable-tables-antimicrobial-consumption-annual-epidemiological-report-2022
Lithuania,LTU,2013,hospital,J01M_quinolones,0.1659,,,,0.8435835807530989,https://www.ecdc.europa.eu/en/publications-data/downloadable-tables-antimicrobial-consumption-annual-epidemiological-report-2022
Lithuania,LTU,2014,community,J01C_penicillins,6.089199999999999,,,,0.9872324267881726,https://www.ecdc.europa.eu/en/publications-data/downloadable-tables-antimicrobial-consumption-annual-epidemiological-report-2022
Lithuania,LTU,2014,community,J01D_other_beta_lactams,1.0658,,,,0.9872324267881726,https://www.ecdc.europa.eu/en/publications-data/downloadable-tables-antimicrobial-consumption-annual-epidemiological-report-2022
Lithuania,LTU,2014,community,J01M_quinolones,0.9115,,,,0.9872324267881726,https://www.ecdc.europa.eu/en/publications-data/downloadable-tables-antimicrobial-consumption-annual-epidemiological-report-2022
Lithuania,LTU,2014,hospital,J01C_penicillins,0.6380000000000001,,,,0.9872324267881726,https://www.ecdc.europa.eu/en/publications-data/downloadable-tables-antimicrobial-consumption-annual-epidemiological-report-2022
Lithuania,LTU,2014,hospital,J01DH_carbapenems,0.0281,,,,0.9872324267881726,https://www.ecdc.europa.eu/en/publications-data/downloadable-tables-antimicrobial-consumption-annual-epidemiological-report-2022
Lithuania,LTU,2014,hospital,J01D_other_beta_lactams,0.659,,,,0.9872324267881726,https://www.ecdc.europa.eu/en/publications-data/downloadable-tables-antimicrobial-consumption-annual-epidemiological-report-2022
Lithuania,LTU,2014,hospital,J01M_quinolones,0.1739,,,,0.9872324267881726,https://www.ecdc.europa.eu/en/publications-data/downloadable-tables-antimicrobial-consumption-annual-epidemiological-report-2022
Lithuania,LTU,2015,community,J01C_penicillins,6.5099,,,,1.3131489398830818,https://www.ecdc.europa.eu/en/publications-data/downloadable-tables-antimicrobial-consumption-annual-epidemiological-report-2022
Lithuania,LTU,2015,community,J01D_other_beta_lactams,1.1574000000000002,,,,1.3131489398830818,https://www.ecdc.europa.eu/en/publications-data/downloadable-tables-antimicrobial-consumption-annual-epidemiological-report-2022
Lithuania,LTU,2015,community,J01M_quinolones,0.9129,,,,1.3131489398830818,https://www.ecdc.europa.eu/en/publications-data/downloadable-tables-antimicrobial-consumption-annual-epidemiological-report-2022
Lithuania,LTU,2015,hospital,J01C_penicillins,0.6681999999999999,,,,1.3131489398830818,https://www.ecdc.europa.eu/en/publications-data/downloadable-tables-antimicrobial-consumption-annual-epidemiological-report-2022
Lithuania,LTU,2015,hospital,J01DH_carbapenems,0.0366,,,,1.3131489398830818,https://www.ecdc.europa.eu/en/publications-data/downloadable-tables-antimicrobial-consumption-annual-epidemiological-report-2022
Lithuania,LTU,2015,hospital,J01D_other_beta_lactams,0.7307,,,,1.3131489398830818,https://www.ecdc.europa.eu/en/publications-data/downloadable-tables-antimicrobial-consumption-annual-epidemiological-report-2022
Lithuania,LTU,2015,hospital,J01M_quinolones,0.2801,,,,1.3131489398830818,https://www.ecdc.europa.eu/en/publications-data/downloadable-tables-antimicrobial-consumption-annual-epidemiological-report-2022
Lithuania,LTU,2016,community,J01C_penicillins,6.5182,,,,1.6876541607166038,https://www.ecdc.europa.eu/en/publications-data/downloadable-tables-antimicrobial-consumption-annual-epidemiological-report-2022
Lithuania,LTU,2016,community,J01D_other_beta_lactams,1.2273,,,,1.6876541607166038,https://www.ecdc.europa.eu/en/publications-data/downloadable-tables-antimicrobial-consumption-annual-epidemiological-report-2022
Lithuania,LTU,2016,community,J01M_quinolones,0.8845000000000001,,,,1.6876541607166038,https://www.ecdc.europa.eu/en/publications-data/downloadable-tables-antimicrobial-consumption-annual-epidemiological-report-2022
Lithuania,LTU,2016,hospital,J01C_penicillins,0.6847999999999999,,,,1.6876541607166038,https://www.ecdc.europa.eu/en/publications-data/downloadable-tables-antimicrobial-consumption-annual-epidemiological-report-2022
Lithuania,LTU,2016,hospital,J01DH_carbapenems,0.0412,,,,1.6876541607166038,https://www.ecdc.europa.eu/en/publications-data/downloadable-tables-antimicrobial-consumption-annual-epidemiological-report-2022
Lithuania,LTU,2016,hospital,J01D_other_beta_lactams,0.7445999999999999,,,,1.6876541607166038,https://www.ecdc.europa.eu/en/publications-data/downloadable-tables-antimicrobial-consumption-annual-epidemiological-report-2022
Lithuania,LTU,2016,hospital,J01M_quinolones,0.2695,,,,1.6876541607166038,https://www.ecdc.europa.eu/en/publications-data/downloadable-tables-antimicrobial-consumption-annual-epidemiological-report-2022
Lithuania,LTU,2017,community,J01C_penicillins,6.7265,,,,1.7518369380215035,https://www.ecdc.europa.eu/en/publications-data/downloadable-tables-antimicrobial-consumption-annual-epidemiological-report-2022
Lithuania,LTU,2017,community,J01D_other_beta_lactams,1.2946000000000002,,,,1.7518369380215035,https://www.ecdc.europa.eu/en/publications-data/downloadable-tables-antimicrobial-consumption-annual-epidemiological-report-2022
Lithuania,LTU,2017,community,J01M_quinolones,0.8682,,,,1.7518369380215035,https://www.ecdc.europa.eu/en/publications-data/downloadable-tables-antimicrobial-consumption-annual-epidemiological-report-2022
Lithuania,LTU,2017,hospital,J01C_penicillins,0.6732999999999999,,,,1.7518369380215035,https://www.ecdc.europa.eu/en/publications-data/downloadable-tables-antimicrobial-consumption-annual-epidemiological-report-2022
Lithuania,LTU,2017,hospital,J01DH_carbapenems,0.041,,,,1.7518369380215035,https://www.ecdc.europa.eu/en/publications-data/downloadable-tables-antimicrobial-consumption-annual-epidemiological-report-2022
Lithuania,LTU,2017,hospital,J01D_other_beta_lactams,0.776,,,,1.7518369380215035,https://www.ecdc.europa.eu/en/publications-data/downloadable-tables-antimicrobial-consumption-annual-epidemiological-report-2022
Lithuania,LTU,2017,hospital,J01M_quinolones,0.23909999999999998,,,,1.7518369380215035,https://www.ecdc.europa.eu/en/publications-data/downloadable-tables-antimicrobial-consumption-annual-epidemiological-report-2022
Lithuania,LTU,2018,community,J01C_penicillins,6.475999999999999,,,,2.4285122254455045,https://www.ecdc.europa.eu/en/publications-data/downloadable-tables-antimicrobial-consumption-annual-epidemiological-report-2022
Lithuania,LTU,2018,community,J01D_other_beta_lactams,1.3332000000000002,,,,2.4285122254455045,https://www.ecdc.europa.eu/en/publications-data/downloadable-tables-antimicrobial-consumption-annual-epidemiological-report-2022
Lithuania,LTU,2018,community,J01M_quinolones,0.8815999999999999,,,,2.4285122254455045,https://www.ecdc.europa.eu/en/publications-data/downloadable-tables-antimicrobial-consumption-annual-epidemiological-report-2022
Lithuania,LTU,2018,hospital,J01C_penicillins,0.7051000000000001,,,,2.4285122254455045,https://www.ecdc.europa.eu/en/publications-data/downloadable-tables-antimicrobial-consumption-annual-epidemiological-report-2022
Lithuania,LTU,2018,hospital,J01DH_carbapenems,0.0366,,,,2.4285122254455045,https://www.ecdc.europa.eu/en/publications-data/downloadable-tables-antimicrobial-consumption-annual-epidemiological-report-2022
Lithuania,LTU,2018,hospital,J01D_other_beta_lactams,0.7728,,,,2.4285122254455045,https://www.ecdc.europa.eu/en/publications-data/downloadable-tables-antimicrobial-consumption-annual-epidemiological-report-2022
Lithuania,LTU,2018,hospital,J01M_quinolones,0.18309999999999998,,,,2.4285122254455045,https://www.ecdc.europa.eu/en/publications-data/downloadable-tables-antimicrobial-consumption-annual-epidemiological-report-2022
Lithuania,LTU,2019,community,J01C_penicillins,6.3112,,,,2.914668430626757,https://www.ecdc.europa.eu/en/publications-data/downloadable-tables-antimicrobial-consumption-annual-epidemiological-report-2022
Lithuania,LTU,2019,community,J01D_other_beta_lactams,1.3448,,,,2.914668430626757,https://www.ecdc.europa.eu/en/publications-data/downloadable-tables-antimicrobial-consumption-annual-epidemiological-report-2022
Lithuania,LTU,2019,community,J01M_quinolones,0.8226,,,,2.914668430626757,https://www.ecdc.europa.eu/en/publications-data/downloadable-tables-antimicrobial-consumption-annual-epidemiological-report-2022
Lithuania,LTU,2019,hospital,J01C_penicillins,0.637,,,,2.914668430626757,https://www.ecdc.europa.eu/en/publications-data/downloadable-tables-antimicrobial-consumption-annual-epidemiological-report-2022
Lithuania,LTU,2019,hospital,J01DH_carbapenems,0.0452,,,,2.914668430626757,https://www.ecdc.europa.eu/en/publications-data/downloadable-tables-antimicrobial-consumption-annual-epidemiological-report-2022
Lithuania,LTU,2019,hospital,J01D_other_beta_lactams,0.8325,,,,2.914668430626757,https://www.ecdc.europa.eu/en/publications-data/downloadable-tables-antimicrobial-consumption-annual-epidemiological-report-2022
Lithuania,LTU,2019,hospital,J01M_quinolones,0.19460000000000002,,,,2.914668430626757,https://www.ecdc.europa.eu/en/publications-data/downloadable-tables-antimicrobial-consumption-annual-epidemiological-report-2022
Lithuania,LTU,2020,community,J01C_penicillins,4.898700000000001,,,,4.065573770491804,https://www.ecdc.europa.eu/en/publications-data/downloadable-tables-antimicrobial-consumption-annual-epidemiological-report-2022
Lithuania,LTU,2020,community,J01D_other_beta_lactams,1.1810999999999998,,,,4.065573770491804,https://www.ecdc.europa.eu/en/publications-data/downloadable-tables-antimicrobial-consumption-annual-epidemiological-report-2022
Lithuania,LTU,2020,community,J01M_quinolones,0.7279,,,,4.065573770491804,https://www.ecdc.europa.eu/en/publications-data/downloadable-tables-antimicrobial-consumption-annual-epidemiological-report-2022
Lithuania,LTU,2020,hospital,J01C_penicillins,0.6372,,,,4.065573770491804,https://www.ecdc.europa.eu/en/publications-data/downloadable-tables-antimicrobial-consumption-annual-epidemiological-report-2022
Lithuania,LTU,2020,hospital,J01DH_carbapenems,0.0463,,,,4.065573770491804,https://www.ecdc.europa.eu/en/publications-data/downloadable-tables-antimicrobial-consumption-annual-epidemiological-report-2022
Lithuania,LTU,2020,hospital,J01D_other_beta_lactams,0.8108,,,,4.065573770491804,https://www.ecdc.europa.eu/en/publications-data/downloadable-tables-antimicrobial-consumption-annual-epidemiological-report-2022
Lithuania,LTU,2020,hospital,J01M_quinolones,0.1971,,,,4.065573770491804,https://www.ecdc.europa.eu/en/publications-data/downloadable-tables-antimicrobial-consumption-annual-epidemiological-report-2022
Lithuania,LTU,2021,community,J01C_penicillins,5.451,,,,1.0514744539501983,https://www.ecdc.europa.eu/en/publications-data/downloadable-tables-antimicrobial-consumption-annual-epidemiological-report-2022
Lithuania,LTU,2021,community,J01D_other_beta_lactams,1.2148999999999999,,,,1.0514744539501983,https://www.ecdc.europa.eu/en/publications-data/downloadable-tables-antimicrobial-consumption-annual-epidemiological-report-2022
Lithuania,LTU,2021,community,J01M_quinolones,0.659,,,,1.0514744539501983,https://www.ecdc.europa.eu/en/publications-data/downloadable-tables-antimicrobial-consumption-annual-epidemiological-report-2022
Lithuania,LTU,2021,hospital,J01C_penicillins,0.6778,,,,1.0514744539501983,https://www.ecdc.europa.eu/en/publications-data/downloadable-tables-antimicrobial-consumption-annual-epidemiological-report-2022
Lithuania,LTU,2021,hospital,J01DH_carbapenems,0.0608,,,,1.0514744539501983,https://www.ecdc.europa.eu/en/publications-data/downloadable-tables-antimicrobial-consumption-annual-epidemiological-report-2022
Lithuania,LTU,2021,hospital,J01D_other_beta_lactams,0.7153,,,,1.0514744539501983,https://www.ecdc.europa.eu/en/publications-data/downloadable-tables-antimicrobial-consumption-annual-epidemiological-report-2022
Lithuania,LTU,2021,hospital,J01M_quinolones,0.11980000000000002,,,,1.0514744539501983,https://www.ecdc.europa.eu/en/publications-data/downloadable-tables-antimicrobial-consumption-annual-epidemiological-report-2022
Lithuania,LTU,2022,community,J01C_penicillins,7.6747000000000005,,,,0.969318601881135,https://www.ecdc.europa.eu/en/publications-data/downloadable-tables-antimicrobial-consumption-annual-epidemiological-report-2022
Lithuania,LTU,2022,community,J01D_other_beta_lactams,1.5941,,,,0.969318601881135,https://www.ecdc.europa.eu/en/publications-data/downloadable-tables-antimicrobial-consumption-annual-epidemiological-report-2022
Lithuania,LTU,2022,community,J01M_quinolones,0.7564,,,,0.969318601881135,https://www.ecdc.europa.eu/en/publications-data/downloadable-tables-antimicrobial-consumption-annual-epidemiological-report-2022
Lithuania,LTU,2022,hospital,J01C_penicillins,0.8344,,,,0.969318601881135,https://www.ecdc.europa.eu/en/publications-data/downloadable-tables-antimicrobial-consumption-annual-epidemiological-report-2022
Lithuania,LTU,2022,hospital,J01DH_carbapenems,0.055099999999999996,,,,0.969318601881135,https://www.ecdc.europa.eu/en/publications-data/downloadable-tables-antimicrobial-consumption-annual-epidemiological-report-2022
Lithuania,LTU,2022,hospital,J01D_other_beta_lactams,0.7967,,,,0.969318601881135,https://www.ecdc.europa.eu/en/publications-data/downloadable-tables-antimicrobial-consumption-annual-epidemiological-report-2022
Lithuania,LTU,2022,hospital,J01M_quinolones,0.1012,,,,0.969318601881135,https://www.ecdc.europa.eu/en/publications-data/downloadable-tables-antimicrobial-consumption-annual-epidemiological-report-2022
Luxembourg,LUX,2013,community,J01C_penicillins,9.2431,,,,1.1422413793103448,https://www.ecdc.europa.eu/en/publications-data/downloadable-tables-antimicrobial-consumption-annual-epidemiological-report-2022
Luxembourg,LUX,2013,community,J01D_other_beta_lactams,3.796100000000001,,,,1.1422413793103448,https://www.ecdc.europa.eu/en/publications-data/downloadable-tables-antimicrobial-consumption-annual-epidemiological-report-2022
Luxembourg,LUX,2013,community,J01M_quinolones,2.6473999999999998,,,,1.1422413793103448,https://www.ecdc.europa.eu/en/publications-data/downloadable-tables-antimicrobial-consumption-annual-epidemiological-report-2022
Luxembourg,LUX,2013,hospital,J01C_penicillins,0.5709999999999998,,,,1.1422413793103448,https://www.ecdc.europa.eu/en/publications-data/downloadable-tables-antimicrobial-consumption-annual-epidemiological-report-2022
Luxembourg,LUX,2013,hospital,J01DH_carbapenems,0.0635,,,,1.1422413793103448,https://www.ecdc.europa.eu/en/publications-data/downloadable-tables-antimicrobial-consumption-annual-epidemiological-report-2022
Luxembourg,LUX,2013,hospital,J01D_other_beta_lactams,0.613,,,,1.1422413793103448,https://www.ecdc.europa.eu/en/publications-data/downloadable-tables-antimicrobial-consumption-annual-epidemiological-report-2022
Luxembourg,LUX,2013,hospital,J01M_quinolones,0.2303,,,,1.1422413793103448,https://www.ecdc.europa.eu/en/publications-data/downloadable-tables-antimicrobial-consumption-annual-epidemiological-report-2022
Luxembourg,LUX,2014,community,J01C_penicillins,8.6375,,,,1.0847378550183708,https://www.ecdc.europa.eu/en/publications-data/downloadable-tables-antimicrobial-consumption-annual-epidemiological-report-2022
Luxembourg,LUX,2014,community,J01D_other_beta_lactams,3.3938,,,,1.0847378550183708,https://www.ecdc.europa.eu/en/publications-data/downloadable-tables-antimicrobial-consumption-annual-epidemiological-report-2022
Luxembourg,LUX,2014,community,J01M_quinolones,2.5669,,,,1.0847378550183708,https://www.ecdc.europa.eu/en/publications-data/downloadable-tables-antimicrobial-consumption-annual-epidemiological-report-2022
Luxembourg,LUX,2014,hospital,J01C_penicillins,0.5517,,,,1.0847378550183708,https://www.ecdc.europa.eu/en/publications-data/downloadable-tables-antimicrobial-consumption-annual-epidemiological-report-2022
Luxembourg,LUX,2014,hospital,J01DH_carbapenems,0.0581,,,,1.0847378550183708,https://www.ecdc.europa.eu/en/publications-data/downloadable-tables-antimicrobial-consumption-annual-epidemiological-report-2022
Luxembourg,LUX,2014,hospital,J01D_other_beta_lactams,0.5304,,,,1.0847378550183708,https://www.ecdc.europa.eu/en/publications-data/downloadable-tables-antimicrobial-consumption-annual-epidemiological-report-2022
Luxembourg,LUX,2014,hospital,J01M_quinolones,0.2108,,,,1.0847378550183708,https://www.ecdc.europa.eu/en/publications-data/downloadable-tables-antimicrobial-consumption-annual-epidemiological-report-2022
Luxembourg,LUX,2015,community,J01C_penicillins,9.0165,,,,1.851851851851852,https://www.ecdc.europa.eu/en/publications-data/downloadable-tables-antimicrobial-consumption-annual-epidemiological-report-2022
Luxembourg,LUX,2015,community,J01D_other_beta_lactams,3.461700000000001,,,,1.851851851851852,https://www.ecdc.europa.eu/en/publications-data/downloadable-tables-antimicrobial-consumption-annual-epidemiological-report-2022
Luxembourg,LUX,2015,community,J01M_quinolones,2.4848,,,,1.851851851851852,https://www.ecdc.europa.eu/en/publications-data/downloadable-tables-antimicrobial-consumption-annual-epidemiological-report-2022
Luxembourg,LUX,2015,hospital,J01C_penicillins,0.5484,,,,1.851851851851852,https://www.ecdc.europa.eu/en/publications-data/downloadable-tables-antimicrobial-consumption-annual-epidemiological-report-2022
Luxembourg,LUX,2015,hospital,J01DH_carbapenems,0.059300000000000005,,,,1.851851851851852,https://www.ecdc.europa.eu/en/publications-data/downloadable-tables-antimicrobial-consumption-annual-epidemiological-report-2022
Luxembourg,LUX,2015,hospital,J01D_other_beta_lactams,0.5282,,,,1.851851851851852,https://www.ecdc.europa.eu/en/publications-data/downloadable-tables-antimicrobial-consumption-annual-epidemiological-report-2022
Luxembourg,LUX,2015,hospital,J01M_quinolones,0.1923,,,,1.851851851851852,https://www.ecdc.europa.eu/en/publications-data/downloadable-tables-antimicrobial-consumption-annual-epidemiological-report-2022
Luxembourg,LUX,2016,community,J01C_penicillins,8.4249,,,,1.9002670309880163,https://www.ecdc.europa.eu/en/publications-data/downloadable-tables-antimicrobial-consumption-annual-epidemiological-report-2022
Luxembourg,LUX,2016,community,J01D_other_beta_lactams,3.3834,,,,1.9002670309880163,https://www.ecdc.europa.eu/en/publications-data/downloadable-tables-antimicrobial-consumption-annual-epidemiological-report-2022
Luxembourg,LUX,2016,community,J01M_quinolones,2.4126,,,,1.9002670309880163,https://www.ecdc.europa.eu/en/publications-data/downloadable-tables-antimicrobial-consumption-annual-epidemiological-report-2022
Luxembourg,LUX,2016,hospital,J01C_penicillins,0.5055999999999999,,,,1.9002670309880163,https://www.ecdc.europa.eu/en/publications-data/downloadable-tables-antimicrobial-consumption-annual-epidemiological-report-2022
Luxembourg,LUX,2016,hospital,J01DH_carbapenems,0.0678,,,,1.9002670309880163,https://www.ecdc.europa.eu/en/publications-data/downloadable-tables-antimicrobial-consumption-annual-epidemiological-report-2022
Luxembourg,LUX,2016,hospital,J01D_other_beta_lactams,0.5266,,,,1.9002670309880163,https://www.ecdc.europa.eu/en/publications-data/downloadable-tables-antimicrobial-consumption-annual-epidemiological-report-2022
Luxembourg,LUX,2016,hospital,J01M_quinolones,0.20529999999999998,,,,1.9002670309880163,https://www.ecdc.europa.eu/en/publications-data/downloadable-tables-antimicrobial-consumption-annual-epidemiological-report-2022
Luxembourg,LUX,2017,community,J01C_penicillins,6.790699999999999,,,,2.1084880158587143,https://www.ecdc.europa.eu/en/publications-data/downloadable-tables-antimicrobial-consumption-annual-epidemiological-report-2022
Luxembourg,LUX,2017,community,J01D_other_beta_lactams,2.3587,,,,2.1084880158587143,https://www.ecdc.europa.eu/en/publications-data/downloadable-tables-antimicrobial-consumption-annual-epidemiological-report-2022
Luxembourg,LUX,2017,community,J01M_quinolones,2.7706,,,,2.1084880158587143,https://www.ecdc.europa.eu/en/publications-data/downloadable-tables-antimicrobial-consumption-annual-epidemiological-report-2022
Luxembourg,LUX,2017,hospital,J01C_penicillins,0.5773999999999999,,,,2.1084880158587143,https://www.ecdc.europa.eu/en/publications-data/downloadable-tables-antimicrobial-consumption-annual-epidemiological-report-2022
Luxembourg,LUX,2017,hospital,J01DH_carbapenems,0.060700000000000004,,,,2.1084880158587143,https://www.ecdc.europa.eu/en/publications-data/downloadable-tables-antimicrobial-consumption-annual-epidemiological-report-2022
Luxembourg,LUX,2017,hospital,J01D_other_beta_lactams,0.5032000000000001,,,,2.1084880158587143,https://www.ecdc.europa.eu/en/publications-data/downloadable-tables-antimicrobial-consumption-annual-epidemiological-report-2022
Luxembourg,LUX,2017,hospital,J01M_quinolones,0.1895,,,,2.1084880158587143,https://www.ecdc.europa.eu/en/publications-data/downloadable-tables-antimicrobial-consumption-annual-epidemiological-report-2022
Luxembourg,LUX,2018,community,J01C_penicillins,8.5013,,,,1.9190799501177778,https://www.ecdc.europa.eu/en/publications-data/downloadable-tables-antimicrobial-consumption-annual-epidemiological-report-2022
Luxembourg,LUX,2018,community,J01D_other_beta_lactams,2.8768000000000002,,,,1.9190799501177778,https://www.ecdc.europa.eu/en/publications-data/downloadable-tables-antimicrobial-consumption-annual-epidemiological-report-2022
Luxembourg,LUX,2018,community,J01M_quinolones,2.0463,,,,1.9190799501177778,https://www.ecdc.europa.eu/en/publications-data/downloadable-tables-antimicrobial-consumption-annual-epidemiological-report-2022
Luxembourg,LUX,2018,hospital,J01C_penicillins,0.5136999999999999,,,,1.9190799501177778,https://www.ecdc.europa.eu/en/publications-data/downloadable-tables-antimicrobial-consumption-annual-epidemiological-report-2022
Luxembourg,LUX,2018,hospital,J01DH_carbapenems,0.0537,,,,1.9190799501177778,https://www.ecdc.europa.eu/en/publications-data/downloadable-tables-antimicrobial-consumption-annual-epidemiological-report-2022
Luxembourg,LUX,2018,hospital,J01D_other_beta_lactams,0.4103,,,,1.9190799501177778,https://www.ecdc.europa.eu/en/publications-data/downloadable-tables-antimicrobial-consumption-annual-epidemiological-report-2022
Luxembourg,LUX,2018,hospital,J01M_quinolones,0.1642,,,,1.9190799501177778,https://www.ecdc.europa.eu/en/publications-data/downloadable-tables-antimicrobial-consumption-annual-epidemiological-report-2022
Luxembourg,LUX,2019,community,J01C_penicillins,8.3214,,,,2.8037383177570097,https://www.ecdc.europa.eu/en/publications-data/downloadable-tables-antimicrobial-consumption-annual-epidemiological-report-2022
Luxembourg,LUX,2019,community,J01D_other_beta_lactams,2.746,,,,2.8037383177570097,https://www.ecdc.europa.eu/en/publications-data/downloadable-tables-antimicrobial-consumption-annual-epidemiological-report-2022
Luxembourg,LUX,2019,community,J01M_quinolones,1.5742999999999998,,,,2.8037383177570097,https://www.ecdc.europa.eu/en/publications-data/downloadable-tables-antimicrobial-consumption-annual-epidemiological-report-2022
Luxembourg,LUX,2019,hospital,J01C_penicillins,0.484,,,,2.8037383177570097,https://www.ecdc.europa.eu/en/publications-data/downloadable-tables-antimicrobial-consumption-annual-epidemiological-report-2022
Luxembourg,LUX,2019,hospital,J01DH_carbapenems,0.0523,,,,2.8037383177570097,https://www.ecdc.europa.eu/en/publications-data/downloadable-tables-antimicrobial-consumption-annual-epidemiological-report-2022
Luxembourg,LUX,2019,hospital,J01D_other_beta_lactams,0.4406,,,,2.8037383177570097,https://www.ecdc.europa.eu/en/publications-data/downloadable-tables-antimicrobial-consumption-annual-epidemiological-report-2022
Luxembourg,LUX,2019,hospital,J01M_quinolones,0.1415,,,,2.8037383177570097,https://www.ecdc.europa.eu/en/publications-data/downloadable-tables-antimicrobial-consumption-annual-epidemiological-report-2022
Luxembourg,LUX,2020,community,J01C_penicillins,6.0378,,,,3.137047395872704,https://www.ecdc.europa.eu/en/publications-data/downloadable-tables-antimicrobial-consumption-annual-epidemiological-report-2022
Luxembourg,LUX,2020,community,J01D_other_beta_lactams,1.7526000000000002,,,,3.137047395872704,https://www.ecdc.europa.eu/en/publications-data/downloadable-tables-antimicrobial-consumption-annual-epidemiological-report-2022
Luxembourg,LUX,2020,community,J01M_quinolones,1.2655,,,,3.137047395872704,https://www.ecdc.europa.eu/en/publications-data/downloadable-tables-antimicrobial-consumption-annual-epidemiological-report-2022
Luxembourg,LUX,2020,hospital,J01C_penicillins,0.4384,,,,3.137047395872704,https://www.ecdc.europa.eu/en/publications-data/downloadable-tables-antimicrobial-consumption-annual-epidemiological-report-2022
Luxembourg,LUX,2020,hospital,J01DH_carbapenems,0.047700000000000006,,,,3.137047395872704,https://www.ecdc.europa.eu/en/publications-data/downloadable-tables-antimicrobial-consumption-annual-epidemiological-report-2022
Luxembourg,LUX,2020,hospital,J01D_other_beta_lactams,0.4025,,,,3.137047395872704,https://www.ecdc.europa.eu/en/publications-data/downloadable-tables-antimicrobial-consumption-annual-epidemiological-report-2022
Luxembourg,LUX,2020,hospital,J01M_quinolones,0.12090000000000001,,,,3.137047395872704,https://www.ecdc.europa.eu/en/publications-data/downloadable-tables-antimicrobial-consumption-annual-epidemiological-report-2022
Luxembourg,LUX,2021,community,J01C_penicillins,5.9926,,,,3.2071937055076813,https://www.ecdc.europa.eu/en/publications-data/downloadable-tables-antimicrobial-consumption-annual-epidemiological-report-2022
Luxembourg,LUX,2021,community,J01D_other_beta_lactams,1.613,,,,3.2071937055076813,https://www.ecdc.europa.eu/en/publications-data/downloadable-tables-antimicrobial-consumption-annual-epidemiological-report-2022
Luxembourg,LUX,2021,community,J01M_quinolones,1.261,,,,3.2071937055076813,https://www.ecdc.europa.eu/en/publications-data/downloadable-tables-antimicrobial-consumption-annual-epidemiological-report-2022
Luxembourg,LUX,2021,hospital,J01C_penicillins,0.46270000000000006,,,,3.2071937055076813,https://www.ecdc.europa.eu/en/publications-data/downloadable-tables-antimicrobial-consumption-annual-epidemiological-report-2022
Luxembourg,LUX,2021,hospital,J01DH_carbapenems,0.0516,,,,3.2071937055076813,https://www.ecdc.europa.eu/en/publications-data/downloadable-tables-antimicrobial-consumption-annual-epidemiological-report-2022
Luxembourg,LUX,2021,hospital,J01D_other_beta_lactams,0.39679999999999993,,,,3.2071937055076813,https://www.ecdc.europa.eu/en/publications-data/downloadable-tables-antimicrobial-consumption-annual-epidemiological-report-2022
Luxembourg,LUX,2021,hospital,J01M_quinolones,0.1172,,,,3.2071937055076813,https://www.ecdc.europa.eu/en/publications-data/downloadable-tables-antimicrobial-consumption-annual-epidemiological-report-2022
Luxembourg,LUX,2022,community,J01C_penicillins,7.8199000000000005,,,,3.674327164260051,https://www.ecdc.europa.eu/en/publications-data/downloadable-tables-antimicrobial-consumption-annual-epidemiological-report-2022
Luxembourg,LUX,2022,community,J01D_other_beta_lactams,1.9796,,,,3.674327164260051,https://www.ecdc.europa.eu/en/publications-data/downloadable-tables-antimicrobial-consumption-annual-epidemiological-report-2022
Luxembourg,LUX,2022,community,J01M_quinolones,1.3512000000000002,,,,3.674327164260051,https://www.ecdc.europa.eu/en/publications-data/downloadable-tables-antimicrobial-consumption-annual-epidemiological-report-2022
Luxembourg,LUX,2022,hospital,J01C_penicillins,0.5519000000000001,,,,3.674327164260051,https://www.ecdc.europa.eu/en/publications-data/downloadable-tables-antimicrobial-consumption-annual-epidemiological-report-2022
Luxembourg,LUX,2022,hospital,J01DH_carbapenems,0.0525,,,,3.674327164260051,https://www.ecdc.europa.eu/en/publications-data/downloadable-tables-antimicrobial-consumption-annual-epidemiological-report-2022
Luxembourg,LUX,2022,hospital,J01D_other_beta_lactams,0.40209999999999996,,,,3.674327164260051,https://www.ecdc.europa.eu/en/publications-data/downloadable-tables-antimicrobial-consumption-annual-epidemiological-report-2022
Luxembourg,LUX,2022,hospital,J01M_quinolones,0.1257,,,,3.674327164260051,https://www.ecdc.europa.eu/en/publications-data/downloadable-tables-antimicrobial-consumption-annual-epidemiological-report-2022
Latvia,LVA,2013,community,J01C_penicillins,4.4045,,,,0.22393282015395385,https://www.ecdc.europa.eu/en/publications-data/downloadable-tables-antimicrobial-consumption-annual-epidemiological-report-2022
Latvia,LVA,2013,community,J01D_other_beta_lactams,0.5182,,,,0.22393282015395385,https://www.ecdc.europa.eu/en/publications-data/downloadable-tables-antimicrobial-consumption-annual-epidemiological-report-2022
Latvia,LVA,2013,community,J01M_quinolones,1.0573,,,,0.22393282015395385,https://www.ecdc.europa.eu/en/publications-data/downloadable-tables-antimicrobial-consumption-annual-epidemiological-report-2022
Latvia,LVA,2013,hospital,J01C_penicillins,0.3855,,,,0.22393282015395385,https://www.ecdc.europa.eu/en/publications-data/downloadable-tables-antimicrobial-consumption-annual-epidemiological-report-2022
Latvia,LVA,2013,hospital,J01DH_carbapenems,0.0172,,,,0.22393282015395385,https://www.ecdc.europa.eu/en/publications-data/downloadable-tables-antimicrobial-consumption-annual-epidemiological-report-2022
Latvia,LVA,2013,hospital,J01D_other_beta_lactams,0.6622999999999999,,,,0.22393282015395385,https://www.ecdc.europa.eu/en/publications-data/downloadable-tables-antimicrobial-consumption-annual-epidemiological-report-2022
Latvia,LVA,2013,hospital,J01M_quinolones,0.3129,,,,0.22393282015395385,https://www.ecdc.europa.eu/en/publications-data/downloadable-tables-antimicrobial-consumption-annual-epidemiological-report-2022
Latvia,LVA,2014,community,J01C_penicillins,4.0904,,,,0.45211293596604557,https://www.ecdc.europa.eu/en/publications-data/downloadable-tables-antimicrobial-consumption-annual-epidemiological-report-2022
Latvia,LVA,2014,community,J01D_other_beta_lactams,0.48290000000000005,,,,0.45211293596604557,https://www.ecdc.europa.eu/en/publications-data/downloadable-tables-antimicrobial-consumption-annual-epidemiological-report-2022
Latvia,LVA,2014,community,J01M_quinolones,1.0516,,,,0.45211293596604557,https://www.ecdc.europa.eu/en/publications-data/downloadable-tables-antimicrobial-consumption-annual-epidemiological-report-2022
Latvia,LVA,2014,hospital,J01C_penicillins,0.3802,,,,0.45211293596604557,https://www.ecdc.europa.eu/en/publications-data/downloadable-tables-antimicrobial-consumption-annual-epidemiological-report-2022
Latvia,LVA,2014,hospital,J01DH_carbapenems,0.0207,,,,0.45211293596604557,https://www.ecdc.europa.eu/en/publications-data/downloadable-tables-antimicrobial-consumption-annual-epidemiological-report-2022
Latvia,LVA,2014,hospital,J01D_other_beta_lactams,0.6614000000000001,,,,0.45211293596604557,https://www.ecdc.europa.eu/en/publications-data/downloadable-tables-antimicrobial-consumption-annual-epidemiological-report-2022
Latvia,LVA,2014,hospital,J01M_quinolones,0.2983,,,,0.45211293596604557,https://www.ecdc.europa.eu/en/publications-data/downloadable-tables-antimicrobial-consumption-annual-epidemiological-report-2022
Latvia,LVA,2015,community,J01C_penicillins,4.3688,,,,0.4039912387442201,https://www.ecdc.europa.eu/en/publications-data/downloadable-tables-antimicrobial-consumption-annual-epidemiological-report-2022
Latvia,LVA,2015,community,J01D_other_beta_lactams,0.5167999999999999,,,,0.4039912387442201,https://www.ecdc.europa.eu/en/publications-data/downloadable-tables-antimicrobial-consumption-annual-epidemiological-report-2022
Latvia,LVA,2015,community,J01M_quinolones,1.0549,,,,0.4039912387442201,https://www.ecdc.europa.eu/en/publications-data/downloadable-tables-antimicrobial-consumption-annual-epidemiological-report-2022
Latvia,LVA,2015,hospital,J01C_penicillins,0.41070000000000007,,,,0.4039912387442201,https://www.ecdc.europa.eu/en/publications-data/downloadable-tables-antimicrobial-consumption-annual-epidemiological-report-2022
Latvia,LVA,2015,hospital,J01DH_carbapenems,0.025599999999999998,,,,0.4039912387442201,https://www.ecdc.europa.eu/en/publications-data/downloadable-tables-antimicrobial-consumption-annual-epidemiological-report-2022
Latvia,LVA,2015,hospital,J01D_other_beta_lactams,0.6683,,,,0.4039912387442201,https://www.ecdc.europa.eu/en/publications-data/downloadable-tables-antimicrobial-consumption-annual-epidemiological-report-2022
Latvia,LVA,2015,hospital,J01M_quinolones,0.2651,,,,0.4039912387442201,https://www.ecdc.europa.eu/en/publications-data/downloadable-tables-antimicrobial-consumption-annual-epidemiological-report-2022
Latvia,LVA,2016,community,J01C_penicillins,4.3062000000000005,,,,0.5823263939438056,https://www.ecdc.europa.eu/en/publications-data/downloadable-tables-antimicrobial-consumption-annual-epidemiological-report-2022
Latvia,LVA,2016,community,J01D_other_beta_lactams,0.5714,,,,0.5823263939438056,https://www.ecdc.europa.eu/en/publications-data/downloadable-tables-antimicrobial-consumption-annual-epidemiological-report-2022
Latvia,LVA,2016,community,J01M_quinolones,1.0493999999999999,,,,0.5823263939438056,https://www.ecdc.europa.eu/en/publications-data/downloadable-tables-antimicrobial-consumption-annual-epidemiological-report-2022
Latvia,LVA,2016,hospital,J01C_penicillins,0.3789,,,,0.5823263939438056,https://www.ecdc.europa.eu/en/publications-data/downloadable-tables-antimicrobial-consumption-annual-epidemiological-report-2022
Latvia,LVA,2016,hospital,J01DH_carbapenems,0.0266,,,,0.5823263939438056,https://www.ecdc.europa.eu/en/publications-data/downloadable-tables-antimicrobial-consumption-annual-epidemiological-report-2022
Latvia,LVA,2016,hospital,J01D_other_beta_lactams,0.6376000000000001,,,,0.5823263939438056,https://www.ecdc.europa.eu/en/publications-data/downloadable-tables-antimicrobial-consumption-annual-epidemiological-report-2022
Latvia,LVA,2016,hospital,J01M_quinolones,0.2581,,,,0.5823263939438056,https://www.ecdc.europa.eu/en/publications-data/downloadable-tables-antimicrobial-consumption-annual-epidemiological-report-2022
Latvia,LVA,2017,community,J01C_penicillins,4.6462,,,,0.7356165050908559,https://www.ecdc.europa.eu/en/publications-data/downloadable-tables-antimicrobial-consumption-annual-epidemiological-report-2022
Latvia,LVA,2017,community,J01D_other_beta_lactams,0.6626,,,,0.7356165050908559,https://www.ecdc.europa.eu/en/publications-data/downloadable-tables-antimicrobial-consumption-annual-epidemiological-report-2022
Latvia,LVA,2017,community,J01M_quinolones,1.0342,,,,0.7356165050908559,https://www.ecdc.europa.eu/en/publications-data/downloadable-tables-antimicrobial-consumption-annual-epidemiological-report-2022
Latvia,LVA,2017,hospital,J01C_penicillins,0.41969999999999996,,,,0.7356165050908559,https://www.ecdc.europa.eu/en/publications-data/downloadable-tables-antimicrobial-consumption-annual-epidemiological-report-2022
Latvia,LVA,2017,hospital,J01DH_carbapenems,0.032799999999999996,,,,0.7356165050908559,https://www.ecdc.europa.eu/en/publications-data/downloadable-tables-antimicrobial-consumption-annual-epidemiological-report-2022
Latvia,LVA,2017,hospital,J01D_other_beta_lactams,0.6396999999999999,,,,0.7356165050908559,https://www.ecdc.europa.eu/en/publications-data/downloadable-tables-antimicrobial-consumption-annual-epidemiological-report-2022
Latvia,LVA,2017,hospital,J01M_quinolones,0.23700000000000002,,,,0.7356165050908559,https://www.ecdc.europa.eu/en/publications-data/downloadable-tables-antimicrobial-consumption-annual-epidemiological-report-2022
Latvia,LVA,2018,community,J01C_penicillins,4.5722,,,,0.7055526023292903,https://www.ecdc.europa.eu/en/publications-data/downloadable-tables-antimicrobial-consumption-annual-epidemiological-report-2022
Latvia,LVA,2018,community,J01D_other_beta_lactams,0.6159,,,,0.7055526023292903,https://www.ecdc.europa.eu/en/publications-data/downloadable-tables-antimicrobial-consumption-annual-epidemiological-report-2022
Latvia,LVA,2018,community,J01M_quinolones,0.9565,,,,0.7055526023292903,https://www.ecdc.europa.eu/en/publications-data/downloadable-tables-antimicrobial-consumption-annual-epidemiological-report-2022
Latvia,LVA,2018,hospital,J01C_penicillins,0.4385,,,,0.7055526023292903,https://www.ecdc.europa.eu/en/publications-data/downloadable-tables-antimicrobial-consumption-annual-epidemiological-report-2022
Latvia,LVA,2018,hospital,J01DH_carbapenems,0.0294,,,,0.7055526023292903,https://www.ecdc.europa.eu/en/publications-data/downloadable-tables-antimicrobial-consumption-annual-epidemiological-report-2022
Latvia,LVA,2018,hospital,J01D_other_beta_lactams,0.6066999999999999,,,,0.7055526023292903,https://www.ecdc.europa.eu/en/publications-data/downloadable-tables-antimicrobial-consumption-annual-epidemiological-report-2022
Latvia,LVA,2018,hospital,J01M_quinolones,0.2704,,,,0.7055526023292903,https://www.ecdc.europa.eu/en/publications-data/downloadable-tables-antimicrobial-consumption-annual-epidemiological-report-2022
Latvia,LVA,2019,community,J01C_penicillins,4.6304,,,,0.6688629330138763,https://www.ecdc.europa.eu/en/publications-data/downloadable-tables-antimicrobial-consumption-annual-epidemiological-report-2022
Latvia,LVA,2019,community,J01D_other_beta_lactams,0.6203,,,,0.6688629330138763,https://www.ecdc.europa.eu/en/publications-data/downloadable-tables-antimicrobial-consumption-annual-epidemiological-report-2022
Latvia,LVA,2019,community,J01M_quinolones,0.8523999999999999,,,,0.6688629330138763,https://www.ecdc.europa.eu/en/publications-data/downloadable-tables-antimicrobial-consumption-annual-epidemiological-report-2022
Latvia,LVA,2019,hospital,J01C_penicillins,0.437,,,,0.6688629330138763,https://www.ecdc.europa.eu/en/publications-data/downloadable-tables-antimicrobial-consumption-annual-epidemiological-report-2022
Latvia,LVA,2019,hospital,J01DH_carbapenems,0.034699999999999995,,,,0.6688629330138763,https://www.ecdc.europa.eu/en/publications-data/downloadable-tables-antimicrobial-consumption-annual-epidemiological-report-2022
Latvia,LVA,2019,hospital,J01D_other_beta_lactams,0.6514,,,,0.6688629330138763,https://www.ecdc.europa.eu/en/publications-data/downloadable-tables-antimicrobial-consumption-annual-epidemiological-report-2022
Latvia,LVA,2019,hospital,J01M_quinolones,0.2176,,,,0.6688629330138763,https://www.ecdc.europa.eu/en/publications-data/downloadable-tables-antimicrobial-consumption-annual-epidemiological-report-2022
Latvia,LVA,2020,community,J01C_penicillins,3.6012,,,,0.5556367890042405,https://www.ecdc.europa.eu/en/publications-data/downloadable-tables-antimicrobial-consumption-annual-epidemiological-report-2022
Latvia,LVA,2020,community,J01D_other_beta_lactams,0.4108,,,,0.5556367890042405,https://www.ecdc.europa.eu/en/publications-data/downloadable-tables-antimicrobial-consumption-annual-epidemiological-report-2022
Latvia,LVA,2020,community,J01M_quinolones,0.7727999999999999,,,,0.5556367890042405,https://www.ecdc.europa.eu/en/publications-data/downloadable-tables-antimicrobial-consumption-annual-epidemiological-report-2022
Latvia,LVA,2020,hospital,J01C_penicillins,0.3983,,,,0.5556367890042405,https://www.ecdc.europa.eu/en/publications-data/downloadable-tables-antimicrobial-consumption-annual-epidemiological-report-2022
Latvia,LVA,2020,hospital,J01DH_carbapenems,0.05,,,,0.5556367890042405,https://www.ecdc.europa.eu/en/publications-data/downloadable-tables-antimicrobial-consumption-annual-epidemiological-report-2022
Latvia,LVA,2020,hospital,J01D_other_beta_lactams,0.682,,,,0.5556367890042405,https://www.ecdc.europa.eu/en/publications-data/downloadable-tables-antimicrobial-consumption-annual-epidemiological-report-2022
Latvia,LVA,2020,hospital,J01M_quinolones,0.15299999999999997,,,,0.5556367890042405,https://www.ecdc.europa.eu/en/publications-data/downloadable-tables-antimicrobial-consumption-annual-epidemiological-report-2022
Latvia,LVA,2021,community,J01C_penicillins,3.5434,,,,1.0938399539435806,https://www.ecdc.europa.eu/en/publications-data/downloadable-tables-antimicrobial-consumption-annual-epidemiological-report-2022
Latvia,LVA,2021,community,J01D_other_beta_lactams,0.40180000000000005,,,,1.0938399539435806,https://www.ecdc.europa.eu/en/publications-data/downloadable-tables-antimicrobial-consumption-annual-epidemiological-report-2022
Latvia,LVA,2021,community,J01M_quinolones,0.7063,,,,1.0938399539435806,https://www.ecdc.europa.eu/en/publications-data/downloadable-tables-antimicrobial-consumption-annual-epidemiological-report-2022
Latvia,LVA,2021,hospital,J01C_penicillins,0.2532,,,,1.0938399539435806,https://www.ecdc.europa.eu/en/publications-data/downloadable-tables-antimicrobial-consumption-annual-epidemiological-report-2022
Latvia,LVA,2021,hospital,J01DH_carbapenems,0.042199999999999994,,,,1.0938399539435806,https://www.ecdc.europa.eu/en/publications-data/downloadable-tables-antimicrobial-consumption-annual-epidemiological-report-2022
Latvia,LVA,2021,hospital,J01D_other_beta_lactams,0.5900000000000001,,,,1.0938399539435806,https://www.ecdc.europa.eu/en/publications-data/downloadable-tables-antimicrobial-consumption-annual-epidemiological-report-2022
Latvia,LVA,2021,hospital,J01M_quinolones,0.10750000000000001,,,,1.0938399539435806,https://www.ecdc.europa.eu/en/publications-data/downloadable-tables-antimicrobial-consumption-annual-epidemiological-report-2022
Latvia,LVA,2022,community,J01C_penicillins,5.180300000000001,,,,0.6918932157727163,https://www.ecdc.europa.eu/en/publications-data/downloadable-tables-antimicrobial-consumption-annual-epidemiological-report-2022
Latvia,LVA,2022,community,J01D_other_beta_lactams,0.6396999999999999,,,,0.6918932157727163,https://www.ecdc.europa.eu/en/publications-data/downloadable-tables-antimicrobial-consumption-annual-epidemiological-report-2022
Latvia,LVA,2022,community,J01M_quinolones,0.7903999999999999,,,,0.6918932157727163,https://www.ecdc.europa.eu/en/publications-data/downloadable-tables-antimicrobial-consumption-annual-epidemiological-report-2022
Latvia,LVA,2022,hospital,J01C_penicillins,0.3253000000000001,,,,0.6918932157727163,https://www.ecdc.europa.eu/en/publications-data/downloadable-tables-antimicrobial-consumption-annual-epidemiological-report-2022
Latvia,LVA,2022,hospital,J01DH_carbapenems,0.038,,,,0.6918932157727163,https://www.ecdc.europa.eu/en/publications-data/downloadable-tables-antimicrobial-consumption-annual-epidemiological-report-2022
Latvia,LVA,2022,hospital,J01D_other_beta_lactams,0.5867,,,,0.6918932157727163,https://www.ecdc.europa.eu/en/publications-data/downloadable-tables-antimicrobial-consumption-annual-epidemiological-report-2022
Latvia,LVA,2022,hospital,J01M_quinolones,0.1511,,,,0.6918932157727163,https://www.ecdc.europa.eu/en/publications-data/downloadable-tables-antimicrobial-consumption-annual-epidemiological-report-2022
Malta,MLT,2013,community,J01C_penicillins,6.3581,,,,0.520994852074676,https://www.ecdc.europa.eu/en/publications-data/downloadable-tables-antimicrobial-consumption-annual-epidemiological-report-2022
Malta,MLT,2013,community,J01D_other_beta_lactams,5.517899999999999,,,,0.520994852074676,https://www.ecdc.europa.eu/en/publications-data/downloadable-tables-antimicrobial-consumption-annual-epidemiological-report-2022
Malta,MLT,2013,community,J01M_quinolones,2.9247,,,,0.520994852074676,https://www.ecdc.europa.eu/en/publications-data/downloadable-tables-antimicrobial-consumption-annual-epidemiological-report-2022
Malta,MLT,2013,hospital,J01C_penicillins,0.5413999999999999,,,,0.520994852074676,https://www.ecdc.europa.eu/en/publications-data/downloadable-tables-antimicrobial-consumption-annual-epidemiological-report-2022
Malta,MLT,2013,hospital,J01DH_carbapenems,0.04869999999999999,,,,0.520994852074676,https://www.ecdc.europa.eu/en/publications-data/downloadable-tables-antimicrobial-consumption-annual-epidemiological-report-2022
Malta,MLT,2013,hospital,J01D_other_beta_lactams,0.24200000000000005,,,,0.520994852074676,https://www.ecdc.europa.eu/en/publications-data/downloadable-tables-antimicrobial-consumption-annual-epidemiological-report-2022
Malta,MLT,2013,hospital,J01M_quinolones,0.2409,,,,0.520994852074676,https://www.ecdc.europa.eu/en/publications-data/downloadable-tables-antimicrobial-consumption-annual-epidemiological-report-2022
Malta,MLT,2014,community,J01C_penicillins,6.451700000000001,,,,0.7717586138219479,https://www.ecdc.europa.eu/en/publications-data/downloadable-tables-antimicrobial-consumption-annual-epidemiological-report-2022
Malta,MLT,2014,community,J01D_other_beta_lactams,4.566099999999999,,,,0.7717586138219479,https://www.ecdc.europa.eu/en/publications-data/downloadable-tables-antimicrobial-consumption-annual-epidemiological-report-2022
Malta,MLT,2014,community,J01M_quinolones,3.0551000000000004,,,,0.7717586138219479,https://www.ecdc.europa.eu/en/publications-data/downloadable-tables-antimicrobial-consumption-annual-epidemiological-report-2022
Malta,MLT,2014,hospital,J01C_penicillins,0.6436999999999999,,,,0.7717586138219479,https://www.ecdc.europa.eu/en/publications-data/downloadable-tables-antimicrobial-consumption-annual-epidemiological-report-2022
Malta,MLT,2014,hospital,J01DH_carbapenems,0.07050000000000001,,,,0.7717586138219479,https://www.ecdc.europa.eu/en/publications-data/downloadable-tables-antimicrobial-consumption-annual-epidemiological-report-2022
Malta,MLT,2014,hospital,J01D_other_beta_lactams,0.2416,,,,0.7717586138219479,https://www.ecdc.europa.eu/en/publications-data/downloadable-tables-antimicrobial-consumption-annual-epidemiological-report-2022
Malta,MLT,2014,hospital,J01M_quinolones,0.3655,,,,0.7717586138219479,https://www.ecdc.europa.eu/en/publications-data/downloadable-tables-antimicrobial-consumption-annual-epidemiological-report-2022
Malta,MLT,2015,community,J01C_penicillins,5.7707,,,,0.5119842233009707,https://www.ecdc.europa.eu/en/publications-data/downloadable-tables-antimicrobial-consumption-annual-epidemiological-report-2022
Malta,MLT,2015,community,J01D_other_beta_lactams,4.1084000000000005,,,,0.5119842233009707,https://www.ecdc.europa.eu/en/publications-data/downloadable-tables-antimicrobial-consumption-annual-epidemiological-report-2022
Malta,MLT,2015,community,J01M_quinolones,2.6375,,,,0.5119842233009707,https://www.ecdc.europa.eu/en/publications-data/downloadable-tables-antimicrobial-consumption-annual-epidemiological-report-2022
Malta,MLT,2015,hospital,J01C_penicillins,0.8522,,,,0.5119842233009707,https://www.ecdc.europa.eu/en/publications-data/downloadable-tables-antimicrobial-consumption-annual-epidemiological-report-2022
Malta,MLT,2015,hospital,J01DH_carbapenems,0.07229999999999999,,,,0.5119842233009707,https://www.ecdc.europa.eu/en/publications-data/downloadable-tables-antimicrobial-consumption-annual-epidemiological-report-2022
Malta,MLT,2015,hospital,J01D_other_beta_lactams,0.23169999999999996,,,,0.5119842233009707,https://www.ecdc.europa.eu/en/publications-data/downloadable-tables-antimicrobial-consumption-annual-epidemiological-report-2022
Malta,MLT,2015,hospital,J01M_quinolones,0.4744,,,,0.5119842233009707,https://www.ecdc.europa.eu/en/publications-data/downloadable-tables-antimicrobial-consumption-annual-epidemiological-report-2022
Malta,MLT,2016,community,J01C_penicillins,5.928,,,,0.36032545524990317,https://www.ecdc.europa.eu/en/publications-data/downloadable-tables-antimicrobial-consumption-annual-epidemiological-report-2022
Malta,MLT,2016,community,J01D_other_beta_lactams,3.5729,,,,0.36032545524990317,https://www.ecdc.europa.eu/en/publications-data/downloadable-tables-antimicrobial-consumption-annual-epidemiological-report-2022
Malta,MLT,2016,community,J01M_quinolones,2.3738,,,,0.36032545524990317,https://www.ecdc.europa.eu/en/publications-data/downloadable-tables-antimicrobial-consumption-annual-epidemiological-report-2022
Malta,MLT,2016,hospital,J01C_penicillins,1.0492,,,,0.36032545524990317,https://www.ecdc.europa.eu/en/publications-data/downloadable-tables-antimicrobial-consumption-annual-epidemiological-report-2022
Malta,MLT,2016,hospital,J01DH_carbapenems,0.0757,,,,0.36032545524990317,https://www.ecdc.europa.eu/en/publications-data/downloadable-tables-antimicrobial-consumption-annual-epidemiological-report-2022
Malta,MLT,2016,hospital,J01D_other_beta_lactams,0.22139999999999996,,,,0.36032545524990317,https://www.ecdc.europa.eu/en/publications-data/downloadable-tables-antimicrobial-consumption-annual-epidemiological-report-2022
Malta,MLT,2016,hospital,J01M_quinolones,0.2988,,,,0.36032545524990317,https://www.ecdc.europa.eu/en/publications-data/downloadable-tables-antimicrobial-consumption-annual-epidemiological-report-2022
Malta,MLT,2017,community,J01C_penicillins,7.3442,,,,0.5095765243366719,https://www.ecdc.europa.eu/en/publications-data/downloadable-tables-antimicrobial-consumption-annual-epidemiological-report-2022
Malta,MLT,2017,community,J01D_other_beta_lactams,3.1204000000000005,,,,0.5095765243366719,https://www.ecdc.europa.eu/en/publications-data/downloadable-tables-antimicrobial-consumption-annual-epidemiological-report-2022
Malta,MLT,2017,community,J01M_quinolones,2.1815,,,,0.5095765243366719,https://www.ecdc.europa.eu/en/publications-data/downloadable-tables-antimicrobial-consumption-annual-epidemiological-report-2022
Malta,MLT,2017,hospital,J01C_penicillins,1.3076999999999999,,,,0.5095765243366719,https://www.ecdc.europa.eu/en/publications-data/downloadable-tables-antimicrobial-consumption-annual-epidemiological-report-2022
Malta,MLT,2017,hospital,J01DH_carbapenems,0.11629999999999999,,,,0.5095765243366719,https://www.ecdc.europa.eu/en/publications-data/downloadable-tables-antimicrobial-consumption-annual-epidemiological-report-2022
Malta,MLT,2017,hospital,J01D_other_beta_lactams,0.27769999999999995,,,,0.5095765243366719,https://www.ecdc.europa.eu/en/publications-data/downloadable-tables-antimicrobial-consumption-annual-epidemiological-report-2022
Malta,MLT,2017,hospital,J01M_quinolones,0.2992,,,,0.5095765243366719,https://www.ecdc.europa.eu/en/publications-data/downloadable-tables-antimicrobial-consumption-annual-epidemiological-report-2022
Malta,MLT,2018,community,J01C_penicillins,6.0916999999999994,,,,1.5224913494809689,https://www.ecdc.europa.eu/en/publications-data/downloadable-tables-antimicrobial-consumption-annual-epidemiological-report-2022
Malta,MLT,2018,community,J01D_other_beta_lactams,2.6346000000000003,,,,1.5224913494809689,https://www.ecdc.europa.eu/en/publications-data/downloadable-tables-antimicrobial-consumption-annual-epidemiological-report-2022
Malta,MLT,2018,community,J01M_quinolones,2.2704,,,,1.5224913494809689,https://www.ecdc.europa.eu/en/publications-data/downloadable-tables-antimicrobial-consumption-annual-epidemiological-report-2022
Malta,MLT,2018,hospital,J01C_penicillins,0.8441,,,,1.5224913494809689,https://www.ecdc.europa.eu/en/publications-data/downloadable-tables-antimicrobial-consumption-annual-epidemiological-report-2022
Malta,MLT,2018,hospital,J01DH_carbapenems,0.0946,,,,1.5224913494809689,https://www.ecdc.europa.eu/en/publications-data/downloadable-tables-antimicrobial-consumption-annual-epidemiological-report-2022
Malta,MLT,2018,hospital,J01D_other_beta_lactams,0.3036,,,,1.5224913494809689,https://www.ecdc.europa.eu/en/publications-data/downloadable-tables-antimicrobial-consumption-annual-epidemiological-report-2022
Malta,MLT,2018,hospital,J01M_quinolones,0.3279,,,,1.5224913494809689,https://www.ecdc.europa.eu/en/publications-data/downloadable-tables-antimicrobial-consumption-annual-epidemiological-report-2022
Malta,MLT,2019,community,J01C_penicillins,6.7499,,,,0.576878343800884,https://www.ecdc.europa.eu/en/publications-data/downloadable-tables-antimicrobial-consumption-annual-epidemiological-report-2022
Malta,MLT,2019,community,J01D_other_beta_lactams,2.8551999999999995,,,,0.576878343800884,https://www.ecdc.europa.eu/en/publications-data/downloadable-tables-antimicrobial-consumption-annual-epidemiological-report-2022
Malta,MLT,2019,community,J01M_quinolones,1.8872999999999998,,,,0.576878343800884,https://www.ecdc.europa.eu/en/publications-data/downloadable-tables-antimicrobial-consumption-annual-epidemiological-report-2022
Malta,MLT,2019,hospital,J01C_penicillins,0.7681,,,,0.576878343800884,https://www.ecdc.europa.eu/en/publications-data/downloadable-tables-antimicrobial-consumption-annual-epidemiological-report-2022
Malta,MLT,2019,hospital,J01DH_carbapenems,0.07519999999999999,,,,0.576878343800884,https://www.ecdc.europa.eu/en/publications-data/downloadable-tables-antimicrobial-consumption-annual-epidemiological-report-2022
Malta,MLT,2019,hospital,J01D_other_beta_lactams,0.26049999999999995,,,,0.576878343800884,https://www.ecdc.europa.eu/en/publications-data/downloadable-tables-antimicrobial-consumption-annual-epidemiological-report-2022
Malta,MLT,2019,hospital,J01M_quinolones,0.2339,,,,0.576878343800884,https://www.ecdc.europa.eu/en/publications-data/downloadable-tables-antimicrobial-consumption-annual-epidemiological-report-2022
Malta,MLT,2020,community,J01C_penicillins,5.1665,,,,0.6873158975274481,https://www.ecdc.europa.eu/en/publications-data/downloadable-tables-antimicrobial-consumption-annual-epidemiological-report-2022
Malta,MLT,2020,community,J01D_other_beta_lactams,2.0046,,,,0.6873158975274481,https://www.ecdc.europa.eu/en/publications-data/downloadable-tables-antimicrobial-consumption-annual-epidemiological-report-2022
Malta,MLT,2020,community,J01M_quinolones,1.3607999999999998,,,,0.6873158975274481,https://www.ecdc.europa.eu/en/publications-data/downloadable-tables-antimicrobial-consumption-annual-epidemiological-report-2022
Malta,MLT,2020,hospital,J01C_penicillins,0.8651000000000002,,,,0.6873158975274481,https://www.ecdc.europa.eu/en/publications-data/downloadable-tables-antimicrobial-consumption-annual-epidemiological-report-2022
Malta,MLT,2020,hospital,J01DH_carbapenems,0.0857,,,,0.6873158975274481,https://www.ecdc.europa.eu/en/publications-data/downloadable-tables-antimicrobial-consumption-annual-epidemiological-report-2022
Malta,MLT,2020,hospital,J01D_other_beta_lactams,0.24759999999999996,,,,0.6873158975274481,https://www.ecdc.europa.eu/en/publications-data/downloadable-tables-antimicrobial-consumption-annual-epidemiological-report-2022
Malta,MLT,2020,hospital,J01M_quinolones,0.2763,,,,0.6873158975274481,https://www.ecdc.europa.eu/en/publications-data/downloadable-tables-antimicrobial-consumption-annual-epidemiological-report-2022
Malta,MLT,2021,community,J01C_penicillins,5.4993,,,,1.1640701916951413,https://www.ecdc.europa.eu/en/publications-data/downloadable-tables-antimicrobial-consumption-annual-epidemiological-report-2022
Malta,MLT,2021,community,J01D_other_beta_lactams,1.4525,,,,1.1640701916951413,https://www.ecdc.europa.eu/en/publications-data/downloadable-tables-antimicrobial-consumption-annual-epidemiological-report-2022
Malta,MLT,2021,community,J01M_quinolones,1.3119,,,,1.1640701916951413,https://www.ecdc.europa.eu/en/publications-data/downloadable-tables-antimicrobial-consumption-annual-epidemiological-report-2022
Malta,MLT,2021,hospital,J01C_penicillins,0.6980999999999999,,,,1.1640701916951413,https://www.ecdc.europa.eu/en/publications-data/downloadable-tables-antimicrobial-consumption-annual-epidemiological-report-2022
Malta,MLT,2021,hospital,J01DH_carbapenems,0.0819,,,,1.1640701916951413,https://www.ecdc.europa.eu/en/publications-data/downloadable-tables-antimicrobial-consumption-annual-epidemiological-report-2022
Malta,MLT,2021,hospital,J01D_other_beta_lactams,0.2005,,,,1.1640701916951413,https://www.ecdc.europa.eu/en/publications-data/downloadable-tables-antimicrobial-consumption-annual-epidemiological-report-2022
Malta,MLT,2021,hospital,J01M_quinolones,0.1572,,,,1.1640701916951413,https://www.ecdc.europa.eu/en/publications-data/downloadable-tables-antimicrobial-consumption-annual-epidemiological-report-2022
Malta,MLT,2022,community,J01C_penicillins,8.649799999999997,,,,0.9782608695652176,https://www.ecdc.europa.eu/en/publications-data/downloadable-tables-antimicrobial-consumption-annual-epidemiological-report-2022
Malta,MLT,2022,community,J01D_other_beta_lactams,2.7088,,,,0.9782608695652176,https://www.ecdc.europa.eu/en/publications-data/downloadable-tables-antimicrobial-consumption-annual-epidemiological-report-2022
Malta,MLT,2022,community,J01M_quinolones,1.6673,,,,0.9782608695652176,https://www.ecdc.europa.eu/en/publications-data/downloadable-tables-antimicrobial-consumption-annual-epidemiological-report-2022
Malta,MLT,2022,hospital,J01C_penicillins,1.0154999999999998,,,,0.9782608695652176,https://www.ecdc.europa.eu/en/publications-data/downloadable-tables-antimicrobial-consumption-annual-epidemiological-report-2022
Malta,MLT,2022,hospital,J01DH_carbapenems,0.0806,,,,0.9782608695652176,https://www.ecdc.europa.eu/en/publications-data/downloadable-tables-antimicrobial-consumption-annual-epidemiological-report-2022
Malta,MLT,2022,hospital,J01D_other_beta_lactams,0.24050000000000002,,,,0.9782608695652176,https://www.ecdc.europa.eu/en/publications-data/downloadable-tables-antimicrobial-consumption-annual-epidemiological-report-2022
Malta,MLT,2022,hospital,J01M_quinolones,0.23619999999999997,,,,0.9782608695652176,https://www.ecdc.europa.eu/en/publications-data/downloadable-tables-antimicrobial-consumption-annual-epidemiological-report-2022
Netherlands,NLD,2013,community,J01C_penicillins,3.1654999999999998,,,,0.5696653216235462,https://www.ecdc.europa.eu/en/publications-data/downloadable-tables-antimicrobial-consumption-annual-epidemiological-report-2022
Netherlands,NLD,2013,community,J01D_other_beta_lactams,0.0384,,,,0.5696653216235462,https://www.ecdc.europa.eu/en/publications-data/downloadable-tables-antimicrobial-consumption-annual-epidemiological-report-2022
Netherlands,NLD,2013,community,J01M_quinolones,0.7647999999999999,,,,0.5696653216235462,https://www.ecdc.europa.eu/en/publications-data/downloadable-tables-antimicrobial-consumption-annual-epidemiological-report-2022
Netherlands,NLD,2013,hospital,J01C_penicillins,0.33329999999999993,,,,0.5696653216235462,https://www.ecdc.europa.eu/en/publications-data/downloadable-tables-antimicrobial-consumption-annual-epidemiological-report-2022
Netherlands,NLD,2013,hospital,J01DH_carbapenems,0.0141,,,,0.5696653216235462,https://www.ecdc.europa.eu/en/publications-data/downloadable-tables-antimicrobial-consumption-annual-epidemiological-report-2022
Netherlands,NLD,2013,hospital,J01D_other_beta_lactams,0.17769999999999997,,,,0.5696653216235462,https://www.ecdc.europa.eu/en/publications-data/downloadable-tables-antimicrobial-consumption-annual-epidemiological-report-2022
Netherlands,NLD,2013,hospital,J01M_quinolones,0.10289999999999999,,,,0.5696653216235462,https://www.ecdc.europa.eu/en/publications-data/downloadable-tables-antimicrobial-consumption-annual-epidemiological-report-2022
Netherlands,NLD,2014,community,J01C_penicillins,3.0654,,,,0.5071352753862484,https://www.ecdc.europa.eu/en/publications-data/downloadable-tables-antimicrobial-consumption-annual-epidemiological-report-2022
Netherlands,NLD,2014,community,J01D_other_beta_lactams,0.036699999999999997,,,,0.5071352753862484,https://www.ecdc.europa.eu/en/publications-data/downloadable-tables-antimicrobial-consumption-annual-epidemiological-report-2022
Netherlands,NLD,2014,community,J01M_quinolones,0.7924,,,,0.5071352753862484,https://www.ecdc.europa.eu/en/publications-data/downloadable-tables-antimicrobial-consumption-annual-epidemiological-report-2022
Netherlands,NLD,2014,hospital,J01C_penicillins,0.3334,,,,0.5071352753862484,https://www.ecdc.europa.eu/en/publications-data/downloadable-tables-antimicrobial-consumption-annual-epidemiological-report-2022
Netherlands,NLD,2014,hospital,J01DH_carbapenems,0.0136,,,,0.5071352753862484,https://www.ecdc.europa.eu/en/publications-data/downloadable-tables-antimicrobial-consumption-annual-epidemiological-report-2022
Netherlands,NLD,2014,hospital,J01D_other_beta_lactams,0.1895,,,,0.5071352753862484,https://www.ecdc.europa.eu/en/publications-data/downloadable-tables-antimicrobial-consumption-annual-epidemiological-report-2022
Netherlands,NLD,2014,hospital,J01M_quinolones,0.1,,,,0.5071352753862484,https://www.ecdc.europa.eu/en/publications-data/downloadable-tables-antimicrobial-consumption-annual-epidemiological-report-2022
Netherlands,NLD,2015,community,J01C_penicillins,3.122299999999999,,,,0.6231248557581354,https://www.ecdc.europa.eu/en/publications-data/downloadable-tables-antimicrobial-consumption-annual-epidemiological-report-2022
Netherlands,NLD,2015,community,J01D_other_beta_lactams,0.0351,,,,0.6231248557581354,https://www.ecdc.europa.eu/en/publications-data/downloadable-tables-antimicrobial-consumption-annual-epidemiological-report-2022
Netherlands,NLD,2015,community,J01M_quinolones,0.771,,,,0.6231248557581354,https://www.ecdc.europa.eu/en/publications-data/downloadable-tables-antimicrobial-consumption-annual-epidemiological-report-2022
Netherlands,NLD,2015,hospital,J01C_penicillins,0.3333,,,,0.6231248557581354,https://www.ecdc.europa.eu/en/publications-data/downloadable-tables-antimicrobial-consumption-annual-epidemiological-report-2022
Netherlands,NLD,2015,hospital,J01DH_carbapenems,0.0143,,,,0.6231248557581354,https://www.ecdc.europa.eu/en/publications-data/downloadable-tables-antimicrobial-consumption-annual-epidemiological-report-2022
Netherlands,NLD,2015,hospital,J01D_other_beta_lactams,0.2017,,,,0.6231248557581354,https://www.ecdc.europa.eu/en/publications-data/downloadable-tables-antimicrobial-consumption-annual-epidemiological-report-2022
Netherlands,NLD,2015,hospital,J01M_quinolones,0.09940000000000002,,,,0.6231248557581354,https://www.ecdc.europa.eu/en/publications-data/downloadable-tables-antimicrobial-consumption-annual-epidemiological-report-2022
Netherlands,NLD,2016,community,J01C_penicillins,3.0908999999999995,,,,0.6097560975609756,https://www.ecdc.europa.eu/en/publications-data/downloadable-tables-antimicrobial-consumption-annual-epidemiological-report-2022
Netherlands,NLD,2016,community,J01D_other_beta_lactams,0.0335,,,,0.6097560975609756,https://www.ecdc.europa.eu/en/publications-data/downloadable-tables-antimicrobial-consumption-annual-epidemiological-report-2022
Netherlands,NLD,2016,community,J01M_quinolones,0.7457999999999999,,,,0.6097560975609756,https://www.ecdc.europa.eu/en/publications-data/downloadable-tables-antimicrobial-consumption-annual-epidemiological-report-2022
Netherlands,NLD,2016,hospital,J01C_penicillins,0.32849999999999996,,,,0.6097560975609756,https://www.ecdc.europa.eu/en/publications-data/downloadable-tables-antimicrobial-consumption-annual-epidemiological-report-2022
Netherlands,NLD,2016,hospital,J01DH_carbapenems,0.0141,,,,0.6097560975609756,https://www.ecdc.europa.eu/en/publications-data/downloadable-tables-antimicrobial-consumption-annual-epidemiological-report-2022
Netherlands,NLD,2016,hospital,J01D_other_beta_lactams,0.2011,,,,0.6097560975609756,https://www.ecdc.europa.eu/en/publications-data/downloadable-tables-antimicrobial-consumption-annual-epidemiological-report-2022
Netherlands,NLD,2016,hospital,J01M_quinolones,0.09469999999999999,,,,0.6097560975609756,https://www.ecdc.europa.eu/en/publications-data/downloadable-tables-antimicrobial-consumption-annual-epidemiological-report-2022
Netherlands,NLD,2017,community,J01C_penicillins,2.9206,,,,0.4796163069544365,https://www.ecdc.europa.eu/en/publications-data/downloadable-tables-antimicrobial-consumption-annual-epidemiological-report-2022
Netherlands,NLD,2017,community,J01D_other_beta_lactams,0.03,,,,0.4796163069544365,https://www.ecdc.europa.eu/en/publications-data/downloadable-tables-antimicrobial-consumption-annual-epidemiological-report-2022
Netherlands,NLD,2017,community,J01M_quinolones,0.7325999999999999,,,,0.4796163069544365,https://www.ecdc.europa.eu/en/publications-data/downloadable-tables-antimicrobial-consumption-annual-epidemiological-report-2022
Netherlands,NLD,2017,hospital,J01C_penicillins,0.31699999999999995,,,,0.4796163069544365,https://www.ecdc.europa.eu/en/publications-data/downloadable-tables-antimicrobial-consumption-annual-epidemiological-report-2022
Netherlands,NLD,2017,hospital,J01DH_carbapenems,0.014499999999999999,,,,0.4796163069544365,https://www.ecdc.europa.eu/en/publications-data/downloadable-tables-antimicrobial-consumption-annual-epidemiological-report-2022
Netherlands,NLD,2017,hospital,J01D_other_beta_lactams,0.21369999999999997,,,,0.4796163069544365,https://www.ecdc.europa.eu/en/publications-data/downloadable-tables-antimicrobial-consumption-annual-epidemiological-report-2022
Netherlands,NLD,2017,hospital,J01M_quinolones,0.0872,,,,0.4796163069544365,https://www.ecdc.europa.eu/en/publications-data/downloadable-tables-antimicrobial-consumption-annual-epidemiological-report-2022
Netherlands,NLD,2018,community,J01C_penicillins,2.8513,,,,0.70591050490548,https://www.ecdc.europa.eu/en/publications-data/downloadable-tables-antimicrobial-consumption-annual-epidemiological-report-2022
Netherlands,NLD,2018,community,J01D_other_beta_lactams,0.0295,,,,0.70591050490548,https://www.ecdc.europa.eu/en/publications-data/downloadable-tables-antimicrobial-consumption-annual-epidemiological-report-2022
Netherlands,NLD,2018,community,J01M_quinolones,0.7341,,,,0.70591050490548,https://www.ecdc.europa.eu/en/publications-data/downloadable-tables-antimicrobial-consumption-annual-epidemiological-report-2022
Netherlands,NLD,2018,hospital,J01C_penicillins,0.3177,,,,0.70591050490548,https://www.ecdc.europa.eu/en/publications-data/downloadable-tables-antimicrobial-consumption-annual-epidemiological-report-2022
Netherlands,NLD,2018,hospital,J01DH_carbapenems,0.013600000000000001,,,,0.70591050490548,https://www.ecdc.europa.eu/en/publications-data/downloadable-tables-antimicrobial-consumption-annual-epidemiological-report-2022
Netherlands,NLD,2018,hospital,J01D_other_beta_lactams,0.2262,,,,0.70591050490548,https://www.ecdc.europa.eu/en/publications-data/downloadable-tables-antimicrobial-consumption-annual-epidemiological-report-2022
Netherlands,NLD,2018,hospital,J01M_quinolones,0.07880000000000001,,,,0.70591050490548,https://www.ecdc.europa.eu/en/publications-data/downloadable-tables-antimicrobial-consumption-annual-epidemiological-report-2022
Netherlands,NLD,2019,community,J01C_penicillins,2.825,,,,0.6256256256256255,https://www.ecdc.europa.eu/en/publications-data/downloadable-tables-antimicrobial-consumption-annual-epidemiological-report-2022
Netherlands,NLD,2019,community,J01D_other_beta_lactams,0.0285,,,,0.6256256256256255,https://www.ecdc.europa.eu/en/publications-data/downloadable-tables-antimicrobial-consumption-annual-epidemiological-report-2022
Netherlands,NLD,2019,community,J01M_quinolones,0.6705,,,,0.6256256256256255,https://www.ecdc.europa.eu/en/publications-data/downloadable-tables-antimicrobial-consumption-annual-epidemiological-report-2022
Netherlands,NLD,2019,hospital,J01C_penicillins,0.2990999999999999,,,,0.6256256256256255,https://www.ecdc.europa.eu/en/publications-data/downloadable-tables-antimicrobial-consumption-annual-epidemiological-report-2022
Netherlands,NLD,2019,hospital,J01DH_carbapenems,0.0139,,,,0.6256256256256255,https://www.ecdc.europa.eu/en/publications-data/downloadable-tables-antimicrobial-consumption-annual-epidemiological-report-2022
Netherlands,NLD,2019,hospital,J01D_other_beta_lactams,0.23090000000000002,,,,0.6256256256256255,https://www.ecdc.europa.eu/en/publications-data/downloadable-tables-antimicrobial-consumption-annual-epidemiological-report-2022
Netherlands,NLD,2019,hospital,J01M_quinolones,0.07110000000000001,,,,0.6256256256256255,https://www.ecdc.europa.eu/en/publications-data/downloadable-tables-antimicrobial-consumption-annual-epidemiological-report-2022
Netherlands,NLD,2020,community,J01C_penicillins,2.3899,,,,0.6975519873650963,https://www.ecdc.europa.eu/en/publications-data/downloadable-tables-antimicrobial-consumption-annual-epidemiological-report-2022
Netherlands,NLD,2020,community,J01D_other_beta_lactams,0.0279,,,,0.6975519873650963,https://www.ecdc.europa.eu/en/publications-data/downloadable-tables-antimicrobial-consumption-annual-epidemiological-report-2022
Netherlands,NLD,2020,community,J01M_quinolones,0.6384,,,,0.6975519873650963,https://www.ecdc.europa.eu/en/publications-data/downloadable-tables-antimicrobial-consumption-annual-epidemiological-report-2022
Netherlands,NLD,2020,hospital,J01C_penicillins,0.2737,,,,0.6975519873650963,https://www.ecdc.europa.eu/en/publications-data/downloadable-tables-antimicrobial-consumption-annual-epidemiological-report-2022
Netherlands,NLD,2020,hospital,J01DH_carbapenems,0.0135,,,,0.6975519873650963,https://www.ecdc.europa.eu/en/publications-data/downloadable-tables-antimicrobial-consumption-annual-epidemiological-report-2022
Netherlands,NLD,2020,hospital,J01D_other_beta_lactams,0.22840000000000002,,,,0.6975519873650963,https://www.ecdc.europa.eu/en/publications-data/downloadable-tables-antimicrobial-consumption-annual-epidemiological-report-2022
Netherlands,NLD,2020,hospital,J01M_quinolones,0.0665,,,,0.6975519873650963,https://www.ecdc.europa.eu/en/publications-data/downloadable-tables-antimicrobial-consumption-annual-epidemiological-report-2022
Netherlands,NLD,2021,community,J01C_penicillins,2.4104,,,,0.7289879931389364,https://www.ecdc.europa.eu/en/publications-data/downloadable-tables-antimicrobial-consumption-annual-epidemiological-report-2022
Netherlands,NLD,2021,community,J01D_other_beta_lactams,0.030500000000000003,,,,0.7289879931389364,https://www.ecdc.europa.eu/en/publications-data/downloadable-tables-antimicrobial-consumption-annual-epidemiological-report-2022
Netherlands,NLD,2021,community,J01M_quinolones,0.6423,,,,0.7289879931389364,https://www.ecdc.europa.eu/en/publications-data/downloadable-tables-antimicrobial-consumption-annual-epidemiological-report-2022
Netherlands,NLD,2021,hospital,J01C_penicillins,0.2397,,,,0.7289879931389364,https://www.ecdc.europa.eu/en/publications-data/downloadable-tables-antimicrobial-consumption-annual-epidemiological-report-2022
Netherlands,NLD,2021,hospital,J01DH_carbapenems,0.0135,,,,0.7289879931389364,https://www.ecdc.europa.eu/en/publications-data/downloadable-tables-antimicrobial-consumption-annual-epidemiological-report-2022
Netherlands,NLD,2021,hospital,J01D_other_beta_lactams,0.23020000000000002,,,,0.7289879931389364,https://www.ecdc.europa.eu/en/publications-data/downloadable-tables-antimicrobial-consumption-annual-epidemiological-report-2022
Netherlands,NLD,2021,hospital,J01M_quinolones,0.05700000000000001,,,,0.7289879931389364,https://www.ecdc.europa.eu/en/publications-data/downloadable-tables-antimicrobial-consumption-annual-epidemiological-report-2022
Netherlands,NLD,2022,community,J01C_penicillins,2.8696,,,,0.7504690431519703,https://www.ecdc.europa.eu/en/publications-data/downloadable-tables-antimicrobial-consumption-annual-epidemiological-report-2022
Netherlands,NLD,2022,community,J01D_other_beta_lactams,0.030199999999999998,,,,0.7504690431519703,https://www.ecdc.europa.eu/en/publications-data/downloadable-tables-antimicrobial-consumption-annual-epidemiological-report-2022
Netherlands,NLD,2022,community,J01M_quinolones,0.6710999999999999,,,,0.7504690431519703,https://www.ecdc.europa.eu/en/publications-data/downloadable-tables-antimicrobial-consumption-annual-epidemiological-report-2022
Netherlands,NLD,2022,hospital,J01C_penicillins,0.27049999999999996,,,,0.7504690431519703,https://www.ecdc.europa.eu/en/publications-data/downloadable-tables-antimicrobial-consumption-annual-epidemiological-report-2022
Netherlands,NLD,2022,hospital,J01DH_carbapenems,0.0135,,,,0.7504690431519703,https://www.ecdc.europa.eu/en/publications-data/downloadable-tables-antimicrobial-consumption-annual-epidemiological-report-2022
Netherlands,NLD,2022,hospital,J01D_other_beta_lactams,0.22790000000000002,,,,0.7504690431519703,https://www.ecdc.europa.eu/en/publications-data/downloadable-tables-antimicrobial-consumption-annual-epidemiological-report-2022
Netherlands,NLD,2022,hospital,J01M_quinolones,0.060899999999999996,,,,0.7504690431519703,https://www.ecdc.europa.eu/en/publications-data/downloadable-tables-antimicrobial-consumption-annual-epidemiological-report-2022
Norway,NOR,2013,community,J01C_penicillins,6.1713,,,,0.325874429719748,https://www.ecdc.europa.eu/en/publications-data/downloadable-tables-antimicrobial-consumption-annual-epidemiological-report-2022
Norway,NOR,2013,community,J01D_other_beta_lactams,0.1099,,,,0.325874429719748,https://www.ecdc.europa.eu/en/publications-data/downloadable-tables-antimicrobial-consumption-annual-epidemiological-report-2022
Norway,NOR,2013,community,J01M_quinolones,0.535,,,,0.325874429719748,https://www.ecdc.europa.eu/en/publications-data/downloadable-tables-antimicrobial-consumption-annual-epidemiological-report-2022
Norway,NOR,2013,hospital,J01C_penicillins,0.6312,,,,0.325874429719748,https://www.ecdc.europa.eu/en/publications-data/downloadable-tables-antimicrobial-consumption-annual-epidemiological-report-2022
Norway,NOR,2013,hospital,J01DH_carbapenems,0.0315,,,,0.325874429719748,https://www.ecdc.europa.eu/en/publications-data/downloadable-tables-antimicrobial-consumption-annual-epidemiological-report-2022
Norway,NOR,2013,hospital,J01D_other_beta_lactams,0.29600000000000004,,,,0.325874429719748,https://www.ecdc.europa.eu/en/publications-data/downloadable-tables-antimicrobial-consumption-annual-epidemiological-report-2022
Norway,NOR,2013,hospital,J01M_quinolones,0.0727,,,,0.325874429719748,https://www.ecdc.europa.eu/en/publications-data/downloadable-tables-antimicrobial-consumption-annual-epidemiological-report-2022
Norway,NOR,2014,community,J01C_penicillins,6.0853,,,,0.33747397142241686,https://www.ecdc.europa.eu/en/publications-data/downloadable-tables-antimicrobial-consumption-annual-epidemiological-report-2022
Norway,NOR,2014,community,J01D_other_beta_lactams,0.0925,,,,0.33747397142241686,https://www.ecdc.europa.eu/en/publications-data/downloadable-tables-antimicrobial-consumption-annual-epidemiological-report-2022
Norway,NOR,2014,community,J01M_quinolones,0.5043,,,,0.33747397142241686,https://www.ecdc.europa.eu/en/publications-data/downloadable-tables-antimicrobial-consumption-annual-epidemiological-report-2022
Norway,NOR,2014,hospital,J01C_penicillins,0.6651,,,,0.33747397142241686,https://www.ecdc.europa.eu/en/publications-data/downloadable-tables-antimicrobial-consumption-annual-epidemiological-report-2022
Norway,NOR,2014,hospital,J01DH_carbapenems,0.0326,,,,0.33747397142241686,https://www.ecdc.europa.eu/en/publications-data/downloadable-tables-antimicrobial-consumption-annual-epidemiological-report-2022
Norway,NOR,2014,hospital,J01D_other_beta_lactams,0.2832,,,,0.33747397142241686,https://www.ecdc.europa.eu/en/publications-data/downloadable-tables-antimicrobial-consumption-annual-epidemiological-report-2022
Norway,NOR,2014,hospital,J01M_quinolones,0.0655,,,,0.33747397142241686,https://www.ecdc.europa.eu/en/publications-data/downloadable-tables-antimicrobial-consumption-annual-epidemiological-report-2022
Norway,NOR,2015,community,J01C_penicillins,6.0764000000000005,,,,0.34572169403630076,https://www.ecdc.europa.eu/en/publications-data/downloadable-tables-antimicrobial-consumption-annual-epidemiological-report-2022
Norway,NOR,2015,community,J01D_other_beta_lactams,0.08399999999999999,,,,0.34572169403630076,https://www.ecdc.europa.eu/en/publications-data/downloadable-tables-antimicrobial-consumption-annual-epidemiological-report-2022
Norway,NOR,2015,community,J01M_quinolones,0.45699999999999996,,,,0.34572169403630076,https://www.ecdc.europa.eu/en/publications-data/downloadable-tables-antimicrobial-consumption-annual-epidemiological-report-2022
Norway,NOR,2015,hospital,J01C_penicillins,0.6809,,,,0.34572169403630076,https://www.ecdc.europa.eu/en/publications-data/downloadable-tables-antimicrobial-consumption-annual-epidemiological-report-2022
Norway,NOR,2015,hospital,J01DH_carbapenems,0.0271,,,,0.34572169403630076,https://www.ecdc.europa.eu/en/publications-data/downloadable-tables-antimicrobial-consumption-annual-epidemiological-report-2022
Norway,NOR,2015,hospital,J01D_other_beta_lactams,0.26940000000000003,,,,0.34572169403630076,https://www.ecdc.europa.eu/en/publications-data/downloadable-tables-antimicrobial-consumption-annual-epidemiological-report-2022
Norway,NOR,2015,hospital,J01M_quinolones,0.0565,,,,0.34572169403630076,https://www.ecdc.europa.eu/en/publications-data/downloadable-tables-antimicrobial-consumption-annual-epidemiological-report-2022
Norway,NOR,2016,community,J01C_penicillins,5.8368,,,,0.39349996356481814,https://www.ecdc.europa.eu/en/publications-data/downloadable-tables-antimicrobial-consumption-annual-epidemiological-report-2022
Norway,NOR,2016,community,J01D_other_beta_lactams,0.07250000000000001,,,,0.39349996356481814,https://www.ecdc.europa.eu/en/publications-data/downloadable-tables-antimicrobial-consumption-annual-epidemiological-report-2022
Norway,NOR,2016,community,J01M_quinolones,0.4097,,,,0.39349996356481814,https://www.ecdc.europa.eu/en/publications-data/downloadable-tables-antimicrobial-consumption-annual-epidemiological-report-2022
Norway,NOR,2016,hospital,J01C_penicillins,0.6766000000000001,,,,0.39349996356481814,https://www.ecdc.europa.eu/en/publications-data/downloadable-tables-antimicrobial-consumption-annual-epidemiological-report-2022
Norway,NOR,2016,hospital,J01DH_carbapenems,0.0275,,,,0.39349996356481814,https://www.ecdc.europa.eu/en/publications-data/downloadable-tables-antimicrobial-consumption-annual-epidemiological-report-2022
Norway,NOR,2016,hospital,J01D_other_beta_lactams,0.26259999999999994,,,,0.39349996356481814,https://www.ecdc.europa.eu/en/publications-data/downloadable-tables-antimicrobial-consumption-annual-epidemiological-report-2022
Norway,NOR,2016,hospital,J01M_quinolones,0.053399999999999996,,,,0.39349996356481814,https://www.ecdc.europa.eu/en/publications-data/downloadable-tables-antimicrobial-consumption-annual-epidemiological-report-2022
Norway,NOR,2017,community,J01C_penicillins,5.6084,,,,0.39727582292849023,https://www.ecdc.europa.eu/en/publications-data/downloadable-tables-antimicrobial-consumption-annual-epidemiological-report-2022
Norway,NOR,2017,community,J01D_other_beta_lactams,0.0645,,,,0.39727582292849023,https://www.ecdc.europa.eu/en/publications-data/downloadable-tables-antimicrobial-consumption-annual-epidemiological-report-2022
Norway,NOR,2017,community,J01M_quinolones,0.35300000000000004,,,,0.39727582292849023,https://www.ecdc.europa.eu/en/publications-data/downloadable-tables-antimicrobial-consumption-annual-epidemiological-report-2022
Norway,NOR,2017,hospital,J01C_penicillins,0.6913,,,,0.39727582292849023,https://www.ecdc.europa.eu/en/publications-data/downloadable-tables-antimicrobial-consumption-annual-epidemiological-report-2022
Norway,NOR,2017,hospital,J01DH_carbapenems,0.026099999999999998,,,,0.39727582292849023,https://www.ecdc.europa.eu/en/publications-data/downloadable-tables-antimicrobial-consumption-annual-epidemiological-report-2022
Norway,NOR,2017,hospital,J01D_other_beta_lactams,0.26539999999999997,,,,0.39727582292849023,https://www.ecdc.europa.eu/en/publications-data/downloadable-tables-antimicrobial-consumption-annual-epidemiological-report-2022
Norway,NOR,2017,hospital,J01M_quinolones,0.0465,,,,0.39727582292849023,https://www.ecdc.europa.eu/en/publications-data/downloadable-tables-antimicrobial-consumption-annual-epidemiological-report-2022
Norway,NOR,2018,community,J01C_penicillins,5.4624999999999995,,,,0.510894064613073,https://www.ecdc.europa.eu/en/publications-data/downloadable-tables-antimicrobial-consumption-annual-epidemiological-report-2022
Norway,NOR,2018,community,J01D_other_beta_lactams,0.0584,,,,0.510894064613073,https://www.ecdc.europa.eu/en/publications-data/downloadable-tables-antimicrobial-consumption-annual-epidemiological-report-2022
Norway,NOR,2018,community,J01M_quinolones,0.31860000000000005,,,,0.510894064613073,https://www.ecdc.europa.eu/en/publications-data/downloadable-tables-antimicrobial-consumption-annual-epidemiological-report-2022
Norway,NOR,2018,hospital,J01C_penicillins,0.6241,,,,0.510894064613073,https://www.ecdc.europa.eu/en/publications-data/downloadable-tables-antimicrobial-consumption-annual-epidemiological-report-2022
Norway,NOR,2018,hospital,J01DH_carbapenems,0.024,,,,0.510894064613073,https://www.ecdc.europa.eu/en/publications-data/downloadable-tables-antimicrobial-consumption-annual-epidemiological-report-2022
Norway,NOR,2018,hospital,J01D_other_beta_lactams,0.26480000000000004,,,,0.510894064613073,https://www.ecdc.europa.eu/en/publications-data/downloadable-tables-antimicrobial-consumption-annual-epidemiological-report-2022
Norway,NOR,2018,hospital,J01M_quinolones,0.041299999999999996,,,,0.510894064613073,https://www.ecdc.europa.eu/en/publications-data/downloadable-tables-antimicrobial-consumption-annual-epidemiological-report-2022
Norway,NOR,2019,community,J01C_penicillins,5.6918,,,,0.5103189493433397,https://www.ecdc.europa.eu/en/publications-data/downloadable-tables-antimicrobial-consumption-annual-epidemiological-report-2022
Norway,NOR,2019,community,J01D_other_beta_lactams,0.0545,,,,0.5103189493433397,https://www.ecdc.europa.eu/en/publications-data/downloadable-tables-antimicrobial-consumption-annual-epidemiological-report-2022
Norway,NOR,2019,community,J01M_quinolones,0.27769999999999995,,,,0.5103189493433397,https://www.ecdc.europa.eu/en/publications-data/downloadable-tables-antimicrobial-consumption-annual-epidemiological-report-2022
Norway,NOR,2019,hospital,J01C_penicillins,0.6312000000000001,,,,0.5103189493433397,https://www.ecdc.europa.eu/en/publications-data/downloadable-tables-antimicrobial-consumption-annual-epidemiological-report-2022
Norway,NOR,2019,hospital,J01DH_carbapenems,0.0232,,,,0.5103189493433397,https://www.ecdc.europa.eu/en/publications-data/downloadable-tables-antimicrobial-consumption-annual-epidemiological-report-2022
Norway,NOR,2019,hospital,J01D_other_beta_lactams,0.25350000000000006,,,,0.5103189493433397,https://www.ecdc.europa.eu/en/publications-data/downloadable-tables-antimicrobial-consumption-annual-epidemiological-report-2022
Norway,NOR,2019,hospital,J01M_quinolones,0.036800000000000006,,,,0.5103189493433397,https://www.ecdc.europa.eu/en/publications-data/downloadable-tables-antimicrobial-consumption-annual-epidemiological-report-2022
Norway,NOR,2020,community,J01C_penicillins,4.7799,,,,0.5363727790814615,https://www.ecdc.europa.eu/en/publications-data/downloadable-tables-antimicrobial-consumption-annual-epidemiological-report-2022
Norway,NOR,2020,community,J01D_other_beta_lactams,0.0516,,,,0.5363727790814615,https://www.ecdc.europa.eu/en/publications-data/downloadable-tables-antimicrobial-consumption-annual-epidemiological-report-2022
Norway,NOR,2020,community,J01M_quinolones,0.23939999999999997,,,,0.5363727790814615,https://www.ecdc.europa.eu/en/publications-data/downloadable-tables-antimicrobial-consumption-annual-epidemiological-report-2022
Norway,NOR,2020,hospital,J01C_penicillins,0.5488,,,,0.5363727790814615,https://www.ecdc.europa.eu/en/publications-data/downloadable-tables-antimicrobial-consumption-annual-epidemiological-report-2022
Norway,NOR,2020,hospital,J01DH_carbapenems,0.0221,,,,0.5363727790814615,https://www.ecdc.europa.eu/en/publications-data/downloadable-tables-antimicrobial-consumption-annual-epidemiological-report-2022
Norway,NOR,2020,hospital,J01D_other_beta_lactams,0.2308,,,,0.5363727790814615,https://www.ecdc.europa.eu/en/publications-data/downloadable-tables-antimicrobial-consumption-annual-epidemiological-report-2022
Norway,NOR,2020,hospital,J01M_quinolones,0.0317,,,,0.5363727790814615,https://www.ecdc.europa.eu/en/publications-data/downloadable-tables-antimicrobial-consumption-annual-epidemiological-report-2022
Norway,NOR,2021,community,J01C_penicillins,4.8673,,,,0.5850432423266068,https://www.ecdc.europa.eu/en/publications-data/downloadable-tables-antimicrobial-consumption-annual-epidemiological-report-2022
Norway,NOR,2021,community,J01D_other_beta_lactams,0.047099999999999996,,,,0.5850432423266068,https://www.ecdc.europa.eu/en/publications-data/downloadable-tables-antimicrobial-consumption-annual-epidemiological-report-2022
Norway,NOR,2021,community,J01M_quinolones,0.21530000000000002,,,,0.5850432423266068,https://www.ecdc.europa.eu/en/publications-data/downloadable-tables-antimicrobial-consumption-annual-epidemiological-report-2022
Norway,NOR,2021,hospital,J01C_penicillins,0.5408,,,,0.5850432423266068,https://www.ecdc.europa.eu/en/publications-data/downloadable-tables-antimicrobial-consumption-annual-epidemiological-report-2022
Norway,NOR,2021,hospital,J01DH_carbapenems,0.0236,,,,0.5850432423266068,https://www.ecdc.europa.eu/en/publications-data/downloadable-tables-antimicrobial-consumption-annual-epidemiological-report-2022
Norway,NOR,2021,hospital,J01D_other_beta_lactams,0.24449999999999997,,,,0.5850432423266068,https://www.ecdc.europa.eu/en/publications-data/downloadable-tables-antimicrobial-consumption-annual-epidemiological-report-2022
Norway,NOR,2021,hospital,J01M_quinolones,0.031299999999999994,,,,0.5850432423266068,https://www.ecdc.europa.eu/en/publications-data/downloadable-tables-antimicrobial-consumption-annual-epidemiological-report-2022
Norway,NOR,2022,community,J01C_penicillins,5.8117,,,,0.6492998513650943,https://www.ecdc.europa.eu/en/publications-data/downloadable-tables-antimicrobial-consumption-annual-epidemiological-report-2022
Norway,NOR,2022,community,J01D_other_beta_lactams,0.0477,,,,0.6492998513650943,https://www.ecdc.europa.eu/en/publications-data/downloadable-tables-antimicrobial-consumption-annual-epidemiological-report-2022
Norway,NOR,2022,community,J01M_quinolones,0.21050000000000002,,,,0.6492998513650943,https://www.ecdc.europa.eu/en/publications-data/downloadable-tables-antimicrobial-consumption-annual-epidemiological-report-2022
Norway,NOR,2022,hospital,J01C_penicillins,0.6013000000000001,,,,0.6492998513650943,https://www.ecdc.europa.eu/en/publications-data/downloadable-tables-antimicrobial-consumption-annual-epidemiological-report-2022
Norway,NOR,2022,hospital,J01DH_carbapenems,0.0258,,,,0.6492998513650943,https://www.ecdc.europa.eu/en/publications-data/downloadable-tables-antimicrobial-consumption-annual-epidemiological-report-2022
Norway,NOR,2022,hospital,J01D_other_beta_lactams,0.2625,,,,0.6492998513650943,https://www.ecdc.europa.eu/en/publications-data/downloadable-tables-antimicrobial-consumption-annual-epidemiological-report-2022
Norway,NOR,2022,hospital,J01M_quinolones,0.0337,,,,0.6492998513650943,https://www.ecdc.europa.eu/en/publications-data/downloadable-tables-antimicrobial-consumption-annual-epidemiological-report-2022
Poland,POL,2013,community,J01C_penicillins,6.373700000000001,,,,,https://www.ecdc.europa.eu/en/publications-data/downloadable-tables-antimicrobial-consumption-annual-epidemiological-report-2022
Poland,POL,2013,community,J01D_other_beta_lactams,2.504100000000001,,,,,https://www.ecdc.europa.eu/en/publications-data/downloadable-tables-antimicrobial-consumption-annual-epidemiological-report-2022
Poland,POL,2013,community,J01M_quinolones,1.1767999999999998,,,,,https://www.ecdc.europa.eu/en/publications-data/downloadable-tables-antimicrobial-consumption-annual-epidemiological-report-2022
Poland,POL,2014,community,J01C_penicillins,6.009199999999999,,,,0.2976406533575319,https://www.ecdc.europa.eu/en/publications-data/downloadable-tables-antimicrobial-consumption-annual-epidemiological-report-2022
Poland,POL,2014,community,J01D_other_beta_lactams,2.3716,,,,0.2976406533575319,https://www.ecdc.europa.eu/en/publications-data/downloadable-tables-antimicrobial-consumption-annual-epidemiological-report-2022
Poland,POL,2014,community,J01M_quinolones,1.2062,,,,0.2976406533575319,https://www.ecdc.europa.eu/en/publications-data/downloadable-tables-antimicrobial-consumption-annual-epidemiological-report-2022
Poland,POL,2014,hospital,J01C_penicillins,0.3857999999999999,,,,0.2976406533575319,https://www.ecdc.europa.eu/en/publications-data/downloadable-tables-antimicrobial-consumption-annual-epidemiological-report-2022
Poland,POL,2014,hospital,J01DH_carbapenems,0.019799999999999998,,,,0.2976406533575319,https://www.ecdc.europa.eu/en/publications-data/downloadable-tables-antimicrobial-consumption-annual-epidemiological-report-2022
Poland,POL,2014,hospital,J01D_other_beta_lactams,0.35429999999999995,,,,0.2976406533575319,https://www.ecdc.europa.eu/en/publications-data/downloadable-tables-antimicrobial-consumption-annual-epidemiological-report-2022
Poland,POL,2014,hospital,J01M_quinolones,0.14529999999999998,,,,0.2976406533575319,https://www.ecdc.europa.eu/en/publications-data/downloadable-tables-antimicrobial-consumption-annual-epidemiological-report-2022
Poland,POL,2015,community,J01C_penicillins,7.0609,,,,0.8161737177087233,https://www.ecdc.europa.eu/en/publications-data/downloadable-tables-antimicrobial-consumption-annual-epidemiological-report-2022
Poland,POL,2015,community,J01D_other_beta_lactams,2.8673,,,,0.8161737177087233,https://www.ecdc.europa.eu/en/publications-data/downloadable-tables-antimicrobial-consumption-annual-epidemiological-report-2022
Poland,POL,2015,community,J01M_quinolones,1.3952,,,,0.8161737177087233,https://www.ecdc.europa.eu/en/publications-data/downloadable-tables-antimicrobial-consumption-annual-epidemiological-report-2022
Poland,POL,2015,hospital,J01C_penicillins,0.368,,,,0.8161737177087233,https://www.ecdc.europa.eu/en/publications-data/downloadable-tables-antimicrobial-consumption-annual-epidemiological-report-2022
Poland,POL,2015,hospital,J01DH_carbapenems,0.0149,,,,0.8161737177087233,https://www.ecdc.europa.eu/en/publications-data/downloadable-tables-antimicrobial-consumption-annual-epidemiological-report-2022
Poland,POL,2015,hospital,J01D_other_beta_lactams,0.33340000000000003,,,,0.8161737177087233,https://www.ecdc.europa.eu/en/publications-data/downloadable-tables-antimicrobial-consumption-annual-epidemiological-report-2022
Poland,POL,2015,hospital,J01M_quinolones,0.14669999999999997,,,,0.8161737177087233,https://www.ecdc.europa.eu/en/publications-data/downloadable-tables-antimicrobial-consumption-annual-epidemiological-report-2022
Poland,POL,2016,community,J01C_penicillins,6.8216,,,,1.0659978052986365,https://www.ecdc.europa.eu/en/publications-data/downloadable-tables-antimicrobial-consumption-annual-epidemiological-report-2022
Poland,POL,2016,community,J01D_other_beta_lactams,2.7539,,,,1.0659978052986365,https://www.ecdc.europa.eu/en/publications-data/downloadable-tables-antimicrobial-consumption-annual-epidemiological-report-2022
Poland,POL,2016,community,J01M_quinolones,1.4222,,,,1.0659978052986365,https://www.ecdc.europa.eu/en/publications-data/downloadable-tables-antimicrobial-consumption-annual-epidemiological-report-2022
Poland,POL,2016,hospital,J01C_penicillins,0.3654,,,,1.0659978052986365,https://www.ecdc.europa.eu/en/publications-data/downloadable-tables-antimicrobial-consumption-annual-epidemiological-report-2022
Poland,POL,2016,hospital,J01DH_carbapenems,0.017,,,,1.0659978052986365,https://www.ecdc.europa.eu/en/publications-data/downloadable-tables-antimicrobial-consumption-annual-epidemiological-report-2022
Poland,POL,2016,hospital,J01D_other_beta_lactams,0.44270000000000004,,,,1.0659978052986365,https://www.ecdc.europa.eu/en/publications-data/downloadable-tables-antimicrobial-consumption-annual-epidemiological-report-2022
Poland,POL,2016,hospital,J01M_quinolones,0.198,,,,1.0659978052986365,https://www.ecdc.europa.eu/en/publications-data/downloadable-tables-antimicrobial-consumption-annual-epidemiological-report-2022
Poland,POL,2017,community,J01C_penicillins,6.632000000000001,,,,0.7896323086196505,https://www.ecdc.europa.eu/en/publications-data/downloadable-tables-antimicrobial-consumption-annual-epidemiological-report-2022
Poland,POL,2017,community,J01D_other_beta_lactams,3.9907,,,,0.7896323086196505,https://www.ecdc.europa.eu/en/publications-data/downloadable-tables-antimicrobial-consumption-annual-epidemiological-report-2022
Poland,POL,2017,community,J01M_quinolones,1.4911,,,,0.7896323086196505,https://www.ecdc.europa.eu/en/publications-data/downloadable-tables-antimicrobial-consumption-annual-epidemiological-report-2022
Poland,POL,2017,hospital,J01C_penicillins,0.38270000000000004,,,,0.7896323086196505,https://www.ecdc.europa.eu/en/publications-data/downloadable-tables-antimicrobial-consumption-annual-epidemiological-report-2022
Poland,POL,2017,hospital,J01DH_carbapenems,0.023,,,,0.7896323086196505,https://www.ecdc.europa.eu/en/publications-data/downloadable-tables-antimicrobial-consumption-annual-epidemiological-report-2022
Poland,POL,2017,hospital,J01D_other_beta_lactams,0.6406999999999999,,,,0.7896323086196505,https://www.ecdc.europa.eu/en/publications-data/downloadable-tables-antimicrobial-consumption-annual-epidemiological-report-2022
Poland,POL,2017,hospital,J01M_quinolones,0.17020000000000002,,,,0.7896323086196505,https://www.ecdc.europa.eu/en/publications-data/downloadable-tables-antimicrobial-consumption-annual-epidemiological-report-2022
Poland,POL,2018,community,J01C_penicillins,6.7631,,,,1.6186284253869099,https://www.ecdc.europa.eu/en/publications-data/downloadable-tables-antimicrobial-consumption-annual-epidemiological-report-2022
Poland,POL,2018,community,J01D_other_beta_lactams,3.0103999999999997,,,,1.6186284253869099,https://www.ecdc.europa.eu/en/publications-data/downloadable-tables-antimicrobial-consumption-annual-epidemiological-report-2022
Poland,POL,2018,community,J01M_quinolones,1.4793999999999998,,,,1.6186284253869099,https://www.ecdc.europa.eu/en/publications-data/downloadable-tables-antimicrobial-consumption-annual-epidemiological-report-2022
Poland,POL,2018,hospital,J01C_penicillins,0.3091,,,,1.6186284253869099,https://www.ecdc.europa.eu/en/publications-data/downloadable-tables-antimicrobial-consumption-annual-epidemiological-report-2022
Poland,POL,2018,hospital,J01DH_carbapenems,0.0257,,,,1.6186284253869099,https://www.ecdc.europa.eu/en/publications-data/downloadable-tables-antimicrobial-consumption-annual-epidemiological-report-2022
Poland,POL,2018,hospital,J01D_other_beta_lactams,0.44159999999999994,,,,1.6186284253869099,https://www.ecdc.europa.eu/en/publications-data/downloadable-tables-antimicrobial-consumption-annual-epidemiological-report-2022
Poland,POL,2018,hospital,J01M_quinolones,0.17980000000000002,,,,1.6186284253869099,https://www.ecdc.europa.eu/en/publications-data/downloadable-tables-antimicrobial-consumption-annual-epidemiological-report-2022
Poland,POL,2019,community,J01C_penicillins,6.4001,,,,1.1029663629512918,https://www.ecdc.europa.eu/en/publications-data/downloadable-tables-antimicrobial-consumption-annual-epidemiological-report-2022
Poland,POL,2019,community,J01D_other_beta_lactams,3.512,,,,1.1029663629512918,https://www.ecdc.europa.eu/en/publications-data/downloadable-tables-antimicrobial-consumption-annual-epidemiological-report-2022
Poland,POL,2019,community,J01M_quinolones,1.3528000000000002,,,,1.1029663629512918,https://www.ecdc.europa.eu/en/publications-data/downloadable-tables-antimicrobial-consumption-annual-epidemiological-report-2022
Poland,POL,2019,hospital,J01C_penicillins,0.2896,,,,1.1029663629512918,https://www.ecdc.europa.eu/en/publications-data/downloadable-tables-antimicrobial-consumption-annual-epidemiological-report-2022
Poland,POL,2019,hospital,J01DH_carbapenems,0.031,,,,1.1029663629512918,https://www.ecdc.europa.eu/en/publications-data/downloadable-tables-antimicrobial-consumption-annual-epidemiological-report-2022
Poland,POL,2019,hospital,J01D_other_beta_lactams,0.5526,,,,1.1029663629512918,https://www.ecdc.europa.eu/en/publications-data/downloadable-tables-antimicrobial-consumption-annual-epidemiological-report-2022
Poland,POL,2019,hospital,J01M_quinolones,0.16399999999999998,,,,1.1029663629512918,https://www.ecdc.europa.eu/en/publications-data/downloadable-tables-antimicrobial-consumption-annual-epidemiological-report-2022
Poland,POL,2020,community,J01C_penicillins,4.4201,,,,1.3536866359447006,https://www.ecdc.europa.eu/en/publications-data/downloadable-tables-antimicrobial-consumption-annual-epidemiological-report-2022
Poland,POL,2020,community,J01D_other_beta_lactams,2.3234,,,,1.3536866359447006,https://www.ecdc.europa.eu/en/publications-data/downloadable-tables-antimicrobial-consumption-annual-epidemiological-report-2022
Poland,POL,2020,community,J01M_quinolones,1.1473999999999998,,,,1.3536866359447006,https://www.ecdc.europa.eu/en/publications-data/downloadable-tables-antimicrobial-consumption-annual-epidemiological-report-2022
Poland,POL,2020,hospital,J01C_penicillins,0.23000000000000004,,,,1.3536866359447006,https://www.ecdc.europa.eu/en/publications-data/downloadable-tables-antimicrobial-consumption-annual-epidemiological-report-2022
Poland,POL,2020,hospital,J01DH_carbapenems,0.0361,,,,1.3536866359447006,https://www.ecdc.europa.eu/en/publications-data/downloadable-tables-antimicrobial-consumption-annual-epidemiological-report-2022
Poland,POL,2020,hospital,J01D_other_beta_lactams,0.5303,,,,1.3536866359447006,https://www.ecdc.europa.eu/en/publications-data/downloadable-tables-antimicrobial-consumption-annual-epidemiological-report-2022
Poland,POL,2020,hospital,J01M_quinolones,0.1482,,,,1.3536866359447006,https://www.ecdc.europa.eu/en/publications-data/downloadable-tables-antimicrobial-consumption-annual-epidemiological-report-2022
Poland,POL,2021,community,J01C_penicillins,5.2201,,,,1.695154682864812,https://www.ecdc.europa.eu/en/publications-data/downloadable-tables-antimicrobial-consumption-annual-epidemiological-report-2022
Poland,POL,2021,community,J01D_other_beta_lactams,2.2580999999999998,,,,1.695154682864812,https://www.ecdc.europa.eu/en/publications-data/downloadable-tables-antimicrobial-consumption-annual-epidemiological-report-2022
Poland,POL,2021,community,J01M_quinolones,1.2671000000000001,,,,1.695154682864812,https://www.ecdc.europa.eu/en/publications-data/downloadable-tables-antimicrobial-consumption-annual-epidemiological-report-2022
Poland,POL,2021,hospital,J01C_penicillins,0.2333,,,,1.695154682864812,https://www.ecdc.europa.eu/en/publications-data/downloadable-tables-antimicrobial-consumption-annual-epidemiological-report-2022
Poland,POL,2021,hospital,J01DH_carbapenems,0.0429,,,,1.695154682864812,https://www.ecdc.europa.eu/en/publications-data/downloadable-tables-antimicrobial-consumption-annual-epidemiological-report-2022
Poland,POL,2021,hospital,J01D_other_beta_lactams,0.5428,,,,1.695154682864812,https://www.ecdc.europa.eu/en/publications-data/downloadable-tables-antimicrobial-consumption-annual-epidemiological-report-2022
Poland,POL,2021,hospital,J01M_quinolones,0.15919999999999998,,,,1.695154682864812,https://www.ecdc.europa.eu/en/publications-data/downloadable-tables-antimicrobial-consumption-annual-epidemiological-report-2022
Poland,POL,2022,community,J01C_penicillins,6.9461,,,,2.0336448598130854,https://www.ecdc.europa.eu/en/publications-data/downloadable-tables-antimicrobial-consumption-annual-epidemiological-report-2022
Poland,POL,2022,community,J01D_other_beta_lactams,2.9875,,,,2.0336448598130854,https://www.ecdc.europa.eu/en/publications-data/downloadable-tables-antimicrobial-consumption-annual-epidemiological-report-2022
Poland,POL,2022,community,J01M_quinolones,1.3206000000000002,,,,2.0336448598130854,https://www.ecdc.europa.eu/en/publications-data/downloadable-tables-antimicrobial-consumption-annual-epidemiological-report-2022
Poland,POL,2022,hospital,J01C_penicillins,0.26930000000000004,,,,2.0336448598130854,https://www.ecdc.europa.eu/en/publications-data/downloadable-tables-antimicrobial-consumption-annual-epidemiological-report-2022
Poland,POL,2022,hospital,J01DH_carbapenems,0.0259,,,,2.0336448598130854,https://www.ecdc.europa.eu/en/publications-data/downloadable-tables-antimicrobial-consumption-annual-epidemiological-report-2022
Poland,POL,2022,hospital,J01D_other_beta_lactams,0.4763,,,,2.0336448598130854,https://www.ecdc.europa.eu/en/publications-data/downloadable-tables-antimicrobial-consumption-annual-epidemiological-report-2022
Poland,POL,2022,hospital,J01M_quinolones,0.14880000000000002,,,,2.0336448598130854,https://www.ecdc.europa.eu/en/publications-data/downloadable-tables-antimicrobial-consumption-annual-epidemiological-report-2022
Portugal,PRT,2013,community,J01C_penicillins,7.5527,,,,3.067800979633927,https://www.ecdc.europa.eu/en/publications-data/downloadable-tables-antimicrobial-consumption-annual-epidemiological-report-2022
Portugal,PRT,2013,community,J01D_other_beta_lactams,1.425,,,,3.067800979633927,https://www.ecdc.europa.eu/en/publications-data/downloadable-tables-antimicrobial-consumption-annual-epidemiological-report-2022
Portugal,PRT,2013,community,J01M_quinolones,2.1809,,,,3.067800979633927,https://www.ecdc.europa.eu/en/publications-data/downloadable-tables-antimicrobial-consumption-annual-epidemiological-report-2022
Portugal,PRT,2013,hospital,J01C_penicillins,0.4644,,,,3.067800979633927,https://www.ecdc.europa.eu/en/publications-data/downloadable-tables-antimicrobial-consumption-annual-epidemiological-report-2022
Portugal,PRT,2013,hospital,J01DH_carbapenems,0.1131,,,,3.067800979633927,https://www.ecdc.europa.eu/en/publications-data/downloadable-tables-antimicrobial-consumption-annual-epidemiological-report-2022
Portugal,PRT,2013,hospital,J01D_other_beta_lactams,0.40909999999999996,,,,3.067800979633927,https://www.ecdc.europa.eu/en/publications-data/downloadable-tables-antimicrobial-consumption-annual-epidemiological-report-2022
Portugal,PRT,2013,hospital,J01M_quinolones,0.1612,,,,3.067800979633927,https://www.ecdc.europa.eu/en/publications-data/downloadable-tables-antimicrobial-consumption-annual-epidemiological-report-2022
Portugal,PRT,2014,community,J01C_penicillins,7.8871,,,,3.2123573234912177,https://www.ecdc.europa.eu/en/publications-data/downloadable-tables-antimicrobial-consumption-annual-epidemiological-report-2022
Portugal,PRT,2014,community,J01D_other_beta_lactams,1.4386,,,,3.2123573234912177,https://www.ecdc.europa.eu/en/publications-data/downloadable-tables-antimicrobial-consumption-annual-epidemiological-report-2022
Portugal,PRT,2014,community,J01M_quinolones,2.1177,,,,3.2123573234912177,https://www.ecdc.europa.eu/en/publications-data/downloadable-tables-antimicrobial-consumption-annual-epidemiological-report-2022
Portugal,PRT,2014,hospital,J01C_penicillins,0.45170000000000005,,,,3.2123573234912177,https://www.ecdc.europa.eu/en/publications-data/downloadable-tables-antimicrobial-consumption-annual-epidemiological-report-2022
Portugal,PRT,2014,hospital,J01DH_carbapenems,0.1056,,,,3.2123573234912177,https://www.ecdc.europa.eu/en/publications-data/downloadable-tables-antimicrobial-consumption-annual-epidemiological-report-2022
Portugal,PRT,2014,hospital,J01D_other_beta_lactams,0.40190000000000003,,,,3.2123573234912177,https://www.ecdc.europa.eu/en/publications-data/downloadable-tables-antimicrobial-consumption-annual-epidemiological-report-2022
Portugal,PRT,2014,hospital,J01M_quinolones,0.14760000000000004,,,,3.2123573234912177,https://www.ecdc.europa.eu/en/publications-data/downloadable-tables-antimicrobial-consumption-annual-epidemiological-report-2022
Portugal,PRT,2015,community,J01C_penicillins,8.2841,,,,3.6170498857066016,https://www.ecdc.europa.eu/en/publications-data/downloadable-tables-antimicrobial-consumption-annual-epidemiological-report-2022
Portugal,PRT,2015,community,J01D_other_beta_lactams,1.5581000000000003,,,,3.6170498857066016,https://www.ecdc.europa.eu/en/publications-data/downloadable-tables-antimicrobial-consumption-annual-epidemiological-report-2022
Portugal,PRT,2015,community,J01M_quinolones,2.0469999999999997,,,,3.6170498857066016,https://www.ecdc.europa.eu/en/publications-data/downloadable-tables-antimicrobial-consumption-annual-epidemiological-report-2022
Portugal,PRT,2015,hospital,J01C_penicillins,0.4725,,,,3.6170498857066016,https://www.ecdc.europa.eu/en/publications-data/downloadable-tables-antimicrobial-consumption-annual-epidemiological-report-2022
Portugal,PRT,2015,hospital,J01DH_carbapenems,0.1002,,,,3.6170498857066016,https://www.ecdc.europa.eu/en/publications-data/downloadable-tables-antimicrobial-consumption-annual-epidemiological-report-2022
Portugal,PRT,2015,hospital,J01D_other_beta_lactams,0.40299999999999997,,,,3.6170498857066016,https://www.ecdc.europa.eu/en/publications-data/downloadable-tables-antimicrobial-consumption-annual-epidemiological-report-2022
Portugal,PRT,2015,hospital,J01M_quinolones,0.1363,,,,3.6170498857066016,https://www.ecdc.europa.eu/en/publications-data/downloadable-tables-antimicrobial-consumption-annual-epidemiological-report-2022
Portugal,PRT,2016,community,J01C_penicillins,8.616100000000001,,,,3.6693575288544937,https://www.ecdc.europa.eu/en/publications-data/downloadable-tables-antimicrobial-consumption-annual-epidemiological-report-2022
Portugal,PRT,2016,community,J01D_other_beta_lactams,1.5443999999999998,,,,3.6693575288544937,https://www.ecdc.europa.eu/en/publications-data/downloadable-tables-antimicrobial-consumption-annual-epidemiological-report-2022
Portugal,PRT,2016,community,J01M_quinolones,1.916,,,,3.6693575288544937,https://www.ecdc.europa.eu/en/publications-data/downloadable-tables-antimicrobial-consumption-annual-epidemiological-report-2022
Portugal,PRT,2016,hospital,J01C_penicillins,0.4904,,,,3.6693575288544937,https://www.ecdc.europa.eu/en/publications-data/downloadable-tables-antimicrobial-consumption-annual-epidemiological-report-2022
Portugal,PRT,2016,hospital,J01DH_carbapenems,0.0924,,,,3.6693575288544937,https://www.ecdc.europa.eu/en/publications-data/downloadable-tables-antimicrobial-consumption-annual-epidemiological-report-2022
Portugal,PRT,2016,hospital,J01D_other_beta_lactams,0.40380000000000005,,,,3.6693575288544937,https://www.ecdc.europa.eu/en/publications-data/downloadable-tables-antimicrobial-consumption-annual-epidemiological-report-2022
Portugal,PRT,2016,hospital,J01M_quinolones,0.12660000000000002,,,,3.6693575288544937,https://www.ecdc.europa.eu/en/publications-data/downloadable-tables-antimicrobial-consumption-annual-epidemiological-report-2022
Portugal,PRT,2017,community,J01C_penicillins,8.665999999999999,,,,3.9138023630504843,https://www.ecdc.europa.eu/en/publications-data/downloadable-tables-antimicrobial-consumption-annual-epidemiological-report-2022
Portugal,PRT,2017,community,J01D_other_beta_lactams,1.6406,,,,3.9138023630504843,https://www.ecdc.europa.eu/en/publications-data/downloadable-tables-antimicrobial-consumption-annual-epidemiological-report-2022
Portugal,PRT,2017,community,J01M_quinolones,1.7457,,,,3.9138023630504843,https://www.ecdc.europa.eu/en/publications-data/downloadable-tables-antimicrobial-consumption-annual-epidemiological-report-2022
Portugal,PRT,2017,hospital,J01C_penicillins,0.46979999999999994,,,,3.9138023630504843,https://www.ecdc.europa.eu/en/publications-data/downloadable-tables-antimicrobial-consumption-annual-epidemiological-report-2022
Portugal,PRT,2017,hospital,J01DH_carbapenems,0.0828,,,,3.9138023630504843,https://www.ecdc.europa.eu/en/publications-data/downloadable-tables-antimicrobial-consumption-annual-epidemiological-report-2022
Portugal,PRT,2017,hospital,J01D_other_beta_lactams,0.39640000000000003,,,,3.9138023630504843,https://www.ecdc.europa.eu/en/publications-data/downloadable-tables-antimicrobial-consumption-annual-epidemiological-report-2022
Portugal,PRT,2017,hospital,J01M_quinolones,0.1121,,,,3.9138023630504843,https://www.ecdc.europa.eu/en/publications-data/downloadable-tables-antimicrobial-consumption-annual-epidemiological-report-2022
Portugal,PRT,2018,community,J01C_penicillins,9.2202,,,,4.363787490475862,https://www.ecdc.europa.eu/en/publications-data/downloadable-tables-antimicrobial-consumption-annual-epidemiological-report-2022
Portugal,PRT,2018,community,J01D_other_beta_lactams,1.6223,,,,4.363787490475862,https://www.ecdc.europa.eu/en/publications-data/downloadable-tables-antimicrobial-consumption-annual-epidemiological-report-2022
Portugal,PRT,2018,community,J01M_quinolones,1.7106,,,,4.363787490475862,https://www.ecdc.europa.eu/en/publications-data/downloadable-tables-antimicrobial-consumption-annual-epidemiological-report-2022
Portugal,PRT,2018,hospital,J01C_penicillins,0.49229999999999996,,,,4.363787490475862,https://www.ecdc.europa.eu/en/publications-data/downloadable-tables-antimicrobial-consumption-annual-epidemiological-report-2022
Portugal,PRT,2018,hospital,J01DH_carbapenems,0.08099999999999999,,,,4.363787490475862,https://www.ecdc.europa.eu/en/publications-data/downloadable-tables-antimicrobial-consumption-annual-epidemiological-report-2022
Portugal,PRT,2018,hospital,J01D_other_beta_lactams,0.3907,,,,4.363787490475862,https://www.ecdc.europa.eu/en/publications-data/downloadable-tables-antimicrobial-consumption-annual-epidemiological-report-2022
Portugal,PRT,2018,hospital,J01M_quinolones,0.1092,,,,4.363787490475862,https://www.ecdc.europa.eu/en/publications-data/downloadable-tables-antimicrobial-consumption-annual-epidemiological-report-2022
Portugal,PRT,2019,community,J01C_penicillins,9.0673,,,,4.908612572694544,https://www.ecdc.europa.eu/en/publications-data/downloadable-tables-antimicrobial-consumption-annual-epidemiological-report-2022
Portugal,PRT,2019,community,J01D_other_beta_lactams,1.6446,,,,4.908612572694544,https://www.ecdc.europa.eu/en/publications-data/downloadable-tables-antimicrobial-consumption-annual-epidemiological-report-2022
Portugal,PRT,2019,community,J01M_quinolones,1.5406,,,,4.908612572694544,https://www.ecdc.europa.eu/en/publications-data/downloadable-tables-antimicrobial-consumption-annual-epidemiological-report-2022
Portugal,PRT,2019,hospital,J01C_penicillins,0.4995,,,,4.908612572694544,https://www.ecdc.europa.eu/en/publications-data/downloadable-tables-antimicrobial-consumption-annual-epidemiological-report-2022
Portugal,PRT,2019,hospital,J01DH_carbapenems,0.0753,,,,4.908612572694544,https://www.ecdc.europa.eu/en/publications-data/downloadable-tables-antimicrobial-consumption-annual-epidemiological-report-2022
Portugal,PRT,2019,hospital,J01D_other_beta_lactams,0.39430000000000004,,,,4.908612572694544,https://www.ecdc.europa.eu/en/publications-data/downloadable-tables-antimicrobial-consumption-annual-epidemiological-report-2022
Portugal,PRT,2019,hospital,J01M_quinolones,0.0966,,,,4.908612572694544,https://www.ecdc.europa.eu/en/publications-data/downloadable-tables-antimicrobial-consumption-annual-epidemiological-report-2022
Portugal,PRT,2020,community,J01C_penicillins,6.683299999999999,,,,5.376057557790954,https://www.ecdc.europa.eu/en/publications-data/downloadable-tables-antimicrobial-consumption-annual-epidemiological-report-2022
Portugal,PRT,2020,community,J01D_other_beta_lactams,1.3554,,,,5.376057557790954,https://www.ecdc.europa.eu/en/publications-data/downloadable-tables-antimicrobial-consumption-annual-epidemiological-report-2022
Portugal,PRT,2020,community,J01M_quinolones,1.208,,,,5.376057557790954,https://www.ecdc.europa.eu/en/publications-data/downloadable-tables-antimicrobial-consumption-annual-epidemiological-report-2022
Portugal,PRT,2020,hospital,J01C_penicillins,0.5083,,,,5.376057557790954,https://www.ecdc.europa.eu/en/publications-data/downloadable-tables-antimicrobial-consumption-annual-epidemiological-report-2022
Portugal,PRT,2020,hospital,J01DH_carbapenems,0.0812,,,,5.376057557790954,https://www.ecdc.europa.eu/en/publications-data/downloadable-tables-antimicrobial-consumption-annual-epidemiological-report-2022
Portugal,PRT,2020,hospital,J01D_other_beta_lactams,0.42269999999999996,,,,5.376057557790954,https://www.ecdc.europa.eu/en/publications-data/downloadable-tables-antimicrobial-consumption-annual-epidemiological-report-2022
Portugal,PRT,2020,hospital,J01M_quinolones,0.0874,,,,5.376057557790954,https://www.ecdc.europa.eu/en/publications-data/downloadable-tables-antimicrobial-consumption-annual-epidemiological-report-2022
Portugal,PRT,2021,community,J01C_penicillins,6.5873,,,,5.402855525504748,https://www.ecdc.europa.eu/en/publications-data/downloadable-tables-antimicrobial-consumption-annual-epidemiological-report-2022
Portugal,PRT,2021,community,J01D_other_beta_lactams,1.4492,,,,5.402855525504748,https://www.ecdc.europa.eu/en/publications-data/downloadable-tables-antimicrobial-consumption-annual-epidemiological-report-2022
Portugal,PRT,2021,community,J01M_quinolones,1.1724,,,,5.402855525504748,https://www.ecdc.europa.eu/en/publications-data/downloadable-tables-antimicrobial-consumption-annual-epidemiological-report-2022
Portugal,PRT,2021,hospital,J01C_penicillins,0.5455,,,,5.402855525504748,https://www.ecdc.europa.eu/en/publications-data/downloadable-tables-antimicrobial-consumption-annual-epidemiological-report-2022
Portugal,PRT,2021,hospital,J01DH_carbapenems,0.0895,,,,5.402855525504748,https://www.ecdc.europa.eu/en/publications-data/downloadable-tables-antimicrobial-consumption-annual-epidemiological-report-2022
Portugal,PRT,2021,hospital,J01D_other_beta_lactams,0.4735,,,,5.402855525504748,https://www.ecdc.europa.eu/en/publications-data/downloadable-tables-antimicrobial-consumption-annual-epidemiological-report-2022
Portugal,PRT,2021,hospital,J01M_quinolones,0.0851,,,,5.402855525504748,https://www.ecdc.europa.eu/en/publications-data/downloadable-tables-antimicrobial-consumption-annual-epidemiological-report-2022
Portugal,PRT,2022,community,J01C_penicillins,8.6114,,,,5.032723990069962,https://www.ecdc.europa.eu/en/publications-data/downloadable-tables-antimicrobial-consumption-annual-epidemiological-report-2022
Portugal,PRT,2022,community,J01D_other_beta_lactams,1.7698,,,,5.032723990069962,https://www.ecdc.europa.eu/en/publications-data/downloadable-tables-antimicrobial-consumption-annual-epidemiological-report-2022
Portugal,PRT,2022,community,J01M_quinolones,1.2973,,,,5.032723990069962,https://www.ecdc.europa.eu/en/publications-data/downloadable-tables-antimicrobial-consumption-annual-epidemiological-report-2022
Portugal,PRT,2022,hospital,J01C_penicillins,0.592,,,,5.032723990069962,https://www.ecdc.europa.eu/en/publications-data/downloadable-tables-antimicrobial-consumption-annual-epidemiological-report-2022
Portugal,PRT,2022,hospital,J01DH_carbapenems,0.0923,,,,5.032723990069962,https://www.ecdc.europa.eu/en/publications-data/downloadable-tables-antimicrobial-consumption-annual-epidemiological-report-2022
Portugal,PRT,2022,hospital,J01D_other_beta_lactams,0.48739999999999994,,,,5.032723990069962,https://www.ecdc.europa.eu/en/publications-data/downloadable-tables-antimicrobial-consumption-annual-epidemiological-report-2022
Portugal,PRT,2022,hospital,J01M_quinolones,0.08360000000000001,,,,5.032723990069962,https://www.ecdc.europa.eu/en/publications-data/downloadable-tables-antimicrobial-consumption-annual-epidemiological-report-2022
Romania,ROU,2019,community,J01C_penicillins,11.328899999999999,,,,2.9836381135707413,https://www.ecdc.europa.eu/en/publications-data/downloadable-tables-antimicrobial-consumption-annual-epidemiological-report-2022
Romania,ROU,2019,community,J01D_other_beta_lactams,4.5764,,,,2.9836381135707413,https://www.ecdc.europa.eu/en/publications-data/downloadable-tables-antimicrobial-consumption-annual-epidemiological-report-2022
Romania,ROU,2019,community,J01M_quinolones,3.1167,,,,2.9836381135707413,https://www.ecdc.europa.eu/en/publications-data/downloadable-tables-antimicrobial-consumption-annual-epidemiological-report-2022
Romania,ROU,2019,hospital,J01C_penicillins,0.2949,,,,2.9836381135707413,https://www.ecdc.europa.eu/en/publications-data/downloadable-tables-antimicrobial-consumption-annual-epidemiological-report-2022
Romania,ROU,2019,hospital,J01DH_carbapenems,0.0723,,,,2.9836381135707413,https://www.ecdc.europa.eu/en/publications-data/downloadable-tables-antimicrobial-consumption-annual-epidemiological-report-2022
Romania,ROU,2019,hospital,J01D_other_beta_lactams,0.8130000000000002,,,,2.9836381135707413,https://www.ecdc.europa.eu/en/publications-data/downloadable-tables-antimicrobial-consumption-annual-epidemiological-report-2022
Romania,ROU,2019,hospital,J01M_quinolones,0.20400000000000001,,,,2.9836381135707413,https://www.ecdc.europa.eu/en/publications-data/downloadable-tables-antimicrobial-consumption-annual-epidemiological-report-2022
Romania,ROU,2020,community,J01C_penicillins,10.460400000000002,,,,2.5306173456635843,https://www.ecdc.europa.eu/en/publications-data/downloadable-tables-antimicrobial-consumption-annual-epidemiological-report-2022
Romania,ROU,2020,community,J01D_other_beta_lactams,3.8577000000000004,,,,2.5306173456635843,https://www.ecdc.europa.eu/en/publications-data/downloadable-tables-antimicrobial-consumption-annual-epidemiological-report-2022
Romania,ROU,2020,community,J01M_quinolones,2.9576000000000002,,,,2.5306173456635843,https://www.ecdc.europa.eu/en/publications-data/downloadable-tables-antimicrobial-consumption-annual-epidemiological-report-2022
Romania,ROU,2020,hospital,J01C_penicillins,0.1899,,,,2.5306173456635843,https://www.ecdc.europa.eu/en/publications-data/downloadable-tables-antimicrobial-consumption-annual-epidemiological-report-2022
Romania,ROU,2020,hospital,J01DH_carbapenems,0.0878,,,,2.5306173456635843,https://www.ecdc.europa.eu/en/publications-data/downloadable-tables-antimicrobial-consumption-annual-epidemiological-report-2022
Romania,ROU,2020,hospital,J01D_other_beta_lactams,0.6370000000000001,,,,2.5306173456635843,https://www.ecdc.europa.eu/en/publications-data/downloadable-tables-antimicrobial-consumption-annual-epidemiological-report-2022
Romania,ROU,2020,hospital,J01M_quinolones,0.16699999999999998,,,,2.5306173456635843,https://www.ecdc.europa.eu/en/publications-data/downloadable-tables-antimicrobial-consumption-annual-epidemiological-report-2022
Romania,ROU,2021,community,J01C_penicillins,10.555100000000003,,,,3.465250340047931,https://www.ecdc.europa.eu/en/publications-data/downloadable-tables-antimicrobial-consumption-annual-epidemiological-report-2022
Romania,ROU,2021,community,J01D_other_beta_lactams,3.9299999999999997,,,,3.465250340047931,https://www.ecdc.europa.eu/en/publications-data/downloadable-tables-antimicrobial-consumption-annual-epidemiological-report-2022
Romania,ROU,2021,community,J01M_quinolones,3.1725999999999996,,,,3.465250340047931,https://www.ecdc.europa.eu/en/publications-data/downloadable-tables-antimicrobial-consumption-annual-epidemiological-report-2022
Romania,ROU,2021,hospital,J01C_penicillins,0.1779,,,,3.465250340047931,https://www.ecdc.europa.eu/en/publications-data/downloadable-tables-antimicrobial-consumption-annual-epidemiological-report-2022
Romania,ROU,2021,hospital,J01DH_carbapenems,0.1112,,,,3.465250340047931,https://www.ecdc.europa.eu/en/publications-data/downloadable-tables-antimicrobial-consumption-annual-epidemiological-report-2022
Romania,ROU,2021,hospital,J01D_other_beta_lactams,0.7225,,,,3.465250340047931,https://www.ecdc.europa.eu/en/publications-data/downloadable-tables-antimicrobial-consumption-annual-epidemiological-report-2022
Romania,ROU,2021,hospital,J01M_quinolones,0.15849999999999997,,,,3.465250340047931,https://www.ecdc.europa.eu/en/publications-data/downloadable-tables-antimicrobial-consumption-annual-epidemiological-report-2022
Romania,ROU,2022,community,J01C_penicillins,11.5805,,,,3.4717452388385883,https://www.ecdc.europa.eu/en/publications-data/downloadable-tables-antimicrobial-consumption-annual-epidemiological-report-2022
Romania,ROU,2022,community,J01D_other_beta_lactams,4.3500000000000005,,,,3.4717452388385883,https://www.ecdc.europa.eu/en/publications-data/downloadable-tables-antimicrobial-consumption-annual-epidemiological-report-2022
Romania,ROU,2022,community,J01M_quinolones,3.3006,,,,3.4717452388385883,https://www.ecdc.europa.eu/en/publications-data/downloadable-tables-antimicrobial-consumption-annual-epidemiological-report-2022
Romania,ROU,2022,hospital,J01C_penicillins,0.20210000000000006,,,,3.4717452388385883,https://www.ecdc.europa.eu/en/publications-data/downloadable-tables-antimicrobial-consumption-annual-epidemiological-report-2022
Romania,ROU,2022,hospital,J01DH_carbapenems,0.0877,,,,3.4717452388385883,https://www.ecdc.europa.eu/en/publications-data/downloadable-tables-antimicrobial-consumption-annual-epidemiological-report-2022
Romania,ROU,2022,hospital,J01D_other_beta_lactams,0.682,,,,3.4717452388385883,https://www.ecdc.europa.eu/en/publications-data/downloadable-tables-antimicrobial-consumption-annual-epidemiological-report-2022
Romania,ROU,2022,hospital,J01M_quinolones,0.1757,,,,3.4717452388385883,https://www.ecdc.europa.eu/en/publications-data/downloadable-tables-antimicrobial-consumption-annual-epidemiological-report-2022
Slovakia,SVK,2013,community,J01C_penicillins,6.525,,,,0.7938452491792031,https://www.ecdc.europa.eu/en/publications-data/downloadable-tables-antimicrobial-consumption-annual-epidemiological-report-2022
Slovakia,SVK,2013,community,J01D_other_beta_lactams,4.5112,,,,0.7938452491792031,https://www.ecdc.europa.eu/en/publications-data/downloadable-tables-antimicrobial-consumption-annual-epidemiological-report-2022
Slovakia,SVK,2013,community,J01M_quinolones,2.1776999999999997,,,,0.7938452491792031,https://www.ecdc.europa.eu/en/publications-data/downloadable-tables-antimicrobial-consumption-annual-epidemiological-report-2022
Slovakia,SVK,2013,hospital,J01C_penicillins,0.6077999999999999,,,,0.7938452491792031,https://www.ecdc.europa.eu/en/publications-data/downloadable-tables-antimicrobial-consumption-annual-epidemiological-report-2022
Slovakia,SVK,2013,hospital,J01DH_carbapenems,0.024999999999999998,,,,0.7938452491792031,https://www.ecdc.europa.eu/en/publications-data/downloadable-tables-antimicrobial-consumption-annual-epidemiological-report-2022
Slovakia,SVK,2013,hospital,J01D_other_beta_lactams,0.6386,,,,0.7938452491792031,https://www.ecdc.europa.eu/en/publications-data/downloadable-tables-antimicrobial-consumption-annual-epidemiological-report-2022
Slovakia,SVK,2013,hospital,J01M_quinolones,0.2718,,,,0.7938452491792031,https://www.ecdc.europa.eu/en/publications-data/downloadable-tables-antimicrobial-consumption-annual-epidemiological-report-2022
Slovakia,SVK,2014,community,J01C_penicillins,6.173300000000001,,,,0.8019451435396492,https://www.ecdc.europa.eu/en/publications-data/downloadable-tables-antimicrobial-consumption-annual-epidemiological-report-2022
Slovakia,SVK,2014,community,J01D_other_beta_lactams,4.3651,,,,0.8019451435396492,https://www.ecdc.europa.eu/en/publications-data/downloadable-tables-antimicrobial-consumption-annual-epidemiological-report-2022
Slovakia,SVK,2014,community,J01M_quinolones,0.6261,,,,0.8019451435396492,https://www.ecdc.europa.eu/en/publications-data/downloadable-tables-antimicrobial-consumption-annual-epidemiological-report-2022
Slovakia,SVK,2014,hospital,J01C_penicillins,0.7778,,,,0.8019451435396492,https://www.ecdc.europa.eu/en/publications-data/downloadable-tables-antimicrobial-consumption-annual-epidemiological-report-2022
Slovakia,SVK,2014,hospital,J01DH_carbapenems,0.0299,,,,0.8019451435396492,https://www.ecdc.europa.eu/en/publications-data/downloadable-tables-antimicrobial-consumption-annual-epidemiological-report-2022
Slovakia,SVK,2014,hospital,J01D_other_beta_lactams,0.6872999999999999,,,,0.8019451435396492,https://www.ecdc.europa.eu/en/publications-data/downloadable-tables-antimicrobial-consumption-annual-epidemiological-report-2022
Slovakia,SVK,2014,hospital,J01M_quinolones,0.2953,,,,0.8019451435396492,https://www.ecdc.europa.eu/en/publications-data/downloadable-tables-antimicrobial-consumption-annual-epidemiological-report-2022
Slovakia,SVK,2015,community,J01C_penicillins,6.421,,,,0.7796326476677089,https://www.ecdc.europa.eu/en/publications-data/downloadable-tables-antimicrobial-consumption-annual-epidemiological-report-2022
Slovakia,SVK,2015,community,J01D_other_beta_lactams,4.7086,,,,0.7796326476677089,https://www.ecdc.europa.eu/en/publications-data/downloadable-tables-antimicrobial-consumption-annual-epidemiological-report-2022
Slovakia,SVK,2015,community,J01M_quinolones,2.4,,,,0.7796326476677089,https://www.ecdc.europa.eu/en/publications-data/downloadable-tables-antimicrobial-consumption-annual-epidemiological-report-2022
Slovakia,SVK,2015,hospital,J01C_penicillins,0.6836,,,,0.7796326476677089,https://www.ecdc.europa.eu/en/publications-data/downloadable-tables-antimicrobial-consumption-annual-epidemiological-report-2022
Slovakia,SVK,2015,hospital,J01DH_carbapenems,0.0341,,,,0.7796326476677089,https://www.ecdc.europa.eu/en/publications-data/downloadable-tables-antimicrobial-consumption-annual-epidemiological-report-2022
Slovakia,SVK,2015,hospital,J01D_other_beta_lactams,0.7380999999999999,,,,0.7796326476677089,https://www.ecdc.europa.eu/en/publications-data/downloadable-tables-antimicrobial-consumption-annual-epidemiological-report-2022
Slovakia,SVK,2015,hospital,J01M_quinolones,0.309,,,,0.7796326476677089,https://www.ecdc.europa.eu/en/publications-data/downloadable-tables-antimicrobial-consumption-annual-epidemiological-report-2022
Slovakia,SVK,2016,community,J01C_penicillins,6.0193,,,,0.7939859785454856,https://www.ecdc.europa.eu/en/publications-data/downloadable-tables-antimicrobial-consumption-annual-epidemiological-report-2022
Slovakia,SVK,2016,community,J01D_other_beta_lactams,4.622700000000001,,,,0.7939859785454856,https://www.ecdc.europa.eu/en/publications-data/downloadable-tables-antimicrobial-consumption-annual-epidemiological-report-2022
Slovakia,SVK,2016,community,J01M_quinolones,2.2575,,,,0.7939859785454856,https://www.ecdc.europa.eu/en/publications-data/downloadable-tables-antimicrobial-consumption-annual-epidemiological-report-2022
Slovakia,SVK,2016,hospital,J01C_penicillins,0.7833000000000001,,,,0.7939859785454856,https://www.ecdc.europa.eu/en/publications-data/downloadable-tables-antimicrobial-consumption-annual-epidemiological-report-2022
Slovakia,SVK,2016,hospital,J01DH_carbapenems,0.038599999999999995,,,,0.7939859785454856,https://www.ecdc.europa.eu/en/publications-data/downloadable-tables-antimicrobial-consumption-annual-epidemiological-report-2022
Slovakia,SVK,2016,hospital,J01D_other_beta_lactams,0.7484,,,,0.7939859785454856,https://www.ecdc.europa.eu/en/publications-data/downloadable-tables-antimicrobial-consumption-annual-epidemiological-report-2022
Slovakia,SVK,2016,hospital,J01M_quinolones,0.293,,,,0.7939859785454856,https://www.ecdc.europa.eu/en/publications-data/downloadable-tables-antimicrobial-consumption-annual-epidemiological-report-2022
Slovakia,SVK,2017,community,J01C_penicillins,5.0713,,,,1.3852067868504772,https://www.ecdc.europa.eu/en/publications-data/downloadable-tables-antimicrobial-consumption-annual-epidemiological-report-2022
Slovakia,SVK,2017,community,J01D_other_beta_lactams,4.581900000000001,,,,1.3852067868504772,https://www.ecdc.europa.eu/en/publications-data/downloadable-tables-antimicrobial-consumption-annual-epidemiological-report-2022
Slovakia,SVK,2017,community,J01M_quinolones,2.1197,,,,1.3852067868504772,https://www.ecdc.europa.eu/en/publications-data/downloadable-tables-antimicrobial-consumption-annual-epidemiological-report-2022
Slovakia,SVK,2017,hospital,J01C_penicillins,0.29680000000000006,,,,1.3852067868504772,https://www.ecdc.europa.eu/en/publications-data/downloadable-tables-antimicrobial-consumption-annual-epidemiological-report-2022
Slovakia,SVK,2017,hospital,J01DH_carbapenems,0.039,,,,1.3852067868504772,https://www.ecdc.europa.eu/en/publications-data/downloadable-tables-antimicrobial-consumption-annual-epidemiological-report-2022
Slovakia,SVK,2017,hospital,J01D_other_beta_lactams,0.4214,,,,1.3852067868504772,https://www.ecdc.europa.eu/en/publications-data/downloadable-tables-antimicrobial-consumption-annual-epidemiological-report-2022
Slovakia,SVK,2017,hospital,J01M_quinolones,0.2793,,,,1.3852067868504772,https://www.ecdc.europa.eu/en/publications-data/downloadable-tables-antimicrobial-consumption-annual-epidemiological-report-2022
Slovakia,SVK,2018,community,J01C_penicillins,5.037700000000001,,,,1.2571550847910982,https://www.ecdc.europa.eu/en/publications-data/downloadable-tables-antimicrobial-consumption-annual-epidemiological-report-2022
Slovakia,SVK,2018,community,J01D_other_beta_lactams,6.205700000000001,,,,1.2571550847910982,https://www.ecdc.europa.eu/en/publications-data/downloadable-tables-antimicrobial-consumption-annual-epidemiological-report-2022
Slovakia,SVK,2018,community,J01M_quinolones,2.0735,,,,1.2571550847910982,https://www.ecdc.europa.eu/en/publications-data/downloadable-tables-antimicrobial-consumption-annual-epidemiological-report-2022
Slovakia,SVK,2018,hospital,J01C_penicillins,0.3055,,,,1.2571550847910982,https://www.ecdc.europa.eu/en/publications-data/downloadable-tables-antimicrobial-consumption-annual-epidemiological-report-2022
Slovakia,SVK,2018,hospital,J01DH_carbapenems,0.0458,,,,1.2571550847910982,https://www.ecdc.europa.eu/en/publications-data/downloadable-tables-antimicrobial-consumption-annual-epidemiological-report-2022
Slovakia,SVK,2018,hospital,J01D_other_beta_lactams,0.49520000000000003,,,,1.2571550847910982,https://www.ecdc.europa.eu/en/publications-data/downloadable-tables-antimicrobial-consumption-annual-epidemiological-report-2022
Slovakia,SVK,2018,hospital,J01M_quinolones,0.2698,,,,1.2571550847910982,https://www.ecdc.europa.eu/en/publications-data/downloadable-tables-antimicrobial-consumption-annual-epidemiological-report-2022
Slovakia,SVK,2019,community,J01C_penicillins,4.8446,,,,1.6301719969606963,https://www.ecdc.europa.eu/en/publications-data/downloadable-tables-antimicrobial-consumption-annual-epidemiological-report-2022
Slovakia,SVK,2019,community,J01D_other_beta_lactams,4.8571,,,,1.6301719969606963,https://www.ecdc.europa.eu/en/publications-data/downloadable-tables-antimicrobial-consumption-annual-epidemiological-report-2022
Slovakia,SVK,2019,community,J01M_quinolones,1.4662,,,,1.6301719969606963,https://www.ecdc.europa.eu/en/publications-data/downloadable-tables-antimicrobial-consumption-annual-epidemiological-report-2022
Slovakia,SVK,2019,hospital,J01C_penicillins,0.2976000000000001,,,,1.6301719969606963,https://www.ecdc.europa.eu/en/publications-data/downloadable-tables-antimicrobial-consumption-annual-epidemiological-report-2022
Slovakia,SVK,2019,hospital,J01DH_carbapenems,0.044,,,,1.6301719969606963,https://www.ecdc.europa.eu/en/publications-data/downloadable-tables-antimicrobial-consumption-annual-epidemiological-report-2022
Slovakia,SVK,2019,hospital,J01D_other_beta_lactams,0.4064000000000001,,,,1.6301719969606963,https://www.ecdc.europa.eu/en/publications-data/downloadable-tables-antimicrobial-consumption-annual-epidemiological-report-2022
Slovakia,SVK,2019,hospital,J01M_quinolones,0.19669999999999999,,,,1.6301719969606963,https://www.ecdc.europa.eu/en/publications-data/downloadable-tables-antimicrobial-consumption-annual-epidemiological-report-2022
Slovakia,SVK,2020,community,J01C_penicillins,3.2683999999999997,,,,1.8962674261729877,https://www.ecdc.europa.eu/en/publications-data/downloadable-tables-antimicrobial-consumption-annual-epidemiological-report-2022
Slovakia,SVK,2020,community,J01D_other_beta_lactams,3.2986,,,,1.8962674261729877,https://www.ecdc.europa.eu/en/publications-data/downloadable-tables-antimicrobial-consumption-annual-epidemiological-report-2022
Slovakia,SVK,2020,community,J01M_quinolones,1.1366,,,,1.8962674261729877,https://www.ecdc.europa.eu/en/publications-data/downloadable-tables-antimicrobial-consumption-annual-epidemiological-report-2022
Slovakia,SVK,2020,hospital,J01C_penicillins,0.28500000000000003,,,,1.8962674261729877,https://www.ecdc.europa.eu/en/publications-data/downloadable-tables-antimicrobial-consumption-annual-epidemiological-report-2022
Slovakia,SVK,2020,hospital,J01DH_carbapenems,0.0456,,,,1.8962674261729877,https://www.ecdc.europa.eu/en/publications-data/downloadable-tables-antimicrobial-consumption-annual-epidemiological-report-2022
Slovakia,SVK,2020,hospital,J01D_other_beta_lactams,0.39049999999999996,,,,1.8962674261729877,https://www.ecdc.europa.eu/en/publications-data/downloadable-tables-antimicrobial-consumption-annual-epidemiological-report-2022
Slovakia,SVK,2020,hospital,J01M_quinolones,0.18,,,,1.8962674261729877,https://www.ecdc.europa.eu/en/publications-data/downloadable-tables-antimicrobial-consumption-annual-epidemiological-report-2022
Slovakia,SVK,2021,community,J01C_penicillins,3.2718,,,,3.0,https://www.ecdc.europa.eu/en/publications-data/downloadable-tables-antimicrobial-consumption-annual-epidemiological-report-2022
Slovakia,SVK,2021,community,J01D_other_beta_lactams,3.5225999999999997,,,,3.0,https://www.ecdc.europa.eu/en/publications-data/downloadable-tables-antimicrobial-consumption-annual-epidemiological-report-2022
Slovakia,SVK,2021,community,J01M_quinolones,1.1665,,,,3.0,https://www.ecdc.europa.eu/en/publications-data/downloadable-tables-antimicrobial-consumption-annual-epidemiological-report-2022
Slovakia,SVK,2021,hospital,J01C_penicillins,0.2698,,,,3.0,https://www.ecdc.europa.eu/en/publications-data/downloadable-tables-antimicrobial-consumption-annual-epidemiological-report-2022
Slovakia,SVK,2021,hospital,J01DH_carbapenems,0.0585,,,,3.0,https://www.ecdc.europa.eu/en/publications-data/downloadable-tables-antimicrobial-consumption-annual-epidemiological-report-2022
Slovakia,SVK,2021,hospital,J01D_other_beta_lactams,0.4744999999999999,,,,3.0,https://www.ecdc.europa.eu/en/publications-data/downloadable-tables-antimicrobial-consumption-annual-epidemiological-report-2022
Slovakia,SVK,2021,hospital,J01M_quinolones,0.19210000000000002,,,,3.0,https://www.ecdc.europa.eu/en/publications-data/downloadable-tables-antimicrobial-consumption-annual-epidemiological-report-2022
Slovakia,SVK,2022,community,J01C_penicillins,4.585,,,,2.34009360374415,https://www.ecdc.europa.eu/en/publications-data/downloadable-tables-antimicrobial-consumption-annual-epidemiological-report-2022
Slovakia,SVK,2022,community,J01D_other_beta_lactams,5.0100999999999996,,,,2.34009360374415,https://www.ecdc.europa.eu/en/publications-data/downloadable-tables-antimicrobial-consumption-annual-epidemiological-report-2022
Slovakia,SVK,2022,community,J01M_quinolones,1.3119999999999998,,,,2.34009360374415,https://www.ecdc.europa.eu/en/publications-data/downloadable-tables-antimicrobial-consumption-annual-epidemiological-report-2022
Slovakia,SVK,2022,hospital,J01C_penicillins,0.26369999999999993,,,,2.34009360374415,https://www.ecdc.europa.eu/en/publications-data/downloadable-tables-antimicrobial-consumption-annual-epidemiological-report-2022
Slovakia,SVK,2022,hospital,J01DH_carbapenems,0.0411,,,,2.34009360374415,https://www.ecdc.europa.eu/en/publications-data/downloadable-tables-antimicrobial-consumption-annual-epidemiological-report-2022
Slovakia,SVK,2022,hospital,J01D_other_beta_lactams,0.3739,,,,2.34009360374415,https://www.ecdc.europa.eu/en/publications-data/downloadable-tables-antimicrobial-consumption-annual-epidemiological-report-2022
Slovakia,SVK,2022,hospital,J01M_quinolones,0.1205,,,,2.34009360374415,https://www.ecdc.europa.eu/en/publications-data/downloadable-tables-antimicrobial-consumption-annual-epidemiological-report-2022
Slovenia,SVN,2013,community,J01C_penicillins,7.1707,,,,0.5747126436781611,https://www.ecdc.europa.eu/en/publications-data/downloadable-tables-antimicrobial-consumption-annual-epidemiological-report-2022
Slovenia,SVN,2013,community,J01D_other_beta_lactams,0.29869999999999997,,,,0.5747126436781611,https://www.ecdc.europa.eu/en/publications-data/downloadable-tables-antimicrobial-consumption-annual-epidemiological-report-2022
Slovenia,SVN,2013,community,J01M_quinolones,1.1034,,,,0.5747126436781611,https://www.ecdc.europa.eu/en/publications-data/downloadable-tables-antimicrobial-consumption-annual-epidemiological-report-2022
Slovenia,SVN,2013,hospital,J01C_penicillins,0.5666999999999999,,,,0.5747126436781611,https://www.ecdc.europa.eu/en/publications-data/downloadable-tables-antimicrobial-consumption-annual-epidemiological-report-2022
Slovenia,SVN,2013,hospital,J01DH_carbapenems,0.055099999999999996,,,,0.5747126436781611,https://www.ecdc.europa.eu/en/publications-data/downloadable-tables-antimicrobial-consumption-annual-epidemiological-report-2022
Slovenia,SVN,2013,hospital,J01D_other_beta_lactams,0.2961,,,,0.5747126436781611,https://www.ecdc.europa.eu/en/publications-data/downloadable-tables-antimicrobial-consumption-annual-epidemiological-report-2022
Slovenia,SVN,2013,hospital,J01M_quinolones,0.20370000000000002,,,,0.5747126436781611,https://www.ecdc.europa.eu/en/publications-data/downloadable-tables-antimicrobial-consumption-annual-epidemiological-report-2022
Slovenia,SVN,2014,community,J01C_penicillins,6.9262,,,,0.9393161238005135,https://www.ecdc.europa.eu/en/publications-data/downloadable-tables-antimicrobial-consumption-annual-epidemiological-report-2022
Slovenia,SVN,2014,community,J01D_other_beta_lactams,0.2822,,,,0.9393161238005135,https://www.ecdc.europa.eu/en/publications-data/downloadable-tables-antimicrobial-consumption-annual-epidemiological-report-2022
Slovenia,SVN,2014,community,J01M_quinolones,1.1094,,,,0.9393161238005135,https://www.ecdc.europa.eu/en/publications-data/downloadable-tables-antimicrobial-consumption-annual-epidemiological-report-2022
Slovenia,SVN,2014,hospital,J01C_penicillins,0.5696000000000001,,,,0.9393161238005135,https://www.ecdc.europa.eu/en/publications-data/downloadable-tables-antimicrobial-consumption-annual-epidemiological-report-2022
Slovenia,SVN,2014,hospital,J01DH_carbapenems,0.0597,,,,0.9393161238005135,https://www.ecdc.europa.eu/en/publications-data/downloadable-tables-antimicrobial-consumption-annual-epidemiological-report-2022
Slovenia,SVN,2014,hospital,J01D_other_beta_lactams,0.30060000000000003,,,,0.9393161238005135,https://www.ecdc.europa.eu/en/publications-data/downloadable-tables-antimicrobial-consumption-annual-epidemiological-report-2022
Slovenia,SVN,2014,hospital,J01M_quinolones,0.21189999999999998,,,,0.9393161238005135,https://www.ecdc.europa.eu/en/publications-data/downloadable-tables-antimicrobial-consumption-annual-epidemiological-report-2022
Slovenia,SVN,2015,community,J01C_penicillins,6.968,,,,1.1827053577198992,https://www.ecdc.europa.eu/en/publications-data/downloadable-tables-antimicrobial-consumption-annual-epidemiological-report-2022
Slovenia,SVN,2015,community,J01D_other_beta_lactams,0.30889999999999995,,,,1.1827053577198992,https://www.ecdc.europa.eu/en/publications-data/downloadable-tables-antimicrobial-consumption-annual-epidemiological-report-2022
Slovenia,SVN,2015,community,J01M_quinolones,1.155,,,,1.1827053577198992,https://www.ecdc.europa.eu/en/publications-data/downloadable-tables-antimicrobial-consumption-annual-epidemiological-report-2022
Slovenia,SVN,2015,hospital,J01C_penicillins,0.5991000000000001,,,,1.1827053577198992,https://www.ecdc.europa.eu/en/publications-data/downloadable-tables-antimicrobial-consumption-annual-epidemiological-report-2022
Slovenia,SVN,2015,hospital,J01DH_carbapenems,0.06420000000000001,,,,1.1827053577198992,https://www.ecdc.europa.eu/en/publications-data/downloadable-tables-antimicrobial-consumption-annual-epidemiological-report-2022
Slovenia,SVN,2015,hospital,J01D_other_beta_lactams,0.30450000000000005,,,,1.1827053577198992,https://www.ecdc.europa.eu/en/publications-data/downloadable-tables-antimicrobial-consumption-annual-epidemiological-report-2022
Slovenia,SVN,2015,hospital,J01M_quinolones,0.22139999999999999,,,,1.1827053577198992,https://www.ecdc.europa.eu/en/publications-data/downloadable-tables-antimicrobial-consumption-annual-epidemiological-report-2022
Slovenia,SVN,2016,community,J01C_penicillins,6.8108,,,,1.1436648676432792,https://www.ecdc.europa.eu/en/publications-data/downloadable-tables-antimicrobial-consumption-annual-epidemiological-report-2022
Slovenia,SVN,2016,community,J01D_other_beta_lactams,0.3289,,,,1.1436648676432792,https://www.ecdc.europa.eu/en/publications-data/downloadable-tables-antimicrobial-consumption-annual-epidemiological-report-2022
Slovenia,SVN,2016,community,J01M_quinolones,1.1378,,,,1.1436648676432792,https://www.ecdc.europa.eu/en/publications-data/downloadable-tables-antimicrobial-consumption-annual-epidemiological-report-2022
Slovenia,SVN,2016,hospital,J01C_penicillins,0.6184999999999999,,,,1.1436648676432792,https://www.ecdc.europa.eu/en/publications-data/downloadable-tables-antimicrobial-consumption-annual-epidemiological-report-2022
Slovenia,SVN,2016,hospital,J01DH_carbapenems,0.0626,,,,1.1436648676432792,https://www.ecdc.europa.eu/en/publications-data/downloadable-tables-antimicrobial-consumption-annual-epidemiological-report-2022
Slovenia,SVN,2016,hospital,J01D_other_beta_lactams,0.30280000000000007,,,,1.1436648676432792,https://www.ecdc.europa.eu/en/publications-data/downloadable-tables-antimicrobial-consumption-annual-epidemiological-report-2022
Slovenia,SVN,2016,hospital,J01M_quinolones,0.2116,,,,1.1436648676432792,https://www.ecdc.europa.eu/en/publications-data/downloadable-tables-antimicrobial-consumption-annual-epidemiological-report-2022
Slovenia,SVN,2017,community,J01C_penicillins,6.8702000000000005,,,,1.2082262210796917,https://www.ecdc.europa.eu/en/publications-data/downloadable-tables-antimicrobial-consumption-annual-epidemiological-report-2022
Slovenia,SVN,2017,community,J01D_other_beta_lactams,0.3702,,,,1.2082262210796917,https://www.ecdc.europa.eu/en/publications-data/downloadable-tables-antimicrobial-consumption-annual-epidemiological-report-2022
Slovenia,SVN,2017,community,J01M_quinolones,1.1054,,,,1.2082262210796917,https://www.ecdc.europa.eu/en/publications-data/downloadable-tables-antimicrobial-consumption-annual-epidemiological-report-2022
Slovenia,SVN,2017,hospital,J01C_penicillins,0.6339999999999999,,,,1.2082262210796917,https://www.ecdc.europa.eu/en/publications-data/downloadable-tables-antimicrobial-consumption-annual-epidemiological-report-2022
Slovenia,SVN,2017,hospital,J01DH_carbapenems,0.060599999999999994,,,,1.2082262210796917,https://www.ecdc.europa.eu/en/publications-data/downloadable-tables-antimicrobial-consumption-annual-epidemiological-report-2022
Slovenia,SVN,2017,hospital,J01D_other_beta_lactams,0.3127,,,,1.2082262210796917,https://www.ecdc.europa.eu/en/publications-data/downloadable-tables-antimicrobial-consumption-annual-epidemiological-report-2022
Slovenia,SVN,2017,hospital,J01M_quinolones,0.2039,,,,1.2082262210796917,https://www.ecdc.europa.eu/en/publications-data/downloadable-tables-antimicrobial-consumption-annual-epidemiological-report-2022
Slovenia,SVN,2018,community,J01C_penicillins,6.8688,,,,1.1912511391745868,https://www.ecdc.europa.eu/en/publications-data/downloadable-tables-antimicrobial-consumption-annual-epidemiological-report-2022
Slovenia,SVN,2018,community,J01D_other_beta_lactams,0.3206,,,,1.1912511391745868,https://www.ecdc.europa.eu/en/publications-data/downloadable-tables-antimicrobial-consumption-annual-epidemiological-report-2022
Slovenia,SVN,2018,community,J01M_quinolones,1.1132,,,,1.1912511391745868,https://www.ecdc.europa.eu/en/publications-data/downloadable-tables-antimicrobial-consumption-annual-epidemiological-report-2022
Slovenia,SVN,2018,hospital,J01C_penicillins,0.6416000000000002,,,,1.1912511391745868,https://www.ecdc.europa.eu/en/publications-data/downloadable-tables-antimicrobial-consumption-annual-epidemiological-report-2022
Slovenia,SVN,2018,hospital,J01DH_carbapenems,0.0563,,,,1.1912511391745868,https://www.ecdc.europa.eu/en/publications-data/downloadable-tables-antimicrobial-consumption-annual-epidemiological-report-2022
Slovenia,SVN,2018,hospital,J01D_other_beta_lactams,0.30569999999999997,,,,1.1912511391745868,https://www.ecdc.europa.eu/en/publications-data/downloadable-tables-antimicrobial-consumption-annual-epidemiological-report-2022
Slovenia,SVN,2018,hospital,J01M_quinolones,0.1882,,,,1.1912511391745868,https://www.ecdc.europa.eu/en/publications-data/downloadable-tables-antimicrobial-consumption-annual-epidemiological-report-2022
Slovenia,SVN,2019,community,J01C_penicillins,6.705500000000001,,,,1.2798025076333401,https://www.ecdc.europa.eu/en/publications-data/downloadable-tables-antimicrobial-consumption-annual-epidemiological-report-2022
Slovenia,SVN,2019,community,J01D_other_beta_lactams,0.38830000000000003,,,,1.2798025076333401,https://www.ecdc.europa.eu/en/publications-data/downloadable-tables-antimicrobial-consumption-annual-epidemiological-report-2022
Slovenia,SVN,2019,community,J01M_quinolones,0.9932000000000001,,,,1.2798025076333401,https://www.ecdc.europa.eu/en/publications-data/downloadable-tables-antimicrobial-consumption-annual-epidemiological-report-2022
Slovenia,SVN,2019,hospital,J01C_penicillins,0.6482,,,,1.2798025076333401,https://www.ecdc.europa.eu/en/publications-data/downloadable-tables-antimicrobial-consumption-annual-epidemiological-report-2022
Slovenia,SVN,2019,hospital,J01DH_carbapenems,0.0523,,,,1.2798025076333401,https://www.ecdc.europa.eu/en/publications-data/downloadable-tables-antimicrobial-consumption-annual-epidemiological-report-2022
Slovenia,SVN,2019,hospital,J01D_other_beta_lactams,0.3208,,,,1.2798025076333401,https://www.ecdc.europa.eu/en/publications-data/downloadable-tables-antimicrobial-consumption-annual-epidemiological-report-2022
Slovenia,SVN,2019,hospital,J01M_quinolones,0.17370000000000002,,,,1.2798025076333401,https://www.ecdc.europa.eu/en/publications-data/downloadable-tables-antimicrobial-consumption-annual-epidemiological-report-2022
Slovenia,SVN,2020,community,J01C_penicillins,4.717099999999999,,,,1.5711780181233561,https://www.ecdc.europa.eu/en/publications-data/downloadable-tables-antimicrobial-consumption-annual-epidemiological-report-2022
Slovenia,SVN,2020,community,J01D_other_beta_lactams,0.40549999999999997,,,,1.5711780181233561,https://www.ecdc.europa.eu/en/publications-data/downloadable-tables-antimicrobial-consumption-annual-epidemiological-report-2022
Slovenia,SVN,2020,community,J01M_quinolones,0.8421000000000001,,,,1.5711780181233561,https://www.ecdc.europa.eu/en/publications-data/downloadable-tables-antimicrobial-consumption-annual-epidemiological-report-2022
Slovenia,SVN,2020,hospital,J01C_penicillins,0.5768,,,,1.5711780181233561,https://www.ecdc.europa.eu/en/publications-data/downloadable-tables-antimicrobial-consumption-annual-epidemiological-report-2022
Slovenia,SVN,2020,hospital,J01DH_carbapenems,0.0541,,,,1.5711780181233561,https://www.ecdc.europa.eu/en/publications-data/downloadable-tables-antimicrobial-consumption-annual-epidemiological-report-2022
Slovenia,SVN,2020,hospital,J01D_other_beta_lactams,0.29119999999999996,,,,1.5711780181233561,https://www.ecdc.europa.eu/en/publications-data/downloadable-tables-antimicrobial-consumption-annual-epidemiological-report-2022
Slovenia,SVN,2020,hospital,J01M_quinolones,0.1291,,,,1.5711780181233561,https://www.ecdc.europa.eu/en/publications-data/downloadable-tables-antimicrobial-consumption-annual-epidemiological-report-2022
Slovenia,SVN,2021,community,J01C_penicillins,4.5511,,,,2.6496902959394353,https://www.ecdc.europa.eu/en/publications-data/downloadable-tables-antimicrobial-consumption-annual-epidemiological-report-2022
Slovenia,SVN,2021,community,J01D_other_beta_lactams,0.4659,,,,2.6496902959394353,https://www.ecdc.europa.eu/en/publications-data/downloadable-tables-antimicrobial-consumption-annual-epidemiological-report-2022
Slovenia,SVN,2021,community,J01M_quinolones,0.8523000000000001,,,,2.6496902959394353,https://www.ecdc.europa.eu/en/publications-data/downloadable-tables-antimicrobial-consumption-annual-epidemiological-report-2022
Slovenia,SVN,2021,hospital,J01C_penicillins,0.6137999999999999,,,,2.6496902959394353,https://www.ecdc.europa.eu/en/publications-data/downloadable-tables-antimicrobial-consumption-annual-epidemiological-report-2022
Slovenia,SVN,2021,hospital,J01DH_carbapenems,0.0621,,,,2.6496902959394353,https://www.ecdc.europa.eu/en/publications-data/downloadable-tables-antimicrobial-consumption-annual-epidemiological-report-2022
Slovenia,SVN,2021,hospital,J01D_other_beta_lactams,0.3207,,,,2.6496902959394353,https://www.ecdc.europa.eu/en/publications-data/downloadable-tables-antimicrobial-consumption-annual-epidemiological-report-2022
Slovenia,SVN,2021,hospital,J01M_quinolones,0.1252,,,,2.6496902959394353,https://www.ecdc.europa.eu/en/publications-data/downloadable-tables-antimicrobial-consumption-annual-epidemiological-report-2022
Slovenia,SVN,2022,community,J01C_penicillins,6.2749,,,,2.723325878173925,https://www.ecdc.europa.eu/en/publications-data/downloadable-tables-antimicrobial-consumption-annual-epidemiological-report-2022
Slovenia,SVN,2022,community,J01D_other_beta_lactams,0.49729999999999996,,,,2.723325878173925,https://www.ecdc.europa.eu/en/publications-data/downloadable-tables-antimicrobial-consumption-annual-epidemiological-report-2022
Slovenia,SVN,2022,community,J01M_quinolones,0.8955,,,,2.723325878173925,https://www.ecdc.europa.eu/en/publications-data/downloadable-tables-antimicrobial-consumption-annual-epidemiological-report-2022
Slovenia,SVN,2022,hospital,J01C_penicillins,0.6356999999999998,,,,2.723325878173925,https://www.ecdc.europa.eu/en/publications-data/downloadable-tables-antimicrobial-consumption-annual-epidemiological-report-2022
Slovenia,SVN,2022,hospital,J01DH_carbapenems,0.0601,,,,2.723325878173925,https://www.ecdc.europa.eu/en/publications-data/downloadable-tables-antimicrobial-consumption-annual-epidemiological-report-2022
Slovenia,SVN,2022,hospital,J01D_other_beta_lactams,0.3514,,,,2.723325878173925,https://www.ecdc.europa.eu/en/publications-data/downloadable-tables-antimicrobial-consumption-annual-epidemiological-report-2022
Slovenia,SVN,2022,hospital,J01M_quinolones,0.11739999999999999,,,,2.723325878173925,https://www.ecdc.europa.eu/en/publications-data/downloadable-tables-antimicrobial-consumption-annual-epidemiological-report-2022
Sweden,SWE,2013,community,J01C_penicillins,6.2717,,,,0.2835595776772248,https://www.ecdc.europa.eu/en/publications-data/downloadable-tables-antimicrobial-consumption-annual-epidemiological-report-2022
Sweden,SWE,2013,community,J01D_other_beta_lactams,0.1611,,,,0.2835595776772248,https://www.ecdc.europa.eu/en/publications-data/downloadable-tables-antimicrobial-consumption-annual-epidemiological-report-2022
Sweden,SWE,2013,community,J01M_quinolones,0.7131000000000001,,,,0.2835595776772248,https://www.ecdc.europa.eu/en/publications-data/downloadable-tables-antimicrobial-consumption-annual-epidemiological-report-2022
Sweden,SWE,2013,hospital,J01C_penicillins,0.8141999999999999,,,,0.2835595776772248,https://www.ecdc.europa.eu/en/publications-data/downloadable-tables-antimicrobial-consumption-annual-epidemiological-report-2022
Sweden,SWE,2013,hospital,J01DH_carbapenems,0.0414,,,,0.2835595776772248,https://www.ecdc.europa.eu/en/publications-data/downloadable-tables-antimicrobial-consumption-annual-epidemiological-report-2022
Sweden,SWE,2013,hospital,J01D_other_beta_lactams,0.19329999999999997,,,,0.2835595776772248,https://www.ecdc.europa.eu/en/publications-data/downloadable-tables-antimicrobial-consumption-annual-epidemiological-report-2022
Sweden,SWE,2013,hospital,J01M_quinolones,0.1563,,,,0.2835595776772248,https://www.ecdc.europa.eu/en/publications-data/downloadable-tables-antimicrobial-consumption-annual-epidemiological-report-2022
Sweden,SWE,2014,community,J01C_penicillins,6.3692,,,,0.41062491979982046,https://www.ecdc.europa.eu/en/publications-data/downloadable-tables-antimicrobial-consumption-annual-epidemiological-report-2022
Sweden,SWE,2014,community,J01D_other_beta_lactams,0.1453,,,,0.41062491979982046,https://www.ecdc.europa.eu/en/publications-data/downloadable-tables-antimicrobial-consumption-annual-epidemiological-report-2022
Sweden,SWE,2014,community,J01M_quinolones,0.6932,,,,0.41062491979982046,https://www.ecdc.europa.eu/en/publications-data/downloadable-tables-antimicrobial-consumption-annual-epidemiological-report-2022
Sweden,SWE,2014,hospital,J01C_penicillins,0.7650999999999999,,,,0.41062491979982046,https://www.ecdc.europa.eu/en/publications-data/downloadable-tables-antimicrobial-consumption-annual-epidemiological-report-2022
Sweden,SWE,2014,hospital,J01DH_carbapenems,0.0398,,,,0.41062491979982046,https://www.ecdc.europa.eu/en/publications-data/downloadable-tables-antimicrobial-consumption-annual-epidemiological-report-2022
Sweden,SWE,2014,hospital,J01D_other_beta_lactams,0.1642,,,,0.41062491979982046,https://www.ecdc.europa.eu/en/publications-data/downloadable-tables-antimicrobial-consumption-annual-epidemiological-report-2022
Sweden,SWE,2014,hospital,J01M_quinolones,0.1553,,,,0.41062491979982046,https://www.ecdc.europa.eu/en/publications-data/downloadable-tables-antimicrobial-consumption-annual-epidemiological-report-2022
Sweden,SWE,2015,community,J01C_penicillins,5.962000000000001,,,,0.3588516746411483,https://www.ecdc.europa.eu/en/publications-data/downloadable-tables-antimicrobial-consumption-annual-epidemiological-report-2022
Sweden,SWE,2015,community,J01D_other_beta_lactams,0.1424,,,,0.3588516746411483,https://www.ecdc.europa.eu/en/publications-data/downloadable-tables-antimicrobial-consumption-annual-epidemiological-report-2022
Sweden,SWE,2015,community,J01M_quinolones,0.6808000000000001,,,,0.3588516746411483,https://www.ecdc.europa.eu/en/publications-data/downloadable-tables-antimicrobial-consumption-annual-epidemiological-report-2022
Sweden,SWE,2015,hospital,J01C_penicillins,0.8411,,,,0.3588516746411483,https://www.ecdc.europa.eu/en/publications-data/downloadable-tables-antimicrobial-consumption-annual-epidemiological-report-2022
Sweden,SWE,2015,hospital,J01DH_carbapenems,0.0352,,,,0.3588516746411483,https://www.ecdc.europa.eu/en/publications-data/downloadable-tables-antimicrobial-consumption-annual-epidemiological-report-2022
Sweden,SWE,2015,hospital,J01D_other_beta_lactams,0.16249999999999998,,,,0.3588516746411483,https://www.ecdc.europa.eu/en/publications-data/downloadable-tables-antimicrobial-consumption-annual-epidemiological-report-2022
Sweden,SWE,2015,hospital,J01M_quinolones,0.16219999999999998,,,,0.3588516746411483,https://www.ecdc.europa.eu/en/publications-data/downloadable-tables-antimicrobial-consumption-annual-epidemiological-report-2022
Sweden,SWE,2016,community,J01C_penicillins,5.9801,,,,0.4934111559058909,https://www.ecdc.europa.eu/en/publications-data/downloadable-tables-antimicrobial-consumption-annual-epidemiological-report-2022
Sweden,SWE,2016,community,J01D_other_beta_lactams,0.1414,,,,0.4934111559058909,https://www.ecdc.europa.eu/en/publications-data/downloadable-tables-antimicrobial-consumption-annual-epidemiological-report-2022
Sweden,SWE,2016,community,J01M_quinolones,0.6626,,,,0.4934111559058909,https://www.ecdc.europa.eu/en/publications-data/downloadable-tables-antimicrobial-consumption-annual-epidemiological-report-2022
Sweden,SWE,2016,hospital,J01C_penicillins,0.8342,,,,0.4934111559058909,https://www.ecdc.europa.eu/en/publications-data/downloadable-tables-antimicrobial-consumption-annual-epidemiological-report-2022
Sweden,SWE,2016,hospital,J01DH_carbapenems,0.0368,,,,0.4934111559058909,https://www.ecdc.europa.eu/en/publications-data/downloadable-tables-antimicrobial-consumption-annual-epidemiological-report-2022
Sweden,SWE,2016,hospital,J01D_other_beta_lactams,0.1615,,,,0.4934111559058909,https://www.ecdc.europa.eu/en/publications-data/downloadable-tables-antimicrobial-consumption-annual-epidemiological-report-2022
Sweden,SWE,2016,hospital,J01M_quinolones,0.157,,,,0.4934111559058909,https://www.ecdc.europa.eu/en/publications-data/downloadable-tables-antimicrobial-consumption-annual-epidemiological-report-2022
Sweden,SWE,2017,community,J01C_penicillins,5.8659,,,,0.4910797538385032,https://www.ecdc.europa.eu/en/publications-data/downloadable-tables-antimicrobial-consumption-annual-epidemiological-report-2022
Sweden,SWE,2017,community,J01D_other_beta_lactams,0.0806,,,,0.4910797538385032,https://www.ecdc.europa.eu/en/publications-data/downloadable-tables-antimicrobial-consumption-annual-epidemiological-report-2022
Sweden,SWE,2017,community,J01M_quinolones,0.6299,,,,0.4910797538385032,https://www.ecdc.europa.eu/en/publications-data/downloadable-tables-antimicrobial-consumption-annual-epidemiological-report-2022
Sweden,SWE,2017,hospital,J01C_penicillins,0.8227999999999999,,,,0.4910797538385032,https://www.ecdc.europa.eu/en/publications-data/downloadable-tables-antimicrobial-consumption-annual-epidemiological-report-2022
Sweden,SWE,2017,hospital,J01DH_carbapenems,0.038,,,,0.4910797538385032,https://www.ecdc.europa.eu/en/publications-data/downloadable-tables-antimicrobial-consumption-annual-epidemiological-report-2022
Sweden,SWE,2017,hospital,J01D_other_beta_lactams,0.1626,,,,0.4910797538385032,https://www.ecdc.europa.eu/en/publications-data/downloadable-tables-antimicrobial-consumption-annual-epidemiological-report-2022
Sweden,SWE,2017,hospital,J01M_quinolones,0.146,,,,0.4910797538385032,https://www.ecdc.europa.eu/en/publications-data/downloadable-tables-antimicrobial-consumption-annual-epidemiological-report-2022
Sweden,SWE,2018,community,J01C_penicillins,5.662299999999999,,,,0.5175388154111558,https://www.ecdc.europa.eu/en/publications-data/downloadable-tables-antimicrobial-consumption-annual-epidemiological-report-2022
Sweden,SWE,2018,community,J01D_other_beta_lactams,0.0696,,,,0.5175388154111558,https://www.ecdc.europa.eu/en/publications-data/downloadable-tables-antimicrobial-consumption-annual-epidemiological-report-2022
Sweden,SWE,2018,community,J01M_quinolones,0.6062000000000001,,,,0.5175388154111558,https://www.ecdc.europa.eu/en/publications-data/downloadable-tables-antimicrobial-consumption-annual-epidemiological-report-2022
Sweden,SWE,2018,hospital,J01C_penicillins,0.9865,,,,0.5175388154111558,https://www.ecdc.europa.eu/en/publications-data/downloadable-tables-antimicrobial-consumption-annual-epidemiological-report-2022
Sweden,SWE,2018,hospital,J01DH_carbapenems,0.0402,,,,0.5175388154111558,https://www.ecdc.europa.eu/en/publications-data/downloadable-tables-antimicrobial-consumption-annual-epidemiological-report-2022
Sweden,SWE,2018,hospital,J01D_other_beta_lactams,0.1666,,,,0.5175388154111558,https://www.ecdc.europa.eu/en/publications-data/downloadable-tables-antimicrobial-consumption-annual-epidemiological-report-2022
Sweden,SWE,2018,hospital,J01M_quinolones,0.1416,,,,0.5175388154111558,https://www.ecdc.europa.eu/en/publications-data/downloadable-tables-antimicrobial-consumption-annual-epidemiological-report-2022
Sweden,SWE,2019,community,J01C_penicillins,5.484500000000001,,,,0.7670182166826462,https://www.ecdc.europa.eu/en/publications-data/downloadable-tables-antimicrobial-consumption-annual-epidemiological-report-2022
Sweden,SWE,2019,community,J01D_other_beta_lactams,0.058800000000000005,,,,0.7670182166826462,https://www.ecdc.europa.eu/en/publications-data/downloadable-tables-antimicrobial-consumption-annual-epidemiological-report-2022
Sweden,SWE,2019,community,J01M_quinolones,0.5593,,,,0.7670182166826462,https://www.ecdc.europa.eu/en/publications-data/downloadable-tables-antimicrobial-consumption-annual-epidemiological-report-2022
Sweden,SWE,2019,hospital,J01C_penicillins,0.8273,,,,0.7670182166826462,https://www.ecdc.europa.eu/en/publications-data/downloadable-tables-antimicrobial-consumption-annual-epidemiological-report-2022
Sweden,SWE,2019,hospital,J01DH_carbapenems,0.0394,,,,0.7670182166826462,https://www.ecdc.europa.eu/en/publications-data/downloadable-tables-antimicrobial-consumption-annual-epidemiological-report-2022
Sweden,SWE,2019,hospital,J01D_other_beta_lactams,0.1644,,,,0.7670182166826462,https://www.ecdc.europa.eu/en/publications-data/downloadable-tables-antimicrobial-consumption-annual-epidemiological-report-2022
Sweden,SWE,2019,hospital,J01M_quinolones,0.1344,,,,0.7670182166826462,https://www.ecdc.europa.eu/en/publications-data/downloadable-tables-antimicrobial-consumption-annual-epidemiological-report-2022
Sweden,SWE,2020,community,J01C_penicillins,4.4742,,,,0.7893864013266999,https://www.ecdc.europa.eu/en/publications-data/downloadable-tables-antimicrobial-consumption-annual-epidemiological-report-2022
Sweden,SWE,2020,community,J01D_other_beta_lactams,0.0513,,,,0.7893864013266999,https://www.ecdc.europa.eu/en/publications-data/downloadable-tables-antimicrobial-consumption-annual-epidemiological-report-2022
Sweden,SWE,2020,community,J01M_quinolones,0.4924,,,,0.7893864013266999,https://www.ecdc.europa.eu/en/publications-data/downloadable-tables-antimicrobial-consumption-annual-epidemiological-report-2022
Sweden,SWE,2020,hospital,J01C_penicillins,0.802,,,,0.7893864013266999,https://www.ecdc.europa.eu/en/publications-data/downloadable-tables-antimicrobial-consumption-annual-epidemiological-report-2022
Sweden,SWE,2020,hospital,J01DH_carbapenems,0.040799999999999996,,,,0.7893864013266999,https://www.ecdc.europa.eu/en/publications-data/downloadable-tables-antimicrobial-consumption-annual-epidemiological-report-2022
Sweden,SWE,2020,hospital,J01D_other_beta_lactams,0.1581,,,,0.7893864013266999,https://www.ecdc.europa.eu/en/publications-data/downloadable-tables-antimicrobial-consumption-annual-epidemiological-report-2022
Sweden,SWE,2020,hospital,J01M_quinolones,0.1316,,,,0.7893864013266999,https://www.ecdc.europa.eu/en/publications-data/downloadable-tables-antimicrobial-consumption-annual-epidemiological-report-2022
Sweden,SWE,2021,community,J01C_penicillins,4.3732,,,,0.9514875368533907,https://www.ecdc.europa.eu/en/publications-data/downloadable-tables-antimicrobial-consumption-annual-epidemiological-report-2022
Sweden,SWE,2021,community,J01D_other_beta_lactams,0.0533,,,,0.9514875368533907,https://www.ecdc.europa.eu/en/publications-data/downloadable-tables-antimicrobial-consumption-annual-epidemiological-report-2022
Sweden,SWE,2021,community,J01M_quinolones,0.487,,,,0.9514875368533907,https://www.ecdc.europa.eu/en/publications-data/downloadable-tables-antimicrobial-consumption-annual-epidemiological-report-2022
Sweden,SWE,2021,hospital,J01C_penicillins,0.7989,,,,0.9514875368533907,https://www.ecdc.europa.eu/en/publications-data/downloadable-tables-antimicrobial-consumption-annual-epidemiological-report-2022
Sweden,SWE,2021,hospital,J01DH_carbapenems,0.0421,,,,0.9514875368533907,https://www.ecdc.europa.eu/en/publications-data/downloadable-tables-antimicrobial-consumption-annual-epidemiological-report-2022
Sweden,SWE,2021,hospital,J01D_other_beta_lactams,0.1648,,,,0.9514875368533907,https://www.ecdc.europa.eu/en/publications-data/downloadable-tables-antimicrobial-consumption-annual-epidemiological-report-2022
Sweden,SWE,2021,hospital,J01M_quinolones,0.1321,,,,0.9514875368533907,https://www.ecdc.europa.eu/en/publications-data/downloadable-tables-antimicrobial-consumption-annual-epidemiological-report-2022
Sweden,SWE,2022,community,J01C_penicillins,4.9184,,,,0.8999999999999999,https://www.ecdc.europa.eu/en/publications-data/downloadable-tables-antimicrobial-consumption-annual-epidemiological-report-2022
Sweden,SWE,2022,community,J01M_quinolones,0.518,,,,0.8999999999999999,https://www.ecdc.europa.eu/en/publications-data/downloadable-tables-antimicrobial-consumption-annual-epidemiological-report-2022
Sweden,SWE,2022,hospital,J01C_penicillins,0.8684,,,,0.8999999999999999,https://www.ecdc.europa.eu/en/publications-data/downloadable-tables-antimicrobial-consumption-annual-epidemiological-report-2022
Sweden,SWE,2022,hospital,J01D_other_beta_lactams,0.1865,,,,0.8999999999999999,https://www.ecdc.europa.eu/en/publications-data/downloadable-tables-antimicrobial-consumption-annual-epidemiological-report-2022
Sweden,SWE,2022,hospital,J01M_quinolones,0.1512,,,,0.8999999999999999,https://www.ecdc.europa.eu/en/publications-data/downloadable-tables-antimicrobial-consumption-annual-epidemiological-report-2022
