Replicate,RMSEDifference,Skill,WeightedRMSEDifference,WeightedSkill,Horizon
0,-0.16047988794639445,0.07551644262820745,-0.12848250471091105,0.08741918804124937,1
1,-0.09968231460626198,0.036989306685044854,-0.006788770263349786,0.004671727364303768,1
2,-0.34200123780710934,0.11164992722320699,-0.2730860390340759,0.1535961585805623,1
3,0.07920139335681586,-0.04225786032011292,0.2798749367778197,-0.20401952388182165,1
4,-0.22636039286635512,0.08972308026285003,-0.09664419558731208,0.06960178249498883,1
5,0.11743819855739757,-0.051124513363540514,0.014555428266979087,-0.01223007594975467,1
6,0.05589192986221603,-0.027361647789337695,0.10056347372710395,-0.06771821648321907,1
7,0.005406294477631857,-0.002605642118014062,0.11037594890065128,-0.08349334430755673,1
8,-0.09709294572317795,0.03900748454743186,-0.07731354909218346,0.05699075687519728,1
9,0.29795373468661945,-0.14964041163439812,0.06692161389577134,-0.05926198574914188,1
10,-0.13084585726657627,0.0499359417203562,-0.15471088972159275,0.08647071730316724,1
11,-0.0816087836100221,0.043360757302714714,0.06301256036489433,-0.05051621554510444,1
12,-0.19609146521756315,0.0672930523489691,-0.17090983524906656,0.10816757900939633,1
13,0.5785966645595426,-0.21790176304494646,0.1944405675042793,-0.11615380918553342,1
14,-0.2663257388680971,0.1159187388535119,0.05044184234047866,-0.03679603733620129,1
15,-0.2654850714443433,0.11644010442830344,-0.16642995590937182,0.11760127269968867,1
16,-0.34419134206212565,0.1296388163989498,-0.17681529825728215,0.11343719929387164,1
17,0.24663099840082925,-0.0894814952873686,-0.019885834732166874,0.01299169645843068,1
18,-0.22810199402195241,0.09358859180996826,-0.13683618348795235,0.08549926907866978,1
19,0.22329068471306002,-0.09672084972843842,0.1517839850253444,-0.10235866436265262,1
20,-0.0835081389210619,0.04224271510761235,0.009344857950446928,-0.007331305473369243,1
21,-0.19259467177928236,0.09488938236604572,0.04548171895813824,-0.03554031758087817,1
22,0.37946922716469933,-0.1581246259408997,0.15367872649148384,-0.1313762293291938,1
23,-0.18338761337032095,0.07903581430890783,-0.08779616387953904,0.059121132500710716,1
24,0.23224182430911178,-0.09452186107157923,0.05516358794470411,-0.03989390449711139,1
25,-0.09962042755797018,0.037448163926861455,-0.12877444067660027,0.08406417491317841,1
26,-0.21529701400831902,0.09131399905366477,-0.02787773766735535,0.023112477600530035,1
27,0.022166444285813824,-0.007733549669035167,-0.045138351363028795,0.02864443308747877,1
28,-0.20338450268855124,0.09709055676021494,-0.12635480292585988,0.07943401845245346,1
29,-0.03629005578217681,0.020540500445643928,0.022977293727727055,-0.018014334516349706,1
30,0.30075596963158935,-0.13170597278992657,0.12728513384397355,-0.11612366127250096,1
31,-0.14359766703365962,0.060739520530061486,-0.09566842356030003,0.0631782777704647,1
32,-0.03373175771703396,0.0163019195833477,0.06584813595824834,-0.04765633818534121,1
33,-0.3661456060824255,0.15240993623603205,-0.03531267170956154,0.02401924437204095,1
34,-0.20937524063251312,0.10155143820806722,-0.07187451496669661,0.05011868104713901,1
35,0.5156087457776577,-0.2407534417526116,0.03587704296879979,-0.032777635870238964,1
36,0.1423127446105319,-0.06423151559461981,0.1261001264099686,-0.07782924464227925,1
37,-0.12671280270999752,0.058799095014029135,-0.049382106212191745,0.03686877749477524,1
38,-0.3537042700707018,0.144278829704389,-0.009230778720523025,0.007512384045208709,1
39,-0.20146961495324822,0.07329784227946545,-0.04773096117295528,0.03510738111701783,1
40,-0.08530200849150571,0.035524119269032206,-0.09428088719441519,0.0729645264603348,1
41,0.5940031535696133,-0.2295876410244715,0.17414418539601462,-0.13969970073986837,1
42,-0.1607299637818158,0.07984756618775357,-0.04040809731771833,0.03573191120198771,1
43,0.024071444046690926,-0.01261164584997787,0.01613273964950146,-0.009934143930939054,1
44,0.09808293433824744,-0.06051806250362213,0.24409830040404834,-0.25813595970675673,1
45,-0.10469734530759789,0.05080931475668571,0.21572850100598906,-0.15456018599689814,1
46,-0.298032245370762,0.11512831268984436,-0.20003699602607306,0.13145597904966555,1
47,0.23474852276488933,-0.10734931081238197,0.14901600872262155,-0.10878932461464963,1
48,-0.1847627368723268,0.07601898990371847,-0.026524476707384892,0.021088182551961987,1
49,-0.14614605455627183,0.0728350722279475,0.020364167029103486,-0.014767582329102025,1
50,0.28814656098673286,-0.12723539101230985,0.10647778979706146,-0.06634781186982242,1
51,0.03185738195552079,-0.01892349083377498,0.056804498026629346,-0.04593977658857673,1
52,-0.26782865286227464,0.09616585645898745,-0.10806843088650697,0.0625699608150635,1
53,-0.2705844540760698,0.11967562696459455,-0.05560279932293022,0.04224684073115681,1
54,-0.006524384460043553,0.002990163656386824,-0.03020473319018291,0.022388210788112373,1
55,0.523739956988897,-0.1831983071182024,0.30591562758073354,-0.22854647284716134,1
56,0.03287646594413962,-0.014548736877254997,0.026194837006229266,-0.01971214995250503,1
57,0.21473164781838294,-0.0897280001082934,0.17690976793086755,-0.12755495609236833,1
58,-0.08765447002825288,0.0362603773389053,-0.035317982539914805,0.02160892435863393,1
59,0.15069294066312722,-0.060349981027527644,-0.1425119125126857,0.08143706465680545,1
60,-0.3411889221540565,0.14099298237990587,-0.29175753749773126,0.16725914517246843,1
61,-0.30851934347861043,0.1109558566129012,-0.09477469201023947,0.06142031905370593,1
62,-0.11238898622376192,0.042682256308322786,-0.07754956983487338,0.04286722097761653,1
63,0.03341069553893927,-0.014263141947606917,0.15237940555576257,-0.13539261405519243,1
64,-0.08251639009896694,0.034263354604299634,0.06470830289148322,-0.05142785199533728,1
65,0.48550073193053267,-0.2222515975153181,0.12832837718754653,-0.100005121131723,1
66,-0.19348888510254936,0.07842353636621424,-0.10364470587283647,0.06712721187751747,1
67,-0.09321396981801211,0.03109685627663672,-0.048081688658762944,0.032643725794141765,1
68,-0.07666499465600318,0.03804199797598762,0.04824177181806433,-0.041449185108258124,1
69,0.26857973495372445,-0.12633322356778942,0.04783572818556214,-0.031853691244276616,1
70,-0.0886928422118185,0.034421380349700326,0.005710345763262126,-0.0038614072484701722,1
71,-0.04031221544749064,0.018348943230433234,0.11968510738897709,-0.11286525704367234,1
72,0.3745126831095744,-0.14952145379578696,0.18370262132097226,-0.15486671394686735,1
73,-0.044518428940799826,0.01518795664266781,-0.017522792738453585,0.012346610149778448,1
74,0.383716265041822,-0.15642030077250912,0.10879640245758071,-0.08047258642228194,1
75,0.40523711761625103,-0.17772829070872986,0.18023437353412697,-0.1410467392565724,1
76,-0.0893911569072754,0.04288792714134648,0.0015653444533523242,-0.0009680499584805435,1
77,-0.28066621569276107,0.10482978847437929,-0.18339579903605197,0.10649917780128648,1
78,-0.07037033450037633,0.022695265927464403,-0.07236465503324196,0.048053032880052915,1
79,0.021030466173298956,-0.011200993029401918,-0.12570213662340568,0.09344397594158582,1
80,0.23507884143876057,-0.10231211671594798,0.11677955025506814,-0.09405538389057044,1
81,-0.33796528112112156,0.12062583141819072,-0.07001825560747599,0.05532358127045289,1
82,-0.22088016569048996,0.09097640224909032,-0.12565368400652743,0.0991483134207497,1
83,-0.01807643450827534,0.01053453308866692,0.04265177046669533,-0.044038003039902796,1
84,-0.11674032436194715,0.055112059468772845,0.19324012026344017,-0.13595682250441232,1
85,-0.13503447771812338,0.04654975480183643,-0.047516498486227965,0.029143101612285394,1
86,-0.20655085524732208,0.10181943447402919,-0.06982834265949922,0.05841336389499563,1
87,-0.16413615279544969,0.07662448211547146,0.05053269615832279,-0.04382199639131623,1
88,0.28713062397643485,-0.11224451574364602,-0.051804427093117944,0.04145442064157201,1
89,-0.15659118374017789,0.06745167689803311,-0.04790763223627681,0.03906047064958018,1
90,0.41318676595893633,-0.20254543555662496,0.2832485712456134,-0.2020758053106544,1
91,-0.10292628708771856,0.04463337514403476,-0.235532105285448,0.13368078518724225,1
92,0.07062354167876794,-0.03980471379158379,0.22668475541802358,-0.2169468961976675,1
93,0.2544389288762494,-0.15347299002946246,0.14988376487634647,-0.16011810467815302,1
94,-0.032769066308927064,0.016841547857871175,0.26665917524818195,-0.2273210227138709,1
95,0.389869508925309,-0.1907657552695039,0.07681278441154049,-0.07145319559256591,1
96,0.21512251617080613,-0.0991323375126969,0.1327972859691482,-0.10278010953194383,1
97,-0.048497589176267564,0.017476962923696715,-0.026087149157626888,0.015330546256403066,1
98,-0.034862681502287884,0.013783320820964451,0.053290403394651964,-0.04726126418681709,1
99,-0.32146771097824045,0.14047672435908332,-0.1758766198123285,0.1338757806822385,1
100,-0.001179478836587755,0.0005512265563918373,-0.02927578073622139,0.023783916417268403,1
101,0.008676773934147342,-0.0030217501410330083,0.04494087251865153,-0.03628279771703058,1
102,-0.23733291757588804,0.12552243223478798,-0.23312915075485652,0.18953379067517295,1
103,-0.11653402010354652,0.049801103502276844,0.05517618296683868,-0.03746855916480274,1
104,0.2656514007830362,-0.11348624147420128,-0.036813234668751305,0.028777904460625225,1
105,0.05562910941270793,-0.01953000400256455,-0.08700788253938185,0.07131046053307688,1
106,-0.043907675422093284,0.016355236261013872,0.029885150727741783,-0.02190397359090679,1
107,0.032307044907397664,-0.014376169011192541,0.1185167030302181,-0.09802780459745164,1
108,0.3667521634653661,-0.16485056559352618,0.2462468273355678,-0.19505935540334618,1
109,-0.18531861450236642,0.08757547422617618,-0.08138243669706857,0.05287654598141511,1
110,-0.0474023635078229,0.021034248499017694,-0.10222278304106847,0.07654238263426527,1
111,-0.10870538235719107,0.05198060442721952,-0.17393345852158815,0.12348670135971962,1
112,-0.0835040732243515,0.04232285043560857,-0.03610044404091273,0.029720774078609957,1
113,0.25204793517380764,-0.1319209342841452,0.2314729933357873,-0.211036941110063,1
114,-0.02854685650935007,0.010641231820257446,-0.028716841642891122,0.01825766071491608,1
115,0.20632762338979127,-0.09301686421246114,0.06715782009721671,-0.059933607490112895,1
116,0.1606200876202668,-0.07644331385715097,0.12110713032988296,-0.09278468496998271,1
117,-0.11597263492253296,0.054435014539376714,0.09168896203318577,-0.07098175401762363,1
118,0.2461903346435812,-0.11538500912663596,0.043882221311766445,-0.03215276718764715,1
119,-0.13636148024520756,0.055402856189162186,0.21646441071177103,-0.14853578073351792,1
120,-0.09102588694513924,0.05189735352351632,-0.07842314163369446,0.058972410943202824,1
121,0.1885714523357671,-0.08280264756288136,0.10581803888201158,-0.09044450918070424,1
122,-0.16477787342092087,0.06490634350259394,0.02531987762770771,-0.01680816938639107,1
123,-0.08470464597013505,0.03784328530788894,-0.1414424483847878,0.09862150701060912,1
124,0.17964262662954145,-0.08626143053094926,0.13753764933004753,-0.08633476281845076,1
125,0.00957029292441014,-0.005076269200456007,-9.044009423009314e-05,5.6700324884362274e-05,1
126,-0.11662366061310059,0.057651716268911746,-0.1847791652582147,0.1266566376532159,1
127,-0.04106632703862578,0.021534078447817295,0.0007616258637006545,-0.0005370119923386873,1
128,0.08714234950352107,-0.044398761787712404,-0.014366155789746093,0.009678467469778518,1
129,0.030506817179068335,-0.012554435598980618,0.006700979820450037,-0.0048357330418415945,1
130,-0.15890245294118532,0.04426726688847227,-0.06191077578659421,0.034045634033811445,1
131,0.5469542414298494,-0.234130287130206,0.26847662920950754,-0.19028496989623833,1
132,-0.04287520416730173,0.018994492092099358,0.2930737747369274,-0.21584000661275948,1
133,-0.20535908365095823,0.06301923427888056,-0.029942446098149222,0.020851135999791715,1
134,-0.30324361769775976,0.13106833752802194,-0.2674388999362518,0.15170970655426963,1
135,0.28334998246027476,-0.1315556689584012,0.0721656116574807,-0.06341181760644865,1
136,-0.12067577293599019,0.057562175446631114,-0.04082790432237493,0.032012204409784695,1
137,-0.09349919520723127,0.04570840689570843,-0.1445278501273981,0.08530260513103594,1
138,-0.13226915217580282,0.06840009827744753,0.05720613519576423,-0.04546382102342772,1
139,-0.36476706424418603,0.14552353052635447,-0.3623197145663073,0.21000253720302753,1
140,0.05681040477514765,-0.026817290753889278,0.07022257156084577,-0.053665294267247976,1
141,-0.3873460934190964,0.17405235666143937,0.0987947420915305,-0.09637020213903891,1
142,-0.34559577677148123,0.12558029219556055,-0.14904582508630737,0.09559071451010526,1
143,-0.03245733402815265,0.014022529886939639,0.17791997727379116,-0.167639798296211,1
144,-0.2616360317653683,0.10043109795521699,-0.12996704116444535,0.08432218778256517,1
145,-0.09054025259002918,0.046588197056345315,0.10829346401177853,-0.08019271690045682,1
146,-0.3684199975875819,0.15692232518244065,-0.13491332281096224,0.10487247874500216,1
147,0.03661982778995099,-0.020535776007771123,0.11538500748645575,-0.10526781461602042,1
148,0.023541676504262643,-0.009056830608802358,-0.04066197789603776,0.028122906264887337,1
149,0.26737133009661984,-0.15132361392802163,0.1322369724615593,-0.10454385295548674,1
150,0.024537029378565833,-0.00858781850319068,-0.03647609138297536,0.024204079936666956,1
151,-0.11519928459019102,0.05584939992152815,-0.016334755612917418,0.012864314294672274,1
152,-0.22475627067696102,0.08285052697814776,-0.3736643956429211,0.18883583825399397,1
153,-0.2196707667641431,0.08840161471949748,-0.2110902673721542,0.1344331827211337,1
154,0.024655642232632502,-0.01078506827296577,0.0029896729470721972,-0.0024196896007129265,1
155,0.2743936365153734,-0.14118264273827474,0.20231177611969553,-0.17349865414253607,1
156,-0.18206254259205323,0.08419721921717949,-0.04011243961084454,0.03260046910958658,1
157,0.15454019517489037,-0.07407078678418255,0.1189321519849399,-0.1224173798739645,1
158,-0.12543996271796676,0.041582521972925335,-0.1159876109497684,0.08453258574637235,1
159,-0.20553087521785773,0.08506208555089201,0.020099204161758033,-0.013487628629503146,1
160,-0.4813166815740699,0.1973565700055746,-0.21289927443104606,0.15650790714038887,1
161,-0.14559710567749296,0.06528984671716709,0.15238276396341655,-0.13810962133745108,1
162,-0.15852137060062166,0.07512671078065092,0.044527108469409216,-0.034873917837407786,1
163,-0.017275642635866895,0.007571145926161704,0.05146339348264983,-0.034302236765690663,1
164,-0.26547049725968774,0.10037897720397804,-0.03255406487349877,0.023893105505802703,1
165,-0.2270794594391261,0.09434516165354856,-0.09276086607329037,0.06521570449071645,1
166,-0.017570984811799306,0.008385559723006364,0.10847775486041544,-0.08331625450163993,1
167,-0.11839732706527473,0.050227096758819756,-0.008359643836624908,0.005876922045500499,1
168,0.2546261453597798,-0.1193960440807369,0.12912719798179761,-0.07935614358546217,1
169,0.05599056824006343,-0.02437835977804892,-0.030103844048046557,0.025892090323561656,1
170,-0.2230267056430444,0.10275647912707808,-0.2974104498184791,0.1713599107777486,1
171,-0.13501660039580665,0.05917847206762539,-0.10572846537000857,0.0702135804969013,1
172,-0.15656770743829762,0.07182279677869274,-0.06523536103533645,0.0514998031052053,1
173,0.23628856930524256,-0.08930302419106706,0.0015128412639513478,-0.0009170826045745706,1
174,-0.05136970873872815,0.031193840011301432,-0.03984132263099083,0.03179536049861087,1
175,-0.2626845528795716,0.10094713544594103,-0.08986973750181759,0.05632587263836708,1
176,0.18287818652421173,-0.07608769205648058,0.22714476562147023,-0.2167698023890876,1
177,0.14388888996437554,-0.0476099792738347,0.03923259248441591,-0.02815275419889396,1
178,0.1608925032583044,-0.07077773062892878,0.22535609145353508,-0.1426519972492688,1
179,-0.00136732947641649,0.0006000134197614582,0.019075606932659417,-0.016729915817041308,1
180,-0.03237777359338123,0.019370124648313558,-0.030112385400874242,0.026962113536058596,1
181,0.1790578607337241,-0.08632602283724844,-0.0776170607826494,0.06751136352660125,1
182,-0.012630608217974792,0.007103422611681287,-0.013952986823840385,0.008236110214052461,1
183,-0.12584458274641297,0.06095240320069528,0.03799246987573901,-0.029362091464655737,1
184,-0.05350443420211226,0.025076083823053152,-0.11653112088990603,0.07733354213383925,1
185,-0.22216368987224477,0.0809517357874816,-0.09349417922912373,0.07086681793703131,1
186,0.018939318074745692,-0.006894950067362071,0.03718435650010843,-0.030499694127871013,1
187,0.10277149673500019,-0.05212916665276768,-0.07637802441147001,0.058313114652929876,1
188,-0.29159968742380493,0.1313685299185361,0.10751432332999178,-0.10946045374340985,1
189,-0.17718509130845295,0.07783083252001388,-0.0434065167488511,0.033549356309587774,1
190,0.48318121727191654,-0.17102390217639263,0.07329391787651085,-0.0481537009430435,1
191,0.03764489612863686,-0.014247802387225228,0.0009395260556539498,-0.0007628763934162119,1
192,-0.21750419044119473,0.10107851006537771,-0.2949353619809252,0.16670806119374304,1
193,-0.16732571404665375,0.06602931854686511,-0.047343760004779245,0.03423816151766801,1
194,-0.013689944792427688,0.00593936557516328,0.04233014170879468,-0.03335143762075865,1
195,-0.020460724806887765,0.008230497917483093,0.015844973605541268,-0.010559981154898646,1
196,0.2638833330353152,-0.10582611492184557,0.17466406601255402,-0.10766586484466267,1
197,0.24180447284736228,-0.10929154265710128,-0.05054036456600497,0.033456051204422854,1
198,-0.0783997871857749,0.03629767868158196,-0.009588451398870879,0.007549289525068836,1
199,0.11609342107774401,-0.053623675478836175,0.023372007965585917,-0.014495148975870453,1
200,-0.22239007164304692,0.09537737411889347,-0.13980884560841833,0.10242795674073257,1
201,-0.29280245623014256,0.12118045621120144,-0.10804487960465825,0.09563824525419917,1
202,-0.17558565405859383,0.07599302364984195,-0.06874884735998932,0.05443221982251489,1
203,-0.1519754216789666,0.07825315941368116,-0.18128090058532487,0.1268596064917913,1
204,-0.2389789084436611,0.12023252458829858,-0.05741189465238672,0.038742452161413254,1
205,0.15817772364422833,-0.07090983160512865,-0.048465847876983936,0.03130240423174058,1
206,-0.10150112238564901,0.04298532258101895,0.04255324705263752,-0.03781703038503492,1
207,-0.066028920035347,0.03339598725771775,0.16460076394379786,-0.11652544070587867,1
208,0.39026470303627203,-0.12723179297586795,0.05375909505454679,-0.03420362673981492,1
209,-0.31316966841802873,0.13610095582803683,-0.17322467613882164,0.1352086444875591,1
210,0.4838072402331344,-0.18339451071105395,-0.016192678843063968,0.009652331573726913,1
211,-0.24831335151425815,0.10201912173417549,-0.24540095346989044,0.146523191423779,1
212,-0.09055739229922177,0.04809651995996023,0.15833879154977892,-0.1266451287520023,1
213,-0.12807685528989676,0.06827481516277323,-0.07499880925122504,0.0556258016535186,1
214,0.011542210172383438,-0.004750962136172543,-0.007985448045814358,0.005958399221032362,1
215,-0.2265275205375774,0.08652649891646524,-0.10454917239677108,0.06563039573909335,1
216,0.03202094773655095,-0.01658067023243004,0.04637066933676115,-0.040144999210646626,1
217,0.25932297765492907,-0.10737562046256,0.23578055345651028,-0.15849820530892567,1
218,0.03704842296826705,-0.01695030502069339,-0.06350778466725071,0.040074316592435766,1
219,-0.03427473559912331,0.015760439283094896,0.0013910695251331262,-0.0010131589167425847,1
220,-0.10006647686127335,0.04886116249367334,-0.005144820949136486,0.004378748852799097,1
221,-0.1649704013629103,0.07217814608039363,0.0709901184308579,-0.048071464126051566,1
222,-0.12257310805066868,0.07011664947923324,0.21525539838111096,-0.23363089736859433,1
223,0.5591928091512468,-0.2096368673108051,0.11640501540670467,-0.07467693648071361,1
224,0.12249272357856933,-0.050622477842876545,-0.07012655450998317,0.03669539349640816,1
225,0.008405783808846934,-0.00423985646465419,-0.020091351547587344,0.01461260300243794,1
226,0.5161658988258284,-0.18871731400134273,0.14511878157649738,-0.10669584400159571,1
227,0.010068019436880515,-0.004685489765146267,0.0020315928713456888,-0.0016511748685139604,1
228,0.04113803754204137,-0.025199515360797564,-0.05146690175786772,0.04813102385279777,1
229,-0.31967398211541975,0.14693884081820752,-0.4227847412120287,0.24953334294162666,1
230,0.05141185450760566,-0.026690592156041637,0.2995968845916144,-0.2591600867612158,1
231,0.5499480144581437,-0.25842154973035636,0.13783528901010667,-0.0950658746838684,1
232,-0.21522541924733796,0.09412009340365879,-0.07969278789844458,0.05384441443747967,1
233,0.13616024518753322,-0.06740260202174198,-0.05713220258252094,0.038670228140254004,1
234,-0.04043269622072532,0.02049347567871551,0.14904735196889152,-0.13017014819863348,1
235,-0.20877862258303326,0.08253760383202602,0.034768357678921946,-0.02919376947701946,1
236,0.01692567533592415,-0.0077536811621681245,0.06745614878833539,-0.05694083796941274,1
237,0.09616775907650998,-0.04553833188137846,0.0909086976939546,-0.06899752552189664,1
238,0.030829572669161198,-0.014395824128299761,0.07296716568289141,-0.05496038664298886,1
239,-0.04780689621270673,0.018225722131553934,-0.04257347174470505,0.03200206204548928,1
240,-0.2919478266545181,0.11253804386777999,-0.0012318076480570816,0.0010731855071668406,1
241,-0.1490182115118297,0.05248457976878107,-0.014660866824592222,0.00913463589391239,1
242,0.06409409481326511,-0.03385082033224496,0.13867651743943232,-0.15193654418890534,1
243,-0.03226352377263231,0.018860001664025905,0.056664627887137,-0.043905198345473906,1
244,0.4264235440602304,-0.1785298279403753,0.11150617035868504,-0.0758230771977435,1
245,0.24917697839415864,-0.13226228850031152,0.29621857015097663,-0.32550686512576266,1
246,-0.11661442407814393,0.052731700794183434,-0.034495009251503506,0.027867718994138646,1
247,0.11015421198901798,-0.05201271557493237,0.18200892434138316,-0.2069146670730515,1
248,0.14073403590443467,-0.06193469753870717,-0.11347447406226352,0.0720147105776392,1
249,-0.13189954114747682,0.056501158960838405,-0.049568021200242285,0.03268232011086514,1
250,-0.08692597458911933,0.04342507904210258,-0.006094560162297924,0.0037726329480237686,1
251,-0.1958851541983635,0.07096801009989384,0.1639772932646546,-0.09614677532261728,1
252,-0.2476699842624539,0.08468455753430959,0.006109530671719154,-0.0043601797891204,1
253,0.08719368923884296,-0.0379253732692173,0.04660747206620797,-0.03931832148481851,1
254,-0.025322981100629915,0.015334758696289863,0.06800501571950957,-0.05796513477965304,1
255,0.014420345649357458,-0.006668595853890125,-0.04874337891264857,0.03774237075373521,1
256,-0.10369047588823044,0.04046159617209133,-0.09232524527061248,0.0689238556510029,1
257,-0.09338574378336073,0.036570427539292405,0.06483002520915626,-0.04993652487046307,1
258,0.09425796399277919,-0.04401293662377226,0.19326735477490287,-0.15950544676629042,1
259,0.02308881124429729,-0.015286709339609628,0.1143217305518971,-0.10627198388862391,1
260,-0.03334209393464782,0.013878384728150617,-0.06533975211289955,0.04171911364896608,1
261,-0.21379665930478575,0.0918150792183251,-0.1438244412155809,0.11200518142755689,1
262,0.16072603822192466,-0.06457604063010547,0.1470053107535121,-0.10429042841319824,1
263,0.3768398294524089,-0.14849594551462153,0.15130200312094266,-0.09560144361345135,1
264,-0.31308254623656095,0.12499236473340758,-0.05966251913696885,0.05068152373729684,1
265,0.2544615511526098,-0.09825841940611668,0.055488461747077444,-0.03546801428651336,1
266,0.31806830663649643,-0.12155826393315006,0.0074495920101356194,-0.005663109496744312,1
267,-0.17260273179677044,0.09150903583253034,-0.10817958333039579,0.09191023663121789,1
268,-0.04838756602652339,0.029719850730246966,-0.07584046408273504,0.051284713599835774,1
269,-0.04101112899638837,0.019988773266577442,0.20361769891615156,-0.19016842040579807,1
270,-0.03741688185257264,0.019361855316270216,0.009736806262297781,-0.007837886870381672,1
271,-0.176698965147009,0.08563778433939784,0.16575748326273243,-0.12883109460398812,1
272,-0.376523689843141,0.15307303764518443,-0.05294271994854949,0.037914784181314776,1
273,-0.11421889405549779,0.03986701216613642,0.1193524191347175,-0.08979465377783713,1
274,-0.004415219082723576,0.0022618655651607256,0.005970882216402629,-0.004875275070485463,1
275,-0.19906765718954622,0.0838902930301566,-0.11816664021555745,0.08212875170425127,1
276,-0.23700084014672607,0.1115921031554814,0.0877125223893025,-0.07373317878857466,1
277,-0.11296799710359551,0.03914418092099037,0.09412223849016454,-0.06198006691576441,1
278,-0.0212967814113858,0.009267082470175048,0.06171083795960364,-0.05457781180674881,1
279,-0.3443050791471185,0.13165215160308785,-0.0597498052057035,0.049279871197781544,1
280,0.060432056066913376,-0.026107765580726472,0.24155263640968294,-0.205721662583767,1
281,-0.07216086506832009,0.036703229434845386,-0.05011516747912337,0.029676689887982,1
282,-0.6826405986181849,0.2501389598240483,-0.08067882710116558,0.06057005562223172,1
283,0.16517092783942,-0.08421059794096575,0.11115047903054531,-0.08834276186442547,1
284,0.395590080519014,-0.197937419888643,0.23467278415797765,-0.21957100004283725,1
285,0.06411404343889515,-0.023304098986775434,-0.08157268590914413,0.04289324412667872,1
286,-0.0700596829731257,0.031768201006328045,0.04656754621050885,-0.03060161466060407,1
287,0.04229267443122664,-0.01912972679570024,0.13636671401476574,-0.11386233699520054,1
288,-0.18022068858076867,0.06642844256435143,-0.056829993114390964,0.04199138556639548,1
289,-0.2701853747702141,0.10545388791455268,-0.27041953637435534,0.15104367256522855,1
290,0.035882664102534045,-0.02621809831034483,0.1137252818107326,-0.1125224153544071,1
291,-0.0824536437309562,0.03512036849141886,0.03817348308513546,-0.02828962797281398,1
292,0.11903792994806084,-0.04773771724490383,0.012978707258950228,-0.008211468532537847,1
293,0.12401346362693966,-0.05049101704473502,0.10750965672807888,-0.0827318042946561,1
294,0.4545971553304735,-0.16256039330724548,0.05868771945068629,-0.043621150132241215,1
295,0.6409556020588356,-0.2531017204449306,0.1965323518029527,-0.177970337150678,1
296,0.11249193421079307,-0.043091844854264094,0.04443055677058738,-0.03498048654043795,1
297,-0.21643754887613076,0.0943776579830996,-0.15687289112167435,0.1171163484574691,1
298,0.3486588204154799,-0.14081055747880367,0.044316971841412256,-0.03305125487622207,1
299,0.8421836616303873,-0.29869473407090497,0.17833278976155897,-0.12298518736184016,1
300,-0.15890438752606806,0.07590509222236053,-0.10796672268009977,0.07568397876984356,1
301,-0.1445791031907815,0.06942429587739918,-0.11860746957718282,0.08270863518103011,1
302,0.04288323932639582,-0.02851082313641351,0.002621513863195979,-0.0021004064250973453,1
303,-0.09529416459370665,0.04465952203566592,0.045805370265768364,-0.031215040242298597,1
304,0.015382237795552811,-0.007418461063050996,0.049000930320572955,-0.03924876649501585,1
305,0.1423115599224849,-0.07341180304750061,0.07099774797162661,-0.058624679284679404,1
306,0.035211808042428405,-0.013947471726394989,0.12161280969737942,-0.08241357527858839,1
307,0.4221863247634454,-0.14381711265123087,0.19708769202376675,-0.10936986402195847,1
308,-0.35250163823566405,0.12044788654391914,-0.20655240473121306,0.12986178766543155,1
309,-0.2057280538756816,0.09883264185403884,-0.026427609008116137,0.020763005366975396,1
310,-0.135206432900409,0.05176396010726858,-0.014736965160873083,0.01228601123280093,1
311,0.13917288093440217,-0.056305255973225554,-0.018124252486537706,0.012327256633008599,1
312,0.27865241881645186,-0.1142905618632104,-0.030933054303850183,0.019615780198659616,1
313,-0.1219408100875854,0.045888789780682115,0.03046408804782952,-0.02101125168424689,1
314,-0.36040246839204326,0.16336951828415103,-0.05580762409337048,0.041928470077603364,1
315,-0.3402632359386506,0.13922857887690887,-0.2876050612085084,0.16472348419765526,1
316,-0.27481754621148813,0.11569942256648713,-0.022071289340356293,0.013542858290505944,1
317,0.1384660859676492,-0.07456063115179923,0.06049798783532312,-0.04689107454706254,1
318,-0.36486276237484505,0.16004282526852875,0.06146176611433596,-0.03696675482665546,1
319,-0.3114272821592947,0.12600457138939203,0.006569922359737745,-0.006196324857615565,1
320,0.06650726110456784,-0.03132103437491107,0.46155532992436554,-0.3182334373745239,1
321,-0.13572784214141453,0.058920622108837084,0.012079464882300828,-0.008720521968688333,1
322,0.1377897805237116,-0.05122265185892716,0.17325325452805163,-0.11046193581358432,1
323,-0.13679951448517436,0.055887092956586115,-0.07699544366906186,0.057254155925999584,1
324,-0.22534143418483987,0.0935790759326951,-0.02670254934398497,0.01843404092520773,1
325,-0.15858900114144103,0.07893989146336056,-0.034967787577459886,0.023480914495826344,1
326,-0.03621367540769427,0.019068165022385175,0.1875196652115907,-0.13198126204590688,1
327,-0.16197326907777887,0.08176282610553864,-0.08696044214349508,0.07116154907322791,1
328,0.06407258242992064,-0.030417503303117766,0.032023423501526205,-0.023172017198036077,1
329,-0.011511030466173189,0.005866714523212968,0.19504783465966113,-0.16559597505368195,1
330,-0.3295021801650937,0.10190296483060002,-0.0824562071844055,0.05151509897614759,1
331,0.43234181946398564,-0.17719996468561727,0.26891178468261145,-0.22515211645321465,1
332,-0.4403573647864847,0.16642084343952002,-0.20355667073299988,0.1459059974828214,1
333,0.0659867893121362,-0.025264358224380112,0.09618284156442725,-0.08267112386745601,1
334,0.3294694650861656,-0.10310088404435036,0.10130335490024045,-0.06390917629748905,1
335,0.364199362019638,-0.17422488700234573,0.21433859291748014,-0.18448412466761943,1
336,-0.17682594496523318,0.062378211233770076,-0.14746095333562237,0.09227249503874912,1
337,-0.10194096388923035,0.05240976810671427,0.03559664679936958,-0.031140263513864008,1
338,-0.039210313781399275,0.01743254799093863,-0.031046301891031414,0.021914385749764453,1
339,0.09922230851825553,-0.03716064013301601,0.15870481336836928,-0.11971198831418572,1
340,-0.058430126696013884,0.03260372239954157,-0.004445892496107939,0.0032214705930858623,1
341,-0.45493723695191557,0.155185143347209,-0.16299751459662382,0.1134253263844438,1
342,-0.19830599236245527,0.09476041367736121,-0.15664559123534727,0.1224868254757433,1
343,-0.006028558367714432,0.0023913368611451213,-0.07684732646206793,0.04747890837732316,1
344,-0.14996730760754762,0.06351865252236555,-0.01139653396743312,0.01007317589306933,1
345,-0.07169365220530599,0.03178104758767342,-0.046842135958581554,0.036330928394850304,1
346,-0.12490533069612852,0.061348235139988994,0.04599910473823843,-0.03150402917262296,1
347,-0.3316967867084415,0.1531596249308136,-0.02873237850178678,0.021854603556796692,1
348,0.048210196688950546,-0.02086739348239841,0.03741819015343539,-0.027267862097491324,1
349,0.10362698988982766,-0.0468761307410448,0.05548711435215292,-0.0431279932121138,1
350,-0.20764977626561598,0.10466668493478437,0.08146624557520599,-0.07307261587154623,1
351,0.10023813002751547,-0.03767075653937613,-0.016511414898340515,0.010420215831149715,1
352,-0.1180778894442196,0.05249251187527593,-0.0336024638195187,0.028735532402141772,1
353,-0.12062704099878774,0.052835355929311545,-0.02591124181996829,0.018704437673591978,1
354,-0.2986436239904018,0.1116196266434556,-0.027323184360760866,0.0171382862643078,1
355,-0.27577375652839686,0.1338615131102492,-0.05181423773443106,0.045985579647968566,1
356,-0.07920269911268463,0.037054408133873284,-0.022902352173586937,0.016369499434708112,1
357,0.05612647152199268,-0.03194201556380194,0.14568674308909735,-0.11699398604491162,1
358,-0.14369687134087217,0.06149983949573923,-0.03771173303980491,0.030126900978457494,1
359,-0.19633582437186625,0.07661495767292636,-0.153620574084822,0.09308135873947465,1
360,-0.02052013067410563,0.008706620887411476,-0.004671769793836322,0.003270416167449386,1
361,-0.3019774193659277,0.12319316643076417,-0.374185041568297,0.22825665340891677,1
362,-0.18108140876236423,0.08085868138015306,-0.20062172952419743,0.14046741112355243,1
363,-0.3438039919229974,0.12031441187419056,-0.09501929420689015,0.06880372601123641,1
364,-0.144587280022884,0.057977369631588505,-0.27515949915880955,0.1501423607809662,1
365,0.2794707932291387,-0.11970813571891448,0.14898106976862935,-0.10678037001232288,1
366,-0.05397344022051298,0.021237850243042034,-0.06005773336895581,0.05085810566384741,1
367,-0.2339874697912756,0.10914579145127201,-0.06336025953017432,0.04465959713109868,1
368,0.002847357431508879,-0.001780014750468073,-0.025873354250777192,0.022185890964561472,1
369,0.35725392649732246,-0.12673798733204622,0.3075850328041616,-0.228045029450894,1
370,-0.07215785794735297,0.031854478805349085,-0.02773858130822293,0.02076854323449029,1
371,-0.15253458357765792,0.06300038369347072,0.06314645691866216,-0.04408894518037432,1
372,-0.10082974982613502,0.036851145287326026,0.04550152865618906,-0.030339518170204416,1
373,-0.1040831157514388,0.051679513718384085,-0.10970248873686139,0.0742994810561467,1
374,-0.32545662722441415,0.13288158303629682,-0.04026473289520638,0.033184496320505574,1
375,-0.20309688655375524,0.09871816642065823,-0.043529316519973715,0.033537942592343106,1
376,-0.11703219534859555,0.057458152723857014,-0.05994907697591478,0.05140741388651615,1
377,-0.32359413102475143,0.13232730985209784,-0.0847341372974757,0.0664213195410377,1
378,-0.09791513224612425,0.04869821397984109,0.09194024708832371,-0.09274509301706502,1
379,-0.2847058426302005,0.09878799932887317,-0.01948496328017657,0.01631990639890213,1
380,0.20406742353028973,-0.09066100294584056,-0.11826375631839192,0.07225038553075125,1
381,-0.1184294500165084,0.04809664880324682,-0.03153587701021965,0.021666937293612243,1
382,0.14132619235779798,-0.058586792771970986,0.0955720837971532,-0.06474666438448451,1
383,-0.28020568436868576,0.09098103959161363,-0.017443458430314918,0.013238375864213614,1
384,-0.3178935261926479,0.12432833732647253,-0.33571813083248103,0.18546682925826274,1
385,-0.0672268192346741,0.03565841909893053,-0.08412741987096939,0.06326234367996719,1
386,-0.13702374026486241,0.05044717951208788,-0.08971976637700818,0.06489906290816139,1
387,-0.18180357911561762,0.092789159653762,-0.11849605627678561,0.09002943066273383,1
388,-0.08634699747409513,0.036701499032418705,-0.039912233368414096,0.027137394556867256,1
389,0.06488878143770904,-0.027400762264297107,0.04552009415544811,-0.02974888353805749,1
390,-0.08768444329669545,0.042141708802956535,-0.05411110137765385,0.03240238109613636,1
391,0.04554983126079426,-0.021217166117033504,0.12293086746992898,-0.10819515615613429,1
392,0.4732987370135717,-0.1996070648210384,0.17233131793590784,-0.11662415804760617,1
393,0.2791181723075842,-0.13622542610424726,0.16198799236827077,-0.13977228235164252,1
394,-0.1569233377073549,0.055887076294560245,-0.07968962325135753,0.049613672771879114,1
395,-0.2901704931383309,0.10206513029994668,-0.19285103527380576,0.11931654847896267,1
396,-0.015694134914793434,0.007157842624959554,-0.0796188382127232,0.05568009674421892,1
397,-0.19247328485477477,0.10726162317724075,0.10522852853267062,-0.09770024927506893,1
398,-0.13960887725207627,0.061196614055559984,-0.06445560894168922,0.03844464606085052,1
399,0.20013587002498356,-0.08700844914638517,0.13769657026216375,-0.11008120453565295,1
400,0.040581771754553575,-0.01917756220073974,-0.007922656694619334,0.005577306524901848,1
401,-0.6428879197036323,0.19835567370000984,-0.20426776954109815,0.15020636783457075,1
402,-0.19523061722678126,0.08155688768260227,0.026338478378748587,-0.016660202327088758,1
403,-0.03491352722394536,0.015360734673039778,0.22098769632465665,-0.19529573232016584,1
404,-0.12785087819876506,0.06059657330656887,0.05092630430579903,-0.04137900116440196,1
405,0.26982394017738054,-0.09802021245665937,-0.07486714654363813,0.05944540667114928,1
406,-0.17896069296230754,0.07695287257360528,-0.07124194457460709,0.04656511064473301,1
407,0.30528201195248217,-0.14128192045653876,0.19058774828847302,-0.1316392994378579,1
408,-0.023024505913694426,0.007975549229249701,-0.09215134623784116,0.06103011991352181,1
409,0.19161531789158337,-0.07662128092455323,0.07183236998826481,-0.055214307198059975,1
410,-0.021584123532460753,0.011745393088929745,0.2161005882182132,-0.1864521068994458,1
411,0.03408736504801291,-0.02132369780767074,-0.07146786854804232,0.05097268998779625,1
412,0.151255435351076,-0.05913168227629484,0.0606773580719866,-0.03950074504601209,1
413,0.06034815024192408,-0.028866242889977967,0.004086274150094882,-0.0029872647859745527,1
414,0.14531356476923496,-0.07314082124715804,-0.03643846784839355,0.026493002747772887,1
415,-0.17341745977443512,0.059485925638098736,0.08218688009202357,-0.05752107033442666,1
416,0.48690430049240874,-0.16293484505568823,0.07142969455069648,-0.05116152452578526,1
417,-0.07072536027175702,0.037554821393972815,0.17994516570450236,-0.15296297270007653,1
418,-0.08437291874385178,0.03537115738717944,0.024419208008305437,-0.01872215453267212,1
419,0.36495468131295006,-0.13502498864848622,0.15502889393600094,-0.10400661108370768,1
420,0.3345750336489548,-0.15918424233974182,0.13794271453063178,-0.13232293745580948,1
421,-0.1786467399287246,0.06778143336643205,0.05630910086055785,-0.04166696397395553,1
422,-0.17926420629243012,0.09175295282836471,0.08588631800222224,-0.08331095296017654,1
423,0.14624972146202153,-0.07581644776666496,0.3719425070317661,-0.28612215883512193,1
424,0.5193792526483785,-0.17837042520933122,0.23572544123936856,-0.19287178597988186,1
425,-0.22418960646872055,0.08490383016114134,-0.02757790489809553,0.01766646579772102,1
426,-0.2210270229361233,0.10233850258792354,-0.055358898898258735,0.04456056582938317,1
427,-0.25430991479962284,0.10320190913573213,-0.1963145390875798,0.13005512569541877,1
428,-0.030784386611566017,0.01396759342625642,-0.11543106540581438,0.07584725829369154,1
429,0.2684083647808988,-0.1204611782361118,0.12324062878465081,-0.09188467910655951,1
430,-0.10063423459383247,0.05177997474774554,-0.10747542026632195,0.07080945607025424,1
431,0.480432757422669,-0.20136077329354518,0.14541060143857543,-0.10831523515868513,1
432,-0.20072615401568372,0.08248069039937123,-0.14004773901267287,0.10056786005461948,1
433,-0.14264807882076114,0.06668689625915492,0.06057525513523632,-0.05403524575557328,1
434,-0.2923227946365292,0.13443979485313806,-0.04737312689117834,0.03750209482895894,1
435,0.14637033642834396,-0.05727144571745657,0.05805165498000986,-0.04562972749881533,1
436,0.22790711011204356,-0.07640848554733948,0.09406338246778656,-0.05493209257273057,1
437,-0.03342247349530192,0.014275192783029578,-0.05395097189593101,0.03981615329756216,1
438,0.5494068144572868,-0.24777789123658933,0.19801313175167357,-0.15483363042050735,1
439,-0.017684205104013362,0.007630594320363504,-0.059752631318302774,0.03648358864542278,1
440,0.10380638871709924,-0.052005780957828485,0.0396088139521491,-0.02948577369711658,1
441,0.07417202261547051,-0.03741978917886368,0.1691642623837215,-0.10208427224818806,1
442,-0.02327573616187406,0.009729888677354248,-0.09783526222444028,0.05609296611259973,1
443,-0.18573079067859322,0.0939375389214987,-0.2562965864356026,0.1902679589549483,1
444,0.5160332809305044,-0.2265408281803145,0.24314751185823003,-0.1640013549382333,1
445,0.13798836028443606,-0.0671557587395919,0.032974053729374786,-0.023724747826817882,1
446,0.010456205307673105,-0.004931486961469833,0.228989204911888,-0.13236677221727056,1
447,-0.33854240805712976,0.13813555001123867,-0.16125365094542454,0.09889261266319527,1
448,-0.226654291551164,0.10143721054019594,-0.08869167524113508,0.07022297797844501,1
449,-0.1399520577932769,0.05803912309427661,0.009429242671521898,-0.00630359466221786,1
450,0.13480314689098893,-0.06795848888017764,-0.09385025948288894,0.059823547346893435,1
451,0.14279024732431056,-0.06256624880081985,0.07093643278123385,-0.05181248510813363,1
452,0.4510744866195018,-0.18198357494698758,0.14189016082093264,-0.10650192369332667,1
453,0.22137843813469882,-0.08665165745965342,-0.07205234453895448,0.05483192783229951,1
454,-0.27567875345218784,0.12311813622150147,-0.05496932842342628,0.04081631681625797,1
455,-0.4776349963208095,0.1652768021266594,-0.2961141722714773,0.1938272676475945,1
456,0.6013526792332966,-0.2385616805309161,0.11107457136659438,-0.08028953805138084,1
457,0.1281428962390665,-0.04680957688861631,0.27971465248328853,-0.19402922147866142,1
458,-0.4514813999752876,0.19576228047500854,-0.08467175830737106,0.060963084758570374,1
459,-0.0590920008593927,0.03345825359222199,0.04351284410607481,-0.035783558141677,1
460,-0.3992271612876803,0.1590096524096385,-0.1497144195598954,0.11758805357435376,1
461,0.22812974591466695,-0.1060638687595159,-0.0051765977887137105,0.0035091263631906733,1
462,-0.2647191770730415,0.10559223776765114,0.14548548660989002,-0.11229851595219187,1
463,0.10741048341547543,-0.059133260165061596,0.07333905557894638,-0.05685690036419366,1
464,-0.22402078587180174,0.09047202946928834,-0.0014732961962684588,0.001022760124867128,1
465,-0.09920102542933851,0.04502718373910841,0.0938576893943972,-0.08275367317323057,1
466,0.52679442393744,-0.19734539925306027,0.10373472330077305,-0.08850273556411126,1
467,0.041381740989334226,-0.01925376513042054,0.2206516172375097,-0.1779646647825459,1
468,0.04995410339355022,-0.020593932392996672,0.018952053929375934,-0.013170838716524136,1
469,-0.2775208281884245,0.11614345560450767,-0.029293812979590994,0.025747668350926456,1
470,0.17016941849574785,-0.07544756073596282,0.0443230632549918,-0.03470732891342965,1
471,0.0008485966876472517,-0.00033237083810644386,-0.050975092535445965,0.027936728186315873,1
472,-0.15759087172309094,0.06843555954127534,-0.01395020475279174,0.008477253634845416,1
473,-0.18113741100961223,0.07942446645508439,-0.12401743839629042,0.08251704614502442,1
474,-0.43667435129400944,0.16947513526596392,-0.1879556604073207,0.14747461684750574,1
475,0.5403156999080991,-0.19637589243168274,0.35314270781684365,-0.3083005391734013,1
476,-0.11478047159543414,0.06491921846351123,-0.015472403678535862,0.013264401308686669,1
477,-0.09717225496547766,0.04313042514677934,0.11615142664468081,-0.08527620458748952,1
478,-0.24224612824495528,0.08957179492964495,-0.10291021594637662,0.06192141103408744,1
479,0.0035930283035008337,-0.0013624405863688072,-0.015251295570582357,0.008758674891800267,1
480,0.5172053319414727,-0.22202496466075972,0.2844771315645477,-0.2949542835826682,1
481,0.17247723768138856,-0.07796008062998072,0.1636121577894507,-0.10161918729014019,1
482,-0.21483903306026564,0.10065916410130293,-0.12979261028835842,0.0985219363128862,1
483,-0.11471079420475716,0.04844894538510203,0.0003540107468640308,-0.0002787125560574921,1
484,0.1827623151401765,-0.0980587378395632,0.08134830321288677,-0.07291001060209723,1
485,-0.054170001521306244,0.01952438355819619,-0.02200282095655015,0.01609963834320771,1
486,-0.33599688397818417,0.14926020626114067,0.01047013076854375,-0.005370011566392385,1
487,-0.38114809925519566,0.1449676660917858,-0.2090341964668092,0.11086869818394407,1
488,-0.25356859056548053,0.10608870938532466,-0.2729067689412057,0.16337239371043577,1
489,0.39590820694099005,-0.16282249168693785,0.27156851077357524,-0.18365680725254374,1
490,-0.16226838264011745,0.06988962774855323,-0.00864107301619188,0.005773376416062348,1
491,-0.11541418489879351,0.05878261726630318,-0.16530719192550825,0.11155337166313728,1
492,0.18132201304505902,-0.08858720452108582,-0.07968858553684299,0.06971507816650457,1
493,-0.1072449722863058,0.043264909633981774,0.018209338470816183,-0.011204057051827254,1
494,0.03626916588723983,-0.014222631466688895,0.07042471087314262,-0.04415044422085779,1
495,-0.13959952170852663,0.06042517103116263,-0.09816725734304632,0.06345182147657791,1
496,-0.18819302624218515,0.09053301459585372,-0.21797554809667052,0.13355270387650886,1
497,-0.27591689022120125,0.11111738957644146,-0.2532992305105173,0.11433848760966936,1
498,-0.08441312938483092,0.03079939489353889,0.0001304412588611914,-8.856110337762679e-05,1
499,-0.2393017587886912,0.09570726450192446,-0.052012864625033295,0.04374804944657573,1
500,0.18580796530744959,-0.0723311887787812,0.14185798838150077,-0.09120459240720602,1
501,-0.15613252518526233,0.07049205898904698,0.00438064514699521,-0.0037282724527865074,1
502,-0.09837879945002737,0.04389490346585334,0.13386861041727371,-0.111456707069582,1
503,-0.14466795928560439,0.06158626773616949,-0.04851566278167274,0.03140212152630939,1
504,-0.15224998637401432,0.07425309419359327,-0.11531895204779508,0.08039551232777298,1
505,0.39966549430657805,-0.17610001262306807,0.34226758541436175,-0.2741441197540684,1
506,-0.12593484752075357,0.046615541533976845,0.08746638867897194,-0.05523217204077535,1
507,-0.12654941808522358,0.05438047932634038,-0.04710841677039834,0.03404963025036711,1
508,0.11985672765326916,-0.04761731426031868,0.11429959003304835,-0.0663839312158836,1
509,0.013339492995818603,-0.004509254074686941,-0.3099451943225666,0.17494365888500918,1
510,-0.21989495294379013,0.09397316789672339,-0.007478484808677521,0.007042985580830052,1
511,-0.022354873676365905,0.008726820183341588,-0.027047619600443884,0.016371285732687757,1
512,-0.26600775888671246,0.11785510310269176,-0.12314292655688286,0.10112005834814153,1
513,-0.17578543478837694,0.08284580998961955,0.12910537306448133,-0.10264477675346795,1
514,-0.11899800957933815,0.048948671495532836,-0.059665467208172895,0.041347552782441066,1
515,-0.12093175308043014,0.04666401452518365,-0.15335582358642696,0.08562827916553384,1
516,0.194400834390152,-0.08524821986662356,-0.03250492389397497,0.021118604028234844,1
517,-0.1754366697471288,0.06495306639758602,-0.08932243752101154,0.05804412642261847,1
518,-0.20064620727504012,0.08373309885140046,-0.0837293069741567,0.055757187989643575,1
519,0.40857782196081915,-0.16094256181165933,0.25886029382976294,-0.2999978303208879,1
520,0.5058274944178356,-0.16509829362151907,0.043688132165031535,-0.03528298556070997,1
521,-0.08604913341431475,0.04611717527158288,0.07588364104239931,-0.07658090187438749,1
522,0.2556546289712105,-0.09790041594286936,0.04240483449021881,-0.030126454046458306,1
523,-0.2701324221459305,0.11286580634458776,-0.2577023270642991,0.1706662572493779,1
524,-0.13962555654230213,0.05896573478712108,-0.22156587529527494,0.09933885753496152,1
525,0.04154015523711241,-0.01511637265714616,0.042381971385843986,-0.029942873579652085,1
526,-0.2110675625487035,0.0814830836756748,0.024627720065032,-0.021541714161365633,1
527,-0.021327372534656774,0.009675715454009914,-0.05311978056648181,0.03626557525562968,1
528,0.06143816808296254,-0.0278456573149628,-0.0404526013768165,0.025415797597054368,1
529,-0.14752170404475073,0.06364731744509333,0.049532084095514906,-0.03793714532905712,1
530,-0.27908676135544663,0.11266308834134486,-0.2092441072246647,0.13145632006185604,1
531,-0.23084969851318604,0.10421881337680683,-0.055065890213021884,0.046818999925936744,1
532,0.4959164964212559,-0.21001540979756728,-0.04212686566322299,0.03271040580292717,1
533,-0.05750396649431622,0.027107683262679094,-0.04257172871682635,0.030630441694872723,1
534,0.4755077690810805,-0.16187170118687177,0.09005290857442994,-0.05385359728875172,1
535,0.06171935506087056,-0.029477500008466828,0.050914927065733195,-0.033438772253942206,1
536,0.322965010634672,-0.16927022836137362,0.09004482219385546,-0.07422623747195845,1
537,-0.2567082356505326,0.11747773843819342,-0.2843076996729623,0.16755765196080674,1
538,-0.06709359138561766,0.028736901114812863,0.046966438225085394,-0.031203528661552626,1
539,-0.20086790745614458,0.1026574403728362,-0.10699081108702901,0.07916683022979254,1
540,-0.1986785171994132,0.07330835548312276,0.06572893345590192,-0.041404070264479564,1
541,0.2344652166244403,-0.10297004974145674,0.10889333718769723,-0.07165719669751391,1
542,0.07441448948773699,-0.03059742116475328,-0.02152829372886811,0.017858158186241258,1
543,-0.14138546992594536,0.07547494736418114,-0.1746173223722054,0.12533500193985958,1
544,-0.041670477765511915,0.020440114424276623,0.019149190930853877,-0.016315304576766332,1
545,-0.03990228581849964,0.015989309999475565,0.09182651987320223,-0.09877840748740585,1
546,-0.25521602698279966,0.12405104386745147,-0.04119426340462695,0.03793927357527094,1
547,0.04919098585193726,-0.020547265601188913,-0.1443313742916692,0.08370039492094816,1
548,0.2735810536437029,-0.11170937145555615,0.1077295359272874,-0.07671925732132356,1
549,-0.09116802636671517,0.04293280773481711,0.1730939427445768,-0.15219533049446432,1
550,0.597237828676696,-0.23069089989237956,0.24723257716212976,-0.21760548618692543,1
551,-0.08202352610396146,0.04123428240703508,0.08304289264758347,-0.054808780193690065,1
552,-0.10145892040833915,0.06046382332674405,-0.15534724481154583,0.10897726269029007,1
553,0.3276504141019765,-0.14653914544390445,0.12061466750256633,-0.09330902601823854,1
554,-0.00342005549566915,0.0016907667371766077,0.012141994065182793,-0.007954773321431352,1
555,-0.10182803592421141,0.04569783560794238,0.19009313864770383,-0.16121967268554482,1
556,-0.20833501342525218,0.12240582199521721,0.049245161386899605,-0.048368356987851246,1
557,-0.24926224355803406,0.08959527839863557,-0.078405903727927,0.050792090162771864,1
558,0.26218696963252697,-0.08594611819538178,-0.037441051221295485,0.02399262568536631,1
559,-0.20961546494940464,0.09348201046461657,-0.33482542232064105,0.18382638729847112,1
560,-0.18371832242596353,0.07028592051427163,-0.14698276545698263,0.08812076153862713,1
561,0.0714003696616552,-0.03216293938928505,-0.018278558527699884,0.015116834352537634,1
562,0.0038328647888321576,-0.0015161588931054126,-0.10684244579989821,0.06514986954205282,1
563,-0.17937974689688785,0.06924978114958658,-0.1120787619168877,0.06920393898748611,1
564,0.11131219931827951,-0.061150403183819924,0.04980045107122888,-0.04580339706700309,1
565,-0.01960264304309689,0.008815331029101703,0.17144071386463122,-0.12454349720330349,1
566,0.01907823951128762,-0.010755028787838405,0.10424294554225977,-0.07979916977207369,1
567,0.8818658404505721,-0.34334924241899545,0.28709908856133914,-0.27683348303493527,1
568,0.2345013677931158,-0.07725911657930284,0.012860340647505186,-0.009211747345094778,1
569,-0.07069269975274328,0.03450693545212291,0.031166228711832167,-0.023134596288413523,1
570,-0.1052068248868987,0.04875416473532579,-0.15558030211174945,0.09690020652502684,1
571,-0.304218089196131,0.11952440042345591,-0.07067572570553882,0.05376477465674123,1
572,-0.27290278097663645,0.10522764983733734,-0.1298952408292715,0.09045277635585958,1
573,0.4585564019827295,-0.1402700782235371,0.018427101638542664,-0.012156124046328376,1
574,-0.07666624578517078,0.0336078975168298,0.042990772563862745,-0.035049587154861506,1
575,0.05911088060703329,-0.033832640037040784,0.1638543051888366,-0.13186979139086485,1
576,-0.12068440247116996,0.05614642622165111,0.2661855252207652,-0.21542727176164655,1
577,-0.0438898903763163,0.021704679862476706,0.14972605868220068,-0.1164102795171309,1
578,0.17203933485272005,-0.07855234900285168,0.04537840667134674,-0.030719580132031465,1
579,-0.10543370537008334,0.04372758509250041,0.006061688642995833,-0.0033466909836130654,1
580,0.016193792077620728,-0.007210646749031824,0.14829275390276742,-0.12697978696142465,1
581,-0.11829533880793441,0.054491194943018795,0.10005877470976055,-0.0776437682474711,1
582,-0.04640207254482376,0.02350285355849302,0.003221516231075139,-0.0028484420266676747,1
583,0.2538838538221482,-0.10434874468935695,0.24302417025119838,-0.20397586495923625,1
584,-0.3403318626006069,0.1107862139049215,-0.19308932051753858,0.1200990967126988,1
585,0.19749612199588684,-0.09579234556107741,-0.01518423518283396,0.010269641608300129,1
586,-0.45195761631760467,0.16474486126285315,-0.3095660549784851,0.17044775846634752,1
587,-0.07486141229373766,0.035759902725541415,-0.010469800436425647,0.006888597446271683,1
588,0.3443811511163215,-0.13246436907455372,0.026961734990357256,-0.017271120671290996,1
589,0.22406231137997779,-0.1002230576832488,0.012859616106772886,-0.009762611263211207,1
590,-0.07916635172668496,0.028570435230294344,0.023717085349797218,-0.018236400130437813,1
591,-0.32355804446393743,0.14585828168378623,-0.11341468889063377,0.08764944388658036,1
592,-0.33468909849031103,0.135191725047618,-0.17885513903807948,0.12973416431666251,1
593,-0.22955327203297626,0.09248099606889049,-0.14477306968795478,0.10240823851206982,1
594,0.16733120850079652,-0.07747083449521841,0.08452080654613647,-0.05689536061199929,1
595,-0.16452411784971632,0.07714040467033345,0.06709598326204014,-0.05986412902424765,1
596,0.352664581230667,-0.1350940282436186,0.014570045386713248,-0.010875459169183976,1
597,-0.21834155278718148,0.0955120940065084,-0.09549190453413514,0.06885049802506005,1
598,-0.3018239368836615,0.122019106230142,-0.08250930139001533,0.057016672659733536,1
599,-0.20382940433307883,0.08778997202604655,-0.13308662399013071,0.09006232521407032,1
600,-0.03304158936938917,0.016071255633292814,0.2697866160423841,-0.2657930833589923,1
601,0.42352242512039373,-0.2117586973915313,0.21204543586000058,-0.18173326238867404,1
602,0.10618443537090005,-0.04008524918329792,0.03927785993233113,-0.027048637683553034,1
603,-0.14544569807525143,0.058376075298411045,0.12659431343632677,-0.1106788881050127,1
604,0.13999702663876334,-0.06612927957282455,-0.09171239395976194,0.06775317580071927,1
605,0.5205780887992861,-0.1866089735768912,0.13471365233244947,-0.09046837123734663,1
606,-0.07781696546422623,0.03708754475174425,0.17126742956921648,-0.13798339360313627,1
607,0.03980080507411898,-0.015659285343376572,-0.08500957810672194,0.056162799679865594,1
608,-0.036011340727701846,0.017008796757789102,-0.014817929934273444,0.011498506088594485,1
609,0.1370933527935705,-0.06647628594116473,0.09876206076554483,-0.06779345152682126,1
610,-0.12094932373193834,0.061226783027489295,0.019396111713120057,-0.012446527609872637,1
611,0.061952841234135025,-0.02975860041414835,0.04124555507345962,-0.031687243569636925,1
612,0.4868459218712422,-0.22657458481520032,0.192032068641945,-0.1651099332230359,1
613,-0.13052873359488437,0.06423004973170188,-0.06474653766196536,0.049453952251079514,1
614,-0.2897172780314796,0.09767094029754075,-0.2154992328766865,0.13003667907211913,1
615,-0.1135826517740699,0.04370547295828209,0.14802783897071392,-0.08639290471514927,1
616,0.17466510283035674,-0.07354129348907934,0.09979578328051675,-0.08370349756197881,1
617,-0.1918436078635204,0.0844132230513388,-0.1738882833397506,0.12103372107103949,1
618,-0.11167457318785745,0.04865296340006897,-0.13011500569242118,0.08365468725500369,1
619,-0.10916926990045539,0.05936213554612069,-0.07584713488060801,0.055758882679457944,1
620,-0.04582852644320656,0.023004196505851726,0.0910177074330707,-0.0841549792208316,1
621,0.1282472873583942,-0.07095574217549916,0.015251244516369944,-0.011416755069220574,1
622,-0.3205056235981676,0.1329277870110619,-0.10160008559195077,0.08446452753206268,1
623,-0.2725061631363972,0.09001420620925782,0.005163245192515431,-0.003727777387234399,1
624,0.4729726471793887,-0.2136816638111123,0.07837013492545308,-0.05726941771573357,1
625,0.1184853068334264,-0.04450107039954165,0.12900985091485717,-0.09424298703783363,1
626,0.08551635884159814,-0.045024685003223874,0.16469862946304503,-0.12125530659155292,1
627,-0.02084862869454218,0.007723307082609487,-0.043575919633409343,0.028623221844025326,1
628,0.2669113144787434,-0.12489819308222194,0.115137049412954,-0.09914839665403807,1
629,-0.24414148320662,0.09370807446477758,-0.02389581123000939,0.018943129667742475,1
630,0.3178484799579939,-0.12677019579616933,0.0922686068024039,-0.06056642763854425,1
631,0.06052889857684218,-0.03463436090713645,0.04727983498123067,-0.03382615954511725,1
632,0.0022492876405433293,-0.001040695636959521,0.0813326312124476,-0.056163481538410887,1
633,-0.09316968876970688,0.04480740496172664,-0.1540791643637225,0.09153891646643508,1
634,-0.21092413445624447,0.10220350047177529,-0.1086917932893281,0.08713122620129254,1
635,-0.17202694718521472,0.08625148101784608,-0.09838864953925253,0.07512024069865997,1
636,0.032076168252383574,-0.013301874780706546,0.01629078522694738,-0.012266976992578504,1
637,-0.3654478099148739,0.1424542057823509,-0.2861393138921926,0.1779252654914798,1
638,-0.2048046156085599,0.08734538961964533,0.03597539290449592,-0.02950801000438008,1
639,-0.25360644175254654,0.08653669038605294,-0.164512155489841,0.10399332681962903,1
640,-0.2948188735643189,0.10702910929067211,-0.3339109635971784,0.16852349863247496,1
641,0.25272373041426155,-0.11993473751794426,0.07367739094117232,-0.05749434212790061,1
642,-0.16663931126843767,0.08192092540062157,-0.0014206877113067673,0.0010500249463815114,1
643,-0.06623778459935137,0.029219426559234152,0.10853369827873993,-0.11053057537512245,1
644,0.17517883212506247,-0.07446042094730476,0.06626422571458646,-0.05036274302573451,1
645,0.847770929752385,-0.31066181081272704,0.34030247310193995,-0.26520444552696043,1
646,0.13236867780998596,-0.051784255210781005,0.10794402359805688,-0.09609931285116802,1
647,-0.08153604053996855,0.03135368014768447,0.06242829672490657,-0.045566917044081556,1
648,0.05489439548542974,-0.029272905085105938,0.06347811583120366,-0.046577932183754944,1
649,-0.06624932423538188,0.03565910734810118,-0.10410170269018915,0.07532077593528996,1
650,-0.015899722827542373,0.006202670128012122,0.18729923866106368,-0.15535528988208291,1
651,-0.08832306528750067,0.043379829704671136,-0.12549561920309338,0.08209192926046205,1
652,0.13107989412720933,-0.05313600234684679,0.041092755782015766,-0.02617147104509976,1
653,-0.16560985377534276,0.07159875115945924,0.018149601512522873,-0.01484374394969512,1
654,0.39343259054244895,-0.16105394566726017,0.1841145741192236,-0.14245979003009634,1
655,-0.03905022624882504,0.01940085796659652,0.015682173641602182,-0.010959340478562174,1
656,0.07847202889294236,-0.03876838435861307,0.04487962377382826,-0.030249652097527058,1
657,0.21502196635133553,-0.09140234846545536,0.04290233149276479,-0.03202312504666982,1
658,0.018688538636710383,-0.007573526052438773,0.1480381170206022,-0.10022308220526654,1
659,-0.3026558640997723,0.13270251676697986,-0.13844155357023458,0.11009182211503898,1
660,-0.16609434712328142,0.0721067683997515,-0.010394994467045393,0.007483122676431475,1
661,-0.24282893075048007,0.10277845794328688,0.07363466553576337,-0.061216541830525495,1
662,0.5874016843667875,-0.21823374791247985,0.2500602275280466,-0.15867118906777966,1
663,0.07412471643791019,-0.03459277113930237,0.1910061688271888,-0.19522529544090328,1
664,-0.22564819624942434,0.09934902658979172,-0.22084606109654525,0.14743944444278834,1
665,-0.023171418402385457,0.013281783897245103,0.11786441405686099,-0.08872201158737503,1
666,-0.45972926451257523,0.1354189780833992,-0.013639885159658638,0.011164745990604796,1
667,-0.1321020564300901,0.05119447681302669,-0.16334621212560396,0.10135762192216968,1
668,-0.4423021842198782,0.15487739829641156,-0.09915753292528962,0.06514642357215061,1
669,0.039394171305043635,-0.017682028478069656,0.06406246074030575,-0.048093497918640926,1
670,-0.03319960481279294,0.013699752497637996,-0.02709704062407514,0.01731886703680663,1
671,0.011659140321550243,-0.004589820275598955,-0.09782175652496994,0.06110239960629349,1
672,-0.11488643799494813,0.05152605897356011,0.12647751002162755,-0.07974073906223644,1
673,0.028575580965513936,-0.013514541398819357,-0.012841314339275822,0.010382726237851858,1
674,-0.0335522968700368,0.014849946296534022,0.08588066008969175,-0.05966940581270719,1
675,-0.3026691919374138,0.0860111664876343,-0.053964419784703344,0.032995964647281384,1
676,0.3679121117437698,-0.1492548893253698,0.09784630794678462,-0.08366672719775003,1
677,0.1264985488781174,-0.056050987933615515,0.07123906437478111,-0.06153592403307795,1
678,-0.04482454478514808,0.023427529175386153,0.004765797824166862,-0.0033021139424820323,1
679,-0.13462031825940812,0.04892464177029199,-0.1536490255159959,0.09873424621330662,1
680,-0.099042521606163,0.046062942196423595,-0.03389182302117888,0.025305388656975403,1
681,-0.1580327453924144,0.07017279261697285,-0.027776896603492585,0.02110278360013662,1
682,0.16658078152711386,-0.06611330477120103,0.061034208419985525,-0.037856862263558,1
683,-0.032742307252776826,0.012420585772714321,-0.199510912032679,0.11216769931243142,1
684,-0.0986164619711083,0.0420024998828028,-0.06455053830977708,0.04561515773862845,1
685,0.056218107467630674,-0.024545486898600144,0.1722469940985758,-0.13963262713592095,1
686,-0.2036731082472536,0.08295577943738008,-0.16814274434124132,0.09743759705947685,1
687,-0.11787038926198878,0.04323431545568823,-0.042875041422612004,0.030171387103361758,1
688,0.11338312011409446,-0.05551895675423446,0.09504962039435627,-0.08932776178556079,1
689,-0.1706416890654685,0.07568392231821075,-0.014580906280267536,0.011340567029345272,1
690,-0.1358324444668777,0.056931601016798616,-0.10845355223739483,0.07589101673202248,1
691,-0.1775190015307051,0.07766851645255768,-0.18272502670239144,0.1453622830000152,1
692,0.026439625112365306,-0.01157142496921737,-0.002572542269849709,0.0016897671497799749,1
693,-0.2254797380110123,0.0897130008162651,-0.03840004967261024,0.028240966738865336,1
694,0.25954951296031403,-0.08709414103947766,0.08044561550500773,-0.04348100638196173,1
695,0.5247516555174871,-0.19509407271156998,0.17208406114389163,-0.10237841942786141,1
696,0.09725011297363206,-0.03842405260462378,0.001687549645299491,-0.0011085585487806693,1
697,0.3749343914898655,-0.1539036028197731,0.014819884862001143,-0.013200317350858803,1
698,-0.03512203584994733,0.0169750650572682,-0.03524782588560593,0.025935587811035776,1
699,-0.18762518321917243,0.09065196813536014,0.011353244831119769,-0.007596857193025608,1
700,-0.21766733411685646,0.08531741113616109,-0.14595701189645327,0.10290994784516039,1
701,-0.0544709878616243,0.02373561095671539,-0.3234460960524481,0.17233965887140623,1
702,0.008336991675966576,-0.0033610320591288545,-0.08422465520367362,0.053941205655211544,1
703,0.18652758339433184,-0.0867984326202198,0.180794661470424,-0.18195922885822857,1
704,-0.27622105505467376,0.1206970645887957,-0.11311496544945454,0.07579371074574648,1
705,-0.3062707162138181,0.12665904309069076,-0.42760688216312825,0.2527922797524754,1
706,0.5729679682645377,-0.21463735328271838,0.052601647623747416,-0.03844484260030856,1
707,-0.12866064328094384,0.06403463780789587,-0.016807403881950123,0.015314129660573661,1
708,-0.3573783419168315,0.15115993445109488,-0.007910091467913105,0.007568699687611979,1
709,-0.02248382204107502,0.011671513037482262,0.013367514360562716,-0.009674224446883706,1
710,0.018207004179664033,-0.010098134893851585,0.023558485524606487,-0.01909768060125372,1
711,0.20300579780302996,-0.08756939973257549,0.08727040079239701,-0.06128054786393178,1
712,-0.26835730079263587,0.14006542726332194,0.1544017757875219,-0.1728880081775248,1
713,-0.22454085616993025,0.09782289943146816,-0.1717086546674833,0.11725779935581504,1
714,-0.34614564939191306,0.1309249473041485,-0.13948074999822668,0.09032052861023221,1
715,-0.36419594513498543,0.14231738775970237,0.01081982161481787,-0.009751556633430747,1
716,-0.25157581289535114,0.113055280579613,0.03014693321890105,-0.02534518649599926,1
717,-0.14582402101454583,0.06721938547431727,-0.05626657370444854,0.044618385421454576,1
718,-0.33737690194243664,0.11360956845143311,-0.22130096381989994,0.1595975011226901,1
719,-0.5418904231083737,0.1719646662481661,-0.015596592250410213,0.012823157227036752,1
720,-0.017687770321631824,0.00727766103557792,0.12798293372118552,-0.118321009782411,1
721,-0.04593936235497598,0.01741799890355833,-0.08053232158411361,0.05586277753809621,1
722,-0.28575201005424367,0.12056292503438215,-0.05460717183877151,0.035987858569142106,1
723,-0.003921355773327306,0.001614777601292472,0.037338784674542325,-0.028892280217618138,1
724,0.04306546813160894,-0.01494563885539324,0.09772494852766433,-0.07098783636236483,1
725,0.09631290473093479,-0.03693057819390089,0.006056203205956567,-0.004665833719420975,1
726,0.4608657352841594,-0.18902871722691517,0.35060494181989266,-0.28938457796756145,1
727,-0.0656628341635419,0.027621608906647888,-0.017728144718377914,0.010835943751369537,1
728,0.26582328845547076,-0.12547575391934607,0.2846247535820301,-0.2277243564279594,1
729,0.029208938686583252,-0.014439836938846096,-0.06742382099658828,0.04712531570645817,1
730,-0.23623290182737144,0.11236786282326938,-0.12401364351234201,0.08869800263998884,1
731,0.09183762627473335,-0.03655107596311291,-0.08470057862056213,0.06366455091717771,1
732,0.04344207081776652,-0.019910376768200067,-0.0040747980002830975,0.0035100378932259035,1
733,-0.3446006216995947,0.13263881017113244,-0.14276484453185168,0.11621719173393097,1
734,-0.2473442279771052,0.11435636722885167,0.004220213430173203,-0.0029978538750807804,1
735,-0.08203868935474956,0.03438549293853155,0.0816195419067165,-0.052332541225774465,1
736,-0.03006964174295934,0.013347887113194568,0.13710592521269827,-0.09594501177344883,1
737,0.20630160567227795,-0.08535057425075432,-0.09653353426075739,0.06733423510953374,1
738,-0.10414107827875707,0.0357251638171302,0.04956973920676866,-0.03289022962314281,1
739,-0.05026780561876776,0.028540287763845873,0.10341244057143206,-0.0889559639130666,1
740,-0.14494452548501524,0.06361534768702315,0.024841025864028365,-0.01797455377104784,1
741,0.24569535809746812,-0.08864508880051125,0.18320962874835822,-0.11675843162080701,1
742,0.2686852957863821,-0.1268590482925145,0.18675235418709146,-0.13521152331214403,1
743,-0.2804376067713963,0.1083480445031525,-0.12627799253114835,0.08467707417692183,1
744,0.2538902536878789,-0.1253240290597437,0.10532905316258545,-0.08374817339912677,1
745,-0.053197957583067446,0.022127561560411957,0.04143329005019636,-0.02969997912758826,1
746,-0.2912626956673985,0.10924890315596203,-0.025115155868793204,0.014810869938921889,1
747,-0.2036161039109481,0.08184022762754217,-0.20030162625970482,0.13418192898036763,1
748,0.24106469337338954,-0.10290890792381924,0.010214414347493372,-0.009120137754832003,1
749,-0.031375855557381094,0.016750343547408342,-0.09461613439422223,0.06330526619886434,1
750,-0.09883126523756314,0.0434796143132391,-0.0384330131712356,0.025832426872123393,1
751,-0.11469524512649842,0.038163973916735094,0.09195003808680435,-0.06041236194065869,1
752,0.7022254877557166,-0.24378247870254732,0.04523815566752298,-0.026380867919283624,1
753,-0.023325579689573495,0.009903771087709234,-0.003054479401000787,0.0023501453836377584,1
754,-0.11063694155009873,0.04798128979124394,0.06833133796435731,-0.04783551761013349,1
755,-0.013804267031478634,0.005577858667584201,0.02969331988526247,-0.023839425676140502,1
756,-0.3504978074893996,0.12223448543281512,-0.18399882068216789,0.09888766130782844,1
757,0.07269488172609617,-0.042541741300970326,0.23921611711353252,-0.19108844948900927,1
758,-0.18409853021610179,0.07289709760351781,-0.09032160208877493,0.06257438334189502,1
759,0.433816450429235,-0.15111545060317866,0.12382319294268584,-0.10294143721823024,1
760,-0.23281827741664074,0.08021392641722491,-0.05815382820998516,0.04076489392447302,1
761,0.20823915052295483,-0.09051988455950566,0.05781469127470573,-0.03719485165553227,1
762,0.17549768303118896,-0.07854219876197543,0.14266792076281365,-0.1509128442653589,1
763,0.07807478221623265,-0.02968309092578303,0.055880218678910465,-0.044586226617114866,1
764,-0.08478018837216794,0.038160469947217,-0.021260242929768358,0.01712978392416531,1
765,-0.014332728342140832,0.007199982585374021,-0.06996291898194884,0.045203460029815457,1
766,0.21200511565818836,-0.07130004561057546,-0.050712942204628186,0.03168157175808117,1
767,-0.18916684885108914,0.08721348681352459,0.08695146179733282,-0.0678880369895074,1
768,-0.21141857494710248,0.08838073649510825,-0.20984149337434221,0.12258655208128177,1
769,0.20699329366077235,-0.08445772179228683,0.16503638375164842,-0.12152869834689572,1
770,-0.019165862787135612,0.008039040797635177,-0.007946524389956355,0.005663526522565299,1
771,-0.20157357240056628,0.09477515162611183,0.042710099532404344,-0.029561462179198417,1
772,-0.049758140261452866,0.024420224451150996,-0.12193688342185238,0.08223866282576942,1
773,0.19821644157732554,-0.10318084599907729,0.16815550911201305,-0.11652699349319517,1
774,-0.12765427997515744,0.05860801585162445,0.01713083253713643,-0.013999511707460499,1
775,-0.283659406560413,0.11848342860544137,-0.15275468634036238,0.10214286782186133,1
776,-0.029900154034928406,0.014002533964958097,0.110681449664088,-0.09512494111168013,1
777,-0.06834322082316358,0.033624653567652096,-0.001770303358241021,0.0012967998458734975,1
778,0.19705935622882764,-0.09784109069170954,0.14380172698508042,-0.11033015265996626,1
779,-0.021219760582185554,0.010069923224390154,0.0449719924028007,-0.03329063715139635,1
780,0.13010206135849733,-0.05503237291257257,-0.01245457106645187,0.008176138146770429,1
781,-0.1275648619775458,0.060811696682249616,0.013388037027046273,-0.009395735314744691,1
782,-0.06940940181500288,0.033338249889494076,-0.22657825311384072,0.14898909762412504,1
783,0.7013438760113284,-0.24548015194919648,0.1032429783258455,-0.08851296659247931,1
784,-0.3108071075607164,0.1178776943972134,-0.23064835787097482,0.15932247739969974,1
785,-0.1549814828423921,0.0682112399410928,-0.1158949031335268,0.08298607776076483,1
786,-0.038771561137906474,0.01763596118653432,0.0206493070868623,-0.01677664888077901,1
787,-0.10964125624533061,0.06080322289325191,0.13474430096527956,-0.11779853972507137,1
788,-0.2078870272687834,0.09481146533321538,-0.2217642024198554,0.13853374431736298,1
789,-0.016019732483427473,0.008017321535853661,0.03099224295815106,-0.024560668977767985,1
790,-0.09748324205240566,0.04008874371382698,-0.06640660134117993,0.0353902726746772,1
791,-0.19880319184869188,0.1042208303736476,-0.039047733746564006,0.0342655877931215,1
792,-0.011306886285946671,0.004603383210076029,-0.007796558279114185,0.005804159181705515,1
793,-0.5352699144520905,0.1889023937603741,-0.2703286164400729,0.1883986276823848,1
794,-0.2103414053217736,0.08220386484000963,-0.11205969643336355,0.08058853545269373,1
795,-0.11946532219154182,0.049094559902046364,-0.11067111705644628,0.06593577126157213,1
796,-0.07963696226227102,0.03542512731169167,-0.0057343768172744,0.0048074132973620065,1
797,-0.09398472687522585,0.0610735677018196,-0.17747091403623472,0.13015988128177258,1
798,-0.07952432131089981,0.0392912692713111,0.1959861501275264,-0.16793740131989998,1
799,0.07330131305488008,-0.03369171718124497,0.05075470711810559,-0.03975919860922117,1
800,-0.2023619560900738,0.10113723621075588,0.031175948900555084,-0.03153253966895142,1
801,0.141282519281003,-0.07871546186484424,0.14332382955279843,-0.1480468063576894,1
802,0.09086856785686281,-0.03324931089601346,-0.020320625572783024,0.012092772408896169,1
803,-0.019722070233615163,0.007337232646060676,-0.02435365918404364,0.016305503933902843,1
804,-0.18169660344739436,0.07796224522876216,-0.1300779596954864,0.07964113874495637,1
805,0.5278110652969925,-0.22870427117219583,0.2260231897349676,-0.19000642348383434,1
806,0.2747864398740414,-0.11117570636647711,0.10735164125517249,-0.06316268705093808,1
807,-0.026323968246821483,0.01050072853323214,-0.10006450258797561,0.07012603853490385,1
808,0.23756661711810834,-0.09656407749839269,-0.04957433643346687,0.03440490427936238,1
809,-0.18567340410264777,0.08001905240388407,0.06739425126505694,-0.06391274645374612,1
810,-0.10628053246264813,0.03692641007049058,-0.04699666584856432,0.030594474471535293,1
811,0.08124972067770742,-0.03391176450314792,0.0860653574000736,-0.07589197362214084,1
812,0.056430624599542734,-0.03207142809324082,0.08631822149834645,-0.07946440207003391,1
813,-0.11580904806182213,0.057913770506259676,0.042719460295464806,-0.02907387747647805,1
814,-0.05628434363035728,0.03463327834208618,-0.003827099982395721,0.0027431737847377624,1
815,0.05877887104956603,-0.028547671626772075,0.12716944999088375,-0.10769031233289694,1
816,-0.3030475245149242,0.12289221060652988,-0.04896722372418183,0.028072961737653945,1
817,0.06081181103084221,-0.021816063035945188,-0.07132664862013138,0.05143202913504685,1
818,-0.00417632458729722,0.002383032650494332,0.17341677300892222,-0.19722908813802564,1
819,0.026590195002299755,-0.013117545530674457,0.03473858621236858,-0.025672540015168943,1
820,0.03821636150980501,-0.012900917654911748,-0.02081229117893968,0.013086202337956099,1
821,0.20886011560795104,-0.10921237996982569,0.1644100115078777,-0.12570421757647,1
822,0.032306101766856,-0.016489489830324278,0.203650854485266,-0.12962871501570739,1
823,-0.05428608411070668,0.01945488931491446,-0.06321502584627692,0.034976552402026906,1
824,-0.02315288041390895,0.013698234190923975,0.10482005606408751,-0.08673555457440107,1
825,-0.06334277367362873,0.021950636049461902,-0.01080981712194129,0.0065033710900549435,1
826,0.38891415508070537,-0.16129257122345853,0.031739239639542394,-0.0282443438543607,1
827,-0.04591594931995635,0.017323539613271044,-0.07410105056486405,0.05268082491389747,1
828,0.11306598404307189,-0.07154194877170328,0.2056837506633722,-0.19525127631347483,1
829,-0.06704665135770904,0.029867295263498184,0.03148437175413488,-0.024767695265815348,1
830,0.17647085578245703,-0.06807119760808678,0.16489602012547522,-0.12098291961227337,1
831,0.07516719499880509,-0.03246939011589656,0.13305099597756165,-0.11808877615426305,1
832,0.03569356241863497,-0.016695404937770775,-0.05166220644827746,0.034691697069255345,1
833,-0.2999680044722117,0.1240678692814341,-0.14570881131361713,0.09764128232663172,1
834,-0.1460266386412159,0.06753214307116673,0.017009261533003972,-0.011164871695639844,1
835,-0.12092451762178058,0.053931526849017586,0.059076140649203746,-0.05432230538686089,1
836,0.41515928865320006,-0.20652563905998877,-0.033226767890406794,0.027332026275057486,1
837,0.038823020084168824,-0.015140442522684427,-0.017954371826006676,0.01097728284299515,1
838,-0.052196687410962284,0.017839063073637917,0.007416685383213606,-0.005127431519482917,1
839,-0.25687511008371366,0.10953669051284509,0.08434939317375245,-0.08408837456660523,1
840,-0.17068657728692638,0.07905212982527421,-0.17215971238174532,0.09604280147270372,1
841,0.009345011992054397,-0.005598165882043871,-0.0761083595655001,0.053102672832036624,1
842,-0.09208650244319605,0.031040740928264254,-0.13431779678647082,0.08594478919562532,1
843,-0.23375102661684322,0.08463865690834826,0.07204886655859655,-0.04325625868914007,1
844,-0.19774190082265397,0.07290897667802843,-0.14525635038771822,0.08306322854523784,1
845,-0.17169828212239358,0.07136394378743027,-0.11346030680945929,0.07507627418503882,1
846,0.02426634627241553,-0.013529869000793449,0.11220810854718777,-0.09952202281953304,1
847,-0.09755714727055809,0.04289236856778611,0.08392239776124821,-0.05128969427474539,1
848,-0.013974318311117617,0.006353160432297389,0.031236553458536154,-0.021121118937847516,1
849,0.27108811142456624,-0.0971087489627811,0.17531923521534476,-0.1540723722677797,1
850,-0.0032119803368952926,0.0016268336615998802,-0.021637674353195857,0.01568499831441328,1
851,-0.07610544718794943,0.0424065408010893,-0.23969088897989055,0.16221564086434992,1
852,-0.20438774823942785,0.07928752133857675,-0.10900135009820855,0.07442881683958036,1
853,-0.21573410896447642,0.08875284139328365,0.05490546784324768,-0.04239956187459537,1
854,0.19211364394269315,-0.09609964645365854,-0.11180816813982086,0.0795105192385861,1
855,0.02184748472284115,-0.010385714451124795,-0.17058966498616046,0.11330288016692269,1
856,-0.09623440221049306,0.05126897925568252,0.12899999943817386,-0.10464724414078286,1
857,-0.2827493604995355,0.1207477388061613,-0.050605063423816876,0.042194772080254905,1
858,-0.3075035947680256,0.12391882630405482,-0.24710021023150586,0.13720495983107706,1
859,-0.3217199553419996,0.11897830375404017,-0.0356465069428713,0.029784322309065914,1
860,0.20573072886242505,-0.08017727650091433,0.08555734653026659,-0.07714224627293897,1
861,-0.16289610661583476,0.07004020668676547,0.1271001103472571,-0.09847915848573452,1
862,-0.023031973806120876,0.014917169595359714,0.047417782105235506,-0.042204676744276304,1
863,-0.17575941235342407,0.07569147116561548,-0.004120608337695453,0.0030680095113440053,1
864,0.026108738855657343,-0.01601076336165952,0.04309921555599616,-0.033520065022541345,1
865,-0.253031358333631,0.12051982985682663,0.0315251087056152,-0.026920422463030613,1
866,0.2129944786181852,-0.06762195331074561,0.07752809228433,-0.058597108392854036,1
867,0.19568950737938962,-0.11633449358375891,0.11728844088171275,-0.11243232514619383,1
868,0.3630521000834359,-0.14729408666807742,0.013820764492463722,-0.010597070491437544,1
869,-0.17424760595477462,0.06805929125113575,0.021110171122618482,-0.019577216094509575,1
870,-0.20513860159152664,0.07622789892191884,0.05284666053511433,-0.03143933333895821,1
871,-0.2159853460444512,0.08416741712840814,-0.17865536649789937,0.11973715462547507,1
872,-0.2958566335155033,0.11804237362217829,-0.401104983867103,0.23352847550471745,1
873,-0.27570391378051884,0.1206393616327397,-0.19587905872233913,0.12224361760837466,1
874,0.12495613328066435,-0.04184382204647674,0.004263700266864845,-0.0030572811487667995,1
875,0.18228486279225287,-0.08104727686156266,-0.1102063407308631,0.07497361096169597,1
876,0.024025125331871955,-0.00974349717245726,0.09495652282556022,-0.059413797208965,1
877,0.1877976161430066,-0.08982585119867603,-0.03510112973453228,0.029659193980147047,1
878,0.14767439550091765,-0.07323805693824115,0.21178110447428744,-0.21535710379215267,1
879,-0.003849577593709963,0.002123526943541898,0.14070889650041618,-0.11455703700066833,1
880,-0.323415698179244,0.10097274543063073,-0.08908979430836617,0.057931498267984605,1
881,-0.2599646457908169,0.10004980839119393,-0.020483801781766786,0.014619574960387016,1
882,-0.18259651072377814,0.07787249282233,0.06797853292019562,-0.061020597944042576,1
883,0.07209060436499115,-0.029422256930530244,0.08764429860990397,-0.06653214275945674,1
884,0.3137153980275902,-0.15423548483044258,0.1774590291302467,-0.14470359726312387,1
885,-0.018383311657586443,0.008857134282397983,0.014100368991974532,-0.010474721813702903,1
886,0.6306632201764035,-0.2460832333630758,0.30136270048861546,-0.26596927214292654,1
887,-0.1072756140507416,0.05097008042789841,-0.03251355704138992,0.022338614067794804,1
888,-0.30072312112220256,0.12014078319449972,-0.0893918752131726,0.05721564596912454,1
889,-0.10880663820614833,0.04572601674794685,-0.07624131243148247,0.056953115479441374,1
890,-0.2599826612293006,0.12875589407145616,-0.04308678109097164,0.03866029614749322,1
891,-0.015387476104858022,0.010137891549011901,0.1213327453609574,-0.1297960793144921,1
892,-0.21056190452993961,0.08323581076361597,-0.1533374064212356,0.101408017364371,1
893,-0.2633878396573208,0.10114414334245536,-0.09695613167569883,0.07245970702089655,1
894,-0.16404372695435887,0.0775001457039528,-0.10400159930548436,0.07059034255815866,1
895,-0.5394036610567996,0.19755046639373008,-0.16665996049705423,0.11459900677931212,1
896,-0.15200391795556634,0.06360826810048403,0.10353471878174969,-0.07200129795072696,1
897,-0.2998730893378623,0.1110945037053459,-0.26321899354231726,0.16811830797669658,1
898,-0.04575007759657579,0.021395845979768846,0.23370960816684816,-0.18822937362835845,1
899,-0.09894514212405259,0.04158358517541971,-0.033089872645873486,0.026181586458844275,1
900,-0.17994692897172326,0.07397550558787258,-0.17750573778983214,0.12496010651499623,1
901,-0.18190842711380628,0.08841402347814242,-0.0049678994513586705,0.003971164078265033,1
902,-0.08678781150531956,0.04061904914120418,-0.07817542439840452,0.05550823391205206,1
903,-0.15798118780109283,0.06802059085236878,-0.036491589975558236,0.026348368233595543,1
904,-0.25913985212270596,0.11262223998549492,-0.17406594899744565,0.09202261254893074,1
905,0.4299214802588507,-0.2020259766771395,0.17985821766086718,-0.1338686752540661,1
906,0.13554460170884175,-0.05918104909301003,-0.07173612679008512,0.04627460466234945,1
907,0.23677854454983382,-0.1403458045176742,0.22307464834460955,-0.1591734244734666,1
908,0.09144465115597278,-0.042926816553036096,0.08563997164376325,-0.08459174262932234,1
909,-0.16339147038155,0.062172114570058556,-0.03996868409333354,0.030777518380390778,1
910,0.044701831174323026,-0.028323060572823966,0.23901739120271204,-0.28084575465077966,1
911,-0.19247800887520183,0.08697071676250034,-0.019822843340193463,0.017707656439927666,1
912,-0.20187436684658033,0.0758384890622702,-0.10582478106072002,0.08135831981872033,1
913,0.6550299558485366,-0.24205423074469934,0.07329913683308242,-0.05626971217399945,1
914,-0.2868364760223916,0.13586939718472735,-0.19141555944241562,0.1198361125659202,1
915,-0.08019610781064523,0.03019385849716294,-0.04720854222247284,0.02988786774815977,1
916,-0.21635982318925628,0.10446055806040322,-0.20417014411907686,0.1442524717876843,1
917,0.5192108751281355,-0.18262505455929046,0.15209242807882029,-0.12222864149725754,1
918,-0.1727875725528505,0.09035465444444546,-0.06310194059180341,0.04914001567323867,1
919,-0.1288276771656336,0.05820238835928426,0.06350881581568002,-0.05796497443414372,1
920,-0.20599581725727356,0.08940668362656756,-0.03961047695946984,0.03210557281366744,1
921,0.820085893484483,-0.2979282618838104,0.29671311716405513,-0.356682459101046,1
922,0.4436443619563164,-0.17182289342302925,0.16452245592081605,-0.09928604991484846,1
923,-0.019963728324570607,0.008286722758353515,-0.027748055689830853,0.018657325765712107,1
924,0.007130134909207886,-0.003160388727497576,-0.014626703027653232,0.011648119120796219,1
925,-0.22548456553031393,0.0904632686031347,-0.20445949232571192,0.12439233758107315,1
926,-0.024795001783846082,0.009841227564197141,0.12736443388762564,-0.09676351271429873,1
927,-0.28710217294361984,0.11731410091039374,-0.2838508308094574,0.1646793627626122,1
928,-0.0828111579457409,0.03156743830102382,0.04610975529466099,-0.03603042487091268,1
929,0.025007221794852263,-0.00891120997274597,0.039721831950410014,-0.023415377233142465,1
930,-0.08631218849136979,0.04671904542730054,-0.19949419520688272,0.1332156144544534,1
931,-0.25820369263700105,0.10918382926435732,-0.2793361595738728,0.16999539179591472,1
932,0.48655970992637254,-0.16968325517786997,0.16490163702552096,-0.12908633158250393,1
933,0.1978885693547845,-0.07962415764914565,0.1235198637479411,-0.08447364144577652,1
934,-0.12761333632309313,0.048835354163082156,-0.011590191041611408,0.0072623623704288764,1
935,0.6538441160920705,-0.2363934430930159,0.33813676036592866,-0.21554586687189636,1
936,-0.2168910447555381,0.1000099677723929,0.02518269260007333,-0.021950481309017,1
937,0.9131436144965499,-0.2866448182819272,0.15732795998704496,-0.11037390252018331,1
938,-0.5137643563783687,0.15593363478087252,-0.32673772639400434,0.194769451768529,1
939,-0.27989516063437847,0.09902756357561138,-0.14756943959501356,0.09226458507742419,1
940,0.022560184738748434,-0.012204247763659914,0.24036840671965387,-0.2045117791952431,1
941,-0.22361338467076175,0.07717778079406068,0.12334729434009417,-0.07868982123589685,1
942,-0.2191869753146114,0.11090950360851404,0.04774039162414334,-0.049295092188631484,1
943,-0.2838322340171451,0.11257018606026348,0.09245058767771219,-0.08532504187052936,1
944,-0.17252618592253932,0.07958224144050519,-0.10063126003864453,0.0646035641596967,1
945,-0.3118721961117945,0.11444901629325965,-0.1805047873430634,0.11818365681790899,1
946,0.07427058147013055,-0.03628621929598741,0.008656300575200726,-0.007043937883559392,1
947,-0.0356088198783695,0.017498110015215507,0.02782949389326883,-0.022487769492010923,1
948,0.6113176651959065,-0.23249839802761763,0.2636864223797457,-0.2299673507540987,1
949,-0.2643338713629313,0.10586326623460396,-0.1749981396786222,0.12838426541962444,1
950,0.16118686827020445,-0.06601445112064419,0.09128323857760967,-0.07157757908035989,1
951,-0.17134684044340265,0.10055300522235888,-0.18117452791117938,0.13838650028016952,1
952,0.034868010703245744,-0.022405942589124317,0.08499879608707794,-0.07042388157412915,1
953,-0.07438331855893443,0.03663823633566621,0.07130966167287656,-0.0668894252705512,1
954,-0.15300653013797438,0.06438398611593965,-0.0244215193615942,0.019249115824297558,1
955,-0.1300505267565515,0.0528016645983852,-0.1886387406409189,0.15229491456459077,1
956,-0.07065128214167737,0.02830467537253878,0.0033796631342861705,-0.0023028676318459507,1
957,-0.11652488650180759,0.04731432679462477,-0.09938870898945051,0.06858300750066026,1
958,-0.10257769264269356,0.04665343352507956,-0.04251289983222373,0.030646303688244614,1
959,-0.1556150167205863,0.08195793505305027,-0.042663249379419454,0.032556539151161745,1
960,-0.033885119766185134,0.01891430733196109,0.09526210911939281,-0.08397137990436176,1
961,-0.28282859679521666,0.0965706862707385,-0.1335778565676189,0.09557869095221738,1
962,0.05916207160252762,-0.023654976022736696,0.06728173655459746,-0.05241599377385753,1
963,-0.3216989384946074,0.13534625449829496,-0.09257939801502357,0.06844703730581247,1
964,0.16992037828758777,-0.08053758398863775,-0.000524266359187564,0.0004589378263757382,1
965,-0.13770164213340186,0.06634289433389162,-0.27740221418524635,0.1657624817252744,1
966,-0.10702270574206185,0.03917843416824662,-0.03858076508068131,0.024596534615284438,1
967,0.1233833825547408,-0.05020012369296745,-0.021425640572710902,0.017013320862878878,1
968,0.1601433921250024,-0.07113101468884597,0.09031026591529345,-0.07081335203002603,1
969,-0.3451216907758825,0.13406020949945852,-0.14634475194576768,0.09513718346904432,1
970,0.42410404965286475,-0.18244853826725804,0.23589415895227273,-0.16886835529849065,1
971,-0.10013742668644765,0.04371905237484042,0.01303329258495145,-0.009820443255223577,1
972,0.08352659741326396,-0.046004627831833345,0.19468842511282647,-0.14482393660507897,1
973,-0.20131468320513823,0.08562517708395012,-0.42625191803561324,0.2572272026811756,1
974,-0.08256384274244954,0.0320818875188601,0.06075120582878801,-0.053693586104660795,1
975,0.28111510932913,-0.1043059437262821,0.1357644459266496,-0.09888551408644775,1
976,-0.0016758584239324748,0.0008085869463603235,-0.06435473162192307,0.05420397769111751,1
977,-0.2504196618256054,0.09853838076432797,-0.15071108887345352,0.1009425459431188,1
978,0.12676812706394558,-0.06438597911104127,0.36724109425833396,-0.24856293834285692,1
979,-0.01848690026516886,0.006943606039470085,0.05604704994722698,-0.044092384254256434,1
980,0.39281835653368047,-0.16437970746754726,-0.014752684741536237,0.011478829456019968,1
981,-0.034025828418478676,0.017674923088313865,-0.08895471860087634,0.07096574334362538,1
982,-0.2625559478994739,0.10160166099982426,-0.035346857027944045,0.025361382941629818,1
983,0.19755632188944672,-0.08363577414010015,0.07936786384468619,-0.050801871501253926,1
984,0.17798742682977053,-0.07126777520398009,0.05701176450568779,-0.05314822069980041,1
985,-0.12154845226726296,0.04967873724139937,-0.3277910879489192,0.2016640895931734,1
986,-0.2938809760802932,0.12308647120508964,-0.05195320325805941,0.03837265759953268,1
987,0.14017370809560914,-0.06473342234219581,0.06520377486017725,-0.05455426661175333,1
988,0.042046020522078065,-0.02179217913384046,-0.0997079452378209,0.06856541370986746,1
989,-0.1332700174033803,0.06764715410984579,-0.0522277552972783,0.039648248746001924,1
990,-0.10800788536244643,0.053036188364668835,0.044302919844810607,-0.034879193141103215,1
991,-0.19704988790369704,0.08684375989069304,-0.14939606854081577,0.08390754987543214,1
992,-0.20637393704472817,0.09734259530386269,-0.18269147826039522,0.1283682735710694,1
993,0.26969142487145303,-0.1168643668140732,0.12172094822392987,-0.07736883788867677,1
994,-0.17338129425207538,0.0913588444304343,-0.08063873370041708,0.06699018546028968,1
995,-0.2057780021888007,0.07966903357458566,-0.05561610342746537,0.04285363547577736,1
996,0.8401522332219846,-0.29686180065235357,0.2024360633478839,-0.16457103614393787,1
997,0.09836467773257596,-0.04645023849112073,0.08150114574741152,-0.05943981882352878,1
998,0.02795554562725089,-0.011556334199315677,0.04076639632497403,-0.022645988742958645,1
999,0.053629576156252856,-0.025204236874085018,-0.09911496661511365,0.06592984967895188,1
0,-1.1836569236963936,0.34693488011794293,-2.0326549304483397,0.5072488410274829,3
1,-0.5297829276441144,0.1799528948376804,-0.5458258572899717,0.2502193602723418,3
2,-0.352193225860987,0.1567166110025613,-0.23832704038755614,0.18408135917285395,3
3,-0.829857800471091,0.29609777784492464,-0.7301198800080388,0.34106559714996976,3
4,-0.995473520932816,0.3132564775553357,-1.0909536825459478,0.4307245062341627,3
5,-1.2146606871994692,0.3077119874837485,-1.2172970533104663,0.3990485781448895,3
6,-0.7213366316867793,0.23941039566792643,-0.6739068912627793,0.3251109722840666,3
7,-1.1103533297832833,0.33973341825494596,-1.0893019651902562,0.373081089910101,3
8,-0.7599227522154042,0.27479035273923413,-0.8182740172961671,0.3755207055825992,3
9,-0.48825303028809897,0.18695367064390522,-0.4151722719550479,0.22929751106188678,3
10,-1.037401096304573,0.3457585508289919,-1.4687319646923727,0.4616503920834899,3
11,-0.8447511999088744,0.29579355133461205,-0.807103851089612,0.34886413199959243,3
12,-1.028931887672508,0.3155349739629234,-1.3536549014800745,0.4239733259310857,3
13,-1.3100595968953352,0.3691664232262748,-1.498713634029044,0.42318888659957565,3
14,-0.6409166945354254,0.23216197394487614,-0.7353981069432105,0.330202537154494,3
15,-0.8565339758512387,0.28191188770101816,-0.8930356428192614,0.39849804514100917,3
16,-1.0306879560345243,0.3290271707045732,-0.8881439052735742,0.3884592805287811,3
17,-0.7165675220798051,0.2511702070531662,-0.8685792065052629,0.4176866717768477,3
18,-1.2301615494863518,0.3703806033236794,-1.977991915803604,0.5169646924843257,3
19,-0.9752339890276356,0.3025234708571982,-1.0078630192270819,0.3710519478333175,3
20,-0.9305781498268169,0.2960160703504231,-1.522589553041342,0.42920241116944646,3
21,-1.0857673557226257,0.3044580414420597,-1.1161487212085484,0.3486075719974625,3
22,-0.6435028230962399,0.23378744300611198,-1.1905904916608856,0.432414106837103,3
23,-0.7524073588227669,0.24468469065522025,-0.7881677472001039,0.3525941898717213,3
24,-1.2506629504227307,0.3963849682957775,-1.0546939383608571,0.4249637711228167,3
25,-0.6188605192570087,0.21606365788326154,-0.4757986875603002,0.2044205666706721,3
26,-1.3594178344418344,0.38855188206156144,-1.3205202213612763,0.42719049543689724,3
27,-1.247786019477577,0.34374997084373216,-1.048747961942346,0.3774209608073853,3
28,-0.8332831672656411,0.2929679197846514,-1.1152408425550568,0.39695710479617097,3
29,-0.7704784256704831,0.25620163978135835,-0.5378370797231011,0.24836658503819276,3
30,-0.7561781297215422,0.2662534027561564,-0.6410716414651776,0.32715440133842055,3
31,-0.7165922432563159,0.2636906895670742,-0.6650490219854972,0.28612739572999324,3
32,-0.7274218321136954,0.24608649955278172,-0.39802497909099177,0.18169302568319368,3
33,-0.45569971881216076,0.19746314822025013,-0.72782354770745,0.3552894652739924,3
34,-0.5719457149546909,0.19720902386943906,-0.6029895994153254,0.266433884415876,3
35,-1.073210468095119,0.3369345051374195,-1.0831687233023777,0.4092351022392251,3
36,-0.8564314210398347,0.24386437648090564,-0.6961644159351055,0.3150734922320836,3
37,-0.7479409455170942,0.2554008905469437,-1.2110914342508645,0.43963151448538595,3
38,-0.6406650035773969,0.23766100358290354,-1.0819239280580684,0.3816490217065386,3
39,-0.7962868468810052,0.28618845224470046,-0.8659365825254444,0.4300624293028805,3
40,-0.436347463848626,0.1867696400616059,-0.36329729790522824,0.22775352208242894,3
41,-0.2581471907003401,0.11125226065938587,-0.8496407729413435,0.38877469648234175,3
42,-0.6503040099349557,0.22730342794977743,-0.6129886877450477,0.3114705291933726,3
43,-0.7366091598040025,0.2779046411917334,-0.7291738166948676,0.290969449946454,3
44,-0.3261523571474694,0.11084744842938254,-0.66563233126868,0.3076204466112251,3
45,-1.2035799659950766,0.4027797555538378,-1.7984681524143016,0.5336873958464388,3
46,-0.5580159672341221,0.22381688031667613,-0.36823360037803243,0.21160259445978713,3
47,-0.7122353782183581,0.2429675114053138,-0.7699265627010146,0.38926721962842414,3
48,-0.3614454396956721,0.14163430790995668,-0.4146496439401317,0.23677655219032445,3
49,-0.6638423849060664,0.23042264807589297,-0.6367900427895259,0.2776950624732988,3
50,-0.5479665357966668,0.18241577585555657,-0.5952903123553843,0.3367210843515277,3
51,-0.7833481854337769,0.26700888752517504,-1.0177461419079215,0.3536967462408256,3
52,-0.9896483829429563,0.2938839824768156,-0.9239935411705724,0.3633993717954416,3
53,-0.8751823323785999,0.3060921912701555,-1.4410918674099893,0.4663588975238149,3
54,-1.256863112617098,0.3261481036446898,-0.9420347023575784,0.36237365780132036,3
55,-1.2793811603904337,0.3470503036883956,-1.935405946534909,0.48222451047181003,3
56,-0.7515603873714785,0.23181164209380645,-0.8260429072621447,0.3784522625710165,3
57,-0.9228414907940392,0.26448506247192505,-1.0419029813121057,0.33630896800476084,3
58,-0.4748414725470491,0.17983166887485957,-0.6782677536518837,0.29640113735564855,3
59,-0.7552648048745039,0.23644593818510495,-1.0375151526357507,0.34745183131989366,3
60,-0.837797086681483,0.22261528004425402,-1.0719704499817695,0.37065624341822234,3
61,-0.5366598138792322,0.2071283379611114,-0.5475071332843031,0.288715873780769,3
62,-0.9796344093753233,0.3072517062077945,-1.3472575749566136,0.4618486260691499,3
63,-0.9218696923997882,0.3070812670112466,-1.5629086587411594,0.4730444096460694,3
64,-1.1251289114394556,0.3593571468171295,-1.5490229275547531,0.45350647773236685,3
65,-0.8188718814396037,0.2830936166729816,-0.9752217370427336,0.4241490431524835,3
66,-0.6391604155756765,0.2158921198444066,-1.0711039160495708,0.3774407515823057,3
67,-0.8305718346505113,0.3018877619815369,-0.8623388051669665,0.34979255221723715,3
68,-0.4494935381024465,0.1630995757492978,-0.7010570748909493,0.30707115760103554,3
69,-0.6236976793263014,0.2357935804537783,-0.9626507990567035,0.4165351176646661,3
70,-0.8646178638618278,0.27346916041616043,-1.1438732442884136,0.3981499006614744,3
71,-0.9315483368574289,0.27514975655127705,-0.816239035079904,0.33385621616733463,3
72,-0.8083183550476876,0.23890755684670284,-1.513621453222953,0.4151496821162698,3
73,-0.8240799874561322,0.2603248657510997,-1.0218371773058406,0.379966710973215,3
74,-0.6279124039133182,0.22578924505546827,-0.2586264162850471,0.16088891027718066,3
75,-1.1218691739422337,0.33640381909636485,-1.4698203535057797,0.46174008274291745,3
76,-0.15493904437713546,0.06933300078811222,-0.12358619771344648,0.08133734929593939,3
77,-0.7823805384704086,0.23060722397700983,-1.063294389012385,0.34612552385613815,3
78,-0.4323926785867096,0.166085341453034,-0.7525942913776789,0.335295536179805,3
79,-0.9068447248963385,0.28345798227246777,-0.9864716892854883,0.347928932507107,3
80,-0.5300922424814516,0.20104100118059498,-0.8080829874897317,0.39822145908728945,3
81,-0.29629674520397753,0.11609951945703145,-0.25356529941935335,0.14834515913738544,3
82,-0.791180039483026,0.26114515614147327,-0.8333144566171937,0.3506981340728704,3
83,-0.9517502282275423,0.30329963609107913,-1.0437264749944095,0.39401440236707763,3
84,-1.2869504831007723,0.3766699626401925,-1.2758574812379735,0.43925964946313234,3
85,-0.8017428183961353,0.2620334061226406,-1.126516167143472,0.35307871552093173,3
86,-0.7568880811685497,0.2900230137347731,-0.7329387611496616,0.3675025641427966,3
87,-0.5834919477263463,0.23269668093325035,-0.45077414907127467,0.24477012007075083,3
88,-1.005021926828136,0.34193524131680564,-1.3090986135398597,0.4261022550221918,3
89,-0.74011250064496,0.23722973021492544,-1.0971217215915408,0.39490036581636545,3
90,-0.8065459870399851,0.2701216593889032,-1.0444377198747439,0.4056127275573863,3
91,-1.1793109724053248,0.3910265122615483,-1.9742662521101058,0.5410247045369292,3
92,-0.7260314268307362,0.2730654120237572,-0.8503046236265284,0.3862536349402126,3
93,-0.7235019029452825,0.27205072972859723,-0.8892958670226341,0.39279804328052004,3
94,-0.9241515802312823,0.27822294677071224,-0.8422219869382681,0.3928305282296545,3
95,-0.5605291026174379,0.20744815205796507,-0.8860928505924128,0.3658558676272389,3
96,-0.5245522403467913,0.21079153053232724,-0.686870561019014,0.3179544357339481,3
97,-0.7275166516995515,0.2690871713395888,-1.049882254664268,0.4201350069886869,3
98,-1.0823120920937583,0.306291561563769,-1.3360333341872013,0.4344174403406599,3
99,-0.7606201018526191,0.24379676055583355,-0.5508494871077088,0.24839042379430287,3
100,-0.9096591781541776,0.30392267468105305,-1.0525480501719418,0.4151926896895658,3
101,-0.5155057988216021,0.20998442717305332,-0.7849919228076048,0.3856969452079475,3
102,-0.9038556293324373,0.2984612890293924,-1.3383494837378311,0.42284154310969635,3
103,-0.823327319506074,0.25730355175817643,-1.1888120142930576,0.44081973095478033,3
104,-1.2646348812830754,0.3249467556335225,-1.1415615014070328,0.3965831317535188,3
105,-0.8768374223056767,0.29976397440472335,-1.0304501386060894,0.3576591411336847,3
106,-0.9409696630244766,0.30105442179154096,-1.053910554026763,0.4048656337006076,3
107,-1.1245109133072277,0.3606397978871382,-1.4336065506705407,0.51982309892708,3
108,-1.208979961847045,0.34963793314922853,-1.8466419755526366,0.49789070708188643,3
109,-0.40970095711882104,0.1693802720641594,-0.2077423876985609,0.13092185684985747,3
110,-1.2141848876164532,0.36643151430123544,-1.4460014147863636,0.43685244349940466,3
111,-0.9125449186672361,0.28638512556056905,-1.053950573283383,0.413504222843208,3
112,-0.7972603419461219,0.31123923611897186,-0.9193210936445004,0.44329321428713797,3
113,-0.7772393891707159,0.2336818814518825,-1.228411275355386,0.3723144937028141,3
114,-0.7547562610105687,0.27563742804863056,-0.8921538049988842,0.41227664309728296,3
115,-0.6564045071161746,0.2257025535335595,-0.8169023422592514,0.3787577677361246,3
116,-0.9845711472825505,0.3370035668558282,-1.3952359284459388,0.43058400853268286,3
117,-1.2580020180215596,0.3443137183608532,-1.4095200973924824,0.4189378071886911,3
118,-0.8786203836464974,0.24832540076411258,-1.135399289640521,0.3585529322109089,3
119,-0.8906930502135029,0.2635028386434136,-1.0554556360354008,0.39928784312125554,3
120,-0.38086533649917476,0.15712154442670012,-0.5709004051293667,0.32167208081603205,3
121,-0.34365941682299317,0.12877880248167906,-0.6242146526138299,0.2709535330926447,3
122,-0.39340938571652684,0.14342026174157296,-0.7441561468042872,0.29003862962854765,3
123,-0.7053888624655489,0.24138554540224977,-0.5962521276521078,0.26656218059819026,3
124,-1.1222152884978431,0.33728547723764224,-1.5947380857571143,0.43221231758948997,3
125,-1.3436053571398872,0.36492334512777747,-1.3880466355346472,0.37437886773150064,3
126,-0.9013139057942663,0.31167253187373223,-1.410163000826499,0.4649550589138387,3
127,-0.7897519489779481,0.24872239899043802,-0.9691668192909979,0.3738025691445863,3
128,-1.0694554754524348,0.32813727510042323,-1.016139234634277,0.3697262896646665,3
129,-0.6658958751177142,0.25360823644413866,-0.8130726480563968,0.35961661504206344,3
130,-0.7299213233687429,0.2201101080790332,-1.068150851219501,0.3742421474423444,3
131,-0.36329273625516656,0.13279826108794246,-0.34328885623120775,0.2085373253574293,3
132,-1.4157551306160676,0.40571158680107966,-1.5987113661103471,0.4791535691545007,3
133,-1.0188040019981441,0.31523628135047654,-0.9848302363694632,0.3529940175992937,3
134,-0.9013737281761678,0.2887582109838992,-0.8131267519840921,0.35031155513321566,3
135,-0.8955588213357899,0.3020951659839045,-0.9239177577325566,0.34889447313920396,3
136,-0.8849378101648195,0.3332576217583191,-1.1006687833384086,0.4251648163733678,3
137,-0.9677931281834269,0.3088848855939913,-1.4146766416961314,0.46750256353643826,3
138,-0.9378118247032887,0.2716508987108285,-1.0302841677216195,0.37152843155371995,3
139,-1.060174420306895,0.3243989182363832,-1.145206393491193,0.42732654930161673,3
140,-0.5470870428773269,0.22016072905001793,-0.8343737040262771,0.36233890820230585,3
141,-0.967204868877134,0.323738662906789,-1.142114192545191,0.3992542518159321,3
142,-0.7398723044351936,0.27019093763568613,-0.7162020863415566,0.3372515741955292,3
143,-0.6386623585369335,0.23753552347107032,-0.7417016656023825,0.32014318012158605,3
144,-1.38120598489493,0.360558292856074,-1.7295720510352546,0.4779835728834527,3
145,-0.49113644700394965,0.20181272249243132,-0.6580972879861737,0.28234276912626655,3
146,-0.9150594717003684,0.27620309772811,-0.9281348909706519,0.36624591669560147,3
147,-0.5230267784022316,0.21704752596233934,-0.8092016332764804,0.42911014956889604,3
148,-0.737109403370366,0.27959367061884954,-0.6073899653354318,0.3209550245476738,3
149,-0.5744615255457046,0.2578315901404751,-0.7675366828061356,0.37268134655189,3
150,-0.8761968403905773,0.2641679861690407,-0.37725252992093306,0.18944694129021855,3
151,-1.305061381994653,0.3258524459865624,-1.0170229567628732,0.37068764713944036,3
152,-1.070336729874036,0.3292676131268826,-1.1961357283204301,0.4284117324271861,3
153,-0.6024292911422982,0.23225750195104844,-0.9387739903667389,0.3550783335792418,3
154,-0.9138352688399343,0.3319921032976716,-0.9671434227149072,0.42839128166531926,3
155,-0.6021683328863379,0.2240101983197278,-0.9562641660255105,0.3886872272778428,3
156,-0.8329277074454056,0.27938456039782233,-1.124539286849,0.41267668677495417,3
157,-0.34081762830144213,0.14764193882160603,-0.41252986033335515,0.26625761130357983,3
158,-0.5763584110305704,0.20500908341746482,-1.238188484121596,0.40799820681126,3
159,-0.5155525263258227,0.2096124177354457,-0.5499946032687228,0.24661617850637285,3
160,-0.6657580579553937,0.24316439302786674,-1.072220631456446,0.43814691023689323,3
161,-0.2840728455979815,0.1097486494508122,-0.6301010760296659,0.2643451591812256,3
162,-1.3979319850439929,0.3671887551094155,-0.9933603543643899,0.40840274063239224,3
163,-1.0054409312256603,0.3179450999427198,-0.6566090349084377,0.3003150047159665,3
164,-0.8051613003434346,0.27956521703382586,-1.0600967282231244,0.38500949797466744,3
165,-1.1825263460785944,0.3672810849847866,-1.1348525242144332,0.4210554866476368,3
166,-0.9849781882213899,0.3215269486368181,-1.1574547950528937,0.47724938398507666,3
167,-0.9104746536999282,0.34531091742503306,-1.164142618141096,0.47101415048034057,3
168,-0.6439139070590558,0.22535235611390825,-1.0974737311518958,0.3474291624758884,3
169,-1.2777197292962907,0.3555929678708447,-2.119414577776011,0.4867804129467175,3
170,-0.4098100964748925,0.17190241378838245,-0.9067214568056692,0.3796596705527445,3
171,-0.9940999276869356,0.32224907917178003,-1.1847845992117507,0.40501969998286413,3
172,-1.0135749474974927,0.33877543327809534,-1.18355457693923,0.39563336450357267,3
173,-0.6339396370183685,0.215245341512729,-0.7731757519203775,0.3475346165087807,3
174,-0.9314207217518766,0.2807688324615708,-1.0535263200692604,0.3937244750397815,3
175,-1.5560578945252521,0.38530606959345215,-1.219707036437959,0.3814837230582401,3
176,-0.9725430818069811,0.3175198540777757,-1.0173377578021594,0.43058608902177764,3
177,-1.5064444895224578,0.4076250767897245,-1.958676343358633,0.5396240363149214,3
178,-1.0923439682110643,0.30012331018289173,-1.6378095153047827,0.4266738183655877,3
179,-1.2529694965663798,0.34527039803422443,-1.3399123636529682,0.4103293015574848,3
180,-0.46631699530686976,0.17984734717738793,-0.59715704576442,0.31156683519726114,3
181,-0.5468921865615837,0.19066658971298756,-0.5603720633158984,0.24349519704324107,3
182,-0.656461024222581,0.24188658576019817,-0.5705942940830662,0.2877551738387316,3
183,-0.794487474108938,0.280800901274471,-1.143761666072635,0.42413897205362605,3
184,-0.9653956358874964,0.3046260124403539,-1.0145880901581925,0.36775028337578197,3
185,-0.6423266976909554,0.23065014218398727,-0.8970123151049505,0.3695177609858358,3
186,-0.5563211704808455,0.1987900907694755,-0.696215370816474,0.2990337280629525,3
187,-1.1735031331758914,0.31869126407551296,-1.589682279273509,0.46645244568169,3
188,-0.8460408246877886,0.27132471940468406,-1.0115831375543693,0.34904992876434193,3
189,-1.2555262621842607,0.36642981007593667,-1.1691579484596084,0.40236595576389356,3
190,-0.8461315395818025,0.2487551345444694,-1.0917054634319712,0.3587782288568446,3
191,-0.7446836970241075,0.25314362410186975,-0.7365561267683809,0.3393266331722783,3
192,-0.9069558708236642,0.2941850812720179,-1.1129969046680344,0.40656518477517056,3
193,-0.8823720152417884,0.250713883490549,-1.1960779987728665,0.35727467984281847,3
194,-0.7379621339825126,0.2601541133057791,-1.3329285481233994,0.4486127448957542,3
195,-0.58287984619694,0.22982549812383912,-1.213867200230319,0.4442002441091054,3
196,-0.5203343326618639,0.24320018770300977,-0.9376143212289911,0.46538581270770096,3
197,-0.5051956734908398,0.21804888317351778,-0.5241094511318465,0.3116977767861333,3
198,-0.5991342133056445,0.2086370663705972,-0.8164944715637681,0.357532160142342,3
199,-1.1097340780564942,0.3398329350371424,-1.4653069330075397,0.46139230717602353,3
200,-1.11876367551081,0.33443313136781705,-1.5845907657692413,0.5054553345819275,3
201,-0.8312771340905392,0.256979425549287,-1.180159723085768,0.3960788031669178,3
202,-0.2402868364171149,0.09716229935383347,-0.4242402367086846,0.225641703653777,3
203,-0.8625380415964532,0.2662892279351051,-0.9351418665051494,0.34082953562518226,3
204,-0.661124426546619,0.28428812448048,-1.1665881678046797,0.4713382394055654,3
205,-1.2783281480143707,0.38471123946448615,-1.479830595151497,0.4440769881018578,3
206,-0.9560290076617712,0.3033602668263029,-1.106646862808867,0.3957714231288745,3
207,-1.1733731951384185,0.32374378623838296,-1.1928652360987992,0.3753291915294632,3
208,-1.0975182124299137,0.3220298915950853,-1.1262278302291475,0.3974105260072238,3
209,-1.0501505625341219,0.34330631415032453,-1.1305807346192258,0.4104862018036305,3
210,-0.7917021716810249,0.29265230979759826,-0.9245659289365773,0.40423788648898273,3
211,-1.309662675250883,0.35078264479389853,-1.5097842355701647,0.4499889459638656,3
212,-0.6563761331148177,0.23167769955410722,-1.2336268451446057,0.4094367926369076,3
213,-1.2771037195687325,0.3615453692558037,-1.2728666715181514,0.3617385410040892,3
214,-0.6160568129974484,0.2324375284647241,-0.5991350770854951,0.2866167885071099,3
215,-1.1196629131127103,0.32814743120766865,-1.4873877181776072,0.41522658010707136,3
216,-0.7614318803620996,0.2573664922845471,-0.6249269139273461,0.275544961125585,3
217,-0.9659013952877311,0.28360592243503013,-0.9577566659092811,0.3667781218004317,3
218,-1.1383701628795007,0.32092487203567455,-1.1831623894298333,0.43207801521637335,3
219,-0.30120122568149776,0.1206339397909264,-0.17176374674133954,0.10434905571922637,3
220,-1.1302519765621657,0.32089078145404626,-1.4508979008737655,0.4508552864935419,3
221,-0.9170110282942023,0.32733030985386613,-0.9789652363265602,0.420009955889295,3
222,-0.02990353756494457,0.015823017083632096,-0.2891225604974552,0.19135286565135168,3
223,-0.8414696943207836,0.28035911781759926,-0.9181331131144985,0.34602560678622996,3
224,-0.33673245591257794,0.12955129669010546,-0.6354930488945751,0.27764836962668593,3
225,-0.47777504302269813,0.1913302182220311,-0.7630527493988493,0.34848379979053046,3
226,-0.44743585064651814,0.16237487793683314,-0.472810056040734,0.23192625643616493,3
227,-0.831688257425967,0.283878982075741,-1.2822139394946412,0.4610490527708534,3
228,-0.7002479940928334,0.2517055824343306,-1.3048531130969385,0.4122586329545953,3
229,-0.7219059452980683,0.26746646458093215,-1.0232977452146963,0.4153485922076723,3
230,-0.3707069223967303,0.12876691902660375,-0.7205688950394735,0.26589381482381047,3
231,-0.8046603660258413,0.23988441645980507,-0.9815108323788264,0.3763534921599633,3
232,-0.5244716280258266,0.20806286566603638,-0.8361846383517246,0.369753189455977,3
233,-0.5620508179175889,0.22395591812255178,-0.6099479459135935,0.2872704560028625,3
234,-0.8809952926990561,0.28243061020219196,-1.1610999620048608,0.4169194671048656,3
235,-1.141500473928077,0.37937182697848626,-1.4854816022251094,0.4836109357453299,3
236,-0.7433224958899021,0.24812116558290176,-1.1960742985703066,0.4122074561761956,3
237,-0.24361525724694166,0.08817598748400512,-0.5778445262746539,0.23743288894442283,3
238,-0.7130231290452109,0.2775102790384524,-0.6494185565326922,0.36893259245029086,3
239,-0.293244892400331,0.10475224917708115,-0.365236977504668,0.1699356875423803,3
240,-0.2547516364821707,0.1147196651123834,-0.27038341016400147,0.16399755965758078,3
241,-1.0968715128630802,0.3150781324079276,-1.6119191171816698,0.4738786478431123,3
242,-1.0705337429727257,0.2891067991820697,-1.3501427753097088,0.4030710748438511,3
243,-0.9158303907547447,0.3078545744240313,-0.9577254380459037,0.45802142956616476,3
244,-0.3629010647736175,0.14806951248203404,-0.4800088965387388,0.29513307148815393,3
245,-1.317521504788648,0.3633425829780922,-1.7072199396714534,0.4737843318781877,3
246,-0.9361247448392205,0.27438199341265546,-1.1135761049308242,0.399257790668046,3
247,-1.1906344609132904,0.3996372169424103,-1.556363863185153,0.5430977339125725,3
248,-0.4812337915650393,0.1658782378041901,-0.5779776262023486,0.24786634915788708,3
249,-0.6616447006450479,0.2523031433784797,-1.5713330814382587,0.5103141623729567,3
250,-0.8540993661955683,0.2825083453246845,-1.392444573555248,0.4094377029131402,3
251,-0.730489747455807,0.23638955954823448,-1.0018447265092116,0.34451962767006294,3
252,-0.9592099917340202,0.2661392496637106,-1.2839744471366097,0.40197109010604737,3
253,-0.9472168336975173,0.3033550450352813,-1.2645728533753158,0.4520808193882472,3
254,-0.6919277350878734,0.23495567931536965,-0.73174164741673,0.30114669742880884,3
255,-1.0335083486952108,0.3450937870647175,-1.3583374354909457,0.507872103157246,3
256,-1.0192379773165046,0.2994333972405194,-1.3915494001346964,0.42049424333142005,3
257,-1.1096668515470562,0.3591663585669703,-0.9526281198006976,0.41438866559304477,3
258,-1.2098417035608997,0.32942055916381907,-0.9625310857027338,0.37317550428277635,3
259,-0.3283996326791361,0.14807875208807741,-0.24280256991642846,0.16290905255860788,3
260,-0.8146142464273476,0.2679195334646518,-0.7827067802924952,0.37756755451240753,3
261,-0.3365211250352056,0.12230334599457793,-0.6560673606634428,0.2962426057969654,3
262,-0.506000782831951,0.1809777542530312,-0.8735052411254087,0.3609559377836221,3
263,-0.8024927251708509,0.2794485249834322,-1.0302038051985172,0.36297536852878987,3
264,-1.0878308321630823,0.3486742283625519,-0.8189682438395285,0.37941880319086596,3
265,-0.992860049047025,0.31217362311056485,-1.4806791533608048,0.41789808542822715,3
266,-1.2265077337854944,0.33736170085585704,-1.3110748783587889,0.4174076067210737,3
267,-0.7962373893426236,0.26048854981703895,-1.0902182644424558,0.3967871144367431,3
268,-0.4843168784577774,0.19337311000653234,-0.4292599964160333,0.27425327348558026,3
269,-0.792543763899705,0.268149891868955,-0.7511497746262921,0.3649233260183222,3
270,-0.8256881608816526,0.29844031036794294,-1.306967039994334,0.47618965399394897,3
271,-0.5020211937652075,0.20819532096887494,-0.5136451060348319,0.30977671906436566,3
272,-1.0749586050665632,0.31558102725299286,-0.9227123400200001,0.3567775593138015,3
273,-1.356206228374253,0.35291364703924866,-1.167051274006742,0.37333119135802184,3
274,-0.7089121189406575,0.24385626215272294,-0.767368837401756,0.3470617150512879,3
275,-0.9570494177311368,0.33373554242247927,-0.957277121660173,0.3797449601479924,3
276,-1.1873429704950134,0.3290838068831846,-1.1518492741867448,0.40320881625274774,3
277,-0.48294131089449266,0.18854838098805538,-0.40539231559651245,0.2364493552779936,3
278,-0.8893444168741182,0.29142524252859425,-1.2542610050625111,0.4776338984921862,3
279,-0.8252217013701957,0.2660598279105245,-0.8122275378557229,0.37516043320414005,3
280,-0.8213075633179561,0.2998119106881352,-0.825016362262994,0.3525847842745513,3
281,-1.2244430472447898,0.3375279098095588,-1.2495567474644755,0.4273344922365194,3
282,-0.8784335294104977,0.32496455398655055,-1.7370113320426892,0.5436222588873802,3
283,-1.138314791181278,0.31464001592785007,-1.0798650422161802,0.3385495149948503,3
284,-0.7280589745433583,0.24940895492346038,-0.8801448353054346,0.389294171764873,3
285,-0.5402364392853429,0.19789342613162164,-0.5801895647016226,0.30441383918852094,3
286,-0.6354181783306991,0.22415070933814585,-0.7446663492507495,0.33542289126734504,3
287,-1.0979089619701479,0.3562059708567794,-1.0014210682955529,0.40939631620881145,3
288,-0.7245174785092159,0.22884035644482226,-0.8393168322277342,0.35878627259646645,3
289,-1.2459520080826638,0.34247857581282304,-1.2758281723247589,0.4301431683224488,3
290,-0.5707252536945564,0.20780302071327394,-0.5722100504634815,0.2772641232838009,3
291,-0.9397670944533152,0.3070202354523549,-1.462386051778347,0.43209294300065304,3
292,-0.8200508224950018,0.3041436085266158,-1.1434813853739358,0.48871423838648476,3
293,-1.40146417417243,0.3482438992352501,-1.4012356778016914,0.44150252838050974,3
294,-0.8837863442272318,0.30065708112410594,-0.9710726225933577,0.38576540013696636,3
295,-1.069910042620021,0.32779960079328185,-0.9831658827900076,0.42683861861982664,3
296,-0.9752813164941116,0.2960811946058096,-1.277788460591749,0.43170400786300434,3
297,-0.4876358698867529,0.17477490280098007,-0.6862217356846361,0.29445726322201216,3
298,-1.2473865757344638,0.3523079438232969,-1.6218467354690729,0.47533668362970394,3
299,-0.7778003981071242,0.2876834765542565,-0.8406379844314487,0.43571480335330637,3
300,-1.1395200821578189,0.3381286008997345,-1.5564829385627692,0.4694088030929604,3
301,-0.21066819581985596,0.08701687030789484,-0.23106550403205817,0.15492837182246,3
302,-0.35317538507422297,0.13315106011310163,-0.5131505897921962,0.26305360351247475,3
303,-0.7789358413639675,0.2493267814585689,-1.083172403865327,0.3928743125724331,3
304,-1.243459918254096,0.34445324199193705,-1.5928986780750116,0.43825443847033696,3
305,-1.3728390661409295,0.39258583722605156,-0.9729662207381156,0.4256169335074015,3
306,-1.0536178557628602,0.3058815006555141,-0.7823722960597517,0.3537913171845336,3
307,-0.2886216782127855,0.11138684765691709,-0.48645023634576745,0.2902985944756532,3
308,-1.0606419095162636,0.332193853083804,-1.0287710297554242,0.4156306494502727,3
309,-0.8959275923719681,0.31798992042731555,-0.7617303443783603,0.4284492540929944,3
310,-0.6454986146804687,0.23646643319023952,-0.7700962558252455,0.35858344486083904,3
311,-0.7804741835407829,0.27775867064813764,-1.1551556536171417,0.47393553705923797,3
312,-0.39924209622253937,0.1501603147376499,-0.25775774858344147,0.13349561248358655,3
313,-0.496229278888459,0.18480464738179248,-0.5975856282693353,0.26033141774698154,3
314,-1.2697500447809085,0.36240317624445406,-1.5357495308299147,0.4622024114902872,3
315,-1.2758601891709414,0.34374818995570666,-1.200845305638547,0.41257078854505236,3
316,-0.4757590076517071,0.19512928590264156,-0.27409552969739037,0.14884834941060487,3
317,-0.9406017950645542,0.3113549846958652,-0.8525809831196018,0.3893364107896976,3
318,-1.2763967037237691,0.33758257899095545,-1.3672059162355918,0.417284882276748,3
319,-0.5650562053022077,0.2379721732888247,-0.7644371716734939,0.3559352761498008,3
320,-0.5909689495926362,0.23610431313925528,-0.8390492957615014,0.4294684851980829,3
321,-1.0154594054595618,0.32857133659191495,-1.2350580687584025,0.37904013058939,3
322,-0.9782355702294576,0.3225874772453028,-1.173417565140218,0.44846963113323846,3
323,-1.2411869519600454,0.3457355378726712,-1.4343461774414457,0.47263722159334687,3
324,-0.7899735207861465,0.24035213731484495,-0.8384548192048269,0.33310868518373726,3
325,-1.303346185722635,0.3777086564376293,-1.1933273077607298,0.43263688693551405,3
326,-0.9537188944261417,0.3279412904987731,-0.6655931584228543,0.29648599385454966,3
327,-0.296714814536863,0.10982157781495272,-0.44866122151832744,0.2187993929203803,3
328,-0.37258787827837914,0.14948071151075548,-0.5573714304331234,0.32134717633568566,3
329,-0.6729836380075724,0.21011712889441203,-0.8641517352567389,0.35263007600548046,3
330,-0.6094681253962286,0.22786159694279717,-0.591208536980177,0.2554488558754129,3
331,-0.9066666535218197,0.3035074695921227,-1.6075480686940222,0.4622096909600595,3
332,-1.2395664663607175,0.33769232472636646,-1.5519967273081694,0.4681727980900041,3
333,-1.0066014184893954,0.3363663327625772,-0.7173118997228527,0.31012247336232845,3
334,-0.9242615822000784,0.2905725516724762,-1.3952659448111238,0.4905167054673968,3
335,-1.2775437632724187,0.37372144807682994,-1.3829091023749818,0.42666575638475157,3
336,-0.9260653383668034,0.28132298127847655,-1.5336589995819412,0.41847002348256834,3
337,-0.9484688845922928,0.31440552703418434,-1.423990393790575,0.5023079954448524,3
338,-1.0000459371008295,0.30755474527979765,-1.370621640579831,0.41697995227770246,3
339,-1.3795962829666002,0.35822172297803034,-1.508850089756885,0.46895476139226,3
340,-0.832505994679269,0.254000601921888,-1.5058339886225949,0.42944524452558686,3
341,-0.9452096407552255,0.3102977863340265,-1.6666887614796582,0.4831477125968111,3
342,-0.8086869812971842,0.2787860935050245,-0.8693889069331981,0.3936016241002013,3
343,-1.0040835471956115,0.29926766347498646,-1.0152187406502138,0.39170494289217317,3
344,-0.9815489776945467,0.3310027762515242,-1.0598605016118905,0.3995272697041852,3
345,0.1776246247548705,-0.0888204818963434,-0.17681587687610145,0.11466889716693707,3
346,-0.5376703204385482,0.2172167458989681,-0.4693698989120443,0.23794900087685722,3
347,-0.6362234128994384,0.2408830661726481,-0.98245384510752,0.38806179833640164,3
348,-0.9528471194533252,0.3028337148062844,-1.1952104791240759,0.4284432252408369,3
349,-0.7432719681638056,0.2745469118869349,-1.2370782296066603,0.4468440001588726,3
350,-0.9239977506668855,0.30215062745580945,-1.4472915570351212,0.4315961540094567,3
351,-0.8693413747024934,0.28551048154340775,-1.4670446801324537,0.47959305797621354,3
352,-0.2863281953609862,0.11092748744900871,-0.3366036997509019,0.1901032661451839,3
353,-0.7485100019770434,0.2318441412731218,-0.9190736783594122,0.3364465191616267,3
354,-0.6185793817565826,0.2464930758042868,-0.6103175598755703,0.3334684256622915,3
355,-0.9260569820760782,0.2642472353860956,-1.1142401893439011,0.37106129643132235,3
356,-0.645173177825537,0.25625256103044747,-0.9070592679513354,0.3896361337640374,3
357,-0.4473752488251179,0.17621199933564957,-0.3596750426099855,0.18169375478940386,3
358,-0.7631496433366576,0.2806049302902708,-0.7271316466894622,0.31143863703484953,3
359,-1.0458835629161585,0.30925404769834475,-0.7959119345683017,0.3592216614647441,3
360,-1.0395743944227323,0.3130473087654152,-1.4155916063560436,0.4440073452979495,3
361,-0.987575877019045,0.28627445294968656,-1.271124557141087,0.41793804432303183,3
362,-0.8982286365693031,0.3045280994752718,-1.5929972115522633,0.49430699992383853,3
363,-0.43004197634368646,0.16136702106344014,-0.32514716480934136,0.17605429346368262,3
364,-0.48117724758847213,0.1726653939183559,-0.6897709821246243,0.2958965895435345,3
365,-1.0102162776816432,0.29497563519580117,-1.1864037066482527,0.4155835978296948,3
366,-0.6037755081395975,0.23735592043519216,-0.6042065490634578,0.27520932873793,3
367,-0.29816784674460983,0.10243180089624937,-0.6173115550593411,0.28330164681405257,3
368,-0.7153361689178226,0.2619100418060416,-0.7457566974628329,0.30361620023169644,3
369,-0.28117858234936444,0.10682129314715638,-0.50497429998503,0.2539697835985406,3
370,-1.0433725419727335,0.3365809505555848,-1.3691381527208037,0.4592754440332375,3
371,-0.601564722870104,0.22236343233771427,-1.1077377135314177,0.4244265432048506,3
372,-0.7612779018183078,0.2538843473988609,-1.0967394691397987,0.37605050705384035,3
373,-0.7777814989461724,0.2617750125193331,-1.2225014721464469,0.4012732188840836,3
374,-1.2954122021196448,0.3599749992751804,-1.383804528337081,0.43353895352007843,3
375,-0.5807207541324679,0.22393081664282488,-0.7413769057961437,0.34362830216846585,3
376,-1.0983190597108448,0.34264820406420937,-1.2729915734654738,0.44576043748189076,3
377,-1.0519259916106751,0.33261327931633566,-1.2027003638813092,0.4184731861811827,3
378,-0.8414623265175605,0.2540618644171808,-1.212936210665514,0.43070589056575015,3
379,-0.5806938504800836,0.24207575856605767,-0.7571266726369628,0.41806919103945406,3
380,-0.5633947286070344,0.24171407962224,-0.7589238024340181,0.3713000604122122,3
381,-1.1929350169552024,0.3577522381371546,-1.2183206134148699,0.4300021292555708,3
382,-0.4270161925597118,0.15206946823942324,-0.44552478911670934,0.23023350704727175,3
383,-0.8016322034196235,0.2605246652771652,-0.7204838667369782,0.31762714019332705,3
384,-0.9540897184829134,0.28068939745488763,-0.8587158469053429,0.37753337682320964,3
385,-0.6417534992698721,0.22702213284763695,-0.9923050379245619,0.3837170241978337,3
386,-0.7900126541416888,0.28445473499967733,-0.6742978102180068,0.282090412934659,3
387,-0.8522764901114659,0.273472379784943,-1.1908042982130878,0.40542919059750504,3
388,-0.773544270022382,0.2569108751101531,-0.9174985674275891,0.33927555347836014,3
389,-1.1758559099513861,0.3376644370220916,-1.545613918235397,0.451040228323344,3
390,-0.7816102826652882,0.31622019988681904,-0.811135596503159,0.3690302410435532,3
391,-1.112447100923633,0.3174715964679623,-1.0141387017434949,0.3534155375010555,3
392,-0.9716237473469076,0.2977772570858569,-1.2150805792366397,0.4681273172774665,3
393,-0.7437134755137247,0.30420871525246296,-0.7170278688549054,0.3535919681462881,3
394,-0.5807841508712586,0.21097678146401222,-0.6912666975980324,0.29206482318501026,3
395,-0.8938964430417622,0.3017187526649634,-0.9228088252180104,0.3695188331392427,3
396,-0.5694840650903248,0.19733962162498386,-1.2828689181424457,0.40116710000288835,3
397,-0.5303400017335314,0.2235297694290188,-0.7639392836610679,0.3772908345329725,3
398,-0.9230297250829609,0.29874402178881787,-1.2829041906636294,0.4084353071399601,3
399,-0.6301088337760103,0.2153904802919715,-0.7167598326593199,0.2821369251265117,3
400,-1.3085016037695365,0.4162367937187439,-1.9334484004081962,0.49369046783134496,3
401,-0.8131051104219646,0.2562329516415941,-1.3235669221218236,0.41744730140063235,3
402,-0.5978057048583758,0.22310160499488585,-1.0107124836622878,0.3293949933448179,3
403,-0.7018917223851062,0.25352437195977784,-1.0214715764396793,0.3748032006444464,3
404,-0.8031382650652659,0.28643066137575046,-0.7923513916814624,0.34133168033247374,3
405,-0.6613469834265424,0.23165751027716308,-1.302592408560067,0.4143813360842912,3
406,-0.7531185775486537,0.28225781885384493,-1.1782777377974623,0.42081625926643906,3
407,-0.8694736097844213,0.27135670566524206,-1.6462019910279033,0.42425664685736575,3
408,-0.6753157307194226,0.22945874568813485,-0.849461690989854,0.3661567351018026,3
409,-1.0762066501884484,0.32741458707985316,-1.461731142469336,0.5033422702241159,3
410,-0.7952187987571606,0.25666481332931734,-0.9994357856001832,0.3561207169789651,3
411,-0.46637398548174547,0.1729575600953427,-0.4694909322830534,0.26429547296666744,3
412,-0.758567675183281,0.2714783021673498,-0.7798318060470977,0.35102518212580647,3
413,-1.2229608495521345,0.3702574799181376,-1.4906098668892895,0.4780831759190477,3
414,-0.8610796575213548,0.2920471711249779,-0.7453623981664765,0.3490486527679455,3
415,-1.119280968539929,0.3548919113423856,-1.6397131606240016,0.43592145378600256,3
416,-0.88276241274077,0.2741668130242739,-0.6992523612770392,0.3040393850519506,3
417,-0.9919954066081176,0.3145624254296263,-1.44199874330075,0.4704940955382979,3
418,-1.0231967953546606,0.34846725135681367,-1.7043183912011517,0.5078040741004484,3
419,-1.1851359333731386,0.32880928251472685,-1.202036033598033,0.38711274681564056,3
420,-0.8144193492289711,0.2799662158031401,-0.9885060386962374,0.34896126889352985,3
421,-0.26022548472250184,0.10874128660281623,-0.055612975476754256,0.03424071491753611,3
422,-0.9935953952367971,0.3117115199255598,-1.3422265273995382,0.4152135264329031,3
423,-0.5580663924651024,0.192011226695054,-0.4529564566715272,0.22485291461441426,3
424,-0.8548872610744338,0.2964408388063947,-1.109020797826634,0.40208202043877106,3
425,-0.5529111704315004,0.20008328982004775,-0.9327899286507981,0.37446132804018195,3
426,-1.3740573198231405,0.33465498966514673,-1.4906841427044966,0.41945298183850455,3
427,-0.33749166475145564,0.14743587694466254,-0.13815214786549923,0.0831145673218211,3
428,-0.8154557091836612,0.25877493691769615,-0.7752802541478407,0.34182500533546856,3
429,-0.8527315635185968,0.3005983910691503,-0.9745307852560605,0.3888097248551968,3
430,-1.1157177338133952,0.3658363769699573,-1.89393475293229,0.5416539958407214,3
431,-0.7680888645318871,0.2507326158889043,-1.2699286517229331,0.40320186700737704,3
432,-0.7775269782085492,0.2502344728073047,-1.2153254810322518,0.4052987900365639,3
433,-0.5935944114616545,0.19516202268620186,-0.98939996561427,0.36795085551426254,3
434,-0.46010311185721964,0.16042649721910363,-0.4278633547518782,0.22623538015228206,3
435,-0.7244707435313174,0.3188324407219375,-0.24043173034638965,0.1631979397629445,3
436,-0.594505460958227,0.206872690988807,-0.5063718787717539,0.2646273586445519,3
437,-0.783194463783873,0.25942427011432123,-0.8501530242740674,0.34520728566074965,3
438,0.166955733039428,-0.07816671277643938,0.45060743293989347,-0.2895039266928332,3
439,-0.5666484775952751,0.21474734319284206,-0.8462189774978646,0.38023370307686377,3
440,-0.8654152053012734,0.29484894121032135,-1.0797965001784084,0.41614120640165586,3
441,-0.9377675775080334,0.3482091651672604,-0.7957601805098888,0.3843091604585426,3
442,-0.8104527126835941,0.2719890508914251,-0.6266765028828045,0.27847229245123073,3
443,-1.2696334546223373,0.36049865751810706,-1.4940311300500462,0.47085195437355587,3
444,-0.37932411228474594,0.13208061446738462,-0.9006596146627248,0.3115991360370356,3
445,-1.252310931012799,0.3437899448758971,-1.541003148098908,0.470916364641652,3
446,-0.7322590109310176,0.27633820658350616,-1.0353493359257455,0.38125234575915246,3
447,-0.6946321445027714,0.2464192176986224,-1.1937665511078075,0.40589666930001056,3
448,0.15461672467861876,-0.06091746099023054,-0.01313751981847,0.0070598770914181985,3
449,-1.3798975377444127,0.3966147030216177,-1.5939676657779793,0.4847006348602173,3
450,-1.3020382017261527,0.37152117164528,-1.0571705026842393,0.3949999563294596,3
451,-0.6936695076263306,0.2163970678014675,-0.585191330977884,0.25744149101566316,3
452,-0.9856930657851217,0.2977138550222095,-1.043855230940294,0.4638100315553203,3
453,-0.5208010409290187,0.2150570959322281,-0.712085924845089,0.3560260781903969,3
454,-0.8632758042334747,0.29008601309644066,-0.8010031132102002,0.35536692168223727,3
455,-1.0616485182196924,0.3351688510433234,-1.2998480350709771,0.42295822986217624,3
456,-0.6700671806142919,0.25756909721149757,-0.7924244873517958,0.37424191372234106,3
457,-0.9465919477155715,0.3059683266986749,-0.7671749175256406,0.3606215449045955,3
458,-0.7192354354534061,0.2583005434275002,-0.6508937176271685,0.3255825666443587,3
459,-1.0113499246084157,0.2800168189851504,-1.1123488542412578,0.3875572881313669,3
460,-0.6311428689565428,0.25726082595271416,-0.7180990091697219,0.31053890151608987,3
461,-1.1899478548991707,0.34505787087113726,-1.4880632741987032,0.4620758907294744,3
462,-0.7011572593808078,0.25611130777164337,-0.7849443906572187,0.3782608435202063,3
463,-1.1750339976035162,0.3592291125185447,-1.1567110114400014,0.4486795309041036,3
464,-0.880913418241505,0.2883950856241666,-0.925402602592027,0.39291887072997767,3
465,-1.488744771743328,0.3768896715496619,-2.0338403695450884,0.48835985542657667,3
466,-0.6222412766668342,0.2246757934652861,-0.6249520519224072,0.3174339754003572,3
467,-0.9555994951658509,0.3574319844574033,-1.0048586399597337,0.4301292228188862,3
468,-0.8283693463968356,0.2852269176999659,-1.0369349116279547,0.40133078571859526,3
469,-1.1126694086535491,0.34386156798426815,-1.7262194787179597,0.5192791544434784,3
470,-0.9359291087294084,0.3092635021374879,-0.8517328325679898,0.3917850685270803,3
471,-0.8609733957515417,0.2797049300856955,-0.8912709675248696,0.3940215770934238,3
472,-1.1140278832159023,0.35504304730692116,-1.1576734873672918,0.4333958070163596,3
473,-0.8935492789867192,0.3160538822263289,-0.9967828743892486,0.4286081811501443,3
474,-0.41664081662730856,0.15587923410897608,-0.5633218123740229,0.27883743190520305,3
475,-0.8343191135826564,0.3036974540659274,-1.5024233645335971,0.48835525454326034,3
476,-0.44938652077695895,0.19216206855255324,-0.9339384518428222,0.41150269386709504,3
477,-1.255792484241939,0.3570556524108148,-1.7006954431942827,0.44342923965172887,3
478,-0.9048097444377547,0.2936114553594066,-1.3582658061515942,0.41932969110621854,3
479,-1.117193354708387,0.3370759337857089,-1.0437335385922244,0.40552696108206376,3
480,-0.7617243057046545,0.2432177503477515,-1.1946778340532849,0.4121215423424466,3
481,-1.0526878458618252,0.31146674714692446,-1.5551712247667193,0.4847159248599653,3
482,-0.8592712293839371,0.31681988020677776,-0.8433098885689665,0.3345397711520295,3
483,-1.3630520395136774,0.3685116399986965,-2.044517638536074,0.4901032544957702,3
484,-0.4374274437583896,0.17389911571941408,-0.7501481811541102,0.3604613347924067,3
485,-0.8539065954425911,0.2752264867385853,-1.0881421618938618,0.353815738419607,3
486,-0.44504072277519735,0.1856588843289234,-0.6869907935998651,0.3417996050600396,3
487,-0.7741127660685923,0.2738853509884722,-0.7795752505032032,0.33423277668499596,3
488,-1.1933555195854892,0.353774857201703,-1.3008205324464548,0.41858529752504803,3
489,-0.18285150694801366,0.07224790883979626,-0.35902088018872913,0.17735326229764137,3
490,-0.7069489151506789,0.22965487649932326,-0.9735717074376993,0.3093039333283376,3
491,-0.5757994303362124,0.21663981029966484,-0.788664193207895,0.3623029845423743,3
492,-0.6401016740996774,0.2089939353132163,-1.109784489169667,0.41507802872550625,3
493,-1.2813402892857049,0.33903327471244515,-1.1970488791042682,0.3744868077533161,3
494,-0.9627783604255438,0.28934739140736765,-1.0752414442869276,0.3845369345102374,3
495,-0.9009157882209959,0.3036223376078264,-0.735289523814955,0.3106210254017827,3
496,-1.3015588935371194,0.3408423769808794,-1.2840728583205439,0.4022088517990213,3
497,-0.7602010172128546,0.23807095038381443,-1.0630680116669642,0.4022571841414865,3
498,-0.8417965769296694,0.3003358537424734,-1.1920579547483892,0.45051496209807007,3
499,-0.9998984423432282,0.29298821770756966,-1.52848728542005,0.4207950462259953,3
500,-0.8503633697172077,0.2746924644843135,-1.080506043672775,0.39401763281334046,3
501,-1.0082703740819614,0.3021239952338889,-1.4000561002803211,0.4610677477916373,3
502,-1.1629778578538739,0.3313034576699203,-1.4663300607989633,0.4623567836061545,3
503,-0.7523856249414389,0.2418228161826903,-0.9992301389281446,0.3776078900539186,3
504,-1.069138716501481,0.3467951739590476,-1.061441073506072,0.3920765748700077,3
505,-0.9305173656195875,0.25641437986357574,-1.2338167516564775,0.37429783333317024,3
506,-0.6609325827841555,0.27574872251003946,-1.0345296159040516,0.4352657590083038,3
507,-1.178144242588143,0.3472019309639871,-1.5180357673224174,0.4747914827887578,3
508,-0.8682355348976067,0.3076027184137886,-0.7589918839705623,0.36726744716846704,3
509,-0.5549236863044649,0.1996518717729987,-0.5543236638242319,0.25316461882482033,3
510,-1.196275705073169,0.379381826256045,-1.6052642976279998,0.5029313956435519,3
511,-0.7209540502106422,0.24913883539800585,-1.0165246752934254,0.4121543692061921,3
512,-0.9839603397506513,0.3567834412834001,-1.248631688680144,0.4392879062886259,3
513,-0.8859217192902613,0.2859142332693827,-1.0328708718396649,0.3919831279912763,3
514,-1.0130424191917342,0.33498545977824357,-1.5342670052969747,0.4507684274564979,3
515,-0.8622697741397451,0.30042230767413114,-0.8557220096297544,0.3616076508523671,3
516,-0.854425581479342,0.2882326720842805,-1.296916312940954,0.41210957443250473,3
517,-0.5876352367781994,0.20895244010053626,-0.6288548584162696,0.2873378063542197,3
518,-0.6803548192155779,0.2213675998069824,-1.1432656174658207,0.38501561098481507,3
519,-0.5160214433754682,0.1907611919165958,-0.7401879607914676,0.32389298746038586,3
520,-0.8813489693503409,0.3004887149575739,-0.8799520512417451,0.37467963608309096,3
521,-0.9890785833884803,0.32139942144343703,-1.0724624147955333,0.3721792382695832,3
522,-1.3078502012358504,0.37099547116755105,-1.386467221638995,0.4654097502804212,3
523,-1.0497773415104859,0.3288138897767938,-1.582090192913076,0.498249790507467,3
524,-1.0555468996944493,0.32069853425791284,-1.7210888455178754,0.5317116806704212,3
525,-1.1124386545185845,0.3601560878700626,-0.8709476963307192,0.41323208162600034,3
526,-1.1695210184437035,0.3269608466249221,-1.1177587991245503,0.3622114020107595,3
527,-0.9607358071267331,0.288706550816377,-1.3308193395169983,0.405447372913994,3
528,-0.9475067317724188,0.3068263086548322,-1.3392127170263741,0.43866468418606086,3
529,-0.5936531885930632,0.23444437116210737,-0.5228233389920094,0.29664518825717723,3
530,-1.2585636945262215,0.3690988722647197,-1.096843602909489,0.4080048203495046,3
531,-0.6953068174363239,0.22868124652916288,-0.814178640992627,0.3104372717548689,3
532,-0.7577508401045634,0.2658830411596733,-0.9118041883866366,0.3436426627347273,3
533,-1.3786422419173845,0.4260270040689128,-1.7091166159118771,0.5224930870307736,3
534,-0.9249907471757688,0.3336069913203835,-1.049223100993739,0.4721289981816239,3
535,-0.31277335185621125,0.11568582122573046,-0.5941677354974026,0.2625380610046003,3
536,-0.8602063830663924,0.34917487316249485,-1.101818883417381,0.4190795670728005,3
537,-0.7543913940382496,0.25391755090065693,-0.7757316708353279,0.35017390788290237,3
538,-1.0560819065746943,0.3426098117049391,-1.4184191353689586,0.46273483364898205,3
539,-0.9232194447546354,0.28808128995867244,-0.8180844209548577,0.3651595260088175,3
540,-1.2417000153941355,0.3627296994712672,-1.5489389081469362,0.474122802680941,3
541,-1.028554365778736,0.33026233730224874,-0.8931097832162576,0.3857322290957814,3
542,-0.866219159860083,0.2737980046637607,-0.9637707212848134,0.408716040771277,3
543,-1.1773302946561628,0.37421449101436954,-1.311546519388148,0.43122619665816975,3
544,-0.7532057892505204,0.2725611324551652,-0.8117649974819625,0.3782874855697037,3
545,-0.868322456783885,0.266307472643621,-1.110669919935675,0.40720291620030924,3
546,-0.6051649702666237,0.22192440637770572,-0.8366346095229331,0.41058343329028957,3
547,-1.002910586721975,0.29300682409933865,-1.0190791591793489,0.3377472556010166,3
548,-1.1603356552296165,0.3869241124352576,-2.1513192091639404,0.5263579976264869,3
549,-1.0266343812131478,0.3234275242393855,-1.3010503458055143,0.42219190998428513,3
550,-0.744981059867579,0.26318656466702783,-0.7258014335307414,0.3191681868690621,3
551,-0.8580803937054666,0.27555765551528444,-1.0077140884696785,0.3851761384710596,3
552,-0.8459296051867604,0.3106344752835438,-1.0267920090017755,0.4024055018429038,3
553,-1.2318105044851477,0.3802050183611917,-1.4933952147085752,0.5207658268192368,3
554,-0.8601641514801228,0.2721853291235238,-0.9418527827732228,0.3698899975357486,3
555,-0.31608935348736633,0.1467992423821275,-0.4432068029190437,0.26292575190646417,3
556,-0.5513382164381726,0.20532494209100383,-0.7512523830707964,0.32853972916088336,3
557,-0.6544480319952573,0.25128677405945177,-0.648575309161983,0.3775550958163829,3
558,-0.8913416055414927,0.2987471667121063,-0.6971179952171116,0.32727140666255283,3
559,-0.4517404684357853,0.15863191992158254,-0.5455900453195377,0.28986876135142925,3
560,-0.894517322680807,0.3014155044663117,-1.2133098390542487,0.44432489369654826,3
561,-0.5350170711116169,0.20837381248478304,-0.8253749659416538,0.33022856074188645,3
562,-0.9590763507426978,0.32729638868418076,-1.3770905794450758,0.41259938233145244,3
563,-0.28242728087847313,0.10796791676180029,-0.3722355915563915,0.19013600181426438,3
564,-0.8505032564015695,0.2837230439797831,-0.9273823472307616,0.3822614592595486,3
565,-0.8480263024035546,0.24570381622351523,-1.3970423600772712,0.4208844261277582,3
566,-0.8141948582546461,0.26100609355148197,-1.2008570984598081,0.41689395739471913,3
567,-1.1040087066502386,0.3211386142381215,-1.5043651367076647,0.4314301342800815,3
568,-0.7631484361062855,0.2763717612049498,-1.0661279041187315,0.41929258436172956,3
569,-0.5554650305533757,0.19540505751533765,-0.5888407839012981,0.24105798094154318,3
570,-1.575264531941027,0.38114647634260856,-1.5152752056278316,0.42622835566273487,3
571,-0.6917107973918892,0.2617398208883728,-0.7312440096181358,0.36195453699131075,3
572,-0.6279590847545053,0.23653813932070444,-0.7315299828964177,0.335597086115793,3
573,-0.780449213040876,0.2442335719130233,-0.6961403739001097,0.3028320035305556,3
574,-0.9308717615201085,0.316290453207429,-1.4642070102601774,0.48567994249262236,3
575,-1.061696109851455,0.36704694076803623,-1.1321886336218214,0.48046964667763004,3
576,-0.9485538866216956,0.2863564991923374,-0.9695166577361751,0.3730084877696106,3
577,-0.1503890732315325,0.06744562235202078,-0.201288850013273,0.1360034064357225,3
578,-1.0184907014173108,0.31525365626395796,-1.1955318731854543,0.4771958604194243,3
579,-0.7974379107322711,0.29295059930140377,-1.3043078812825915,0.45752119191098084,3
580,-0.7992441230072265,0.2537130158507922,-0.8784231958996518,0.3828383323902288,3
581,-1.423526045503722,0.3692764052216584,-1.8642290517144189,0.4367381038378463,3
582,-1.219445531825282,0.3226621606264948,-1.158419104054956,0.3698015381421026,3
583,-0.21651281170154535,0.08329503427506846,-0.2934400332544016,0.15981750896810776,3
584,-1.0632364689305773,0.3464117332032308,-1.5433754718564376,0.479289991459513,3
585,-0.41660603243700756,0.16204287424071695,-0.5830842214097542,0.28311234592544543,3
586,-0.5115245148232921,0.17673778337140045,-0.7674851702106817,0.3387003613069036,3
587,-0.9202259571559184,0.2606551973621648,-1.153857756436337,0.3594838386522249,3
588,-0.8551992115991349,0.2862484722139006,-1.210070647106703,0.4624448456359245,3
589,-0.8164118669902891,0.2972154729107924,-0.8663879678055262,0.38450646658314325,3
590,-1.0712395067018585,0.34718877881901755,-0.8336302112198546,0.3829494354290368,3
591,-1.253892141133304,0.39431275389102294,-2.0585082502245324,0.5469875463439814,3
592,-0.5244042390026116,0.1667206693110842,-1.0242450682678683,0.33256086297415577,3
593,-0.8987898011315045,0.25369955769582686,-1.0105628451785802,0.32503288157483134,3
594,-0.9356256572552497,0.27588544178654206,-1.201722670712928,0.38672063891122854,3
595,-0.11074127187498961,0.050870699443116285,-0.015706319372136734,0.010390852636179893,3
596,-0.8707946720652031,0.25398489243404887,-0.976064593359425,0.37727112837976784,3
597,-1.0366129658374894,0.37854324619542834,-1.087864185145131,0.4244958125624434,3
598,-0.7845274800088169,0.2449894052109104,-1.0896425222912753,0.36500743217063836,3
599,-0.9965085121861086,0.3272784055443043,-0.9919283114583097,0.40186923588984025,3
600,-1.1622316615865083,0.38118817163304364,-1.0876403026419004,0.4250410745062754,3
601,-0.5743456535761955,0.2273555930495995,-0.6420808736869867,0.2807419059009584,3
602,-0.7829478216329568,0.25775450079972895,-0.8333170102214371,0.3689315503953341,3
603,-0.9810568676555904,0.3382170143800378,-1.1264379427731304,0.41881066722070204,3
604,-0.9646985337266414,0.3085840834237248,-0.763101056467071,0.417729035534929,3
605,-0.8464934092013676,0.287209593994305,-0.9498467221494622,0.42145029356305364,3
606,-0.7745373325000742,0.288205927228535,-0.8399870882038134,0.3761353553552941,3
607,-0.8122589085257164,0.2674759527976007,-1.2212894602168034,0.4038281036630661,3
608,-1.0090746539627884,0.2946217959349371,-1.080759860985213,0.37850996143315385,3
609,-0.6052561767092759,0.21965855863789252,-0.5516568460105449,0.2529873127996316,3
610,0.10600676276015975,-0.0443499777346521,-0.2520902771181621,0.192796009697357,3
611,-0.8287900460158502,0.29418456891906664,-0.8326106015287609,0.4411804542329967,3
612,-1.0573437364331544,0.3223679722812184,-1.3643237365070693,0.4049597051443339,3
613,-0.37984921319960474,0.14878681543481986,-0.5683835789880358,0.26796391243727335,3
614,-0.9925682945781595,0.2888723080414394,-1.3828292507530775,0.4200770922224568,3
615,-1.317947697111252,0.34739549434091865,-2.1039683226252004,0.5431313472196302,3
616,-1.2338343412197077,0.38853146873570077,-1.5623015025040994,0.4866591158329173,3
617,-0.542745014743444,0.22506309479735964,-0.5663669659871822,0.354229661022889,3
618,-0.695236192949199,0.26699181438592245,-0.7460631529657382,0.3380236809868008,3
619,-0.6201250261489566,0.2069588004428765,-0.6900246372744299,0.2790050869004952,3
620,-1.0823828671877815,0.33018849924746607,-1.0467474199293623,0.38661197492810184,3
621,-0.9528698713762997,0.27949046811437595,-0.8222435180413619,0.3386493659465555,3
622,-0.8776766705193029,0.2888117535199025,-0.8812319557239094,0.3782859116370484,3
623,-0.9878297643078269,0.3036775860195118,-0.9761518885806231,0.3594452840567306,3
624,-0.911620348860668,0.311411212025014,-0.9896817276153167,0.3744160669250408,3
625,-0.5388225384916381,0.2208705431754434,-0.8238184813535414,0.4032592028459283,3
626,-0.8992501433247639,0.3453396764442561,-0.8981657694161409,0.3911514503124892,3
627,-1.398929918208248,0.43005269913353206,-1.7230319616453298,0.5419593100659101,3
628,-0.9614260164718886,0.3130813012955448,-1.4952375401497555,0.46312458464618056,3
629,-0.8063763110688109,0.26087280977481697,-0.9969028600459728,0.3425055460879268,3
630,-0.0074146230337355234,0.0030112503006610725,0.08299252460470186,-0.05761335607893692,3
631,-0.4790839982463262,0.20397624352360122,-0.481888365273633,0.28609374485989325,3
632,-0.5090193703846757,0.20131483962783003,-0.8658904114842592,0.3803483178399639,3
633,-0.7487209720535013,0.25528061068800323,-0.7244622966061525,0.2931686871769207,3
634,-0.9148521614530023,0.28700326396257003,-1.164464589022457,0.3960015141139481,3
635,-1.0980943757074666,0.31276165743843976,-1.6437980645048258,0.43474870733437365,3
636,-0.6968680181020193,0.24761493875578133,-0.8636878359899718,0.4325554322816483,3
637,-0.9403571881216517,0.2890278357682352,-1.176296421132732,0.398462902016537,3
638,-0.9156473309796751,0.3160364875400016,-1.2877597351388188,0.407713453265121,3
639,-1.0519020193638404,0.3275506853183111,-1.442449152293864,0.41692086275154006,3
640,-0.8273539009888986,0.25990099281183676,-1.134917091879145,0.3587121905521585,3
641,-0.4235968166517772,0.15932197563529427,-0.6725759523520694,0.3007170170945166,3
642,-0.5457279523160636,0.18076977853956422,-0.6162498394502283,0.29637495303806893,3
643,-0.9035010052129135,0.3390958952058696,-0.8906667662152961,0.4155875457717094,3
644,-0.6245451763095486,0.2471591700037431,-1.063967618787262,0.4006170407555901,3
645,-0.835969402799472,0.2552897098286553,-0.9921659098168607,0.3630581705082869,3
646,-0.6695784507247646,0.23750338899861734,-0.7768559815130238,0.3899643604264972,3
647,-0.8721275205105052,0.2774966188801944,-1.0587331364758819,0.3848422996150349,3
648,0.04820593403983553,-0.020228803306458154,-0.21981272615884584,0.1293782441642224,3
649,-0.9195316430132392,0.28838923526862215,-1.0384019174050354,0.3969349684079959,3
650,-0.9334718353282192,0.33016542075907385,-1.542342370684734,0.4805597027524009,3
651,-1.041861618325509,0.3137036169633718,-1.459845040595736,0.43134334104502925,3
652,-0.847651534156588,0.30658229402398296,-0.9856010465299663,0.4404744356288026,3
653,-0.5218538339432599,0.16979788339964597,-0.7390525078029373,0.3557880459776097,3
654,-1.2341755265063792,0.38818470085832724,-1.4902777758394512,0.4753164617338902,3
655,-0.6973509088188528,0.24263169926756867,-0.686936726945951,0.3068381409698838,3
656,-0.9333941675347832,0.32581930318801466,-1.1734467198244733,0.4744715655880586,3
657,-1.3117592842481267,0.3556555543937998,-1.2307073541365992,0.3974755459781759,3
658,-0.8704252336731684,0.28186111291940374,-1.0636185518763412,0.3885246581625392,3
659,-0.3885999398935165,0.1380233900465334,-0.5024030018859538,0.23311409463262078,3
660,-0.5609020738758801,0.19088997029921373,-0.8617603347080482,0.37513106680154296,3
661,-0.8196686466999457,0.2562239942238289,-1.2268858476968063,0.3940441813839425,3
662,-0.8066553818599838,0.2543958696796397,-1.2882755699255355,0.3985929119602173,3
663,-0.5779602178958654,0.20907596780455473,-0.8171906961120285,0.3637259472909561,3
664,-0.11396967581747752,0.04831089211025896,-0.2116153415614639,0.1353773073094,3
665,-0.9219928404875648,0.3273166311559922,-1.0340847567308946,0.475150577072032,3
666,-1.1774120620775537,0.327016528167031,-1.1535108924065773,0.42630454414104346,3
667,-1.139982136556665,0.3591040511256691,-1.4129610558260164,0.501695520565552,3
668,-1.2140190218669984,0.3407301507939947,-1.5446666097472572,0.4722537795337788,3
669,-1.1950350442095798,0.35217233464156106,-1.1829820994126015,0.41980318766127434,3
670,-0.9477639231373343,0.30271846784825773,-1.049353405068578,0.4007030105001341,3
671,-0.37421551973852685,0.13479084689607101,-0.36037572260700546,0.16954017822542,3
672,-0.9467172954219465,0.28319562199796267,-1.2793873250181547,0.4293407006552872,3
673,-0.8361400006002264,0.30356769748672385,-0.7204539497024236,0.3484250293495593,3
674,-0.8228922163916277,0.25820718797464315,-1.1910753704005843,0.3987448590636469,3
675,-0.5088893076638055,0.17931177010039379,-0.6781494138831847,0.2832124909453553,3
676,-1.0503729498711234,0.31713363996147814,-0.7927833431771121,0.36716761375282536,3
677,-0.47042890919348235,0.203033375673905,-0.3843068746905671,0.22977011528463476,3
678,-0.8676820020168368,0.2744378011338259,-1.1969978279725264,0.4094669113974342,3
679,-0.2901607344157209,0.14112954055856575,-0.2917232078637313,0.20004287289777467,3
680,-0.7081861767458832,0.25576893123802846,-0.5635056551261255,0.3343899869762851,3
681,-0.8142988541526139,0.2677860748070321,-0.605846438573385,0.2627511768838461,3
682,-1.0708094161479234,0.3438808656633229,-1.2182808859638066,0.47838100926903615,3
683,-0.980376155845875,0.28661912033379744,-1.6026048169430913,0.4232345950998109,3
684,-1.0920555568292953,0.33634346264640913,-0.8923584153554969,0.3860305895356597,3
685,-1.150665149137783,0.36151242688165175,-1.0223064933762238,0.38947775751520686,3
686,-0.97066398284431,0.26491015023746267,-1.2571338599799722,0.3887144203896984,3
687,-0.8991085046199876,0.2751263692858582,-0.8511463110817563,0.3168199449154949,3
688,-1.415460946856911,0.3880512916346188,-1.5860957726549285,0.4875243357853323,3
689,-0.628470435653468,0.23802065522406934,-0.48501003345911076,0.26272533800847253,3
690,-0.8607848770368034,0.2941941880907877,-0.7092865273433862,0.3281273324690934,3
691,-1.002658213250388,0.352486257219795,-0.8166750972316303,0.3431831524264679,3
692,-0.738773157848613,0.25359506174941293,-0.4833483693766276,0.25484068461977505,3
693,-0.9022474697189957,0.2716593578610156,-1.2845453553182067,0.4223265843011458,3
694,-0.8229793641222622,0.24164392347764607,-0.9549313059374902,0.365382704015757,3
695,-0.6953809576624395,0.2623968644541146,-1.0436805794270612,0.38718436779558163,3
696,-1.1927379756727325,0.3569563297503725,-1.4209486543734091,0.4359947595249536,3
697,-1.0420381060350699,0.28817844992800545,-1.0699001877301995,0.3913901967236032,3
698,-0.35643618149719347,0.15454926886134224,-0.5252813486961061,0.32834030012170645,3
699,-0.473076920139897,0.17359960133539842,-0.7270694452052113,0.3104443094055147,3
700,-0.7516883945434198,0.24093818230245623,-0.7421749881190056,0.3112421225429467,3
701,-1.17724528262975,0.34007896507668367,-1.0778103057966921,0.4429534783795429,3
702,-0.5318700852922302,0.1809244186163197,-0.3060600086069818,0.1550717229732227,3
703,-1.3479140295553322,0.36437820472988025,-1.8843591881712851,0.48006151046028156,3
704,-0.9168311122379804,0.282990289173106,-1.089291785003286,0.3553413546118648,3
705,-0.9138739337023631,0.2543119155193292,-0.9949743388628867,0.33532122776304407,3
706,-0.9020092289291628,0.2753312492924477,-1.1192837404453073,0.40862425473417807,3
707,-0.37442745487878826,0.14024340131139001,-0.5006832742462508,0.22381646607342287,3
708,-0.5255333788365562,0.20137584934423336,-0.9933885152789019,0.38604968520476235,3
709,-0.346430169278898,0.15797665159620788,-0.14924070748352958,0.08665682579902101,3
710,-0.985084424632626,0.28191897980229075,-1.430687349411639,0.4476479512461403,3
711,-0.7148556384124705,0.25634675112384575,-0.8232469189021494,0.3773539549726119,3
712,-0.7929748712585152,0.2573486945927287,-0.8381274036162036,0.3342223837825604,3
713,-0.760531183751068,0.25152800551109855,-0.774001804696125,0.33966637270406475,3
714,-1.3053073106300679,0.3547715662088654,-1.131327665720775,0.38689620001439273,3
715,-0.6823262469436562,0.2674037618413667,-0.3714917461599745,0.1977905967708996,3
716,-0.398764330436443,0.16039919284541848,-0.395968887098322,0.21371443638453003,3
717,-0.36736810440806345,0.1619227570388373,-0.7692390186496658,0.3783325892104116,3
718,-0.36781787783659503,0.14198799238822013,-0.45190426648286364,0.21068876561743966,3
719,-0.9929650067620743,0.30982908226293904,-1.1814538262723198,0.4459600657082161,3
720,-0.8895476111416518,0.27727890129322585,-0.8068498658967074,0.3602860474389289,3
721,-0.6842323826521519,0.23875718076290453,-0.8510173364195557,0.31325678050507,3
722,-1.0459158279240715,0.31525351766472665,-1.009153068744948,0.38841571289838506,3
723,-1.13087266825967,0.3232249016404002,-1.024088682280183,0.3400524798517486,3
724,-0.6623480554948507,0.21922105637690004,-0.5502274767355695,0.28242138339369427,3
725,-0.8221101161414275,0.24978775387426566,-1.3029009569778722,0.42147312340743914,3
726,-1.3245777050016843,0.3491687333840552,-1.74953760756082,0.4290302560368974,3
727,-1.3733017973145145,0.36820881268104244,-1.1744997750561292,0.4319071143571427,3
728,-0.7712833208292316,0.23236006179238577,-1.112774509626809,0.3714309875065177,3
729,-1.2219262865462834,0.39458539334321285,-1.8856383599358981,0.5380585027532124,3
730,-0.6541111994032036,0.2184732893923279,-1.0310214696805877,0.38439717517016225,3
731,-0.9090646954504416,0.3001064431826056,-1.0732392353448164,0.41172748346739774,3
732,-0.9074680893634466,0.2889190695552053,-1.0886681626435493,0.412157426414571,3
733,-0.8444819136386394,0.2592999795806237,-1.2838356759713057,0.4035346009259536,3
734,-1.248051254726966,0.3598840911492003,-1.9333935885041929,0.49501072493451204,3
735,-0.48343794209774904,0.17609899203422086,-0.6404143921985046,0.2654542825205526,3
736,-0.8563966243191143,0.2812331395144373,-1.177400238212143,0.36833175629749804,3
737,-1.1416605425767083,0.32497754854247773,-1.142734313733861,0.35747976645443513,3
738,-0.8565395651214147,0.2695676102792728,-0.9529457395503631,0.3333012057481921,3
739,-0.9785403029363036,0.3379048103944805,-1.4609891331470055,0.46578341088108877,3
740,-0.48184673654339916,0.1707802746446102,-0.7154892581129033,0.30728111384957213,3
741,-0.9552681530088116,0.3134505639495957,-0.9334677252671595,0.41909798525801367,3
742,-1.273256289277458,0.35071348232266364,-1.4394010399697161,0.4178821166385982,3
743,-0.9172047133745109,0.28879350824889727,-1.0810627366328431,0.4158203508750016,3
744,-0.7366167183738268,0.24334092236500982,-0.9684228428243695,0.3475317785130373,3
745,-0.7409761262858905,0.26436686632468853,-1.1594338385927607,0.4408037294007924,3
746,-0.7247120032253109,0.24199958939147848,-1.2065305806257338,0.4123857171387264,3
747,-0.8122896250637393,0.3179914099656136,-1.3432573961948353,0.4586249492679658,3
748,-1.1197977170055895,0.394485254259357,-1.708663987598308,0.5396290411052653,3
749,-0.7675059293933533,0.2573376422162197,-1.0169415214546536,0.3697336258571312,3
750,-0.8191994117790475,0.2539858133169858,-1.2494014477430317,0.3705570782200128,3
751,-0.9668233341811359,0.2852410708472515,-0.8722957761814163,0.3416924481006889,3
752,-0.844017040467421,0.27974332189827156,-1.4038554842819932,0.48027372385684475,3
753,-0.4031055866224036,0.17196065990682508,-0.6221311518154273,0.3313889526574848,3
754,-0.7926043637231219,0.29123143738946644,-1.4214886475923703,0.49656886782877774,3
755,-0.9135676439823124,0.28909402240792936,-1.2378117964406505,0.42402860007083965,3
756,-0.2921673477321747,0.12209180952443399,-0.3562064740968016,0.18800357307086357,3
757,-0.9906144612661236,0.3529434471953675,-1.5169294699008002,0.4807903268500635,3
758,-0.5765245105588543,0.2087751748748652,-0.7384473943321743,0.3241576718728607,3
759,-0.6653748228111782,0.2536509751462054,-1.2187402841760362,0.46058616242291417,3
760,-0.6652746195448804,0.21943729480099583,-0.8006561676997026,0.36510722099667325,3
761,-1.4526501752988334,0.37768221714181627,-1.751270034937647,0.47623510729562935,3
762,-1.0615979081652607,0.30279163506001616,-1.0980485965885614,0.3978452935374357,3
763,-0.783096252541033,0.27220976495968574,-0.6593857646454928,0.2856244124332208,3
764,-0.4814947592912713,0.17828040619315177,-0.6825790293324483,0.29116989994592346,3
765,-0.941431661106674,0.29361556514213816,-1.5743280221240008,0.48366008193223964,3
766,-0.27875427051186996,0.12067456703040313,-0.5475083261778224,0.260269356149901,3
767,-0.778011748027819,0.24035761162867164,-0.8341382127307653,0.31554450749616825,3
768,-0.7242899025633784,0.2394596751985455,-1.1678854050689884,0.36974442183030576,3
769,-1.1227831125668484,0.3643046681954999,-1.2372204026829536,0.4580920798602608,3
770,-1.0022473935237084,0.27376311120104657,-1.1655898712315635,0.3428408270692074,3
771,-1.2111937410128757,0.3734969004425437,-1.0325156864761387,0.4399646651554594,3
772,-0.9632764399312599,0.27458829034353327,-1.3635751206427433,0.43060111597168127,3
773,-0.26125353658344164,0.10069227866567221,0.002428458747246953,-0.001384300973140462,3
774,-0.7590867695051509,0.28975815900964597,-0.7155791349708551,0.3590003477934891,3
775,-0.7840631065679795,0.25858557011027306,-1.0215564357817801,0.40459923007260723,3
776,-1.1843125696544154,0.3422384923314076,-1.2926613425110725,0.4160618950397168,3
777,-1.0866702676709385,0.30245084874288475,-0.7897052198986072,0.31458357058854036,3
778,-0.702660905665216,0.2535041178016788,-0.6431937977690987,0.3136748789123446,3
779,-0.8868008914539769,0.2951444440177152,-0.6172406078833108,0.27516966366465145,3
780,-0.7756634991284781,0.2871026234792362,-1.2834462955601997,0.47178527528162983,3
781,-0.7921372409414906,0.25067231626800723,-1.4207255468070188,0.4143261226948942,3
782,-0.9246119905493329,0.29984132852734824,-1.1940565314263643,0.4047441471539154,3
783,-0.17442304606028092,0.07502838408083001,-0.2298763062956728,0.15242155577494843,3
784,-0.8440458664071002,0.3436365563621344,-1.2910031147394405,0.4720271715334118,3
785,-1.006656219332275,0.29184129021800564,-1.1109766247858903,0.3859027856677588,3
786,-1.0195757151169844,0.29928465682304317,-1.3693393596784758,0.4170484537530842,3
787,-0.610716858145139,0.21959851440653166,-0.7688953780209804,0.32970689574851864,3
788,-1.1107459910591055,0.31261187294885806,-1.8411163621691566,0.5102073783483692,3
789,-0.8453446799808091,0.3188044755407631,-1.4253433027933677,0.49550163732377284,3
790,-1.0015448019353546,0.3019074347037337,-0.642237970361019,0.2755864466093161,3
791,-0.8125612678860525,0.2624148580300595,-1.0496638903805895,0.40397448082404974,3
792,-0.9481446471238373,0.3129350781994499,-0.7837756654970935,0.4056477570997581,3
793,-0.886636530935776,0.30606547100325787,-1.4029242896415934,0.47939790962854223,3
794,-0.19566217774453154,0.08942732826017741,-0.2574826462043587,0.17563067600469584,3
795,-0.8201407667109435,0.26557679263415457,-1.0459112485400366,0.4271053274933847,3
796,-1.2750487626424518,0.33867107484316816,-1.1633732320017538,0.37123288919511943,3
797,-1.1628161996440323,0.3667595617176178,-1.3747472993390868,0.45732075683073525,3
798,-1.0554928084887671,0.3446961579702218,-1.2013621169323567,0.41608158369331283,3
799,-0.3696818072185377,0.14083647330190396,-0.3359974052811685,0.18082933659624023,3
800,-1.141097369794415,0.3569777585073092,-1.1998584387543283,0.4245649829173571,3
801,-0.7656097329916856,0.25378218860716484,-0.8547627682640608,0.33270874968871444,3
802,-0.45501910272596335,0.16796737279172436,-1.054688997706981,0.3988965075217362,3
803,-0.8595118429688089,0.2918626916836573,-0.7674189029700673,0.3190461564853355,3
804,-0.5762983191698003,0.21646154731759615,-0.7875548321655275,0.35575625118983933,3
805,-0.5585755350632255,0.24077027059831368,-0.7666488068721125,0.3667518394370122,3
806,-0.9250071190611564,0.33125416580028355,-0.9258303435819841,0.42932492757474006,3
807,-0.7376168284760993,0.2554367253821058,-1.0356898491253397,0.3813953488260887,3
808,-1.110135972684899,0.36799920778433826,-1.4210984032696397,0.46830890940286773,3
809,-1.0126661830091572,0.3394176446964552,-0.7507678156091777,0.31076036512798455,3
810,-0.7082442400427666,0.24546688847999265,-0.7812936321792083,0.3656440942630642,3
811,-1.5893635225863538,0.39994009474822334,-1.6657894082424742,0.43534806491947786,3
812,-0.605331868174142,0.22669823625003793,-0.8756864224267407,0.37230008079261434,3
813,-1.0842829181863478,0.3567468121069244,-1.7033141712059188,0.5166959844742973,3
814,-0.9559740525830187,0.27767991060182784,-1.1501703109179366,0.42333703354187247,3
815,-0.780166325743878,0.27134595878144874,-1.1532070320487084,0.41110506395768487,3
816,-0.7602069996525458,0.26594946352969273,-1.0709546646502184,0.39268628893694346,3
817,-1.0504530425592788,0.2942800576079492,-1.103029946895755,0.3857853165442242,3
818,0.12404034933608488,-0.05333005791582757,-0.2072992975564807,0.15305987281737854,3
819,-0.8760957049904294,0.25422848205999027,-1.0694795489557714,0.330563541150368,3
820,-0.776497408367459,0.26626890921282,-0.9626650227869702,0.3360639372550278,3
821,-0.6805836918960253,0.23021427066577815,-0.725786658412747,0.33655162535221506,3
822,-0.8669724367807223,0.26793461755426695,-1.1054880130942257,0.3749048653929914,3
823,-0.560313664994013,0.19763306156536165,-0.6708169177396226,0.29422524004922146,3
824,-0.7555568302816908,0.2494700103344537,-0.6014028131098101,0.27820321640849155,3
825,-0.7516825463080266,0.24984001147470825,-1.2121564115122276,0.4512846274716774,3
826,-0.8424529349343493,0.30374197978675777,-1.1746844796045888,0.4293483660092827,3
827,-0.7550652917503058,0.2513325790312335,-0.7458212073640413,0.3363716191559696,3
828,-0.5160208175790655,0.20008180932557906,-0.8959025960303173,0.3506209910580549,3
829,-0.8834121175878216,0.2781125057308542,-1.7488594719563613,0.4741309656376902,3
830,-0.5510076304829727,0.19510801759370622,-0.9423509068415719,0.3674465858229151,3
831,-1.1722256839610916,0.37695632898731957,-1.4744681718557342,0.5168477487829246,3
832,-1.1427961920961682,0.36905954916113526,-1.4073544431027813,0.4747079965013936,3
833,-0.8137947689176857,0.3065735437962457,-1.0393618881925974,0.4374128695194992,3
834,-0.8109973048370165,0.2766103807886522,-0.589938540642108,0.2777326541074442,3
835,-0.8833610830679057,0.2928847168389237,-1.503064007697217,0.4494981545065181,3
836,-0.8111828419366822,0.24843930505228895,-0.8699331154912582,0.3721081466216951,3
837,-0.9720961823346639,0.3165977531646357,-1.0438677680385813,0.386094003647523,3
838,-0.9154846464268425,0.29665270609054273,-1.180461652062002,0.4269243292947521,3
839,-0.8466895670596575,0.25417743681568405,-0.9387592891530112,0.3616689548690636,3
840,-0.6550758348484145,0.24029824899011065,-0.7682054745415221,0.38323125597021523,3
841,-0.6392901377456797,0.2214984791802631,-0.8364337348744866,0.3274301971231679,3
842,-1.2195419941121224,0.3342544406692981,-1.3741669532114265,0.38372922645421403,3
843,-0.7786849012094477,0.22277196262479815,-0.9372176317419607,0.3554708877742,3
844,-0.7030269463057484,0.2205895012599256,-1.0564076650831942,0.38720812525495174,3
845,-0.4650301080271091,0.16707531424773392,-0.7861744514487705,0.3394057639697565,3
846,-0.11182683423177675,0.05024744696669858,-0.22504886255460588,0.14834348424027233,3
847,-0.7662391493359029,0.2694185436234332,-1.253551156306846,0.43672099380604834,3
848,-1.3991402931597476,0.37586780161956346,-1.4792667333481002,0.435346682521751,3
849,-0.7804934027790895,0.2532963851169432,-1.1905864972987514,0.41014924921398377,3
850,-0.9866941834768546,0.3090855281125491,-1.0671771262054275,0.396760402949479,3
851,-1.027336374439154,0.3269776729688102,-1.7630326141538,0.49715760953624344,3
852,-1.159584152101648,0.32678908732082845,-1.5468145485983684,0.45189475964344084,3
853,-0.9891124327302783,0.341250331746051,-1.4851136586412557,0.4599414342707858,3
854,-0.2655252413609248,0.11379139063523314,-0.6720692342911732,0.3165181543337653,3
855,-1.250432509162712,0.35112011941359045,-1.555342115701547,0.5072519788293137,3
856,-1.1100172271417823,0.332408932166139,-1.3317473900167336,0.42754648983257937,3
857,-1.0053340720689548,0.3160799144799459,-1.4373951896103403,0.496476695734415,3
858,-0.8821041458443037,0.2974754167787177,-1.0804930754241628,0.3933469207577929,3
859,-1.0169678231394053,0.2991402224458314,-0.701786756853316,0.3374110327952097,3
860,-1.131892856152949,0.3203578877661435,-1.9232904998738012,0.48461627710556043,3
861,-1.0288751678278714,0.3574760915429921,-1.0308131473415132,0.40098409281287173,3
862,-1.2347865236715796,0.3748735099235466,-1.3671575821122048,0.48428185630049847,3
863,-0.6062560882159405,0.2554971449869471,-0.4765100793834154,0.2903029438061234,3
864,-0.7182716745538777,0.2845669817606892,-0.6563267177463428,0.303817187120468,3
865,-0.9483654227781226,0.28496578539604045,-1.5187979687065458,0.4648015153096644,3
866,-0.5162274935573912,0.18849090062962937,-0.5648167549961918,0.2866057753170458,3
867,-1.2063397934283047,0.32711531253986537,-1.1732360430732254,0.39032246132243364,3
868,-0.730224879466598,0.23721314246158176,-1.073728490455896,0.37018919967812947,3
869,-1.3884767133900064,0.3432459953805669,-1.4769710748582734,0.4571901559658448,3
870,-1.1820139070717843,0.35752330534723653,-1.6651463424068986,0.512827747391656,3
871,0.0025060799410874246,-0.0012173124808527724,-0.1720409144759678,0.12191526227239202,3
872,-0.7701289857426072,0.2533363509684555,-1.1406903156092691,0.406322471730337,3
873,-1.1782585713178553,0.34016257398916505,-1.1225439070640049,0.3971200858731021,3
874,-1.3499700963396402,0.37884675280574587,-1.3899227786460366,0.4762937803995785,3
875,-0.6164944804103258,0.24457554810318505,-0.7105064716081828,0.3403850302180522,3
876,-1.1991627313446251,0.3497578666770961,-1.3082584013167444,0.4106715182355567,3
877,-1.0491243044840082,0.312698006122042,-1.1262028231224026,0.40014788069316665,3
878,-0.6681064691189857,0.24080202184831434,-1.2053931600005703,0.42672061323738486,3
879,-0.8582977316846132,0.28779010583157016,-0.9786107861641242,0.3982719108371553,3
880,-1.146983678765543,0.3281176840813754,-1.3105788691188665,0.42766347945429084,3
881,-0.8107655163483016,0.3135085910279628,-1.1801760059556259,0.4232098052144877,3
882,-0.8279206000880652,0.2527922463774628,-1.4365353661617613,0.44231180099192835,3
883,-1.3120304953079014,0.3537176120730806,-1.0730392875439367,0.3824926754266974,3
884,-0.3181781800231174,0.12544424570064927,-0.2480665321960258,0.16965975600273564,3
885,-1.1871126432299524,0.33691321725419365,-1.3793134937550673,0.41722286438166367,3
886,-0.920212080207198,0.29228278094693005,-1.2010648582625576,0.41207601499575586,3
887,-0.9356953016060934,0.29709357151367977,-1.5775636252008107,0.46511902630244506,3
888,-0.6065168937309959,0.22442932430274165,-1.0214605720885523,0.41644628550388674,3
889,-0.8476463247833981,0.3267946107827733,-0.7806615882847663,0.36787072530359244,3
890,-1.4831499495623888,0.3986750409684755,-1.301211699032199,0.4324208368826775,3
891,-0.5946607713565126,0.20760549274775397,-0.8913787324173053,0.3315990954204483,3
892,-0.9341392830672062,0.31440729598773043,-1.2016059367630592,0.4283480578195489,3
893,-1.1122056974635517,0.3375822058015425,-1.8516982071300663,0.4786217211112155,3
894,-0.9894803539460391,0.35078761339383624,-1.8879375515962031,0.5140062441524258,3
895,-0.814752027869714,0.2844690103296923,-1.018328867437264,0.3563747182384728,3
896,-0.9859120151178971,0.3064806240431249,-0.8425423167571056,0.3668433398429305,3
897,-0.8441817069720936,0.2821299610619491,-0.8216107691443455,0.37148592333864217,3
898,-1.4368147095395,0.34688721884067775,-1.4735156661581716,0.3789104224329265,3
899,-0.7677501775382747,0.2552199987269149,-0.9041431361027314,0.35369352985070357,3
900,-0.9297706857488088,0.2915901167294812,-1.2648682477740423,0.42987895732682135,3
901,-1.0509732543698287,0.2917131971620146,-1.17944632894738,0.377604939973481,3
902,-0.9974394880172395,0.3227120065015838,-1.4872464332813249,0.5064368365256652,3
903,-1.1381823910770321,0.2939385810035485,-1.953890056985145,0.440421450286956,3
904,-0.6146413387191778,0.20269388761870766,-0.6910025351159927,0.29052768149878505,3
905,-0.7213505976505745,0.22064674462349432,-0.8154523817731045,0.33788964526820886,3
906,-0.8498392853614889,0.2676396454797547,-1.1722232614958865,0.4094349769604738,3
907,-0.9086922910285034,0.29442860649033487,-1.1855610649307597,0.3976942384889074,3
908,-1.2453841633473623,0.3197758918332785,-1.1372142742185984,0.37924864504836964,3
909,-1.0262981797881698,0.3192867269189915,-0.924403324339377,0.4507439787796762,3
910,-0.8806470789760148,0.3050587518445975,-1.2590452733700184,0.4176454992849574,3
911,-0.745858280747095,0.2709926446608576,-0.7038353012910579,0.34835169331919125,3
912,-0.9240067100598204,0.3251501384990765,-1.1675734947110963,0.4163928096915507,3
913,-0.8442577296320135,0.3079364290114892,-1.1504407045908744,0.4228336521323278,3
914,-0.19643212378997665,0.08304554894833271,-0.619620299603914,0.2789196245059957,3
915,-1.0594025567035423,0.3159104800249126,-1.2535041111476926,0.40967329650971784,3
916,-0.8496278664565104,0.295205411529436,-1.2906220181529018,0.42304010047762575,3
917,-1.2342715973453942,0.3584555162912816,-1.575734498559025,0.4782660548469886,3
918,-0.6973977223439598,0.2326787906008887,-0.6335644561353193,0.29009395324261567,3
919,-0.6039387564238905,0.2242416337328489,-0.4940278897817303,0.26452348269606707,3
920,-0.5922660575645171,0.23970024737337736,-0.6230694958683263,0.3014428275075286,3
921,-1.138354972301706,0.36631525453182856,-1.4088758830656105,0.44636589754501965,3
922,-0.6345786623329346,0.22082773314264725,-0.8373419554389703,0.37104626019364917,3
923,-1.0896456261897742,0.34272322196961247,-1.0063149634379156,0.41457004111956597,3
924,-0.7130696370675289,0.2634663357507022,-0.8149630578622362,0.3496032831469944,3
925,-0.9573734596628163,0.2876087092252376,-1.1152647792895616,0.35752890811836857,3
926,-0.46045793774915555,0.1786378450180195,-0.5883702354887441,0.31329632975791266,3
927,-0.40188692996546416,0.17382930802955088,-0.3275621964174882,0.22685291729986223,3
928,-0.9320527570287966,0.2841203729757469,-1.1180048894524044,0.3980395111992465,3
929,-0.655407084515153,0.23366246288379666,-0.6621864251354077,0.31616817772005146,3
930,-0.8003657107148849,0.2669234658553038,-1.1034626476382476,0.3614986505152562,3
931,-0.5635934513124308,0.24769568651495122,-1.0796354606151304,0.4290940680585609,3
932,-0.8656503708133236,0.33986962644398777,-1.4445867956038332,0.5022569303209741,3
933,-0.7833155093314383,0.275163638165528,-0.9234886044601731,0.45312129667184287,3
934,-0.724327650488283,0.24963048094164197,-0.8544802824910249,0.3824460939658699,3
935,-1.3356405471074133,0.35313017666688107,-1.097983742281219,0.36811042472304634,3
936,-0.7503631633491075,0.2773690178322915,-0.6586037734542056,0.32156123149357085,3
937,-0.7952018593416361,0.26545098288745606,-1.2815324989821126,0.457538405989832,3
938,-1.074041048060034,0.332998623684989,-1.209612080087189,0.42507145054422846,3
939,-0.8319259406010782,0.3134324622934481,-1.3477527160431002,0.4690013892435617,3
940,-0.7946820648474802,0.2599406645974732,-0.8355345095783142,0.37821788756069996,3
941,-1.4257923943392483,0.3933687492179945,-1.6614992397741815,0.43031239104373187,3
942,-0.5457939712377908,0.20194203988669435,-0.3698458034354235,0.20170495101107533,3
943,-0.9107059246533056,0.2824390623368803,-0.7043106727374904,0.30715497752323895,3
944,-0.8726075872763288,0.2597279860747599,-0.869287132187551,0.3952710509282219,3
945,-0.4546713397396165,0.18748185382714688,-0.4643390527738618,0.23657100477198523,3
946,-0.5640585974816963,0.19128659746245125,-0.8676156887205084,0.35094572071506436,3
947,-1.155038555716318,0.34567398597028476,-1.2871989599926925,0.4207230659716502,3
948,-1.3623150762681582,0.40360059642526125,-1.495726741402788,0.47109657112302306,3
949,-0.8838096582584449,0.2700182564240581,-1.183103637735675,0.3962508465722602,3
950,-1.0202023807102978,0.29129858867724145,-1.1425937062833162,0.38602939794542257,3
951,-0.775550488147482,0.2605545045083558,-0.7798418270858587,0.34838846648324573,3
952,-1.2173398589044226,0.35400247558771825,-1.3211502601506904,0.4154613884284455,3
953,-0.787520954043218,0.3098188705960113,-1.5057473469821354,0.4924039827257827,3
954,-0.6959595634689673,0.2448465061966384,-1.0543853446977174,0.40239771264487456,3
955,-0.8103384351153409,0.26918660539141015,-1.176969008895388,0.44741483083832956,3
956,-0.6473276284482223,0.24951053886490138,-0.7341942675762445,0.3988980134572905,3
957,-1.1043681640881051,0.37808234179391176,-0.9455711101407556,0.47502098674171067,3
958,-0.5234959122256324,0.17158534656578805,-0.8449323931137851,0.3822804171146833,3
959,-0.2969192150939377,0.12151351814709688,-0.14726825316416048,0.09781621925536088,3
960,-1.2649100409123752,0.3445257265311973,-1.5492752928054765,0.4299995538276955,3
961,-1.2760493369345172,0.34286166423517617,-1.46987721035237,0.4212466363445415,3
962,-0.614883349685944,0.21965623869064776,-0.7321177270380879,0.3137329311116952,3
963,-0.7022760628287772,0.23284284808391487,-1.1019067648133667,0.37003003527694134,3
964,-0.9845990223648995,0.29547753290051704,-1.0932114414553253,0.3748224211519091,3
965,-0.5626471151236117,0.17586007801228298,-1.053974080052742,0.3327488740870803,3
966,-0.4856638720788733,0.1936555533539458,-0.7871825901285108,0.358845875093161,3
967,-0.5449028581874731,0.2034276636206943,-0.5702007838935417,0.30715117500768807,3
968,-0.9867024704041469,0.3109880245602211,-1.0723834829902024,0.4452487726262807,3
969,-1.1399088073506216,0.34410275676862523,-1.403953263428813,0.4556389244749943,3
970,-0.9521013718408349,0.33343210136803125,-1.4558669765198475,0.46432295379866617,3
971,-0.7658875176298481,0.24369055618047564,-0.9726779657428186,0.3807671339874843,3
972,-1.1679254416444738,0.3536915643623185,-1.4837184584271428,0.4350869940074191,3
973,-0.8027808926137396,0.2804166473686862,-0.949332357875275,0.3290248389575602,3
974,-1.0342772906985518,0.32547782335426356,-1.4715303515702922,0.439882239266023,3
975,-0.6232454389538216,0.22346852709060805,-0.8799570893307185,0.34071054270757317,3
976,-0.7800893394128336,0.2805267843645708,-1.2860412621642021,0.44801868291069624,3
977,-0.7281789192636114,0.3212169115010679,-0.7494509850576221,0.37688402945225186,3
978,-0.7374962792052466,0.24164753778439974,-0.7576803014586875,0.33682823450788,3
979,-1.188802206909299,0.3301101736602552,-1.232716526876688,0.43145729740235383,3
980,-1.0885771849880443,0.3099035294006016,-0.8584056925542503,0.33063910546045905,3
981,-0.3839519993623908,0.13618257760108832,-0.6162306216116984,0.3056360322920314,3
982,-0.7250235233305569,0.2521021684227235,-1.01396647123748,0.37364069681436696,3
983,-1.0803042593879035,0.32188836770884277,-1.1406511181254801,0.3999972517664814,3
984,-0.21157079103954768,0.0912853537502335,-0.31427063370028874,0.20064608824725028,3
985,-0.27091235991171736,0.09855802564613592,-0.33852581870902165,0.1831439080798548,3
986,-1.0339567775445433,0.32850642752744186,-1.1855593749216167,0.46857633591556724,3
987,-1.1741314943018426,0.31994077170509905,-1.5114503129496746,0.3952484576735532,3
988,-0.5221985623875269,0.21121189587415257,-0.45075301712664606,0.2739901072248705,3
989,-0.6608286963115106,0.21662368470135762,-0.8184182228821977,0.35773122325451745,3
990,-0.7622610296633643,0.34077896038244915,-0.9977589333780987,0.41782198374844004,3
991,-0.6187910407355632,0.23545411756019008,-0.7250538568430316,0.331909195388031,3
992,-0.7381460808517062,0.24350244008812405,-1.2876127755375022,0.4156194860373208,3
993,-0.5241756279919676,0.2103275324230206,-0.7660583318051917,0.3474422246050036,3
994,-0.634606762013596,0.22001090438950133,-0.7165242231825142,0.3214807903387682,3
995,-0.9645186055229895,0.3241218869091027,-0.8479487941367947,0.34638742501705155,3
996,-0.8821426019014749,0.30908519482794117,-1.2068176213564965,0.4344341463032231,3
997,-0.10169407074609293,0.05624067136664401,0.08797388480007218,-0.06387733136306539,3
998,-0.4129292372839055,0.15068521955899294,-0.8219005903238543,0.37912057980521274,3
999,-0.9098495000071893,0.28503518906176395,-1.2972815270438551,0.4092519741849707,3
0,-1.5370306168211587,0.3987625933274499,-2.1362593860760204,0.5797885554157529,5
1,-2.1746104877576307,0.4927247879369768,-2.420825912686439,0.590039487386552,5
2,-1.716056283277129,0.4464179278498325,-1.7350592051871445,0.5383070582830456,5
3,-1.9448412994400943,0.5047195874896271,-3.060596911953538,0.7285829365117535,5
4,-2.05267711026793,0.47688123657236337,-2.4459269253667646,0.58542706580642,5
5,-1.9080931370702965,0.4594428483513533,-2.4013822963444733,0.5713961947925621,5
6,-1.7655824471340766,0.4474013067557898,-1.8220854548898633,0.5020708311925339,5
7,-2.1415315794800116,0.5296258624406509,-1.7312034726968992,0.5960510113380895,5
8,-2.436775327742391,0.5306320519510592,-3.7760114571229133,0.722977235174743,5
9,-1.891759448058608,0.4659868775343613,-1.4628021741085642,0.4841286321300763,5
10,-1.6571813439531766,0.44864744746711616,-2.5542610364003773,0.6800114941063973,5
11,-1.7496393603261984,0.4655900722367552,-2.374034071969042,0.6585086018011129,5
12,-1.7648024011576662,0.41966672882399114,-1.594752276155818,0.46761403543095226,5
13,-1.530652301687239,0.3986184347343523,-1.4807616233099048,0.4360242286085825,5
14,-1.4640104358576083,0.3794209352361071,-1.446175849935809,0.42879071465630303,5
15,-1.6263758708207035,0.39918487618150467,-1.1128343404063492,0.357461112335304,5
16,-1.853308358204846,0.4576399644169462,-2.1386821008245094,0.5647873948409213,5
17,-1.554530694462398,0.43539542087170047,-2.4166650948192014,0.6079401538139222,5
18,-2.176477096443025,0.541832512155975,-2.4782168191450307,0.5928439181775663,5
19,-1.7374478464199499,0.5001639541097561,-1.660101611095124,0.6262501809123486,5
20,-2.1293904593026483,0.5306314442104181,-2.4101438336241205,0.6688563548944475,5
21,-2.260006868249186,0.5725294702704655,-1.9242318542075236,0.6550425243160773,5
22,-1.3202213632937054,0.34994252299471607,-1.8072371172630564,0.42295609267772627,5
23,-2.073520108209016,0.4595370786104275,-2.362082887781122,0.6102017254487466,5
24,-1.628724886448452,0.4427352817404757,-1.8936821187004425,0.5718583595349492,5
25,-1.5715670417691117,0.410597467639213,-1.818343915158752,0.4767335413729057,5
26,-1.64351580183346,0.4225348788502905,-1.4356757914804796,0.48233049335013123,5
27,-1.8719842823384782,0.4341662969614981,-1.3561442645035438,0.4513583772042883,5
28,-1.7780966263385225,0.4372447655821078,-2.8703145339834792,0.6977293420799391,5
29,-2.3415692912724793,0.5754921112000944,-1.8572590116114012,0.6097612326550257,5
30,-1.6972597444985675,0.45490983255732165,-1.7161907953361342,0.5969945949962463,5
31,-2.5708773366146023,0.5594877872079849,-2.37658152660347,0.6758309290526656,5
32,-1.7271046179208778,0.4908431584167403,-1.66460082297289,0.6088100138085177,5
33,-1.8189366743576363,0.42734617066946334,-1.6372088791160164,0.4623749853683823,5
34,-1.9068682790478202,0.46652831608367595,-1.6432756220484468,0.600632330474868,5
35,-1.1046908920542826,0.3522251934171402,-1.13422861093517,0.43452963068721495,5
36,-1.8750569530595742,0.4756211171707224,-2.25860847714074,0.588250524345423,5
37,-1.5263350593647624,0.4141558994789626,-1.4662629131505605,0.4664445318841627,5
38,-1.1599726202728817,0.3508123427287747,-1.6287223040228997,0.472169943558265,5
39,-2.1100319194332178,0.4632557025452919,-2.2689879787145903,0.566969396920925,5
40,-1.3989678298396546,0.3840622605229299,-1.9115459622781703,0.5381685572545336,5
41,-1.7055403604685855,0.4614999462474052,-1.9004937060236298,0.5682517292540783,5
42,-1.806792750126493,0.4008592463455407,-1.8538780316171692,0.4321365553588139,5
43,-1.8260205364421256,0.46904332075132216,-1.5102927854724235,0.5106294940165943,5
44,-2.0178318426136155,0.5346640367956987,-1.4930229401461395,0.5255098232628199,5
45,-1.5544727603247646,0.39732134379078643,-1.9083081250686262,0.5038493133057174,5
46,-2.187314590060973,0.49193398779658937,-1.4918278920970758,0.4741713204986425,5
47,-1.6071649030020816,0.38424964195827715,-2.622245562963648,0.642187846916582,5
48,-1.651570664800781,0.41513752422380723,-2.3476887537401003,0.5938117061720922,5
49,-1.5866116238815624,0.40216084846750777,-1.4252657230248895,0.45849204682108147,5
50,-0.9382543150041291,0.27303847113793245,-1.2051643656871092,0.3949397020165031,5
51,-2.2000723362960484,0.5014136349654074,-2.417831642994744,0.6637390743351477,5
52,-2.2002708931027657,0.48617506777875197,-3.4867101069662523,0.7457809008901954,5
53,-1.9215680453548258,0.49203614839136545,-2.4725254078884955,0.6913177826171888,5
54,-1.6483854570485938,0.45010358413077123,-1.8243242652679652,0.542839647139451,5
55,-1.867621426237858,0.45087166290127734,-1.7350309912246873,0.5984489715933603,5
56,-2.152442764387124,0.4917990350337561,-2.3864104878335595,0.5639477639182804,5
57,-1.367800583678075,0.40289486948099684,-1.5721069758338837,0.4757082994995365,5
58,-1.338033040333043,0.35404083972769196,-1.3330605426572082,0.4098085277609691,5
59,-2.1578137224369236,0.5153977279116297,-2.0532380343866317,0.6136164778801549,5
60,-2.217616122560992,0.5116957232629054,-2.5092196410945773,0.5807096905919178,5
61,-1.9074623132772612,0.46366059526980286,-1.9748070968842373,0.5361473706041917,5
62,-1.7627579168537126,0.43413357749920956,-2.5566088620449854,0.6247371235781521,5
63,-2.394924572959437,0.4931407416287845,-1.5737924020048886,0.4397029655537301,5
64,-1.523616182667637,0.42340994872572335,-1.780453029721242,0.5908729788515938,5
65,-2.284046729301777,0.5247652418586507,-2.6114108636542803,0.623857975580614,5
66,-1.8274244111014886,0.46992687021226076,-1.9903460736319756,0.5620323002869105,5
67,-2.32106047043563,0.5652475887216781,-2.0572241320284137,0.6239905633596952,5
68,-1.9573495112264063,0.4890579152308865,-2.0435640712129004,0.6480304538453296,5
69,-1.8078385145434641,0.41067615905481136,-2.0543553272558865,0.6378715885386166,5
70,-1.5643607919428115,0.41784906171467484,-1.8835221396617357,0.5434843946975252,5
71,-1.5569872526974957,0.38947252992869597,-1.8862788572297648,0.5193557302734145,5
72,-1.6857872479163103,0.5451132945966546,-1.7892495070218466,0.6438069180015524,5
73,-1.8299797124059456,0.4624531871728359,-1.4562157511583156,0.549393123263118,5
74,-2.3405029833492192,0.4803115863288385,-2.0750451402474663,0.5073927011129515,5
75,-1.2518940202428017,0.36252344591618035,-1.6590397076046661,0.5871537003841206,5
76,-2.2420034050812365,0.5206535041593343,-1.7963662452686104,0.5735929369498517,5
77,-2.1432794062162706,0.5051935087623299,-2.3518443628484347,0.66495823167725,5
78,-2.491029579402251,0.5794880251578495,-2.266754589179553,0.6299087477510765,5
79,-1.5260405361199698,0.4095994573208662,-1.6983567496489143,0.5342918903208781,5
80,-1.9059973532205778,0.46486271293053927,-1.3378056547676738,0.4466767173196011,5
81,-1.762662946279191,0.47559818381886465,-1.9336170377747908,0.6267876764783857,5
82,-1.2791231612466252,0.34850896210479054,-1.3581347009952927,0.4647384346271505,5
83,-1.9698719305682584,0.4718644123863015,-2.5291303160310807,0.6069459378465181,5
84,-1.1440943659315912,0.34177231034205535,-1.4402599125116147,0.4828768759134642,5
85,-1.9814671695334773,0.4294356040295255,-1.6368150798432932,0.47327599787057884,5
86,-1.1879781619686745,0.37474901136631233,-1.7796849185230343,0.5244842247419577,5
87,-1.7287480411344713,0.5065979288337157,-2.3553669992856694,0.691030188185188,5
88,-1.7806881760955502,0.4397380069689958,-1.2316032747871626,0.43952911859550303,5
89,-2.048231688093632,0.48254129624767905,-1.5517590329311723,0.49448839514332676,5
90,-1.549694082838739,0.44511943717051383,-1.6287407765805029,0.577751629461635,5
91,-2.0856195646958144,0.4612420401904428,-2.079014881693748,0.5358404016840683,5
92,-2.701836071646924,0.5701864363459117,-3.8273069356914537,0.7609823528084478,5
93,-1.5285444131911512,0.41858832565786475,-2.5559952626851397,0.5806840263702745,5
94,-2.2194073779018555,0.5116523508910416,-2.578662035805369,0.5925935463426777,5
95,-1.5263010897208242,0.4089182506606326,-1.575904362944171,0.48061030714900344,5
96,-2.280711309143379,0.5021249403143976,-2.5167371179267315,0.6610830562380813,5
97,-1.7246457329610565,0.44192684461282306,-1.9088509920200112,0.5393800932868996,5
98,-2.375567484889842,0.5247444626512956,-3.096417875037213,0.6920010022999442,5
99,-1.8853611033689224,0.4375004851624167,-1.3748288793795596,0.43308619635081846,5
100,-1.606001091360048,0.42238414871999197,-3.0360120411312153,0.7136616667265944,5
101,-1.5237827951149332,0.4179028864762634,-2.208553889577092,0.5937104367730663,5
102,-1.9611426003835724,0.4837195431398257,-1.907926047668117,0.5311261055536414,5
103,-2.153370149879426,0.5050760488834384,-1.9852553710164562,0.6119637112727846,5
104,-1.7730634225034128,0.44436033314026724,-1.5226700355998788,0.4775570070745975,5
105,-1.842728437461124,0.45492154640581994,-1.72005598893242,0.5158801331546472,5
106,-2.010167607635164,0.49044908252832276,-2.5544083857612803,0.6623562047768676,5
107,-1.7749882104671708,0.43875925205827615,-1.4963424445488465,0.48449764923347216,5
108,-1.34953435190697,0.39462210152316524,-1.6820067467472706,0.593373043968477,5
109,-1.8763313201293763,0.4005182358410082,-1.5595528731016137,0.4049654324820787,5
110,-1.6713700922629346,0.4246404364368609,-2.0738725676676455,0.5057473113263254,5
111,-2.434517922562043,0.5582627482460116,-3.7094314143562475,0.7299489258283116,5
112,-2.3615478745786906,0.5361019443291601,-1.889766118905059,0.5899487989089838,5
113,-2.2808338060949516,0.4954381504464944,-2.5842667889335345,0.5417086029356541,5
114,-1.423817212324602,0.38058612556577465,-1.758004231123183,0.5012330511441141,5
115,-1.725718675642884,0.44777721424923655,-2.005140790245127,0.6060106626018109,5
116,-1.5471880509370948,0.40721710772187103,-1.859504147203541,0.5390775176298819,5
117,-1.071805071363861,0.3225304367030575,-1.411522322009495,0.47043538482636327,5
118,-1.1810287025009507,0.31792786464632505,-1.2354227025611473,0.43526583099745,5
119,-1.9123822657310092,0.46961030751597965,-2.57824248115482,0.5900913313871545,5
120,-1.7278287722128338,0.4054520717193094,-1.1094855323821533,0.35054317260691314,5
121,-1.8683060925757715,0.4760894533529808,-1.6779069772377122,0.5333183298607742,5
122,-1.3005512666105918,0.3639156386175516,-1.3938979919146175,0.44267283118005507,5
123,-1.6104279338726122,0.41589094974175456,-1.3128407134730753,0.46919993808312377,5
124,-1.395863597553845,0.4006695969670062,-1.312909068932912,0.4636801881389704,5
125,-1.2337673269805762,0.32340996064789673,-1.3130102264795562,0.4346475822843977,5
126,-1.7226214375973306,0.40453583845048713,-2.4722818297301736,0.5214677314407238,5
127,-2.0205437223194145,0.4812239742559403,-2.4833819594652486,0.6070775793956364,5
128,-1.5950755628800706,0.4306023597634846,-1.4736386345395274,0.4410306569755037,5
129,-2.126815975565324,0.4934130483930914,-2.253456732888316,0.5968036493191526,5
130,-1.8820979162028717,0.44731175070696305,-2.735547959807091,0.6199713112811405,5
131,-2.1887181179141826,0.5174689654440257,-2.151991587151197,0.5744431710453561,5
132,-0.9815876463653819,0.30409335684176386,-1.7285646481450991,0.4721392112719305,5
133,-1.5901218679931355,0.39542929298313123,-2.2021026220851314,0.5165567075792916,5
134,-1.5204085684052018,0.4158657918281805,-1.34282433109229,0.43053460182850156,5
135,-1.5385594257091024,0.4106196321640587,-1.7007077973877451,0.5010102576339248,5
136,-1.2070450464285565,0.31927524870791113,-1.0467541775708822,0.39141113566658703,5
137,-1.7135701263193814,0.4208194930642096,-1.820662841442356,0.48963457376256025,5
138,-2.0499091085450223,0.4791219698959568,-2.4330421710690002,0.634526347217492,5
139,-2.1145103474582387,0.49931157358434186,-2.7658622941952196,0.6073276714279272,5
140,-1.9860927351170687,0.47541268449257246,-1.8157323966509276,0.5508092991331108,5
141,-1.3584495979034146,0.33892091708915184,-1.7953135568225385,0.4360523974089965,5
142,-1.9336722156043855,0.42194056062798435,-1.5720661343921898,0.40993180267207907,5
143,-1.7970389914293716,0.4339730565783383,-1.7487570947168232,0.48447893512531215,5
144,-2.3259894609286693,0.5286108409475129,-3.523962363234898,0.7105112764500168,5
145,-2.152965743603404,0.5030574274738544,-1.6202967006329159,0.5350952493274542,5
146,-1.7009471237372247,0.4268599564756572,-1.9702345317123675,0.5334093129381661,5
147,-1.7391051463873435,0.4352469352924132,-1.7914134846935166,0.5554390305989856,5
148,-1.3903005709739298,0.3348421493124474,-1.4751279280887881,0.390045207818403,5
149,-1.5608703659473933,0.4186526133122619,-1.2514575042087515,0.4267978878269447,5
150,-1.8279162080373137,0.4381822013221358,-1.5823130746520495,0.4295206380078309,5
151,-1.7588322321437286,0.403736704095353,-2.0252659356249696,0.5060586194544654,5
152,-2.1532170397896073,0.497703093468319,-2.155294449978921,0.5149220381719228,5
153,-2.0917698161548977,0.5136741221398413,-1.6962102311491318,0.534309432002793,5
154,-1.4843301475668311,0.3940094546942884,-1.4024667017279955,0.49032098295327475,5
155,-2.2921622961472665,0.5295110993179467,-1.9944518519663523,0.5883075670638789,5
156,-2.213736999681074,0.5350836503651091,-2.5056360995035662,0.6925342856046857,5
157,-1.9571515677083782,0.4681445981913679,-2.9191071500778554,0.6684035080393529,5
158,-1.219924792331005,0.3593942469036676,-1.46049293436449,0.482190996478994,5
159,-1.3957405487223546,0.3819593421324411,-1.6706424229712533,0.49776660548486007,5
160,-1.6121958281473532,0.42171814472161706,-1.6293631826964081,0.528594745411977,5
161,-2.389470100325225,0.5206087030242708,-2.3447673866808016,0.6053705269765937,5
162,-0.9043535180509115,0.2850433815552127,-1.2815358964315093,0.4443694759341542,5
163,-2.582957709218041,0.5711960320655092,-2.8510564622087022,0.7197836070520383,5
164,-1.7031063926285537,0.48935668396590204,-2.253573615376437,0.6292857153913011,5
165,-1.3290214996571788,0.35329971362770207,-1.1985836936769754,0.43710767841752995,5
166,-1.385469786143823,0.3567807432325979,-1.4648421021989129,0.4777274018461479,5
167,-1.5668370936343001,0.444651697493341,-2.349557019296119,0.6286651805735415,5
168,-1.378024871461848,0.3671018427840983,-1.5206813996860924,0.39694949270060853,5
169,-1.9553468667157423,0.43391115974713124,-1.80977829005831,0.4623489261399911,5
170,-1.4862059901359217,0.38589911847488145,-1.2767875715133952,0.4835236206130028,5
171,-1.981190670794383,0.4928427756250998,-2.4637704087435823,0.6635403853216076,5
172,-1.9769959488115583,0.4612716672421717,-2.7368868986053325,0.6137677562699104,5
173,-1.73534585743284,0.4429279672340021,-1.5626760851692936,0.5297470093281771,5
174,-1.825817329278508,0.4961758930879866,-2.1750884656082983,0.6446542804907172,5
175,-2.770421586327185,0.6053752889772122,-4.388975322607269,0.7722784783768196,5
176,-2.086857280419562,0.47877805756788405,-2.262628105547468,0.5690222103384803,5
177,-1.7364178628483269,0.4195798092677293,-2.01464119091495,0.4624504261879536,5
178,-1.5547362668408597,0.3829264923869241,-1.7659691826881163,0.41850192842121703,5
179,-1.8938474207266764,0.49100897592478254,-1.6917039388458301,0.5916506771570325,5
180,-1.8134671218329501,0.47543377773286577,-1.64002652765806,0.5781770033710568,5
181,-1.94550349286005,0.488711079525743,-1.5468834467437405,0.5249436365832574,5
182,-2.026627035223229,0.46284451552245554,-2.324462788958143,0.5273187684113553,5
183,-1.906447717830495,0.44230775959989266,-1.440385212970462,0.5277287588181075,5
184,-1.8845575120104154,0.4266861690409621,-1.965083653518915,0.48681948279759757,5
185,-1.9506002122526338,0.4612071086294244,-2.0259825687348045,0.5597763547036134,5
186,-1.6427471987378177,0.4550377621706436,-2.0499044176699117,0.6414393976412411,5
187,-1.7631181418905681,0.410262122666871,-1.9931247849278533,0.5133993879446545,5
188,-1.7117814031869347,0.41732981456346396,-2.073039138349722,0.47417310649796873,5
189,-1.681953064777491,0.43655156129891404,-1.4570779632548376,0.5060588730241176,5
190,-2.1679028036552075,0.48217625359726624,-2.23030274609715,0.5895502141692335,5
191,-1.4462934039364126,0.4153295836915636,-1.675897892600871,0.5560055928782605,5
192,-1.4945221371643695,0.4149345574954597,-2.0658394089073275,0.6012184932483458,5
193,-1.7013559844720656,0.4230925571091071,-2.1117586094273104,0.5043360877048761,5
194,-1.566879747910194,0.41157286547800565,-2.9843554951722346,0.6648332165726207,5
195,-2.2223939142624,0.5423918807545822,-2.5922953100418735,0.6040365943936807,5
196,-1.1599984138227393,0.39415482542959346,-1.3413893085984159,0.5371070732616532,5
197,-1.9276328721730391,0.45991672310355103,-3.3179116413636205,0.6899542684952102,5
198,-1.8831709152384875,0.4091092628488635,-2.2205105848031987,0.511894410048626,5
199,-1.4459963270392544,0.3807113538150253,-1.76144344635982,0.46083227367099655,5
200,-1.7993173097242292,0.4404893697564035,-1.6416027822027217,0.5026731369636903,5
201,-1.6123453802931134,0.36377341476561176,-1.3414951639294777,0.3855494536837947,5
202,-2.07461326559688,0.49350322613479847,-2.2874914141024894,0.5868515310076077,5
203,-1.1572192373894112,0.35477568884737,-1.3147826677542913,0.4897749214768712,5
204,-1.721239234947281,0.4203143342843588,-1.7645251740225212,0.4612032277048663,5
205,-2.8186930460010844,0.583669500365336,-2.933588667015824,0.7063801729272285,5
206,-1.7131921421032332,0.5013810413966692,-2.27471344344213,0.6949560985442105,5
207,-1.5935845785860616,0.381653343264154,-2.1933328606343903,0.5200564038864761,5
208,-2.2150954041326143,0.5358859876584641,-2.4647767026481313,0.5927265924178877,5
209,-1.7761196837436435,0.46926686446308896,-1.8345054026998977,0.551054385246874,5
210,-2.3667578401792686,0.5807885437939555,-2.696062265232409,0.696153428776797,5
211,-1.804394397422234,0.43970361811831615,-2.577422926279005,0.5876090954952529,5
212,-2.0401026812082494,0.47426331050918646,-1.4933034590518979,0.5245729654331999,5
213,-1.9042556523760867,0.4956571388072085,-2.365475446593342,0.5872373407925917,5
214,-1.7841443340523404,0.45580627202187096,-1.8873339751536053,0.5095782338089289,5
215,-0.8767422052742044,0.2716767809367353,-1.3075002919992766,0.44955168887245434,5
216,-2.487176538681946,0.6056282813791902,-2.5832076616925215,0.68336279438228,5
217,-1.7877945464712315,0.4747204433217306,-2.7867679058437558,0.6924733471536544,5
218,-1.980171436151925,0.4984989096520662,-2.108849213098285,0.592147172122403,5
219,-1.8088356093262994,0.42161723331110457,-1.5856992985515688,0.5575217111576687,5
220,-1.6290985574762742,0.4541923989292599,-1.8657337984095914,0.5868601630336999,5
221,-1.5181097387720772,0.42297750067231443,-2.0791945280283617,0.6161766749652626,5
222,-1.8757620840281706,0.41717865230944673,-2.2016166336163088,0.47097474280172125,5
223,-1.368310314339861,0.37612256502231434,-1.7038327758539784,0.5292345692061742,5
224,-1.2348213763187528,0.33168505569938633,-1.569567491517783,0.4041944095061647,5
225,-1.6811466834834752,0.40639849029640995,-1.4573164008492994,0.4492911371018803,5
226,-2.2896157952375074,0.47795914681183194,-2.3484250237267745,0.5913187274031431,5
227,-1.2135223176719911,0.3750712243037836,-1.468597355469693,0.5350069870691854,5
228,-1.2858870172261678,0.3522490899599503,-1.4447953125996111,0.44220870283663904,5
229,-1.597802111032291,0.4200721891453141,-2.2645988230242864,0.5620746554134857,5
230,-1.5694780405606836,0.45749516815860536,-1.7218507711867514,0.623466683262664,5
231,-1.4397227569466708,0.3809746503834276,-1.3325868260460294,0.44502514023813255,5
232,-1.2799173014071852,0.38202943773633213,-1.427769250418745,0.5093971110207448,5
233,-1.2680938030940845,0.358799634811644,-1.5566721990124903,0.5211713818939262,5
234,-0.9947496870605894,0.2768984085419417,-1.2474214542933766,0.40508820548167257,5
235,-2.003998280143543,0.4984889854485124,-1.878444598106424,0.6286997284479373,5
236,-1.737946339603583,0.41595915729127975,-1.7537626872844392,0.4537801030207703,5
237,-1.3652644008114747,0.40943649675555605,-1.798348482352013,0.541762249961039,5
238,-1.2130441038331532,0.35624674200013595,-1.2956502884564476,0.4730748781797883,5
239,-1.9892826795895366,0.505738986467955,-2.196874916436922,0.6424893645187908,5
240,-2.0450911948066754,0.4724229071659469,-2.0252596506519325,0.5144704051083061,5
241,-2.052397283831779,0.4869883310029839,-2.8133515414876706,0.595042128907679,5
242,-2.188771664323124,0.4967276747940228,-2.38693153053723,0.607973109192405,5
243,-1.4356572201280553,0.38538855211742185,-1.3847292902435149,0.5054417233161524,5
244,-1.6652855295424551,0.42506084063538085,-1.8563169818978789,0.5270616121258038,5
245,-2.3205904767183645,0.4649191453644621,-2.3676280218225783,0.5424267680890404,5
246,-2.3978620116496394,0.5386340154317608,-2.83302637194566,0.7032623198060737,5
247,-1.3372774809009074,0.3992280626593482,-1.313146135586034,0.47609713415047905,5
248,-1.8700181828502198,0.4773189403312387,-1.814837892164781,0.5110176874363659,5
249,-1.7014475809073706,0.4494724584738641,-1.5620967940428854,0.48092060250136603,5
250,-1.4105726333254482,0.39889016671925537,-1.9089495410994357,0.5390611294339338,5
251,-2.2162970868986913,0.5186384975602241,-2.0350835390537605,0.5851952759317461,5
252,-1.9562921716913322,0.49444251705490516,-1.7628080795527221,0.5848143110541137,5
253,-1.7312337748488416,0.4551846024825926,-1.430563148296212,0.4690752722742292,5
254,-2.097699875272097,0.5221922305717595,-2.417566081530957,0.6737971187588189,5
255,-1.7665632601766488,0.3912416305480624,-1.2590720999849274,0.4173236434252622,5
256,-1.3930232886306573,0.41273911225225335,-1.3232804337826258,0.48740689657615055,5
257,-2.252788967140572,0.5561206649068232,-2.35242028177198,0.655760487176517,5
258,-1.6397698617059455,0.4244581044994771,-1.4146658230513864,0.4746299522356551,5
259,-1.904423783510505,0.4831930845907776,-1.5049306606996804,0.5849151183371637,5
260,-1.194235966617072,0.3584183491034222,-1.5442878594582248,0.5468550616930798,5
261,-2.0227077883244386,0.4752802257763681,-1.7602057683603367,0.605313709953981,5
262,-1.6678889138202087,0.4664195488361226,-1.817040122771172,0.5531104809991478,5
263,-1.9641707714711212,0.5001098514815552,-2.4003313970001665,0.5874978880234482,5
264,-1.9231745879108622,0.4804879318877342,-1.7675555177276694,0.6067715202712354,5
265,-1.6252199395744165,0.4121710761388123,-1.2609749619300212,0.503507081383444,5
266,-1.3778441039238185,0.40061169558667886,-2.209167762936185,0.59147098527404,5
267,-1.6866386991310098,0.47499728112515516,-1.6416204264451537,0.5955822301275815,5
268,-2.566877064032934,0.5486590986860327,-2.6008957905345764,0.5982211598189904,5
269,-1.524400519738438,0.38937337396841876,-1.4570682425563786,0.5006226186513936,5
270,-1.619180116488295,0.42607278104120305,-1.7636655547859847,0.5125370723709531,5
271,-1.954313657539311,0.48207928009506573,-1.7506552853881996,0.552022469374227,5
272,-1.6261696209961118,0.4147862570063603,-2.0316636196082865,0.5154547685471358,5
273,-0.9326683843874224,0.27786930912743124,-1.038077449432697,0.40888889120346694,5
274,-1.542029933524745,0.4051952018300261,-1.783773342946403,0.49068485751305424,5
275,-2.001513139396846,0.4388241221167163,-1.3497663755759763,0.37349993352545574,5
276,-1.7397625921089197,0.46929495295837886,-1.5494396688457273,0.5272257009451911,5
277,-1.6549582864151953,0.4162987519975281,-1.3655615494107225,0.5001945806355899,5
278,-1.884812959433345,0.5109052559367823,-1.6903734050763028,0.6089475761730502,5
279,-1.8925967347936363,0.4968233376743544,-2.098680674273929,0.5968736899403704,5
280,-2.2776592542645706,0.51097535063722,-2.2037221727698704,0.5903373390617876,5
281,-1.654395047364138,0.38817951280191276,-1.4064334231087012,0.4118322580104046,5
282,-1.9561756293453807,0.47134832781228275,-1.4635689118414945,0.4912463503051462,5
283,-1.2564088971265441,0.32447959249698843,-1.165332301412994,0.3497669462424077,5
284,-1.226983139638943,0.3949464818450631,-1.6263616453294194,0.5118930532786132,5
285,-1.097610921952831,0.3306753630903745,-1.171693167860146,0.43598410260143405,5
286,-2.1056918434614667,0.44381071035683395,-1.857280126729504,0.44536380435016465,5
287,-1.834844685749032,0.48926513955584816,-1.4751655629965614,0.5126069338668,5
288,-1.7696632945589288,0.4422988331853138,-2.33307186589826,0.5664400142532006,5
289,-1.8430748152581682,0.4384099913570382,-1.5219575772094214,0.44492724071337575,5
290,-2.053324478611255,0.5160514468864954,-3.0872843661078706,0.6964093314455988,5
291,-1.17455893635411,0.3695197392076852,-1.5535623256774669,0.5088238921222802,5
292,-2.313507570502734,0.4851494724311942,-2.437066718885423,0.598721625911078,5
293,-1.5789297109420972,0.4032897103685146,-1.3522385587798589,0.44831470413037355,5
294,-2.0950875121151324,0.5133207168591444,-2.404134791054925,0.5848033850088736,5
295,-1.0547828220489155,0.28644042531116887,-1.3084735587597862,0.39126029133011486,5
296,-1.8533824018746614,0.43709668125687107,-1.9030358612598461,0.45467610440351647,5
297,-2.557442424899608,0.527887419020869,-2.26671536423307,0.5694241700055109,5
298,-1.2301449991452138,0.3849492189245187,-1.6061482679912849,0.5502545222328534,5
299,-1.1638723870458056,0.3222162704303575,-1.634744185605532,0.48259210021417853,5
300,-2.28423737441447,0.5006783210495565,-3.642278885191164,0.7405674613161339,5
301,-1.751740926868008,0.4507842292682913,-1.650869156070546,0.5191887936409176,5
302,-2.1659997851861497,0.5104670657198016,-1.7935894312313778,0.5595867260531197,5
303,-1.4993328954225147,0.4048517098044845,-1.4313488935475283,0.41990898720001435,5
304,-2.108028665005345,0.5249150073369958,-2.8582331647577472,0.703330017362521,5
305,-2.101175598448124,0.5206238721465422,-2.496193254603905,0.5972978543176342,5
306,-1.911304637937857,0.4778528432861945,-1.4371865882372585,0.5120152810641848,5
307,-1.500901374989597,0.459976797032712,-1.4638892618709425,0.52544401190535,5
308,-1.6401870209065676,0.4855948700355235,-1.5649016700953662,0.553753264279355,5
309,-1.22277843322443,0.37458969669144515,-1.3734297724960671,0.5208038805273094,5
310,-2.0289285870278486,0.5560500093389124,-2.3397988965185985,0.6930536503658299,5
311,-1.753894103494134,0.42435716306295157,-1.478543466272267,0.4309837659192155,5
312,-1.1353062616131515,0.32320339537717513,-1.3797687151648597,0.49055281690504526,5
313,-1.2814248817231073,0.4174885310137203,-1.6236757502705959,0.5913412423484499,5
314,-1.8056788888030362,0.49358138875549773,-2.2620970359745876,0.5919846724964067,5
315,-2.54980000892229,0.541035065170453,-3.556905934453889,0.7491788761928266,5
316,-2.1598784562728777,0.4487489706582092,-2.756821022548773,0.538016301878457,5
317,-1.620208698642783,0.4379158605011615,-1.572255418983492,0.495033134086147,5
318,-1.546816444338539,0.42013028085474347,-2.3609190891951286,0.6459853751046385,5
319,-1.8383861055774662,0.4545790329873569,-2.429723355276756,0.6569724020455219,5
320,-1.6894942968232236,0.41813377605004876,-1.474225604065418,0.4716761737749906,5
321,-2.1500036527726367,0.5284146553846887,-2.1856047243271064,0.6058771208688986,5
322,-1.835669915668547,0.5052013084394449,-2.1681612422072627,0.5968958616841458,5
323,-2.244908143707271,0.5188676910918215,-3.1263290877843364,0.7086037775647449,5
324,-1.088153798189785,0.29100470146262014,-1.428908374053449,0.38978268006014816,5
325,-1.4867248965575142,0.4111099558529935,-1.6623819083154365,0.5324235394371168,5
326,-2.330670613103235,0.5294622571860154,-2.333907354255742,0.6632843871484362,5
327,-1.5829802693036177,0.4485379524049077,-1.864693728141708,0.6263522157651795,5
328,-1.6127850371265984,0.40712029005680817,-1.9625192385578707,0.5010827598491793,5
329,-1.8346378145268298,0.46671162528417154,-1.6536311019362087,0.5444539570697715,5
330,-1.8588102780934879,0.4467596861204325,-2.621306239624241,0.5891971887805768,5
331,-1.6917046328776815,0.4107692461324969,-1.5497091546738668,0.46789577163073093,5
332,-1.883144519438934,0.5328413356545552,-2.212232254709865,0.6565154732632963,5
333,-1.6795347184473943,0.41885248886641036,-1.7116759411692137,0.46405870648270664,5
334,-1.9129515002439965,0.45669661107281867,-2.101574129984998,0.5197388468572471,5
335,-1.5662771651076826,0.38296575293651736,-1.8036939161810208,0.4850243361020352,5
336,-1.5511737414663345,0.4012960689507402,-1.5935410441858668,0.5318364928379442,5
337,-2.1188909767100412,0.5487202058728863,-1.7588703765890445,0.6209803342403548,5
338,-1.957888205469406,0.4479025113771262,-1.9384046092736094,0.5495641375590676,5
339,-2.058103179426554,0.48881866466349677,-2.2170775686082855,0.5647385828393758,5
340,-1.6439343135279216,0.4572734098221456,-2.173881356904611,0.6163611329500992,5
341,-1.9892445973335122,0.4316892516706814,-1.5692073563811113,0.4048050121777448,5
342,-2.846729558575094,0.5934956750394292,-4.048253204431177,0.7745390608075265,5
343,-1.3563452984662332,0.3813759526604136,-1.2960509359989294,0.43150317179733577,5
344,-2.2940530343676415,0.523576752259344,-2.401377525095713,0.5778673459119701,5
345,-1.66296825322245,0.4302825733423091,-2.717182633230438,0.6630249806098395,5
346,-2.044141755335019,0.48357889290208,-1.3831069871019448,0.47016232729207186,5
347,-1.9139985206062136,0.4271595876543989,-2.343691753908142,0.539817353335174,5
348,-1.9144998800285675,0.5266713104086813,-1.7940289801233043,0.56512425238018,5
349,-1.9241937032758258,0.4799605405015027,-1.636067186377564,0.5213272448605677,5
350,-1.4449349358231833,0.3793646913796256,-1.5358064440274903,0.44430455640948296,5
351,-1.8590877923152993,0.43170036110995136,-1.3314343677824363,0.4360739916008084,5
352,-1.7509274888028945,0.4610631586673538,-1.5335566454649607,0.497457461765931,5
353,-1.6476083542897721,0.4339760587722198,-1.3184678376861887,0.47282249898621564,5
354,-1.7388466239573606,0.3957684885493684,-0.9077937428076859,0.2947176424741379,5
355,-1.7599558036153442,0.412363680018068,-1.8385707495394148,0.4703344813615191,5
356,-2.2388740229725297,0.5713311209678418,-3.1960484726852894,0.7403749848555312,5
357,-1.7323350626827276,0.4702693796684695,-1.875342062773278,0.6677982116773727,5
358,-1.5870249200279503,0.4241619358284111,-1.374374280525638,0.47407979591403115,5
359,-2.2252451684505683,0.5016162547677327,-1.9101487096634586,0.5156438294437811,5
360,-1.7460581255387058,0.4520825740239286,-2.02157089093913,0.5839454306739262,5
361,-1.9792716288887702,0.46022004510185655,-1.6818911355955501,0.4502129724099202,5
362,-2.682239864534628,0.6175998515943885,-2.6899417119991664,0.691822787086779,5
363,-1.9645240432724154,0.48221957916523517,-1.780035912534644,0.6194028169772576,5
364,-2.1566259090293927,0.500906161904336,-1.8219880075840378,0.522793462362767,5
365,-1.6165972334777639,0.41578696886852984,-1.4380596033764286,0.4190360489470759,5
366,-1.0362125976739933,0.3170572582621136,-1.1428686077429575,0.4092794019021566,5
367,-1.8321376886322112,0.44037419082848295,-1.5622027934545952,0.4884406006742592,5
368,-1.580209463503738,0.44082538622559164,-1.7855328641534467,0.5450643676812563,5
369,-1.5624402248608833,0.40896888050631675,-1.188809434441031,0.4067424363618021,5
370,-2.04845426572181,0.5462869751438069,-2.855588498495438,0.7155258829351259,5
371,-1.7031673326743215,0.4451496892807436,-1.369842368620649,0.4814688692279002,5
372,-1.277138608913019,0.3489631095907396,-1.278467753568999,0.39838045371050035,5
373,-1.530493930302336,0.417084107826418,-1.5419915221910239,0.5132967731553131,5
374,-1.9470442718331495,0.49449633567987117,-2.561359563927226,0.620128475277181,5
375,-0.8598258567015757,0.28178005930745853,-1.6773633058052635,0.607833576063767,5
376,-1.733452304249543,0.44209752758886345,-2.0166886455813877,0.5771872373390808,5
377,-1.4936369575651276,0.4073377910997571,-1.5010030450092224,0.4962480799657928,5
378,-1.5841349895057029,0.42190380970796015,-1.6609548214688916,0.5689360614208694,5
379,-1.3959602950610566,0.4261089464607847,-1.9845903320813592,0.610709499944374,5
380,-1.7055982192920696,0.457033069471507,-2.277189924365059,0.6752158917652726,5
381,-2.0079028091769797,0.447319612502482,-1.4360704603102967,0.4317252226018278,5
382,-1.7246566342832486,0.43997514958413153,-1.870424267640448,0.5214300180388772,5
383,-1.566302201529282,0.4479411686282143,-2.2919805058360505,0.5903170412567651,5
384,-1.7673006175362227,0.4233488444470932,-1.7206843255488296,0.4480237334570065,5
385,-1.7120059850810523,0.43971428462651674,-1.345685114552282,0.4337310215489669,5
386,-2.1413898480751707,0.5044630412028499,-1.9632513717235989,0.6200226795134364,5
387,-1.6627318280225314,0.4117436198077543,-1.7702693766208277,0.4101951611275618,5
388,-1.8071314725463639,0.42442606486530277,-1.699942458627372,0.4722422553941794,5
389,-1.3700254889162728,0.3865812431741883,-1.9938634204908392,0.5753970578601922,5
390,-1.9797651133361458,0.5049316204568086,-1.5962593452111045,0.530769193682171,5
391,-2.1102639017805553,0.45885652183663117,-1.6494005782033399,0.5291173279055681,5
392,-1.496367776032569,0.4173414246572288,-1.4950679665361617,0.4563333899596729,5
393,-1.7470784404824804,0.4886104365003642,-2.2295447883380226,0.6559709055705354,5
394,-1.4436791851351627,0.3941814074182648,-1.3133947337093264,0.42847613043173205,5
395,-2.3318284449490307,0.4553336705623322,-2.823575717416431,0.5334086327905156,5
396,-1.3317052321246967,0.3383492822532649,-1.311363776809566,0.382880634489141,5
397,-1.6428106863196295,0.3866452459512897,-1.633538980705059,0.4057618828537384,5
398,-2.1335536880943096,0.5201007393852619,-1.8033047420390271,0.5795105258861972,5
399,-1.5285908461795876,0.40110315839275534,-1.8854094445922134,0.5546537317778346,5
400,-1.327604873192195,0.3957326475860541,-1.4356678845365007,0.4718794913495773,5
401,-1.500955909930814,0.42691000911521026,-2.597667327685579,0.6937406489991049,5
402,-1.7895910510512754,0.43818514987254487,-1.6865392937065968,0.5902666625659756,5
403,-1.896599921487093,0.5060915646516693,-1.7870243222214033,0.5987803404101828,5
404,-2.1128877831734503,0.5216566124393495,-3.2265840318944976,0.72545889268991,5
405,-1.8847449608465392,0.4498333474443045,-2.1955110507014775,0.5667895900286317,5
406,-1.6553552694127198,0.4102237255697285,-2.018813194955369,0.5427366041891464,5
407,-1.3619527076954046,0.34632300398036486,-1.885000474548522,0.5402173899627609,5
408,-1.436648076134695,0.404730854936423,-1.313111736899665,0.49984641259215723,5
409,-1.9077540108660298,0.5089222329257631,-3.116702631932564,0.7120546504290748,5
410,-1.852335302163438,0.4510584388667028,-2.5195542384696474,0.6782057164725823,5
411,-1.9786288163688384,0.4504941013802285,-2.129914355157263,0.5077230807397974,5
412,-1.8918064093669948,0.4726612995074535,-1.9828272849207114,0.5694247310416825,5
413,-2.1846087487682326,0.6050721948885056,-2.1728393706337963,0.6632236287863262,5
414,-1.9715784390155253,0.5232001868547258,-2.6160403889634574,0.6616017332728001,5
415,-1.3489762085756491,0.36213475729178934,-1.2694052065607002,0.4131023094062839,5
416,-0.9152971086976112,0.2971025950637317,-1.3795013779545222,0.5126962433044704,5
417,-1.290554151380327,0.4087956205643968,-2.1063339303500865,0.6312240719243474,5
418,-1.6125549336873601,0.40745848760657366,-2.6423893905634426,0.654189767339517,5
419,-2.7363192184309586,0.5895660291889215,-2.8329619315257615,0.7239909777419951,5
420,-1.2579136497816892,0.3466684359740184,-1.2117397793512024,0.38909965120739043,5
421,-1.938607004279246,0.4667565856345941,-1.8370356214829058,0.5455745761532615,5
422,-2.0021248238033014,0.462262260456037,-2.499257447076122,0.6838796668259817,5
423,-2.1296493685006217,0.4715977592710978,-2.431227055312975,0.5997232628293541,5
424,-0.8981585519983497,0.3009491224703067,-1.5024117713671648,0.5341735143160002,5
425,-1.4243085210963997,0.40323316830574496,-1.7946049722481465,0.48999010222166584,5
426,-1.8790882499920198,0.45486851627479763,-1.6302148959857072,0.5796329723779445,5
427,-1.6599258876323433,0.45442228523585126,-1.7544569927912663,0.5967522227307747,5
428,-2.3602157055752553,0.5570633493659523,-2.5766013256871414,0.6232258975336047,5
429,-1.684885663175966,0.37849994645544904,-1.7010035581347984,0.413677319271757,5
430,-2.416556047889199,0.5489957526981581,-2.291315246252201,0.5979415381938885,5
431,-1.8779960945495004,0.4934851245371277,-1.5943211414164566,0.5659188895893413,5
432,-1.4485012891141325,0.38480163353873253,-1.2827890395990154,0.41058202186648973,5
433,-1.5494290385866472,0.4105719205214269,-2.2580899373554937,0.6518976022628866,5
434,-1.9284622843000974,0.4448068202473926,-2.502750892091192,0.5320285350308225,5
435,-1.9892734722822496,0.48333258699620285,-1.7283524454008516,0.4965978979787459,5
436,-1.2418379311319199,0.32976388708627213,-1.4549643791367433,0.4107356713154867,5
437,-1.3744642770901798,0.41855159682805754,-1.3012712950234933,0.4671855813664144,5
438,-2.2794572903366332,0.4970055457459891,-1.8070913459330908,0.551508206092871,5
439,-2.128363512968395,0.5233545302113746,-2.492353543983967,0.6009261722936923,5
440,-1.8900843606102757,0.48556795856994217,-1.9504401856363023,0.563068257916602,5
441,-1.8309112213568977,0.4658723325270271,-2.4907917030823743,0.6443103477494923,5
442,-2.3991978956811324,0.5189172666937643,-1.9254151562333834,0.5851301358356737,5
443,-1.9937168139527546,0.44205413407826866,-1.4792532244532337,0.4434845205037734,5
444,-1.9697948797731466,0.4513643766612143,-2.4704599950770207,0.582492235252017,5
445,-1.7108392690648426,0.4725155292447806,-1.6219201613167955,0.5799408968152482,5
446,-1.6383369257534328,0.4277483775150124,-2.4531169608389147,0.6636101335673928,5
447,-1.6088109801607455,0.40502884833585673,-1.4687236347465646,0.49313141770444335,5
448,-1.4995404174925002,0.4220971401051873,-1.620088281618901,0.5818277388516875,5
449,-1.8616686545780166,0.4757495804233939,-1.853563854362436,0.5900136452908575,5
450,-2.8675753312697374,0.5977723082672399,-2.318482254690527,0.6733458969402577,5
451,-1.4293547990995776,0.3710638159647449,-2.7736132258774506,0.6468623910062673,5
452,-1.8593474656861697,0.498125824506654,-2.087982339911087,0.6466894543081239,5
453,-2.0213062471214625,0.49270702113956133,-2.3858220574582774,0.6661373661807206,5
454,-1.784710847503428,0.39927571735429535,-1.258099312304144,0.4142269945362259,5
455,-0.9187199175411669,0.2862604994774637,-1.354687971545567,0.5116209404492671,5
456,-1.9946258349044501,0.4477810978264132,-2.270933535643989,0.5204026094931368,5
457,-1.9509806559833078,0.5092094110199823,-1.7469268517040109,0.4853114988882219,5
458,-1.4592717649661047,0.4257280446846913,-1.7230195149885505,0.47490158540795624,5
459,-2.269118179137685,0.521065846916958,-2.545580630834276,0.7186877132473031,5
460,-1.653727881000552,0.41766628783751103,-1.9086014498973656,0.5158036817034142,5
461,-1.8486890214165226,0.46423063269330367,-2.07280088851962,0.5580491813651515,5
462,-1.5096458452505974,0.3855409280134543,-1.926850685765779,0.5215726307078284,5
463,-1.5054111181339251,0.45770489081341637,-1.7332914713549978,0.5655749258992355,5
464,-1.7035738285688669,0.39494227634831225,-1.8025255840107326,0.48587536012467936,5
465,-2.1176099327044327,0.49295104895654906,-3.046932621268957,0.610989931479952,5
466,-1.905990215041398,0.5133658722391821,-2.3503053675401455,0.656575687420093,5
467,-1.6730902354647923,0.4184231024543985,-1.7116284081627335,0.4499480247539489,5
468,-1.3959612955414933,0.4079244922562514,-1.5070606998902327,0.5526455205632876,5
469,-2.014590700233852,0.49738290695523824,-1.7133541924118791,0.49450318183931286,5
470,-1.5338943224409127,0.40180062254835913,-2.2860262836548153,0.5925882729492855,5
471,-1.916183252785138,0.4314997030844274,-1.8148762172140493,0.46235685283264116,5
472,-1.722935112746975,0.4530178165614793,-1.9744513706296383,0.5477072770784988,5
473,-1.8590216709208596,0.4501645514310241,-1.6188383996309292,0.5167968456144086,5
474,-1.8671791087491436,0.47060095819907566,-1.6177334388689009,0.5143633878567283,5
475,-2.3481967244873663,0.49706457411916083,-2.214481513772801,0.6574468592327363,5
476,-1.8107036158151772,0.4746555415135746,-2.7187270424574184,0.7135169037288615,5
477,-1.5358949891194804,0.4281711518806155,-1.765018755558913,0.510918511933462,5
478,-1.486063265193518,0.4119072958742449,-1.4114880677894563,0.4857889639549906,5
479,-2.0783336294609867,0.5032665841110324,-2.568320511394824,0.5994662158270021,5
480,-1.4628778758318166,0.399231852947338,-1.6925210844124126,0.4807330542416973,5
481,-1.5002151277856224,0.3962105188615016,-1.4004349863079106,0.4544676943043937,5
482,-1.5085626879580851,0.4290502703775354,-1.9349817012610548,0.6276037840523194,5
483,-1.912308281503493,0.49423390564602465,-2.056520585649893,0.5966230593807522,5
484,-1.84481797680955,0.4503475080800988,-2.475660613365582,0.592011992893074,5
485,-1.802374843679524,0.43425157245531876,-1.4097098795411291,0.49271626379761946,5
486,-1.6652870349964517,0.4382561264932614,-1.3950226198994395,0.4523394793719048,5
487,-1.8206818816485901,0.4566593100703208,-1.9737400699937644,0.5304297227357235,5
488,-1.2390582322097083,0.3706661493290486,-1.5792893990861872,0.5840087224626382,5
489,-2.290366414254359,0.5508379932241125,-3.376777655137076,0.7388322683297593,5
490,-1.4245957398372657,0.396431527130541,-1.6753932375541836,0.4802893177995461,5
491,-1.935401002533029,0.46089445386341366,-2.192748381696572,0.5530121089747886,5
492,-1.5501862617198716,0.4228558254383926,-2.383866334726509,0.5640781298589688,5
493,-1.9779352809681552,0.49984920233637753,-2.62206233132303,0.6194089531012688,5
494,-1.2281117221616578,0.33583896687057146,-1.6560371267022804,0.5209760479858796,5
495,-2.1065909532438782,0.4979035258236505,-3.5225078289732084,0.654863847296088,5
496,-1.6906013635266208,0.4414012715042128,-1.38036268073358,0.4792581794088918,5
497,-1.3909173305086324,0.36445325511040527,-1.7003738886265316,0.4615008181591679,5
498,-2.199508974482525,0.4788016563027587,-1.8255633399805473,0.4975551332141003,5
499,-1.224039264210853,0.398600700830797,-1.4103042949089493,0.5361271867800212,5
500,-1.7916387122064914,0.46737987788648183,-2.191513677514018,0.5785691371984074,5
501,-1.5583920440513221,0.41821588445675906,-2.2605422013839522,0.5467996035529433,5
502,-2.0360773643988015,0.4659848035794234,-2.5295583059592484,0.5576646421935669,5
503,-1.768094424070636,0.4664504199799673,-2.336107756664957,0.6737073134035236,5
504,-2.5013578420916844,0.5695015452820323,-2.299389564086921,0.6524899087266567,5
505,-1.9038417629224067,0.5121807038031541,-2.7789198334999474,0.6957025411581093,5
506,-1.5944182460078853,0.43791015279569434,-1.821308210925461,0.607500467085645,5
507,-1.9668372410390917,0.5036191188852915,-1.5013640038270286,0.5085993790019242,5
508,-1.910310485794703,0.42965470950032125,-1.2199194703533978,0.411481862183937,5
509,-1.8147504091007964,0.44167045817810846,-1.7535882243851737,0.46286628272333186,5
510,-1.4089497915106257,0.3896668798399293,-1.6227813521944383,0.5678414595957808,5
511,-1.6896375294138508,0.4169227188813476,-1.1430043238873369,0.3883384812126425,5
512,-2.3275463267814147,0.530790154452835,-3.3184583407299604,0.6550219406043096,5
513,-1.749224217588408,0.43006345048182915,-2.3492628101309068,0.5708843384891709,5
514,-1.5309837981010834,0.40693703604922493,-1.7260897022717119,0.45104177425765957,5
515,-1.672939142102035,0.43266304763098873,-1.2626061320656106,0.4312912242122825,5
516,-1.4406027902643705,0.3573622172404235,-2.4669275789916303,0.5285618793132494,5
517,-2.336672711578154,0.5222425145403178,-3.1717137301364793,0.6914289671342468,5
518,-1.8173925093105687,0.48857084397311734,-2.3895086372831273,0.6676041660156166,5
519,-2.5095152383351795,0.5781742612268244,-1.8867977415548551,0.639197643993306,5
520,-1.5725206489270793,0.4445704607485049,-2.431134894941305,0.5884514652665914,5
521,-1.3624757134309342,0.3692366196491572,-1.5544794237386705,0.5398528495561223,5
522,-1.5840667225349998,0.41612681881492186,-1.7766777445080353,0.522988707334755,5
523,-1.9563458195808212,0.4930475707526598,-2.0162655441617505,0.6311590193774439,5
524,-2.4866313714730732,0.5278518278072147,-3.2614378565582,0.6411767777804427,5
525,-1.5059856730349672,0.4399530311371519,-1.5241079861708833,0.5382129056935911,5
526,-1.6414677930305985,0.42549776480936075,-1.7724568266577956,0.531938400210987,5
527,-2.0161058268551186,0.4918360185837173,-2.5244738045840407,0.5756363800932494,5
528,-1.8078170011838997,0.4620838755371337,-2.1581360983580504,0.5954320549449423,5
529,-1.6116638403048436,0.4242061180344653,-1.1971778241278699,0.43570104453155467,5
530,-1.7231835639712005,0.4367134724109474,-2.12468036353592,0.560168191676948,5
531,-1.5703676272831397,0.4156579468434787,-2.033170311534443,0.5089904393871626,5
532,-1.8433007755665316,0.4412876065765782,-1.8485910021662453,0.6301640323979671,5
533,-1.2830775169501498,0.3780205080682971,-1.5560202177040319,0.5534934381000944,5
534,-1.4257418568496476,0.40298132212196847,-1.8707089493023636,0.5440830937515962,5
535,-1.567459498053707,0.3742397601023355,-1.463829340852525,0.4182725724072168,5
536,-1.5333546934999975,0.41493914390098896,-1.8747762245237898,0.5233761102110622,5
537,-1.8871326321347652,0.46670927239933746,-1.7921636915636265,0.5825434802415479,5
538,-1.9163441987436922,0.4637734929426235,-2.3614898371400894,0.5768752563706945,5
539,-1.8797833391604377,0.4727638318083337,-2.650538192425829,0.6117449131453248,5
540,-1.7285955187353599,0.4561937620731906,-2.2486345660312295,0.5576090312096207,5
541,-1.7753953412306547,0.4801925087849187,-1.8106521900692045,0.5298780296753971,5
542,-2.2690599937768017,0.5323227477391903,-3.2846337811932753,0.7348751381870138,5
543,-1.6596643941336668,0.43367079848281276,-2.3738198320914212,0.5981607558650806,5
544,-1.2803382292657752,0.37207092343053905,-1.5551018536068415,0.48283668214800735,5
545,-2.622282987474316,0.5845650538927443,-3.4081953752966134,0.7308276747734673,5
546,-2.2925645061585733,0.5741188547854689,-3.3476900732626254,0.7301107794623096,5
547,-1.5221912303209617,0.4202811440355956,-1.338279522753342,0.4502191529900491,5
548,-1.6141135576465846,0.43941196878090116,-1.583415174762773,0.5603549041299587,5
549,-1.3695611420275622,0.37898822585816827,-1.485949639157294,0.4664685611712872,5
550,-1.4580485917993533,0.3948916675359009,-1.9705161050972277,0.5883781556453664,5
551,-2.4344719333952023,0.5555231947388866,-2.1585211963506916,0.6766754057865056,5
552,-1.7119999365035135,0.40842930252718856,-1.1286335297918637,0.3712644023950037,5
553,-2.3519316444723235,0.5089855164516341,-2.1933265162059588,0.5090342695357748,5
554,-2.2160816997796378,0.5360543855475526,-3.2127670803121173,0.7117501619008734,5
555,-1.9211130413427364,0.44463342352092083,-2.816630359080176,0.5880814719408142,5
556,-1.0955521957789172,0.3261222435790391,-1.2519529830442726,0.4349883446764339,5
557,-1.1037155884101435,0.3316844729107332,-1.8976081354560466,0.5454403635866272,5
558,-1.907920633017608,0.41263131237173956,-1.6592263765724993,0.46897393288555667,5
559,-1.8786073309148925,0.46251984956920433,-2.5664589130787947,0.687051769523031,5
560,-1.22191850265955,0.35284445906112716,-1.5905746871152,0.4560456954786848,5
561,-2.0499462431411666,0.4959981570283015,-2.2486295178396007,0.5700846415315104,5
562,-2.150612802936573,0.46723227312750526,-2.1779271927186943,0.5293979987398527,5
563,-1.7306004892304103,0.4439673734927312,-2.0520330990314672,0.6333642209429056,5
564,-1.7995528906079696,0.4941077070809128,-1.572295680312292,0.5200623822508399,5
565,-1.738149983462843,0.4466047819971142,-1.5768422283518,0.5256099836025139,5
566,-2.2133654228632205,0.5118829162084633,-1.7735247963198006,0.5760014745930992,5
567,-2.2095875510426977,0.5197028116668153,-1.408046569225553,0.4715640547949185,5
568,-1.3982832412391577,0.3938246710994555,-1.8950732578679677,0.5317604105035747,5
569,-2.0601837304780495,0.5474802375574075,-1.8829279970022899,0.6403145970619812,5
570,-1.1417666410870364,0.3253970570082658,-1.0726763509906359,0.37011586707929733,5
571,-2.0663638704695138,0.49181365912480357,-1.9489913011909021,0.6342923897496664,5
572,-1.6761280517333361,0.42237502023169593,-1.982796991561627,0.5309944270720288,5
573,-1.789000940567015,0.4009852982458837,-1.993518466765977,0.5109217636564842,5
574,-0.9812873438254788,0.29605238298809355,-1.361644369879227,0.4229839899363519,5
575,-2.236641330118968,0.5631928226842278,-1.997975264782425,0.6119276654492187,5
576,-1.7300944900740236,0.4959813730501049,-1.7110904759494503,0.576279519233283,5
577,-1.7968831441835773,0.4176417857882986,-1.2896843811113916,0.4254197593996103,5
578,-1.7078704244783238,0.4995104422088176,-2.04180209730271,0.5802031964462939,5
579,-1.5516428644823876,0.43329009084410897,-2.118990210950153,0.5654905611659975,5
580,-1.3651348609406053,0.36895382465400894,-1.6756874299774986,0.48203808319626806,5
581,-2.3552625153249904,0.6213628821480837,-2.4901420767964995,0.6993430058798102,5
582,-2.399271110190104,0.5155054631445204,-1.9998988272333384,0.5529768061135588,5
583,-2.0437020704516575,0.49818634540785134,-1.683651342267075,0.5441789063256508,5
584,-1.6374399904303818,0.42630190612302954,-1.504404748986108,0.5075921405129473,5
585,-2.366395271768401,0.46196844989184804,-2.737907357441853,0.5843346480356968,5
586,-1.292258375766298,0.3543699378708992,-1.347494740508271,0.44211794602903565,5
587,-1.829910284554542,0.4194100925195444,-1.92278323811,0.5312638444473596,5
588,-1.4155851450821437,0.3748832966486343,-1.4868987814773649,0.4917153969059245,5
589,-1.7620914408098234,0.48181697653207867,-1.541476230263871,0.5969821849249182,5
590,-1.7819242718206953,0.4591150638999193,-1.2936336798749497,0.4465482790026828,5
591,-1.4025566725468839,0.41837956345974536,-1.6136660043804272,0.5494316349599931,5
592,-1.963452700114754,0.4496080116436425,-1.9866855709717117,0.48083254852490265,5
593,-1.2809712566444942,0.37177137494817525,-2.0200844462678242,0.5866864240422922,5
594,-2.2907497465395474,0.5390770689674853,-3.3392782969568575,0.7163339724895907,5
595,-1.809714887262777,0.4447847725103584,-1.9130533416838043,0.5320568698161836,5
596,-1.6937952351387937,0.4946425111824202,-2.5609515035197914,0.6879688346542707,5
597,-2.280638361798633,0.5140084104305422,-2.906340131432162,0.6382555083994575,5
598,-1.453087493797422,0.37987114830381297,-1.5714683932505156,0.46679053981149043,5
599,-1.9961364239313175,0.46024689370387495,-1.3471923540591924,0.45769655982694724,5
600,-2.2931604893269673,0.4757059947450005,-1.8406443501603005,0.43591014087180413,5
601,-2.1854248820183946,0.4817402874512977,-1.6572092744302818,0.4982408362091424,5
602,-2.208340866477401,0.4897473026059076,-1.9847983714968647,0.5198775511870231,5
603,-1.8875484434608607,0.4660883362833468,-2.2427813403145738,0.5704134792149469,5
604,-1.5739662052026935,0.3897875225831151,-1.0758720368292938,0.3656280259807344,5
605,-1.7200661180461676,0.4289477916486114,-1.873607843679435,0.4907313682815728,5
606,-2.0614412099280255,0.5489970374458648,-2.140969383333528,0.6026651461702648,5
607,-1.95765615444249,0.4726912973673114,-1.9068495651340867,0.6333418374235955,5
608,-1.9655780706202735,0.49332844292876143,-1.7368067821164954,0.5467720242124847,5
609,-1.3308430412861816,0.40732304010623954,-2.2389579511769586,0.6065291349125748,5
610,-1.9267663213329747,0.39349082227981524,-2.2416263037055537,0.4405607204029667,5
611,-1.6648058760379243,0.40852583158129097,-2.591399531729934,0.5938530426866442,5
612,-2.052472236205994,0.4939672965742997,-2.3314656803166383,0.6004802958401965,5
613,-1.7274499268254604,0.44285646859605643,-2.1169563112387895,0.5172635312336702,5
614,-1.9713144016839834,0.5121437143128209,-2.4161895893013634,0.6910440080654959,5
615,-1.8597287564220544,0.4134168168114156,-2.9233184238549383,0.5532666945477467,5
616,-1.3004793978377682,0.36530252372753025,-1.341035615686099,0.44515568251445115,5
617,-1.6283702262735895,0.39389668076847495,-1.9804580627952353,0.4964540160927501,5
618,-1.8616849643876905,0.4812885283985806,-1.533901645720796,0.4737083772944948,5
619,-2.068777441877451,0.4712078457977539,-1.5364352265960206,0.5001218674085237,5
620,-1.5755646015986997,0.3799650200976792,-1.3131734721854005,0.41967998597757394,5
621,-2.2074172250582795,0.5093216751556153,-2.763286810050288,0.6157839281045568,5
622,-1.813482744768639,0.49376742665700335,-1.809869157262569,0.5139099700497833,5
623,-1.7854832721743472,0.4474668611942818,-2.3223849999813346,0.6587157782808609,5
624,-1.769841137582174,0.4137962888912473,-1.7442749980490353,0.4511434845989152,5
625,-1.892741254647608,0.4584049681238689,-2.3844826628145612,0.5362314352098689,5
626,-1.5970991676886321,0.448083399524728,-2.405216951251961,0.66516903910775,5
627,-1.7964174419630075,0.40874141623673643,-2.3738211670598086,0.511201234618227,5
628,-1.9151276790552885,0.47756183358983906,-1.5236675797759331,0.5328710408919972,5
629,-1.9596679622933353,0.47685661593775386,-1.7131100598210898,0.4953868068623035,5
630,-1.8172151398003575,0.46782823877436486,-1.4943970340143473,0.6145899331155829,5
631,-1.7342985145965928,0.4424679319193562,-2.950938922475266,0.6277320571938171,5
632,-1.495398404462462,0.3777785718589671,-1.4033619795667762,0.45997101096651927,5
633,-2.170467350720822,0.4643907636302834,-2.9883667644185747,0.6936797881096661,5
634,-1.7455309294393122,0.4491347908003477,-1.9384361516578699,0.5515337276207135,5
635,-2.5468698704566934,0.5468405082690442,-3.027388412566735,0.7018847120714,5
636,-2.30591862129271,0.5063221258506756,-2.5189814880381807,0.6047055283096463,5
637,-1.399544854668168,0.39898941752995243,-1.396805510251111,0.49977080944540586,5
638,-1.6273011303864267,0.4209730345759447,-1.616332577760447,0.4430221285209942,5
639,-1.7887686789001647,0.4334849531354903,-1.8607357915074594,0.5336843621520069,5
640,-1.865946811870907,0.4952689172008178,-2.2382053784188116,0.6396525450377429,5
641,-1.1767630545333856,0.3330144299881276,-1.544829496593664,0.43769803718807077,5
642,-1.861554095054624,0.4538434327513692,-1.1535168777436797,0.41532357813830223,5
643,-0.9106479347979248,0.29299110411263307,-1.2043744846457836,0.4267306853775762,5
644,-1.3894292635302663,0.37405321022812776,-1.0518172420394778,0.362309401472077,5
645,-2.2442288373227752,0.4942269739184594,-2.4672009502508017,0.5786609265775151,5
646,-1.6438019229818441,0.4156489920833,-1.9501463519958164,0.5508023556628783,5
647,-1.618394314616618,0.45141883896727375,-1.426875878210225,0.49016021436646207,5
648,-1.575146723613214,0.4250589923301865,-1.7103719691238788,0.51002797676323,5
649,-2.047747563983131,0.43100762046583685,-1.20467404688985,0.3844354320473662,5
650,-1.5998790088396007,0.413707790690547,-1.403819186978423,0.47517754805884393,5
651,-1.7168039013081056,0.4690021188953224,-1.569295606715866,0.5378397416912133,5
652,-2.05655508256362,0.4961938273260601,-1.609751885643831,0.5383365360215909,5
653,-1.5733890341549528,0.3785976395894387,-1.6695784579277753,0.41784817860860224,5
654,-1.4150926848637788,0.45167180867993406,-1.696057279437047,0.5850840818810641,5
655,-1.9736036021936016,0.5300200875865886,-2.723869311241005,0.6859045419038592,5
656,-1.904384017932533,0.4372960403270715,-2.0764005968834987,0.5513239110401058,5
657,-2.129091124831398,0.4732782301633571,-2.4377879615630382,0.5500006338517398,5
658,-1.4089388616511562,0.38432779650342985,-1.4611884901346703,0.43904672120624266,5
659,-2.1547911482139295,0.5449059560240059,-2.454794239772526,0.6706164621169328,5
660,-1.4240975913818885,0.4446993975632396,-2.1931575510830514,0.6769517218737237,5
661,-1.9205213072281588,0.4682248486479387,-2.139609870415268,0.6318395634093019,5
662,-2.0045083429780575,0.45022281646134266,-2.454763718734845,0.5752356034072161,5
663,-2.0050011865645425,0.49070966267037874,-1.6072253504704976,0.5137470786295435,5
664,-1.8056568999281106,0.4535489628077848,-1.5686125074184407,0.5062437978200872,5
665,-2.4705724164033414,0.5788914251559205,-2.172322960022492,0.6581356387445878,5
666,-1.4005763514016545,0.38310756126288814,-2.0023166691563654,0.530072721487855,5
667,-1.4889470586651052,0.3621615476679565,-1.360341195112956,0.38790056672937334,5
668,-1.7919105591319329,0.47187141595839044,-1.4429811255477192,0.5096122707910454,5
669,-1.4361714263868146,0.38916306155739877,-1.8076048050954703,0.4683016760116946,5
670,-1.833460122907971,0.4421433589839274,-1.8185775089388743,0.5365259825948074,5
671,-2.357581938358073,0.5328629174550872,-3.0448625111681262,0.6459993227606572,5
672,-1.07434993071876,0.33291903686715907,-1.4925234922377593,0.41205176481861505,5
673,-2.041746978007589,0.4648298089481112,-2.6399717624598695,0.5398221502700715,5
674,-1.93583924148583,0.45307835711096167,-2.4388448989461464,0.5645324294340688,5
675,-1.6358147206916658,0.3937728747929179,-1.6542670251513152,0.4039795024610896,5
676,-1.8798537035097374,0.4614700932422292,-1.706659296267089,0.5042001375495107,5
677,-1.641212907144892,0.4372535430374862,-1.9016150318548786,0.5548623931039323,5
678,-1.2830909082206434,0.4071916918660696,-1.6000373206981964,0.6110156577889096,5
679,-1.9947327852655765,0.4464763447589054,-2.233600120740827,0.4696291988602368,5
680,-1.988730459287285,0.4891842939365585,-1.5552522620813043,0.5736973089620201,5
681,-2.236761612153727,0.49661693822631414,-3.5081738870986117,0.6456191539887142,5
682,-2.7196101953252274,0.576546029943621,-3.599695225941295,0.7348815510091367,5
683,-1.8077056265426177,0.4531890010743489,-2.298233662648247,0.6398725737937955,5
684,-1.2849422426604784,0.3436957548918408,-1.699851454371986,0.4444639519024153,5
685,-1.7652635107730807,0.4280328363593806,-2.573081941620451,0.672535826734769,5
686,-1.4520745614192294,0.4126578601237083,-1.4413888583772672,0.46179056171725563,5
687,-1.9570412711208691,0.4397801921604475,-2.406930987071061,0.5297411961344047,5
688,-2.475811089861292,0.5351323083674078,-2.085454244508923,0.5602774142364952,5
689,-2.82560294246481,0.6123817469770131,-3.1057182138635007,0.7167062333172645,5
690,-1.3968318284121408,0.37604166637487524,-1.155229526833272,0.39424404107147604,5
691,-1.8125096994042793,0.47726418244174573,-2.653480002273992,0.6617611388239216,5
692,-2.25501122466801,0.5593962516244917,-2.894191509670314,0.6445870470450668,5
693,-1.5018550940384254,0.401057712093315,-1.361007211783604,0.41988322971843717,5
694,-1.4957342672532579,0.39419225155402915,-1.4846146276224694,0.44307926444252066,5
695,-1.9900513613489954,0.4875994985556473,-1.89340635881826,0.5441607934290249,5
696,-1.3347724393500808,0.3463962254800875,-1.6883515511575335,0.4830814433771884,5
697,-2.1850295414834857,0.4946902968635565,-2.824570596363937,0.6759440241365378,5
698,-1.8117992324517878,0.48048880085800183,-2.062456333884409,0.5600564282303103,5
699,-1.612212826375632,0.4024660988466594,-1.833926238777225,0.46606728704500533,5
700,-1.9555575252151578,0.4284252083831094,-1.890632905984548,0.4824512182435047,5
701,-1.7332532215162217,0.4219207676612723,-1.5988529365275812,0.4603771174117035,5
702,-2.151911469708901,0.5113257086975966,-2.2052437390874906,0.6601336264027677,5
703,-1.6594739046735985,0.4135060458126302,-1.6648377557755585,0.4438244665236244,5
704,-1.3337132929125843,0.34045390217372073,-3.1675144695422146,0.6807198940955873,5
705,-1.649106443879384,0.4380606613338338,-1.4573281459008844,0.48123339530369114,5
706,-2.4232477940513224,0.5318166202889805,-1.8897937057437764,0.5768108799452949,5
707,-2.2682306822967977,0.5418082622026246,-2.6919252992148235,0.7074953454859083,5
708,-1.7967367586122336,0.4609007576873462,-1.900345668856398,0.5143400225265125,5
709,-1.5963310930255261,0.4245524586994489,-1.196442008738854,0.5129850282803856,5
710,-1.625176427279679,0.3923781226635429,-1.4142054355429194,0.45762556399357623,5
711,-1.6108152385825854,0.4266159755668303,-2.0402611586639416,0.5526844770382244,5
712,-1.5373514069041594,0.39133248587561553,-1.0648496849682976,0.3600301833461548,5
713,-1.9875365052087242,0.4863622842903582,-2.8420113397000026,0.6646011411724526,5
714,-1.719616942103174,0.43074318766249675,-1.5281523090899851,0.4305507332535724,5
715,-1.3326656642739882,0.3821365878242935,-1.1298515885371017,0.411180007779787,5
716,-1.9432379760590073,0.4389163836321258,-1.4805744724862915,0.4365615942835275,5
717,-2.1661525725334907,0.5114126885414338,-2.035002067931125,0.5711854357445956,5
718,-1.5192692380970376,0.3767497003881902,-1.729842084638361,0.4929401038274446,5
719,-1.4838137018298316,0.3948485298079172,-1.4199344533542106,0.4708001544701018,5
720,-1.78461370954388,0.4765273416752175,-1.3795588129608105,0.4693679052070575,5
721,-2.1236333122253477,0.4876919480957054,-2.5581656497689074,0.5929363331226474,5
722,-2.6499923774716674,0.5854696808962097,-3.820863975543667,0.74341697446919,5
723,-2.3501325555732198,0.5386753864951591,-2.115423449575559,0.6056607254665154,5
724,-2.128651544764699,0.49314784208360896,-2.4681958776962674,0.6082159450537712,5
725,-1.6718102691432448,0.4414958572987244,-2.80060624791621,0.6251267654640742,5
726,-1.6070583303601231,0.4272211547008431,-1.5516924449474607,0.5072089418920589,5
727,-1.5656684831079928,0.3760093868410048,-1.4425767343004205,0.4550501946699814,5
728,-2.007411948722133,0.4820511205222553,-1.4459393873950654,0.5131725845189167,5
729,-1.4157512799715208,0.4039467873581285,-1.51481448439598,0.5531642665845835,5
730,-1.481766069721111,0.40948868098025915,-2.116199628409727,0.5299514374447074,5
731,-2.0179593818698316,0.4835808815294521,-2.1487930873014127,0.5298850314039301,5
732,-2.4905643928710353,0.49213682198065056,-2.192327843351906,0.5173885531114129,5
733,-2.0123921142108867,0.5210841111221198,-2.6176055493574717,0.6864227055823632,5
734,-1.6456214317570121,0.4528423215888696,-1.5586241679672597,0.5349299660008349,5
735,-1.2120466277653814,0.37549477151740096,-1.4650008514284982,0.5140466500933715,5
736,-1.6107086836084492,0.48391157451914957,-1.4793713732100076,0.5696139406951399,5
737,-2.127357573641824,0.5105683033696446,-2.9020828161707994,0.7123854152247329,5
738,-1.198736830297944,0.34414901215269067,-1.7047681390793916,0.49665500678020513,5
739,-1.9331278373877914,0.4365560036144901,-1.4763882893499147,0.46619633787664616,5
740,-2.3461842728449493,0.5458789724253437,-3.553486537544312,0.7255714007431469,5
741,-1.7546695505107057,0.5040019645083507,-2.508447191242874,0.7004410623433583,5
742,-1.6400227395783546,0.4255576471614142,-1.6600284579527957,0.47271269766224877,5
743,-2.1582721700025855,0.42939505530182354,-2.937638816767752,0.533047339126711,5
744,-1.7245424314609212,0.4726647720357766,-1.9803246729153303,0.565295047640636,5
745,-1.7677609538442893,0.5259891179139176,-1.7791659866629137,0.5888459774025951,5
746,-1.828847519572104,0.4840006280941854,-2.489695293002016,0.6708902991032166,5
747,-2.311366918456649,0.48583612863377656,-2.4773880522356695,0.5644689239172417,5
748,-2.563487323702801,0.6105196052889936,-2.4629017963577295,0.6899769217336695,5
749,-1.0326128540016897,0.3338285526812197,-1.3688790695801918,0.46458591396535487,5
750,-1.799397382262045,0.47362009326819865,-2.9508332493728355,0.6837064948333331,5
751,-1.8752948260535502,0.4709960547594231,-2.5452731064542813,0.5998805529177944,5
752,-1.5064247377713602,0.43035627112311514,-1.5676385489761662,0.5113998198681617,5
753,-1.388641976303572,0.3812397459387592,-1.6801522818886756,0.5306237248627981,5
754,-1.9015500949712507,0.4748705388843405,-1.7537396864875368,0.5253014197964577,5
755,-1.9285118017568692,0.42588190671850223,-1.6744176165002282,0.4432286664812808,5
756,-1.7813770983672899,0.42681539421831804,-1.6427139936977386,0.5096812030928772,5
757,-1.919573816014804,0.4991466088320494,-1.8212239816153728,0.5477014561420318,5
758,-1.8021000954370225,0.41639523441380966,-1.7464245416934,0.5555394241095482,5
759,-1.7551419124873209,0.5067988958698179,-1.5135973506983775,0.5288807108431771,5
760,-1.267368965975078,0.33667560044213785,-1.4315675756978894,0.42009881425403006,5
761,-1.988314260893652,0.4775593115250929,-2.5463078115594864,0.5976234424707964,5
762,-1.1933921373615524,0.40788804334703066,-1.4416669753743838,0.5696598135151266,5
763,-1.4418878422712607,0.4013060117784949,-1.4159983437661865,0.49111711316632634,5
764,-1.4570590100389889,0.394547233310495,-1.4803314900197604,0.5083348322409031,5
765,-1.6777284808902893,0.4607105363163382,-1.9258702173481337,0.6138787478945915,5
766,-1.520049658442697,0.423799482880321,-2.1045298278507887,0.6124165208787831,5
767,-1.4605534012195336,0.4327365008016967,-1.6114048870504574,0.5659640045012845,5
768,-1.8788821698535743,0.5027733303191029,-2.516620177712269,0.6921172874318487,5
769,-1.3833390486969641,0.4037770986232595,-2.1830946075981403,0.5633992255391935,5
770,-1.4795150751088424,0.4217876740572821,-1.779653393546494,0.5403204723031212,5
771,-1.7972761847268641,0.4526656616413489,-1.597408842108289,0.5111381481602402,5
772,-2.335825416819448,0.4923974570373618,-1.8314031551652712,0.5499566011554109,5
773,-2.2435682854542023,0.5608193458108117,-2.2125430506564525,0.6451862384516207,5
774,-1.951035042391494,0.4854070730545179,-2.1527939326758743,0.5695420575266816,5
775,-1.8083797606004808,0.4334007417218624,-1.5637675538997466,0.5126233279045913,5
776,-1.952857795016488,0.485975582376981,-2.640164527154163,0.6771019625369237,5
777,-2.3387525830470257,0.4806840535969825,-1.7293515205516652,0.5056214323423787,5
778,-1.9582931642555126,0.46766185928996173,-2.8415046851046255,0.5943675266810757,5
779,-2.0421052706440403,0.4856655672100676,-1.9811790791619728,0.5343019579048844,5
780,-1.7269256671711548,0.44757820874902265,-1.521883433814859,0.4395693357292797,5
781,-1.9776017337282346,0.4956019946303084,-1.974855702787151,0.5535881898799091,5
782,-1.6018577150687863,0.4066738325611434,-1.7997264285640686,0.5537219805089885,5
783,-2.2721592645633284,0.5302453834419497,-3.2738321728769604,0.7112306457085706,5
784,-1.7471482480742266,0.4365919969466783,-1.8377641133054892,0.5254020569016665,5
785,-1.7461566898239929,0.4673061851743796,-2.028033935687379,0.6109289428807483,5
786,-1.9315835524719014,0.5110228103176376,-1.7771480667567743,0.6176782805849829,5
787,-1.4411799210803142,0.4056251752538289,-1.9399450222113592,0.6135739540366515,5
788,-2.0152957947235337,0.5012792880446284,-2.493008222720804,0.6529630900358103,5
789,-1.947314068102858,0.4295433356433216,-2.615212007736694,0.5354511599659815,5
790,-0.787712018617849,0.23142044289890662,-1.3387094034108147,0.3825875608487642,5
791,-1.6900374916577974,0.4045539074646535,-1.5111763477134392,0.4772360902302819,5
792,-1.506163402969349,0.4083450029019584,-2.4820531251136897,0.5698193835754255,5
793,-1.8043292621994498,0.46341030543916595,-1.898534270336949,0.5360769734229983,5
794,-1.7350243999508916,0.4156328505257383,-1.2150993194095805,0.4291767088660029,5
795,-1.278435894070868,0.4069347632936219,-1.613289346173197,0.5947565264244796,5
796,-1.9695636683669555,0.4407347595750287,-3.2269041384514408,0.7069225967812127,5
797,-1.9912435965138924,0.4703354828089048,-1.5813577649632498,0.5047461143059533,5
798,-1.8207640494195996,0.43189948663843736,-2.113854192213295,0.5789538590043365,5
799,-2.1298648124005894,0.4977793182762307,-2.292649425683823,0.5607857155247824,5
800,-1.5485300434898623,0.4213801042705959,-1.5472116751217762,0.4435504311776529,5
801,-1.465257597076934,0.41353059600304254,-1.5325642812012783,0.4830873039406798,5
802,-1.2877069213211594,0.3411525542460503,-1.0482538152419665,0.3660212502054694,5
803,-1.569409880276,0.3775974268376905,-1.701971637194295,0.43176987030833636,5
804,-2.265407765094901,0.5196123046836092,-2.0166881718064547,0.550097246626511,5
805,-2.0126185807040278,0.4632298841991457,-2.643921572587512,0.69356666081031,5
806,-2.243665129766234,0.47453042426816516,-1.5405442550560868,0.4547298615840687,5
807,-1.4046508047805748,0.35600388842636155,-1.3429643382186114,0.437769150450077,5
808,-1.461450517851623,0.40033213472469886,-1.8817179290918928,0.5229529843326162,5
809,-2.175552681140709,0.44792740548731835,-1.688819322423408,0.4562896880978158,5
810,-1.440134009166671,0.40255383790599597,-1.8428852295264457,0.5364305198653301,5
811,-1.4893357570052173,0.3967622452974554,-1.5659425086098566,0.4579844278277838,5
812,-1.9474443262294874,0.4569151581746749,-1.6288415218539076,0.4785273748180854,5
813,-2.5003427627329424,0.5061839425953187,-2.6483708173423706,0.5517544902391905,5
814,-1.7731026386358009,0.4533675361101106,-1.4860550792066456,0.4903047536518532,5
815,-1.4236736191786576,0.3928916309343077,-1.5823352376940623,0.41738293393840864,5
816,-2.337001996857065,0.4924038937549521,-2.0363000976415915,0.5100614280722773,5
817,-1.8847801309981806,0.5276751628530738,-2.4404397106273157,0.6775093673181032,5
818,-1.588526413857314,0.4129199811442942,-1.9703833607244983,0.5381994360418976,5
819,-1.5274092079339314,0.40260380904678617,-1.344858187388491,0.48417051886267726,5
820,-1.9081054315602048,0.4632110886449844,-1.7419919665554289,0.5236105968379936,5
821,-2.2157891489113886,0.5539284972506835,-2.9766292080914556,0.6738951919078406,5
822,-1.6528978969498844,0.43722353786870594,-1.5288000391807657,0.4204882490319426,5
823,-1.8760568086342237,0.4490988092413316,-1.7843900896908467,0.5061362340006544,5
824,-2.3705780943287116,0.5575747511157122,-2.4644823653957166,0.6851496136596629,5
825,-1.5976055861354581,0.43796098492490065,-2.0063526664775564,0.5591754661092448,5
826,-2.0999609298595137,0.4718522042454747,-1.7810847954280067,0.5230894702424292,5
827,-1.4350449551771565,0.3735453243666056,-1.9733475044472755,0.4777648660045839,5
828,-1.2981185994766657,0.34052022349532785,-1.6875505118168128,0.45116943473362514,5
829,-1.665354494348565,0.5085553997305019,-1.708803571177907,0.6298640761976044,5
830,-1.7681621993096206,0.43230616476133765,-2.389968734610129,0.5294828947354966,5
831,-3.2806348102258536,0.6540951717881891,-2.717684989396216,0.6992496595656357,5
832,-2.233852711396624,0.4927900289005709,-2.778240773971322,0.6161670066083526,5
833,-1.4798428164968565,0.3736705228592323,-1.7566420824900162,0.49587463128404385,5
834,-1.6446188075759958,0.4388323544174447,-2.1210555327782687,0.5472007733954173,5
835,-2.0858113382061902,0.5038583025808485,-2.5685410121441112,0.6605026127412124,5
836,-1.9868040295169418,0.49902418764496626,-2.3902265927273727,0.6651360121952022,5
837,-1.8079276832505697,0.5037050830201473,-1.9966143434886707,0.6587592210646764,5
838,-1.3387959686945767,0.35567393655199375,-1.3059761544312263,0.42412355343068053,5
839,-1.8022714481815223,0.4442501773004758,-1.610661194303114,0.5298963531296979,5
840,-1.8726674168898074,0.46505441767160816,-1.9047378097190206,0.5136637248719713,5
841,-2.3957834794347037,0.5797191109105684,-3.6560322988568568,0.7611147005814685,5
842,-1.8343230052955073,0.4900562055673402,-2.4160391544869944,0.6591222794176446,5
843,-1.7299330442907976,0.4696511818322098,-1.606855331888963,0.5616147570037403,5
844,-1.635376049158777,0.44874237656471794,-1.849638132516216,0.5779842496843574,5
845,-1.550457143033071,0.37567879717909014,-1.9285203298031364,0.4917434287911254,5
846,-2.1069360394823122,0.4812907729489935,-2.485919320235947,0.6098227398111555,5
847,-1.9379588252079434,0.49767824058787824,-2.2439295329642515,0.6298510082391533,5
848,-2.2978930500364236,0.48933644886186134,-1.8452559876876666,0.46325639078572545,5
849,-2.0964935172808232,0.47767054096164774,-1.5977627708566828,0.4369990018974267,5
850,-1.6398279646106215,0.406351738966236,-1.4802094476912546,0.4678469349434844,5
851,-1.2381981727788562,0.3314811084767806,-1.4582430914407531,0.41532116124412366,5
852,-2.163567385259788,0.5316239909388074,-2.884130715281918,0.638129909249201,5
853,-1.1964276944451633,0.3847591783357557,-2.2059685270423213,0.6236867401503863,5
854,-1.592859273519911,0.42745759690108287,-2.0019895114771242,0.5403462260298899,5
855,-2.195631433206582,0.49202878173108877,-2.6947941726205467,0.6261990672826092,5
856,-2.144184050211112,0.5083019756960583,-1.9304860540653794,0.5678700670161312,5
857,-1.6918728140694417,0.4245707093688953,-2.3387021027401884,0.6385683451577503,5
858,-1.6986766690628066,0.47080745870971763,-1.605972454132805,0.5358822570778173,5
859,-1.8924363458785527,0.5037309448185343,-1.84801318099737,0.5412611324941393,5
860,-1.3669409796113419,0.39407954424676794,-1.8135975950108405,0.556013421414715,5
861,-1.7129668383089476,0.5118087056521533,-1.4019911993565923,0.5616367179013593,5
862,-1.1964033221996906,0.3354824063374402,-1.9165137369525596,0.4842528248526211,5
863,-1.4715553869447806,0.3783971725467945,-1.3483796512731296,0.38254614202488,5
864,-1.6253833542872194,0.480262342688877,-2.305011716190901,0.6076241738725504,5
865,-1.4627280629385533,0.4122083497416118,-1.244156082815728,0.4731055392044876,5
866,-1.2984539683544982,0.37966878317292363,-1.7053023354699846,0.5142769744184054,5
867,-1.644764273855857,0.41154466824889424,-1.158836555568218,0.3886079405736156,5
868,-1.2862975964245393,0.37166729880855665,-1.395056277362425,0.4757977296254765,5
869,-1.8856198668807695,0.45107565349112855,-1.2702720214934906,0.433921681977553,5
870,-2.014145925340524,0.5222255716003585,-1.860833736339515,0.6534221859775815,5
871,-1.7757533230116445,0.4461440981568514,-2.0416581373611358,0.544313724717483,5
872,-2.2901846995956245,0.5558197651487887,-2.392308495406469,0.607657862636457,5
873,-2.275892771573788,0.49749526264385224,-2.96137570981642,0.630350950044144,5
874,-1.4110414180996216,0.40269713397209383,-2.0115532443210844,0.5069233510043496,5
875,-1.7262594457639686,0.4116411793779542,-1.6556358896932193,0.4191689718723334,5
876,-1.4082614801450435,0.4324928283923999,-1.343840107011088,0.5150137321772881,5
877,-2.002112455609281,0.44627177216868874,-1.5478174723145044,0.5247433882373919,5
878,-1.6145372279356387,0.41084018829197955,-2.4376735845217343,0.5752191464814613,5
879,-1.8157981750900336,0.4346163928265525,-1.2325345251280355,0.4390609337824807,5
880,-1.8800016884944437,0.432255351675076,-1.7428891737144583,0.4669854996265066,5
881,-1.4574822046011362,0.3714996239298075,-1.613956729250479,0.42665694560346157,5
882,-1.1781637821811266,0.3381044907408344,-1.2922290910463674,0.40936836224307493,5
883,-1.2801201867145027,0.3525864784714725,-1.5177449416256417,0.5056149249297499,5
884,-2.3200849719807697,0.5275008775343559,-2.5286936018161867,0.5913861352708798,5
885,-1.295666659320044,0.3194026168041951,-2.0331707697821417,0.4544735586340858,5
886,-1.4712163772019426,0.3908810168622705,-1.498949084013131,0.43962690838373186,5
887,-1.8104387994534585,0.45357145809766475,-2.2462806572301215,0.5768152152963977,5
888,-2.4041528354168653,0.5785743854704044,-2.9025986387158325,0.7069517716934423,5
889,-1.6933963070982738,0.4137653929997527,-2.120710711765571,0.5076264686188899,5
890,-1.9880035042286197,0.47636988112370116,-2.641477644327138,0.5445634572173152,5
891,-2.551785873866028,0.5434914356268197,-2.758724277147661,0.6058320808941531,5
892,-1.8446342084626548,0.44735421692467825,-1.3585855774571864,0.4318475439476267,5
893,-2.088689286982498,0.4790104765345975,-2.7470758672461493,0.6127827732858137,5
894,-1.1838701976017072,0.36151390613233536,-1.5973931181603453,0.5634484162272726,5
895,-1.729612658896654,0.42959149739911395,-1.505234278688159,0.48702879984984837,5
896,-1.7001471126258418,0.4569552370187432,-1.779105204090298,0.4953563582004601,5
897,-1.8449117275206128,0.4951760285610217,-2.57339286520949,0.5952006125463688,5
898,-2.443446057309932,0.5369236167799698,-3.2601374240723064,0.649517803638052,5
899,-1.6892135306018643,0.450893503889891,-1.8621676132051228,0.5404362704959987,5
900,-2.2376826422520724,0.5390533092272642,-2.5710652820246738,0.6767572082926121,5
901,-1.7442465290419986,0.42707976252393365,-1.6036448841342377,0.4491000706764561,5
902,-2.241972259673892,0.5426228153405386,-2.405533188010109,0.689778063823328,5
903,-2.478428536980669,0.538796105103359,-2.5937495168083657,0.5956195552269508,5
904,-2.5837992957694187,0.5033769498265175,-1.548543746808296,0.4443128452821621,5
905,-1.3344201529634643,0.4089834718943769,-1.6704444390307105,0.5203356822544768,5
906,-2.485567011348455,0.5645193151768713,-2.444268334207487,0.6608406283520568,5
907,-1.812805772199403,0.43881847009328057,-1.275786256058387,0.4426774047326647,5
908,-1.693524209829779,0.4093163170559345,-1.4996155447290445,0.4239325401184427,5
909,-1.3127500614996341,0.381159381799263,-1.5733157259010253,0.5679596742448009,5
910,-1.9103963768882428,0.4566160315596097,-2.0815299342217615,0.5143084722966018,5
911,-1.9454416726490695,0.4633070036847383,-2.405360782530499,0.5719775004544629,5
912,-2.1849000432616035,0.5028701390890084,-2.2593970528902636,0.5914244344698634,5
913,-1.8079126201359896,0.459590841126447,-2.1991461842986815,0.568362790419962,5
914,-2.1187663974020627,0.5585018684029368,-2.0658890943857697,0.6664843458550852,5
915,-1.6362517514277561,0.43234294596004075,-1.843570260205305,0.47808319662863874,5
916,-1.485697370378117,0.3812805235874025,-2.3240582483834324,0.5228503726815923,5
917,-2.6934706808280895,0.6089550571920587,-3.2075258149551984,0.7087487271196742,5
918,-1.185172398200013,0.3389387097766108,-1.2953947877704057,0.40075219864644507,5
919,-1.6713640079159227,0.4243082548459355,-2.212978894577539,0.6521188929275847,5
920,-1.69404405010284,0.4062173012895174,-1.9261373812071714,0.45548823139698713,5
921,-1.5350458722177103,0.42194105280276817,-2.013657371370138,0.6074321251062231,5
922,-1.8262917585279625,0.44650006749531923,-2.318035231656914,0.5979687800055931,5
923,-1.726533231037585,0.43167192223626727,-1.4197337621500075,0.4388382927779215,5
924,-1.937745853773354,0.5380452131105915,-1.6179119018754078,0.5873982387868419,5
925,-1.4603370779816842,0.3839065484098604,-1.5869918664935079,0.4398164155138926,5
926,-2.0749738069000165,0.5206351879277762,-1.635160690961357,0.5531712598105166,5
927,-1.2471052932931133,0.3634707971554135,-1.5008253039133195,0.48301716292422203,5
928,-1.7243732456865581,0.4360548964514821,-1.623226954120115,0.6107910747955191,5
929,-1.5902049715212843,0.39275788565859804,-1.3959560328988803,0.4769138152437713,5
930,-1.6855076058943017,0.43468055808945605,-2.3098950399418623,0.575045209473007,5
931,-2.6212930608219343,0.5875074107686008,-2.942594425312977,0.7182554599892226,5
932,-2.43652905338849,0.47112005552751923,-1.5357947020827392,0.43922694364688386,5
933,-1.0543267376683731,0.29932812282635146,-1.0898018867343804,0.3830328737287282,5
934,-2.008824646719289,0.46775624183540954,-1.8792615861707367,0.48547285947970986,5
935,-1.6618388625307068,0.4155639017304972,-1.2259799787631647,0.3865578281614668,5
936,-2.438205369428797,0.5393533675995971,-2.639361922278308,0.6635728145804554,5
937,-0.8468794885338249,0.2949863032433926,-1.687918701882189,0.5805294924254106,5
938,-1.7399031796714128,0.46951419520255766,-1.5249760062313478,0.5200938926848543,5
939,-1.9217647676405822,0.43890648034236945,-2.054478491546517,0.5045786553496895,5
940,-2.2083182628866087,0.5171665361865726,-2.819764391594192,0.627348199816978,5
941,-1.2789678931460942,0.4117699081011593,-2.207408986758481,0.6492114343403292,5
942,-2.573816324809501,0.5282002888691772,-4.419179385923615,0.7615680114029623,5
943,-1.4644643047120076,0.41435693680990404,-1.251681129566507,0.4794863500111487,5
944,-2.000686656549309,0.521285780037423,-2.2697689714380482,0.5855450981908504,5
945,-1.880742544888074,0.4740078268987409,-1.9323593325263633,0.6065217274689874,5
946,-2.0865836468501486,0.5369800643029136,-2.872877570305363,0.7101714424294445,5
947,-1.7288780911897916,0.40659637363773804,-2.215618212175387,0.5053697042389587,5
948,-1.4398209373344026,0.41731928108094385,-1.756123757332153,0.6076536540781876,5
949,-1.858421757352855,0.46997836467925835,-2.214486761784883,0.6368077665145602,5
950,-1.119204479134194,0.3053301407864203,-1.6094445249511744,0.4419514110380578,5
951,-1.2707328228666177,0.362384592424691,-1.2645271087579177,0.4565414528493468,5
952,-2.4528666817054696,0.5969661186549886,-3.0025149514491902,0.7054014502593322,5
953,-1.6650427215791606,0.42116146863734805,-1.9365672508876075,0.5716630515722965,5
954,-1.9908759058042587,0.4295528454520239,-2.2426865001147553,0.5142573465095013,5
955,-1.5073570175422963,0.43181243539929315,-2.0711181338527203,0.6139916172544913,5
956,-1.1827794977188129,0.3594039044770928,-1.2334075936280173,0.4581369240861962,5
957,-1.7215233397168026,0.43382442700445545,-1.0256044692915753,0.3691563812498384,5
958,-1.4746497246124766,0.37799071875271684,-1.4769676036043773,0.4205780065490098,5
959,-1.1136927904346643,0.3344042635429415,-1.374249556099757,0.4333221098220128,5
960,-1.3551596227031428,0.3813966676084356,-1.4399978127795956,0.551606844843108,5
961,-1.41818055848732,0.3880061142579021,-1.5493822205841439,0.5181258126204199,5
962,-1.8182816190865547,0.44658418319466653,-1.830623259267147,0.5385061292882996,5
963,-2.0991133244465994,0.5826836875481868,-2.0141223752572266,0.6541233779425171,5
964,-1.797430981250964,0.5226904836755651,-1.851411944553706,0.6326006304103495,5
965,-1.8022508585164223,0.459652823721848,-2.3202755906276797,0.6590919005968023,5
966,-1.7870138349148093,0.429131037543905,-2.3667936955124897,0.5668986251420165,5
967,-1.8682708891392745,0.4250809066739609,-1.3743518577894038,0.42576940829641263,5
968,-1.9056100540944878,0.44628444900764297,-2.305057431110524,0.5238339885680775,5
969,-2.2807604974840223,0.5342817052614552,-2.252801653468466,0.6053283305239523,5
970,-1.5202280576240694,0.39881504617137586,-1.1454177865091864,0.39149943642634366,5
971,-1.7333706328890939,0.460859427848911,-2.149364523716234,0.5663581969172528,5
972,-2.036779386954815,0.5160990287942515,-2.971960116406736,0.6855046635403655,5
973,-1.5546417527379242,0.37877267056077935,-1.5389034534012556,0.41714435798901817,5
974,-1.47750898817708,0.4191362731384838,-1.7022238433331078,0.521876554073814,5
975,-0.9343376052687413,0.32116394522762426,-1.2997295893974643,0.4688625559493286,5
976,-1.8347969836383442,0.48355452437367474,-2.7164322615421286,0.6227510326734129,5
977,-1.805514356545388,0.43688492653948485,-2.413856865374862,0.567836111676935,5
978,-1.7120730910333446,0.436347596012989,-1.7610003847067235,0.5721511501652514,5
979,-1.3871348676925757,0.3792888179420134,-1.2730966009859648,0.44043576489499237,5
980,-2.1266553422410897,0.49244184263472235,-1.962376973145666,0.5420749398874156,5
981,-2.185232288309876,0.486052793346313,-2.541294988981214,0.5919835945074465,5
982,-1.8681575147315956,0.46140449394386485,-1.3321865071566736,0.44632664636228414,5
983,-2.329303984305108,0.5559076314224497,-2.164493330182177,0.6381210698823763,5
984,-1.3437686251878262,0.42027366746199013,-1.711499802864565,0.5952698878837082,5
985,-1.5256103670690315,0.41207737238666486,-1.9246105074899498,0.5156500364162887,5
986,-1.2722204425236248,0.3427201177428433,-1.1639274267995958,0.3879217149934858,5
987,-2.48621428763923,0.5576831058792027,-3.0329555469111997,0.6482198984663631,5
988,-2.123759024985929,0.46797342005470144,-2.6582161864001224,0.5500535396395485,5
989,-1.682803533681878,0.4364474336946679,-2.053171864035264,0.5550281357303024,5
990,-1.5090186020560659,0.44335256719166904,-1.5357806437851709,0.5376670999117343,5
991,-1.2990614109090033,0.3455849756248618,-1.6276312462598812,0.5778735553043208,5
992,-1.6860879228659775,0.3826525705567013,-1.550727568991337,0.3893375261392491,5
993,-2.127335328679923,0.4677543990557086,-1.3954829018159978,0.43353559620814675,5
994,-1.9309902817654467,0.525979279502745,-1.7620170965866848,0.6091150661185849,5
995,-1.7662162816869338,0.4000906080953712,-1.5868995516379178,0.4319460755939949,5
996,-2.4994160322528143,0.5299061862113995,-2.5899019029474495,0.6238003515017232,5
997,-1.7209651251484845,0.4545734012769307,-1.4053334978495724,0.4233216864073269,5
998,-1.7051702998266234,0.4637207759799068,-2.0207211106862886,0.6135270569639517,5
999,-1.6402492730314346,0.41209746819210014,-1.6608169232867747,0.4405517937960455,5
