country,iso3,year,target_year,antibiotic,resistance_pct,observed,target_tested,prediction,persistence_prediction,model_error,persistence_error,horizon,evaluation,lower_80,upper_80,interval_source_80,lower_95,upper_95,interval_source_95,Horizon
Austria,AUT,2018,2019,Aminoglycosides,8.226495726495726,6.948541461815798,6102.0,7.524764709559282,8.226495726495726,-0.5762232477434841,-1.277954264679928,1,Frozen specification,,,Unavailable,,,Unavailable,1
Austria,AUT,2018,2019,Aminopenicillins,50.65982404692082,46.27606752730884,6042.0,50.000706445720965,50.65982404692082,-3.7246389184121256,-4.383756519611978,1,Frozen specification,,,Unavailable,,,Unavailable,1
Austria,AUT,2018,2019,Carbapenems,0.0718907260963335,0.0,5935.0,0.0,0.0718907260963335,0.0,-0.0718907260963335,1,Frozen specification,,,Unavailable,,,Unavailable,1
Austria,AUT,2018,2019,Fluoroquinolones,21.852438809649588,18.213058419243985,6111.0,21.318450339130475,21.852438809649588,-3.1053919198864897,-3.639380390405602,1,Frozen specification,,,Unavailable,,,Unavailable,1
Austria,AUT,2018,2019,Third-generation cephalosporins,10.208039492242596,9.318702915165412,6106.0,10.206641963989933,10.208039492242596,-0.8879390488245207,-0.8893365770771844,1,Frozen specification,,,Unavailable,,,Unavailable,1
Belgium,BEL,2018,2019,Aminoglycosides,7.404500261643118,6.909739928607853,3922.0,7.377479870153753,7.404500261643118,-0.4677399415458998,-0.4947603330352654,1,Frozen specification,,,Unavailable,,,Unavailable,1
Belgium,BEL,2018,2019,Aminopenicillins,55.79302587176603,56.45653985004166,3601.0,55.644778735122856,55.79302587176603,0.8117611149188022,0.6635139782756312,1,Frozen specification,,,Unavailable,,,Unavailable,1
Belgium,BEL,2018,2019,Carbapenems,0.0646412411118293,0.0509424350483953,3926.0,0.0,0.0646412411118293,0.0509424350483953,-0.0136988060634339,1,Frozen specification,,,Unavailable,,,Unavailable,1
Belgium,BEL,2018,2019,Fluoroquinolones,21.80004749465685,19.05732484076433,3925.0,22.97490157012607,21.80004749465685,-3.917576729361741,-2.742722653892521,1,Frozen specification,,,Unavailable,,,Unavailable,1
Belgium,BEL,2018,2019,Third-generation cephalosporins,9.022394487510766,9.98221996443993,3937.0,9.61084720465026,9.022394487510766,0.3713727597896703,0.9598254769291632,1,Frozen specification,,,Unavailable,,,Unavailable,1
Bulgaria,BGR,2018,2019,Aminoglycosides,28.363636363636363,24.431818181818183,352.0,30.69742594624242,28.363636363636363,-6.265607764424235,-3.93181818181818,1,Frozen specification,,,Unavailable,,,Unavailable,1
Bulgaria,BGR,2018,2019,Aminopenicillins,66.55052264808363,63.35227272727273,352.0,69.04248943215119,66.55052264808363,-5.690216704878459,-3.198249920810902,1,Frozen specification,,,Unavailable,,,Unavailable,1
Bulgaria,BGR,2018,2019,Carbapenems,1.36986301369863,0.0,352.0,1.256980183154749,1.36986301369863,-1.256980183154749,-1.36986301369863,1,Frozen specification,,,Unavailable,,,Unavailable,1
Bulgaria,BGR,2018,2019,Fluoroquinolones,41.78082191780822,38.63636363636363,352.0,41.35273405883272,41.78082191780822,-2.7163704224690832,-3.144458281444585,1,Frozen specification,,,Unavailable,,,Unavailable,1
Bulgaria,BGR,2018,2019,Third-generation cephalosporins,38.6986301369863,38.63636363636363,352.0,38.82432778325656,38.6986301369863,-0.1879641468929236,-0.0622665006226696,1,Frozen specification,,,Unavailable,,,Unavailable,1
Cyprus,CYP,2018,2019,Aminoglycosides,19.86754966887417,10.869565217391305,92.0,19.73614303202241,19.86754966887417,-8.86657781463111,-8.997984451482864,1,Frozen specification,,,Unavailable,,,Unavailable,1
Cyprus,CYP,2018,2019,Aminopenicillins,64.90066225165563,71.73913043478261,92.0,64.66560571116084,64.90066225165563,7.073524723621773,6.838468183126977,1,Frozen specification,,,Unavailable,,,Unavailable,1
Cyprus,CYP,2018,2019,Carbapenems,2.0,0.0,92.0,1.8224068969526108,2.0,-1.8224068969526108,-2.0,1,Frozen specification,,,Unavailable,,,Unavailable,1
Cyprus,CYP,2018,2019,Fluoroquinolones,42.3841059602649,43.47826086956522,92.0,42.57181100103058,42.3841059602649,0.9064498685346364,1.0941549093003218,1,Frozen specification,,,Unavailable,,,Unavailable,1
Cyprus,CYP,2018,2019,Third-generation cephalosporins,37.086092715231786,20.65217391304348,92.0,34.10513498061743,37.086092715231786,-13.452961067573948,-16.433918802188305,1,Frozen specification,,,Unavailable,,,Unavailable,1
Czechia,CZE,2018,2019,Aminoglycosides,9.470216854241013,11.407698791795449,3559.0,10.014178935399787,9.470216854241013,1.3935198563956614,1.937481937554436,1,Frozen specification,,,Unavailable,,,Unavailable,1
Czechia,CZE,2018,2019,Aminopenicillins,54.2032967032967,54.61192350956131,3556.0,53.478890489162495,54.2032967032967,1.1330330203988126,0.408626806264607,1,Frozen specification,,,Unavailable,,,Unavailable,1
Czechia,CZE,2018,2019,Carbapenems,0.0570776255707762,0.0,1689.0,0.1455214954161832,0.0570776255707762,-0.1455214954161832,-0.0570776255707762,1,Frozen specification,,,Unavailable,,,Unavailable,1
Czechia,CZE,2018,2019,Fluoroquinolones,24.271577789994502,23.04445694991559,3554.0,24.95786274545112,24.271577789994502,-1.913405795535532,-1.2271208400789142,1,Frozen specification,,,Unavailable,,,Unavailable,1
Czechia,CZE,2018,2019,Third-generation cephalosporins,15.21560010985993,15.912285633961202,3557.0,15.13680434325901,15.21560010985993,0.7754812907021922,0.696685524101273,1,Frozen specification,,,Unavailable,,,Unavailable,1
Germany,DEU,2018,2019,Aminoglycosides,6.87806230932791,8.316659417137886,22990.0,6.215408878206272,6.87806230932791,2.1012505389316143,1.4385971078099766,1,Frozen specification,,,Unavailable,,,Unavailable,1
Germany,DEU,2018,2019,Aminopenicillins,49.22988340290773,48.66232207168581,23324.0,48.11944814749155,49.22988340290773,0.5428739241942537,-0.5675613312219241,1,Frozen specification,,,Unavailable,,,Unavailable,1
Germany,DEU,2018,2019,Carbapenems,0.0182174249669809,0.0128254456842375,23391.0,0.0,0.0182174249669809,0.0128254456842375,-0.0053919792827434,1,Frozen specification,,,Unavailable,,,Unavailable,1
Germany,DEU,2018,2019,Fluoroquinolones,19.82876400400765,17.532300847095062,23374.0,19.777087688466445,19.82876400400765,-2.2447868413713827,-2.296463156912587,1,Frozen specification,,,Unavailable,,,Unavailable,1
Germany,DEU,2018,2019,Third-generation cephalosporins,12.197007594706443,11.506428052791184,23413.0,11.8881056557878,12.197007594706443,-0.381677602996616,-0.6905795419152589,1,Frozen specification,,,Unavailable,,,Unavailable,1
Denmark,DNK,2018,2019,Aminoglycosides,5.7481921008715,5.4652616538667615,5599.0,5.234166174398968,5.7481921008715,0.2310954794677933,-0.2829304470047384,1,Frozen specification,,,Unavailable,,,Unavailable,1
Denmark,DNK,2018,2019,Aminopenicillins,45.95950213635519,46.30788485607009,5593.0,45.73533130693324,45.95950213635519,0.572553549136849,0.3483827197148983,1,Frozen specification,,,Unavailable,,,Unavailable,1
Denmark,DNK,2018,2019,Carbapenems,0.0,0.0717231486462255,5577.0,0.0,0.0,0.0717231486462255,0.0717231486462255,1,Frozen specification,,,Unavailable,,,Unavailable,1
Denmark,DNK,2018,2019,Fluoroquinolones,13.256591162272558,11.471900089206066,5605.0,13.211858639787735,13.256591162272558,-1.7399585505816688,-1.784691073066492,1,Frozen specification,,,Unavailable,,,Unavailable,1
Denmark,DNK,2018,2019,Third-generation cephalosporins,7.65570039313056,7.542722451384797,5091.0,7.509174778198226,7.65570039313056,0.0335476731865709,-0.112977941745763,1,Frozen specification,,,Unavailable,,,Unavailable,1
Spain,ESP,2018,2019,Aminoglycosides,14.12165572942958,13.559730250481696,8304.0,13.691462014901752,14.12165572942958,-0.1317317644200564,-0.5619254789478845,1,Frozen specification,,,Unavailable,,,Unavailable,1
Spain,ESP,2018,2019,Aminopenicillins,62.92933280694828,61.20546545779594,7831.0,61.74850994709469,62.92933280694828,-0.5430444892987509,-1.7238673491523429,1,Frozen specification,,,Unavailable,,,Unavailable,1
Spain,ESP,2018,2019,Carbapenems,0.0378596668349318,1.9410496046010064,8346.0,0.0006996688706415,0.0378596668349318,1.9403499357303648,1.9031899377660744,1,Frozen specification,,,Unavailable,,,Unavailable,1
Spain,ESP,2018,2019,Fluoroquinolones,32.11659663865546,29.52880859375,8192.0,31.930621419595,32.11659663865546,-2.401812825844996,-2.5877880449054587,1,Frozen specification,,,Unavailable,,,Unavailable,1
Spain,ESP,2018,2019,Third-generation cephalosporins,13.757415120535152,14.116237267825046,8345.0,14.125828972165912,13.757415120535152,-0.0095917043408668,0.358822147289894,1,Frozen specification,,,Unavailable,,,Unavailable,1
Estonia,EST,2018,2019,Aminoglycosides,6.24263839811543,5.2921719955898565,907.0,5.894194356337682,6.24263839811543,-0.6020223607478252,-0.9504664025255734,1,Frozen specification,,,Unavailable,,,Unavailable,1
Estonia,EST,2018,2019,Aminopenicillins,43.54485776805252,42.08416833667334,499.0,45.26329654030079,43.54485776805252,-3.1791282036274424,-1.4606894313791798,1,Frozen specification,,,Unavailable,,,Unavailable,1
Estonia,EST,2018,2019,Carbapenems,0.0,0.0,800.0,0.0,0.0,0.0,0.0,1,Frozen specification,,,Unavailable,,,Unavailable,1
Estonia,EST,2018,2019,Fluoroquinolones,17.61158021712907,17.05685618729097,897.0,17.311329540431295,17.61158021712907,-0.2544733531403267,-0.554724029838102,1,Frozen specification,,,Unavailable,,,Unavailable,1
Estonia,EST,2018,2019,Third-generation cephalosporins,9.764705882352942,11.538461538461538,910.0,9.54735597147355,9.764705882352942,1.991105566987988,1.7737556561085963,1,Frozen specification,,,Unavailable,,,Unavailable,1
Finland,FIN,2018,2019,Aminoglycosides,4.257528556593977,4.787749563868966,5159.0,3.969248837955174,4.257528556593977,0.8185007259137924,0.5302210072749896,1,Frozen specification,,,Unavailable,,,Unavailable,1
Finland,FIN,2018,2019,Aminopenicillins,35.34675615212528,35.5,3000.0,35.909457808141894,35.34675615212528,-0.4094578081418945,0.1532438478747195,1,Frozen specification,,,Unavailable,,,Unavailable,1
Finland,FIN,2018,2019,Carbapenems,0.0197745699031046,0.018758206715438,5331.0,0.0,0.0197745699031046,0.018758206715438,-0.0010163631876666,1,Frozen specification,,,Unavailable,,,Unavailable,1
Finland,FIN,2018,2019,Fluoroquinolones,11.481261154074955,11.44177449168207,5410.0,11.859647632330592,11.481261154074955,-0.4178731406485223,-0.0394866623928855,1,Frozen specification,,,Unavailable,,,Unavailable,1
Finland,FIN,2018,2019,Third-generation cephalosporins,7.609561752988048,7.8514686864954735,5413.0,7.3189168395315,7.609561752988048,0.5325518469639734,0.2419069335074253,1,Frozen specification,,,Unavailable,,,Unavailable,1
France,FRA,2018,2019,Aminoglycosides,7.39233086379549,7.012868346912359,13133.0,7.175172778347898,7.39233086379549,-0.1623044314355386,-0.3794625168831302,1,Frozen specification,,,Unavailable,,,Unavailable,1
France,FRA,2018,2019,Aminopenicillins,55.6122042539632,54.468878121505774,13415.0,54.86482704410443,55.6122042539632,-0.3959489225986559,-1.1433261324574246,1,Frozen specification,,,Unavailable,,,Unavailable,1
France,FRA,2018,2019,Carbapenems,0.048390999274135,0.0474833808167141,12636.0,0.0,0.048390999274135,0.0474833808167141,-0.0009076184574209,1,Frozen specification,,,Unavailable,,,Unavailable,1
France,FRA,2018,2019,Fluoroquinolones,16.322430282086312,15.97051597051597,13431.0,16.621391789062855,16.322430282086312,-0.6508758185468846,-0.3519143115703418,1,Frozen specification,,,Unavailable,,,Unavailable,1
France,FRA,2018,2019,Third-generation cephalosporins,9.592516251783731,8.848605883708426,13019.0,10.425241809501024,9.592516251783731,-1.5766359257925977,-0.743910368075305,1,Frozen specification,,,Unavailable,,,Unavailable,1
Greece,GRC,2018,2019,Aminoglycosides,15.492957746478874,12.935323383084578,201.0,15.614303767388744,15.492957746478874,-2.6789803843041664,-2.557634363394296,1,Frozen specification,,,Unavailable,,,Unavailable,1
Greece,GRC,2018,2019,Aminopenicillins,57.54847645429363,57.142857142857146,154.0,56.59541261497843,57.54847645429363,0.5474445278787172,-0.4056193114364816,1,Frozen specification,,,Unavailable,,,Unavailable,1
Greece,GRC,2018,2019,Carbapenems,1.0365853658536586,0.9852216748768472,203.0,1.1586394340083253,1.0365853658536586,-0.173417759131478,-0.0513636909768113,1,Frozen specification,,,Unavailable,,,Unavailable,1
Greece,GRC,2018,2019,Fluoroquinolones,30.778663396689147,29.55665024630542,203.0,31.31684231157177,30.778663396689147,-1.7601920652663523,-1.2220131503837273,1,Frozen specification,,,Unavailable,,,Unavailable,1
Greece,GRC,2018,2019,Third-generation cephalosporins,19.32926829268293,18.94736842105263,190.0,19.110326814619093,19.32926829268293,-0.1629583935664627,-0.3818998716302992,1,Frozen specification,,,Unavailable,,,Unavailable,1
Croatia,HRV,2018,2019,Aminoglycosides,14.87603305785124,14.838129496402878,1112.0,15.031873407253856,14.87603305785124,-0.1937439108509764,-0.0379035614483616,1,Frozen specification,,,Unavailable,,,Unavailable,1
Croatia,HRV,2018,2019,Aminopenicillins,57.74299835255354,57.12996389891697,1108.0,57.29037838954032,57.74299835255354,-0.1604144906233529,-0.6130344536365726,1,Frozen specification,,,Unavailable,,,Unavailable,1
Croatia,HRV,2018,2019,Carbapenems,0.0,0.1834862385321101,1090.0,0.0,0.0,0.1834862385321101,0.1834862385321101,1,Frozen specification,,,Unavailable,,,Unavailable,1
Croatia,HRV,2018,2019,Fluoroquinolones,30.025020850708923,27.25631768953069,1108.0,29.26773800905066,30.025020850708923,-2.0114203195199707,-2.768703161178234,1,Frozen specification,,,Unavailable,,,Unavailable,1
Croatia,HRV,2018,2019,Third-generation cephalosporins,14.811643835616438,15.944700460829493,1085.0,15.65330371459286,14.811643835616438,0.291396746236634,1.1330566252130545,1,Frozen specification,,,Unavailable,,,Unavailable,1
Hungary,HUN,2018,2019,Aminoglycosides,17.402826855123674,15.719618415595187,2411.0,15.908113515086855,17.402826855123674,-0.1884950994916696,-1.683208439528487,1,Frozen specification,,,Unavailable,,,Unavailable,1
Hungary,HUN,2018,2019,Aminopenicillins,62.71626297577855,59.289039356749896,2363.0,60.67284676175464,62.71626297577855,-1.3838074050047453,-3.427223619028652,1,Frozen specification,,,Unavailable,,,Unavailable,1
Hungary,HUN,2018,2019,Carbapenems,0.0,0.0,2326.0,0.0,0.0,0.0,0.0,1,Frozen specification,,,Unavailable,,,Unavailable,1
Hungary,HUN,2018,2019,Fluoroquinolones,33.24873096446701,30.316930775646373,2398.0,31.79238373174441,33.24873096446701,-1.4754529560980352,-2.931800188820634,1,Frozen specification,,,Unavailable,,,Unavailable,1
Hungary,HUN,2018,2019,Third-generation cephalosporins,22.616033755274263,20.596767509324494,2413.0,21.42748904881045,22.616033755274263,-0.8307215394859604,-2.019266245949769,1,Frozen specification,,,Unavailable,,,Unavailable,1
Ireland,IRL,2018,2019,Aminoglycosides,11.735639283508338,11.757425742574258,3232.0,11.04182820148952,11.735639283508338,0.7155975410847386,0.02178645906592,1,Frozen specification,,,Unavailable,,,Unavailable,1
Ireland,IRL,2018,2019,Aminopenicillins,67.62434352795799,67.54139331458919,3201.0,67.14012891596917,67.62434352795799,0.4012643986200146,-0.0829502133688038,1,Frozen specification,,,Unavailable,,,Unavailable,1
Ireland,IRL,2018,2019,Carbapenems,0.0,0.0,3229.0,0.0,0.0,0.0,0.0,1,Frozen specification,,,Unavailable,,,Unavailable,1
Ireland,IRL,2018,2019,Fluoroquinolones,23.903644224830146,20.35370772572137,3223.0,23.61925345761385,23.903644224830146,-3.2655457318924803,-3.5499364991087745,1,Frozen specification,,,Unavailable,,,Unavailable,1
Ireland,IRL,2018,2019,Third-generation cephalosporins,12.882298424467098,12.070566388115134,3231.0,12.537979429784958,12.882298424467098,-0.4674130416698236,-0.8117320363519642,1,Frozen specification,,,Unavailable,,,Unavailable,1
Iceland,ISL,2018,2019,Aminoglycosides,6.091370558375634,4.6875,256.0,5.753894371765552,6.091370558375634,-1.0663943717655524,-1.403870558375634,1,Frozen specification,,,Unavailable,,,Unavailable,1
Iceland,ISL,2018,2019,Aminopenicillins,48.98989898989899,52.52918287937743,257.0,46.82526213942505,48.98989898989899,5.70392073995238,3.5392838894784404,1,Frozen specification,,,Unavailable,,,Unavailable,1
Iceland,ISL,2018,2019,Carbapenems,0.0,0.0,2.0,0.8814028360129349,0.0,-0.8814028360129349,0.0,1,Frozen specification,,,Unavailable,,,Unavailable,1
Iceland,ISL,2018,2019,Fluoroquinolones,17.1875,13.095238095238097,252.0,15.881623473931864,17.1875,-2.786385378693767,-4.092261904761903,1,Frozen specification,,,Unavailable,,,Unavailable,1
Iceland,ISL,2018,2019,Third-generation cephalosporins,8.080808080808081,7.003891050583658,257.0,7.955150637503653,8.080808080808081,-0.9512595869199956,-1.0769170302244238,1,Frozen specification,,,Unavailable,,,Unavailable,1
Italy,ITA,2018,2019,Aminoglycosides,16.043016162505502,15.906865411815907,18382.0,16.902069095750903,16.043016162505502,-0.9952036839349958,-0.1361507506895947,1,Frozen specification,,,Unavailable,,,Unavailable,1
Italy,ITA,2018,2019,Aminopenicillins,64.4763042612505,68.11756787076509,4457.0,64.3510743154807,64.4763042612505,3.766493555284384,3.641263609514581,1,Frozen specification,,,Unavailable,,,Unavailable,1
Italy,ITA,2018,2019,Carbapenems,0.3688842868237121,0.3804284209294159,17086.0,0.3090251169109983,0.3688842868237121,0.0714033040184176,0.0115441341057038,1,Frozen specification,,,Unavailable,,,Unavailable,1
Italy,ITA,2018,2019,Fluoroquinolones,41.6630306052484,40.63093880653744,18417.0,42.15594256598688,41.6630306052484,-1.525003759449433,-1.032091798710958,1,Frozen specification,,,Unavailable,,,Unavailable,1
Italy,ITA,2018,2019,Third-generation cephalosporins,28.69624069402572,30.865337606605465,18409.0,28.67202438691944,28.69624069402572,2.193313219686029,2.169096912579743,1,Frozen specification,,,Unavailable,,,Unavailable,1
Lithuania,LTU,2018,2019,Aminoglycosides,7.887579329102448,7.617360496014172,1129.0,8.086896005342256,7.887579329102448,-0.4695355093280842,-0.2702188330882764,1,Frozen specification,,,Unavailable,,,Unavailable,1
Lithuania,LTU,2018,2019,Aminopenicillins,58.95117540687161,59.07883082373783,1129.0,57.98508551084719,58.95117540687161,1.093745312890647,0.1276554168662187,1,Frozen specification,,,Unavailable,,,Unavailable,1
Lithuania,LTU,2018,2019,Carbapenems,0.0,0.17825311942959,1122.0,0.0,0.0,0.17825311942959,0.17825311942959,1,Frozen specification,,,Unavailable,,,Unavailable,1
Lithuania,LTU,2018,2019,Fluoroquinolones,19.65579710144928,17.980513728963686,1129.0,21.896537764571782,19.65579710144928,-3.916024035608096,-1.675283372485595,1,Frozen specification,,,Unavailable,,,Unavailable,1
Lithuania,LTU,2018,2019,Third-generation cephalosporins,15.32912533814247,13.869257950530036,1132.0,15.967752311641718,15.32912533814247,-2.098494361111681,-1.4598673876124335,1,Frozen specification,,,Unavailable,,,Unavailable,1
Luxembourg,LUX,2018,2019,Aminoglycosides,7.328605200945627,10.16260162601626,492.0,8.173912991707834,7.328605200945627,1.988688634308426,2.833996425070633,1,Frozen specification,,,Unavailable,,,Unavailable,1
Luxembourg,LUX,2018,2019,Aminopenicillins,55.23809523809524,57.52032520325204,492.0,55.47966227570906,55.23809523809524,2.040662927542982,2.2822299651568017,1,Frozen specification,,,Unavailable,,,Unavailable,1
Luxembourg,LUX,2018,2019,Carbapenems,0.0,0.6097560975609756,492.0,0.0,0.0,0.6097560975609756,0.6097560975609756,1,Frozen specification,,,Unavailable,,,Unavailable,1
Luxembourg,LUX,2018,2019,Fluoroquinolones,21.770334928229666,20.528455284552845,492.0,23.48845647354204,21.770334928229666,-2.960001188989196,-1.2418796436768211,1,Frozen specification,,,Unavailable,,,Unavailable,1
Luxembourg,LUX,2018,2019,Third-generation cephalosporins,12.5,12.601626016260164,492.0,12.342343363158834,12.5,0.2592826531013301,0.1016260162601643,1,Frozen specification,,,Unavailable,,,Unavailable,1
Latvia,LVA,2018,2019,Aminoglycosides,8.908045977011493,11.590909090909092,440.0,11.392457965304722,8.908045977011493,0.1984511256043699,2.6828631138975982,1,Frozen specification,,,Unavailable,,,Unavailable,1
Latvia,LVA,2018,2019,Aminopenicillins,56.19596541786744,57.76255707762557,438.0,57.13872563582085,56.19596541786744,0.6238314418047253,1.5665916597581315,1,Frozen specification,,,Unavailable,,,Unavailable,1
Latvia,LVA,2018,2019,Carbapenems,0.0,0.0,439.0,0.4325409251913719,0.0,-0.4325409251913719,0.0,1,Frozen specification,,,Unavailable,,,Unavailable,1
Latvia,LVA,2018,2019,Fluoroquinolones,24.127906976744185,24.8868778280543,442.0,27.22024785377378,24.127906976744185,-2.333370025719482,0.7589708513101137,1,Frozen specification,,,Unavailable,,,Unavailable,1
Latvia,LVA,2018,2019,Third-generation cephalosporins,20.40229885057472,19.68325791855204,442.0,21.84720393439684,20.40229885057472,-2.163946015844793,-0.7190409320226792,1,Frozen specification,,,Unavailable,,,Unavailable,1
Malta,MLT,2018,2019,Aminoglycosides,9.939759036144578,9.939759036144578,332.0,9.992488814446824,9.939759036144578,-0.0527297783022469,0.0,1,Frozen specification,,,Unavailable,,,Unavailable,1
Malta,MLT,2018,2019,Aminopenicillins,59.63855421686747,64.75903614457832,332.0,59.18570373297247,59.63855421686747,5.573332411605847,5.120481927710848,1,Frozen specification,,,Unavailable,,,Unavailable,1
Malta,MLT,2018,2019,Carbapenems,0.0,0.0,332.0,0.0,0.0,0.0,0.0,1,Frozen specification,,,Unavailable,,,Unavailable,1
Malta,MLT,2018,2019,Fluoroquinolones,41.86746987951807,40.06024096385542,332.0,41.5197891133929,41.86746987951807,-1.459548149537483,-1.807228915662648,1,Frozen specification,,,Unavailable,,,Unavailable,1
Malta,MLT,2018,2019,Third-generation cephalosporins,15.36144578313253,17.46987951807229,332.0,15.520179193598004,15.36144578313253,1.9497003244742857,2.1084337349397604,1,Frozen specification,,,Unavailable,,,Unavailable,1
Netherlands,NLD,2018,2019,Aminoglycosides,6.308157099697885,6.985344473359814,7301.0,5.875759358165038,6.308157099697885,1.1095851151947764,0.6771873736619289,1,Frozen specification,,,Unavailable,,,Unavailable,1
Netherlands,NLD,2018,2019,Aminopenicillins,45.95019342359768,45.391042322969454,7301.0,45.97936020922717,45.95019342359768,-0.5883178862577196,-0.5591511006282275,1,Frozen specification,,,Unavailable,,,Unavailable,1
Netherlands,NLD,2018,2019,Carbapenems,0.0120889748549323,0.0,7299.0,0.0,0.0120889748549323,0.0,-0.0120889748549323,1,Frozen specification,,,Unavailable,,,Unavailable,1
Netherlands,NLD,2018,2019,Fluoroquinolones,14.708726130045926,14.565634420389149,7298.0,14.968411184397148,14.708726130045926,-0.4027767640079993,-0.1430917096567778,1,Frozen specification,,,Unavailable,,,Unavailable,1
Netherlands,NLD,2018,2019,Third-generation cephalosporins,7.315598548972188,7.52054794520548,7300.0,7.434012949706581,7.315598548972188,0.0865349954988987,0.2049493962332915,1,Frozen specification,,,Unavailable,,,Unavailable,1
Norway,NOR,2018,2019,Aminoglycosides,5.747422680412371,5.596465390279823,4074.0,5.716595798574209,5.747422680412371,-0.1201304082943863,-0.1509572901325482,1,Frozen specification,,,Unavailable,,,Unavailable,1
Norway,NOR,2018,2019,Aminopenicillins,42.29381443298969,40.96267190569745,4072.0,42.81623115700364,42.29381443298969,-1.8535592513061945,-1.3311425272922437,1,Frozen specification,,,Unavailable,,,Unavailable,1
Norway,NOR,2018,2019,Carbapenems,0.0257798401649909,0.0495049504950495,4040.0,0.0,0.0257798401649909,0.0495049504950495,0.0237251103300586,1,Frozen specification,,,Unavailable,,,Unavailable,1
Norway,NOR,2018,2019,Fluoroquinolones,12.870776373484652,11.258603736479843,4068.0,13.390048229014988,12.870776373484652,-2.131444492535145,-1.612172637004809,1,Frozen specification,,,Unavailable,,,Unavailable,1
Norway,NOR,2018,2019,Third-generation cephalosporins,6.754318123227636,6.184049079754601,4075.0,6.702854323471232,6.754318123227636,-0.5188052437166313,-0.5702690434730346,1,Frozen specification,,,Unavailable,,,Unavailable,1
Poland,POL,2018,2019,Aminoglycosides,15.108207431604736,12.62433052792655,2614.0,14.029332693888058,15.108207431604736,-1.405002165961509,-2.483876903678187,1,Frozen specification,,,Unavailable,,,Unavailable,1
Poland,POL,2018,2019,Aminopenicillins,64.26966292134831,61.60287081339713,836.0,64.13822897810104,64.26966292134831,-2.535358164703908,-2.6667921079511814,1,Frozen specification,,,Unavailable,,,Unavailable,1
Poland,POL,2018,2019,Carbapenems,0.12,0.0,2683.0,0.0,0.12,0.0,-0.12,1,Frozen specification,,,Unavailable,,,Unavailable,1
Poland,POL,2018,2019,Fluoroquinolones,34.67082197117257,33.01852524518707,2753.0,34.571112735156134,34.67082197117257,-1.5525874899690637,-1.6522967259855008,1,Frozen specification,,,Unavailable,,,Unavailable,1
Poland,POL,2018,2019,Third-generation cephalosporins,17.595419847328245,17.12450945415626,2803.0,17.039951029354185,17.595419847328245,0.0845584248020756,-0.4709103931719838,1,Frozen specification,,,Unavailable,,,Unavailable,1
Portugal,PRT,2018,2019,Aminoglycosides,12.15450643776824,12.056627255756068,6428.0,11.577062629062668,12.15450643776824,0.479564626693401,-0.0978791820121731,1,Frozen specification,,,Unavailable,,,Unavailable,1
Portugal,PRT,2018,2019,Aminopenicillins,55.06361323155216,58.53699646047531,5933.0,55.385198989818846,55.06361323155216,3.151797470656461,3.473383228923147,1,Frozen specification,,,Unavailable,,,Unavailable,1
Portugal,PRT,2018,2019,Carbapenems,0.5347593582887701,0.0627746390458254,6372.0,0.0,0.5347593582887701,0.0627746390458254,-0.4719847192429446,1,Frozen specification,,,Unavailable,,,Unavailable,1
Portugal,PRT,2018,2019,Fluoroquinolones,25.460122699386503,26.46555745607215,6431.0,26.41002600287655,25.460122699386503,0.0555314531956021,1.0054347566856483,1,Frozen specification,,,Unavailable,,,Unavailable,1
Portugal,PRT,2018,2019,Third-generation cephalosporins,14.708382928073457,16.103286384976524,6390.0,15.025671728573588,14.708382928073457,1.077614656402936,1.3949034569030676,1,Frozen specification,,,Unavailable,,,Unavailable,1
Romania,ROU,2018,2019,Aminoglycosides,12.788906009244991,11.616161616161616,594.0,14.07623918076984,12.788906009244991,-2.460077564608225,-1.1727443930833754,1,Frozen specification,,,Unavailable,,,Unavailable,1
Romania,ROU,2018,2019,Aminopenicillins,62.17712177121771,63.01115241635688,538.0,64.55325786203753,62.17712177121771,-1.5421054456806471,0.8340306451391655,1,Frozen specification,,,Unavailable,,,Unavailable,1
Romania,ROU,2018,2019,Carbapenems,0.0,0.6006006006006006,666.0,0.6623888681231342,0.0,-0.0617882675225336,0.6006006006006006,1,Frozen specification,,,Unavailable,,,Unavailable,1
Romania,ROU,2018,2019,Fluoroquinolones,29.102167182662537,28.287461773700304,654.0,28.918482680158554,29.102167182662537,-0.6310209064582502,-0.814705408962233,1,Frozen specification,,,Unavailable,,,Unavailable,1
Romania,ROU,2018,2019,Third-generation cephalosporins,20.18348623853211,20.33132530120482,664.0,21.13367269560868,20.18348623853211,-0.8023473944038599,0.147839062672709,1,Frozen specification,,,Unavailable,,,Unavailable,1
Slovakia,SVK,2018,2019,Aminoglycosides,21.5686274509804,16.646989374262102,847.0,21.25705602808248,21.5686274509804,-4.610066653820379,-4.921638076718299,1,Frozen specification,,,Unavailable,,,Unavailable,1
Slovakia,SVK,2018,2019,Aminopenicillins,61.73733195449845,57.83274440518257,849.0,61.80711852386449,61.73733195449845,-3.974374118681922,-3.9045875493158846,1,Frozen specification,,,Unavailable,,,Unavailable,1
Slovakia,SVK,2018,2019,Carbapenems,0.0,0.1273885350318471,785.0,0.0967913543237912,0.0,0.0305971807080558,0.1273885350318471,1,Frozen specification,,,Unavailable,,,Unavailable,1
Slovakia,SVK,2018,2019,Fluoroquinolones,42.10526315789474,34.0,850.0,41.62874394702367,42.10526315789474,-7.628743947023665,-8.10526315789474,1,Frozen specification,,,Unavailable,,,Unavailable,1
Slovakia,SVK,2018,2019,Third-generation cephalosporins,30.11305241521069,23.04964539007092,846.0,29.75851891858949,30.11305241521069,-6.708873528518573,-7.063407025139767,1,Frozen specification,,,Unavailable,,,Unavailable,1
Slovenia,SVN,2018,2019,Aminoglycosides,9.412470023980816,7.826086956521739,1610.0,9.831488227993564,9.412470023980816,-2.005401271471825,-1.586383067459077,1,Frozen specification,,,Unavailable,,,Unavailable,1
Slovenia,SVN,2018,2019,Aminopenicillins,53.47721822541966,51.67701863354037,1610.0,53.46348986915062,53.47721822541966,-1.78647123561025,-1.8001995918792917,1,Frozen specification,,,Unavailable,,,Unavailable,1
Slovenia,SVN,2018,2019,Carbapenems,0.0,0.0,1610.0,0.0,0.0,0.0,0.0,1,Frozen specification,,,Unavailable,,,Unavailable,1
Slovenia,SVN,2018,2019,Fluoroquinolones,22.78177458033573,19.006211180124225,1610.0,23.86882171250612,22.78177458033573,-4.862610532381897,-3.775563400211503,1,Frozen specification,,,Unavailable,,,Unavailable,1
Slovenia,SVN,2018,2019,Third-generation cephalosporins,11.33093525179856,9.813664596273291,1610.0,12.08508382206793,11.33093525179856,-2.271419225794638,-1.5172706555252695,1,Frozen specification,,,Unavailable,,,Unavailable,1
Sweden,SWE,2018,2019,Aminoglycosides,7.735217552993678,6.014877789585547,9410.0,6.850641771827613,7.735217552993678,-0.8357639822420655,-1.7203397634081306,1,Frozen specification,,,Unavailable,,,Unavailable,1
Sweden,SWE,2018,2019,Carbapenems,0.0185597624350408,0.0212472113035164,9413.0,0.0,0.0185597624350408,0.0212472113035164,0.0026874488684756,1,Frozen specification,,,Unavailable,,,Unavailable,1
Sweden,SWE,2018,2019,Fluoroquinolones,18.055039047973224,15.852103697407564,9412.0,17.31761526269,18.055039047973224,-1.465511565282437,-2.20293535056566,1,Frozen specification,,,Unavailable,,,Unavailable,1
Sweden,SWE,2018,2019,Third-generation cephalosporins,8.330241187384045,7.824609831192271,9419.0,8.332659224044999,8.330241187384045,-0.5080493928527279,-0.505631356191774,1,Frozen specification,,,Unavailable,,,Unavailable,1
Austria,AUT,2019,2020,Aminoglycosides,6.948541461815798,6.246407357731366,5219.0,6.2892973144116,6.948541461815798,-0.0428899566802343,-0.7021341040844318,1,Frozen specification,4.017878088616962,8.560716540206238,Pooled earlier origins,0.5853765744592199,11.99321805436398,Pooled earlier origins,1
Austria,AUT,2019,2020,Aminopenicillins,46.27606752730884,45.998332638599415,4798.0,47.54515277235832,46.27606752730884,-1.5468201337589065,-0.2777348887094248,1,Frozen specification,45.27373354656368,49.81657199815296,Pooled earlier origins,41.84123203240594,53.2490735123107,Pooled earlier origins,1
Austria,AUT,2019,2020,Carbapenems,0.0,0.0972573429293911,5141.0,0.0,0.0,0.0972573429293911,0.0972573429293911,1,Frozen specification,0.0,2.271419225794638,Pooled earlier origins,0.0,5.70392073995238,Pooled earlier origins,1
Austria,AUT,2019,2020,Fluoroquinolones,18.213058419243985,17.345989205285687,5373.0,18.892045002665952,18.213058419243985,-1.5460557973802658,-0.867069213958299,1,Frozen specification,16.620625776871314,21.16346422846059,Pooled earlier origins,13.188124262713572,24.595965742618333,Pooled earlier origins,1
Austria,AUT,2019,2020,Third-generation cephalosporins,9.318702915165412,9.468005952380953,5376.0,9.165916502551877,9.318702915165412,0.3020894498290758,0.1493030372155406,1,Frozen specification,6.894497276757239,11.437335728346515,Pooled earlier origins,3.4619957625994964,14.869837242504257,Pooled earlier origins,1
Belgium,BEL,2019,2020,Aminoglycosides,6.909739928607853,7.467532467532467,4312.0,6.411779547942594,6.909739928607853,1.0557529195898736,0.5577925389246143,1,Frozen specification,4.140360322147956,8.683198773737232,Pooled earlier origins,0.7078588079902133,12.115700287894974,Pooled earlier origins,1
Belgium,BEL,2019,2020,Aminopenicillins,56.45653985004166,56.49787977051634,4009.0,55.07110968741412,56.45653985004166,1.4267700831022196,0.0413399204746838,1,Frozen specification,52.799690461619484,57.34252891320876,Pooled earlier origins,49.36718894746174,60.7750304273665,Pooled earlier origins,1
Belgium,BEL,2019,2020,Carbapenems,0.0509424350483953,0.0242365487154629,4126.0,0.0,0.0509424350483953,0.0242365487154629,-0.0267058863329324,1,Frozen specification,0.0,2.271419225794638,Pooled earlier origins,0.0,5.70392073995238,Pooled earlier origins,1
Belgium,BEL,2019,2020,Fluoroquinolones,19.05732484076433,18.078703703703702,4320.0,20.112061052807555,19.05732484076433,-2.033357349103852,-0.978621137060628,1,Frozen specification,17.840641827012917,22.383480278602192,Pooled earlier origins,14.408140312855174,25.815981792759935,Pooled earlier origins,1
Belgium,BEL,2019,2020,Third-generation cephalosporins,9.98221996443993,9.88425925925926,4320.0,9.43507534267139,9.98221996443993,0.4491839165878701,-0.0979607051806699,1,Frozen specification,7.163656116876751,11.706494568466027,Pooled earlier origins,3.731154602719009,15.13899608262377,Pooled earlier origins,1
Bulgaria,BGR,2019,2020,Aminoglycosides,24.431818181818183,34.24657534246575,219.0,26.00282152995513,24.431818181818183,8.243753812510619,9.81475716064757,1,Frozen specification,23.731402304160493,28.27424075574977,Pooled earlier origins,20.29890079000275,31.70674226990751,Pooled earlier origins,1
Bulgaria,BGR,2019,2020,Aminopenicillins,63.35227272727273,66.66666666666667,261.0,64.8125921755218,63.35227272727273,1.8540744911448712,3.3143939393939448,1,Frozen specification,62.54117294972716,67.08401140131645,Pooled earlier origins,59.10867143556942,70.51651291547418,Pooled earlier origins,1
Bulgaria,BGR,2019,2020,Carbapenems,0.0,0.7662835249042146,261.0,0.1056557506003876,0.0,0.6606277743038269,0.7662835249042146,1,Frozen specification,0.0,2.3770749763950256,Pooled earlier origins,0.0,5.809576490552768,Pooled earlier origins,1
Bulgaria,BGR,2019,2020,Fluoroquinolones,38.63636363636363,42.911877394636015,261.0,38.42437432478266,38.63636363636363,4.487503069853354,4.275513758272382,1,Frozen specification,36.15295509898802,40.6957935505773,Pooled earlier origins,32.72045358483028,44.12829506473504,Pooled earlier origins,1
Bulgaria,BGR,2019,2020,Third-generation cephalosporins,38.63636363636363,41.37931034482759,261.0,37.2933834952582,38.63636363636363,4.08592684956939,2.742946708463954,1,Frozen specification,35.02196426946356,39.564802721052835,Pooled earlier origins,31.589462755305817,42.99730423521058,Pooled earlier origins,1
Cyprus,CYP,2019,2020,Aminoglycosides,10.869565217391305,21.05263157894737,114.0,13.91167813997546,10.869565217391305,7.140953438971909,10.183066361556063,1,Frozen specification,11.640258914180823,16.1830973657701,Pooled earlier origins,8.20775740002308,19.61559887992784,Pooled earlier origins,1
Cyprus,CYP,2019,2020,Aminopenicillins,71.73913043478261,67.54385964912281,114.0,67.15983981620955,71.73913043478261,0.3840198329132533,-4.195270785659801,1,Frozen specification,64.88842059041491,69.4312590420042,Pooled earlier origins,61.455919076257175,72.86376055616194,Pooled earlier origins,1
Cyprus,CYP,2019,2020,Carbapenems,0.0,0.0,114.0,0.128691371280091,0.0,-0.128691371280091,0.0,1,Frozen specification,0.0,2.400110597074729,Pooled earlier origins,0.0,5.832612111232471,Pooled earlier origins,1
Cyprus,CYP,2019,2020,Fluoroquinolones,43.47826086956522,48.24561403508772,114.0,41.37505390044693,43.47826086956522,6.87056013464079,4.7673531655225005,1,Frozen specification,39.10363467465229,43.64647312624157,Pooled earlier origins,35.67113316049455,47.07897464039931,Pooled earlier origins,1
Cyprus,CYP,2019,2020,Third-generation cephalosporins,20.65217391304348,29.82456140350877,114.0,25.908682469693808,20.65217391304348,3.9158789338149615,9.17238749046529,1,Frozen specification,23.63726324389917,28.180101695488446,Pooled earlier origins,20.204761729741428,31.61260320964619,Pooled earlier origins,1
Czechia,CZE,2019,2020,Aminoglycosides,11.407698791795449,10.170056685561851,2999.0,9.871209942024937,11.407698791795449,0.2988467435369148,-1.2376421062335972,1,Frozen specification,7.599790716230299,12.142629167819575,Pooled earlier origins,4.167289202072556,15.575130681977317,Pooled earlier origins,1
Czechia,CZE,2019,2020,Aminopenicillins,54.61192350956131,52.652652652652655,2997.0,53.21491851281622,54.61192350956131,-0.5622658601635635,-1.9592708569086523,1,Frozen specification,50.94349928702158,55.48633773861086,Pooled earlier origins,47.51099777286384,58.9188392527686,Pooled earlier origins,1
Czechia,CZE,2019,2020,Carbapenems,0.0,0.1333333333333333,1500.0,0.0,0.0,0.1333333333333333,0.1333333333333333,1,Frozen specification,0.0,2.271419225794638,Pooled earlier origins,0.0,5.70392073995238,Pooled earlier origins,1
Czechia,CZE,2019,2020,Fluoroquinolones,23.04445694991559,20.18685352018685,2997.0,23.09299502064166,23.04445694991559,-2.906141500454808,-2.857603429728737,1,Frozen specification,20.82157579484702,25.364414246436297,Pooled earlier origins,17.38907428068928,28.79691576059404,Pooled earlier origins,1
Czechia,CZE,2019,2020,Third-generation cephalosporins,15.912285633961202,13.279946613279948,2997.0,14.941156737057932,15.912285633961202,-1.661210123777984,-2.632339020681254,1,Frozen specification,12.669737511263294,17.21257596285257,Pooled earlier origins,9.237235997105552,20.64507747701031,Pooled earlier origins,1
Germany,DEU,2019,2020,Aminoglycosides,8.316659417137886,7.50258074030379,27124.0,6.764801907740027,8.316659417137886,0.7377788325637624,-0.8140786768340966,1,Frozen specification,4.4933826819453895,9.036221133534665,Pooled earlier origins,1.060881167787647,12.468722647692408,Pooled earlier origins,1
Germany,DEU,2019,2020,Aminopenicillins,48.66232207168581,47.58210224253374,28227.0,47.80658765344833,48.66232207168581,-0.224485410914589,-1.080219829152064,1,Frozen specification,45.535168427653694,50.07800687924297,Pooled earlier origins,42.10266691349595,53.51050839340071,Pooled earlier origins,1
Germany,DEU,2019,2020,Carbapenems,0.0128254456842375,0.0175697519151029,28458.0,0.0,0.0128254456842375,0.0175697519151029,0.0047443062308654,1,Frozen specification,0.0,2.271419225794638,Pooled earlier origins,0.0,5.70392073995238,Pooled earlier origins,1
Germany,DEU,2019,2020,Fluoroquinolones,17.532300847095062,16.536595654925122,28446.0,18.00900881945887,17.532300847095062,-1.472413164533748,-0.9957051921699396,1,Frozen specification,15.737589593664232,20.280428045253508,Pooled earlier origins,12.30508807950649,23.71292955941125,Pooled earlier origins,1
Germany,DEU,2019,2020,Third-generation cephalosporins,11.506428052791184,10.358033800639472,28461.0,11.262662975722828,11.506428052791184,-0.9046291750833556,-1.1483942521517123,1,Frozen specification,8.99124374992819,13.534082201517466,Pooled earlier origins,5.558742235770447,16.966583715675206,Pooled earlier origins,1
Denmark,DNK,2019,2020,Aminoglycosides,5.4652616538667615,5.5366269165247015,5870.0,4.371056166599029,5.4652616538667615,1.1655707499256724,0.0713652626579399,1,Frozen specification,2.099636940804391,6.642475392393667,Pooled earlier origins,0.0,10.07497690655141,Pooled earlier origins,1
Denmark,DNK,2019,2020,Aminopenicillins,46.30788485607009,44.06548431105048,5864.0,45.74739735781725,46.30788485607009,-1.6819130467667662,-2.2424005450196063,1,Frozen specification,43.47597813202261,48.01881658361189,Pooled earlier origins,40.04347661786487,51.45131809776963,Pooled earlier origins,1
Denmark,DNK,2019,2020,Carbapenems,0.0717231486462255,0.1541095890410959,5840.0,0.0,0.0717231486462255,0.1541095890410959,0.0823864403948703,1,Frozen specification,0.0,2.271419225794638,Pooled earlier origins,0.0,5.70392073995238,Pooled earlier origins,1
Denmark,DNK,2019,2020,Fluoroquinolones,11.471900089206066,11.226575809199318,5870.0,11.674550439997454,11.471900089206066,-0.4479746307981358,-0.2453242800067485,1,Frozen specification,9.403131214202816,13.945969665792092,Pooled earlier origins,5.970629700045073,17.378471179949834,Pooled earlier origins,1
Denmark,DNK,2019,2020,Third-generation cephalosporins,7.542722451384797,6.696935300794552,5286.0,7.044327442486262,7.542722451384797,-0.34739214169171,-0.8457871505902448,1,Frozen specification,4.772908216691624,9.3157466682809,Pooled earlier origins,1.3404067025338815,12.748248182438642,Pooled earlier origins,1
Spain,ESP,2019,2020,Aminoglycosides,13.559730250481696,13.61604291735854,7829.0,12.472688436168871,13.559730250481696,1.1433544811896663,0.0563126668768436,1,Frozen specification,10.201269210374234,14.74410766196351,Pooled earlier origins,6.768767696216491,18.176609176121254,Pooled earlier origins,1
Spain,ESP,2019,2020,Aminopenicillins,61.20546545779594,57.62406431937899,7214.0,60.07925227124862,61.20546545779594,-2.4551879518696325,-3.5814011384169504,1,Frozen specification,57.80783304545398,62.35067149704326,Pooled earlier origins,54.37533153129624,65.783173011201,Pooled earlier origins,1
Spain,ESP,2019,2020,Carbapenems,1.9410496046010064,0.3695208970438328,7848.0,0.407159247731883,1.9410496046010064,-0.0376383506880502,-1.5715287075571736,1,Frozen specification,0.0,2.678578473526521,Pooled earlier origins,0.0,6.111079987684263,Pooled earlier origins,1
Spain,ESP,2019,2020,Fluoroquinolones,29.52880859375,28.606231568149763,7799.0,29.434528519940685,29.52880859375,-0.8282969517909216,-0.922577025600237,1,Frozen specification,27.163109294146047,31.705947745735322,Pooled earlier origins,23.730607779988304,35.138449259893065,Pooled earlier origins,1
Spain,ESP,2019,2020,Third-generation cephalosporins,14.116237267825046,14.075413223140496,7744.0,13.500886150732905,14.116237267825046,0.5745270724075926,-0.04082404468455,1,Frozen specification,11.229466924938267,15.772305376527543,Pooled earlier origins,7.796965410780524,19.204806890685283,Pooled earlier origins,1
Estonia,EST,2019,2020,Aminoglycosides,5.2921719955898565,5.475206611570248,968.0,4.878350463288772,5.2921719955898565,0.5968561482814758,0.1830346159803912,1,Frozen specification,2.606931237494134,7.14976968908341,Pooled earlier origins,0.0,10.582271203241152,Pooled earlier origins,1
Estonia,EST,2019,2020,Aminopenicillins,42.08416833667334,45.7345971563981,422.0,43.347394691124194,42.08416833667334,2.387202465273909,3.650428819724759,1,Frozen specification,41.075975465329556,45.61881391691883,Pooled earlier origins,37.64347395117181,49.051315431076574,Pooled earlier origins,1
Estonia,EST,2019,2020,Carbapenems,0.0,0.0,861.0,0.0,0.0,0.0,0.0,1,Frozen specification,0.0,2.271419225794638,Pooled earlier origins,0.0,5.70392073995238,Pooled earlier origins,1
Estonia,EST,2019,2020,Fluoroquinolones,17.05685618729097,14.077163712200209,959.0,16.85494279900219,17.05685618729097,-2.77777908680198,-2.97969247509076,1,Frozen specification,14.58352357320755,19.126362024796826,Pooled earlier origins,11.151022059049808,22.55886353895457,Pooled earlier origins,1
Estonia,EST,2019,2020,Third-generation cephalosporins,11.538461538461538,8.273748723186925,979.0,10.458951021325898,11.538461538461538,-2.1852022981389734,-3.264712815274613,1,Frozen specification,8.18753179553126,12.730370247120536,Pooled earlier origins,4.755030281373518,16.16287176127828,Pooled earlier origins,1
Finland,FIN,2019,2020,Aminoglycosides,4.787749563868966,5.713753954959985,5373.0,3.535616557758239,4.787749563868966,2.1781373972017466,0.926004391091019,1,Frozen specification,1.2641973319636008,5.807035783552877,Pooled earlier origins,0.0,9.23953729771062,Pooled earlier origins,1
Finland,FIN,2019,2020,Aminopenicillins,35.5,34.118852459016395,2928.0,35.50184084752746,35.5,-1.382988388511066,-1.381147540983605,1,Frozen specification,33.23042162173282,37.7732600733221,Pooled earlier origins,29.79792010757508,41.20576158747984,Pooled earlier origins,1
Finland,FIN,2019,2020,Carbapenems,0.018758206715438,0.0186046511627906,5375.0,0.0,0.018758206715438,0.0186046511627906,-0.0001535555526473,1,Frozen specification,0.0,2.271419225794638,Pooled earlier origins,0.0,5.70392073995238,Pooled earlier origins,1
Finland,FIN,2019,2020,Fluoroquinolones,11.44177449168207,10.534180052297348,5354.0,11.109891776045508,11.44177449168207,-0.5757117237481602,-0.907594439384722,1,Frozen specification,8.83847255025087,13.381311001840146,Pooled earlier origins,5.405971036093128,16.81381251599789,Pooled earlier origins,1
Finland,FIN,2019,2020,Third-generation cephalosporins,7.8514686864954735,7.173467486491522,5367.0,7.153057442207974,7.8514686864954735,0.0204100442835484,-0.6780012000039513,1,Frozen specification,4.881638216413336,9.424476668002612,Pooled earlier origins,1.4491367022555934,12.856978182160354,Pooled earlier origins,1
France,FRA,2019,2020,Aminoglycosides,7.012868346912359,6.662543573597211,17786.0,6.311516262123643,7.012868346912359,0.351027311473568,-0.3503247733151484,1,Frozen specification,4.040097036329005,8.58293548791828,Pooled earlier origins,0.6075955221712626,12.015437002076023,Pooled earlier origins,1
France,FRA,2019,2020,Aminopenicillins,54.468878121505774,53.89272377503678,17674.0,53.67267482451956,54.468878121505774,0.2200489505172171,-0.5761543464689964,1,Frozen specification,51.40125559872492,55.9440940503142,Pooled earlier origins,47.96875408456718,59.37659556447194,Pooled earlier origins,1
France,FRA,2019,2020,Carbapenems,0.0474833808167141,0.039242067496356,17838.0,0.0,0.0474833808167141,0.039242067496356,-0.008241313320358,1,Frozen specification,0.0,2.271419225794638,Pooled earlier origins,0.0,5.70392073995238,Pooled earlier origins,1
France,FRA,2019,2020,Fluoroquinolones,15.97051597051597,15.92439011255318,18569.0,15.677828581487612,15.97051597051597,0.2465615310655664,-0.0461258579627905,1,Frozen specification,13.406409355692974,17.949247807282248,Pooled earlier origins,9.973907841535231,21.38174932143999,Pooled earlier origins,1
France,FRA,2019,2020,Third-generation cephalosporins,8.848605883708426,9.46598080288487,18857.0,9.171756677076289,8.848605883708426,0.2942241258085811,0.6173749191764433,1,Frozen specification,6.900337451281651,11.443175902870927,Pooled earlier origins,3.4678359371239083,14.875677417028669,Pooled earlier origins,1
Greece,GRC,2019,2020,Aminoglycosides,12.935323383084578,18.683274021352315,562.0,12.624557534142433,12.935323383084578,6.058716487209882,5.747950638267737,1,Frozen specification,10.353138308347795,14.89597675993707,Pooled earlier origins,6.920636794190052,18.328478274094813,Pooled earlier origins,1
Greece,GRC,2019,2020,Aminopenicillins,57.142857142857146,55.53097345132744,452.0,54.97697301639624,57.142857142857146,0.5540004349311971,-1.6118836915297052,1,Frozen specification,52.7055537906016,57.248392242190874,Pooled earlier origins,49.273052276443856,60.68089375634862,Pooled earlier origins,1
Greece,GRC,2019,2020,Carbapenems,0.9852216748768472,0.5300353356890459,566.0,0.0,0.9852216748768472,0.5300353356890459,-0.4551863391878012,1,Frozen specification,0.0,2.271419225794638,Pooled earlier origins,0.0,5.70392073995238,Pooled earlier origins,1
Greece,GRC,2019,2020,Fluoroquinolones,29.55665024630542,32.743362831858406,565.0,28.614777595829786,29.55665024630542,4.12858523602862,3.1867125855529856,1,Frozen specification,26.343358370035148,30.886196821624424,Pooled earlier origins,22.910856855877405,34.318698335782166,Pooled earlier origins,1
Greece,GRC,2019,2020,Third-generation cephalosporins,18.94736842105263,21.8694885361552,567.0,17.619382102559175,18.94736842105263,4.250106433596024,2.922120115102569,1,Frozen specification,15.347962876764537,19.890801328353813,Pooled earlier origins,11.915461362606795,23.323302842511556,Pooled earlier origins,1
Croatia,HRV,2019,2020,Aminoglycosides,14.838129496402878,14.855072463768115,828.0,13.83891281576602,14.838129496402878,1.0161596480020965,0.016942967365237,1,Frozen specification,11.567493589971383,16.11033204156066,Pooled earlier origins,8.13499207581364,19.542833555718403,Pooled earlier origins,1
Croatia,HRV,2019,2020,Aminopenicillins,57.12996389891697,57.67835550181378,827.0,56.10986549299389,57.12996389891697,1.568490008819893,0.5483916028968139,1,Frozen specification,53.83844626719925,58.38128471878853,Pooled earlier origins,50.40594475304151,61.81378623294627,Pooled earlier origins,1
Croatia,HRV,2019,2020,Carbapenems,0.1834862385321101,0.0,820.0,0.0,0.1834862385321101,0.0,-0.1834862385321101,1,Frozen specification,0.0,2.271419225794638,Pooled earlier origins,0.0,5.70392073995238,Pooled earlier origins,1
Croatia,HRV,2019,2020,Fluoroquinolones,27.25631768953069,29.661016949152543,826.0,27.11973670764913,27.25631768953069,2.5412802415034115,2.4046992596218537,1,Frozen specification,24.84831748185449,29.391155933443766,Pooled earlier origins,21.415815967696748,32.823657447601505,Pooled earlier origins,1
Croatia,HRV,2019,2020,Third-generation cephalosporins,15.944700460829493,16.56590084643289,827.0,15.196991889672866,15.944700460829493,1.3689089567600234,0.6212003856033963,1,Frozen specification,12.925572663878228,17.468411115467504,Pooled earlier origins,9.493071149720485,20.900912629625246,Pooled earlier origins,1
Hungary,HUN,2019,2020,Aminoglycosides,15.719618415595187,16.68372569089048,1954.0,14.772744391019646,15.719618415595187,1.910981299870833,0.9641072752952926,1,Frozen specification,12.501325165225008,17.044163616814284,Pooled earlier origins,9.068823651067266,20.476665130972027,Pooled earlier origins,1
Hungary,HUN,2019,2020,Aminopenicillins,59.289039356749896,58.5920177383592,1804.0,58.74483943378287,59.289039356749896,-0.1528216954236683,-0.6970216183906928,1,Frozen specification,56.473420207988234,61.01625865957751,Pooled earlier origins,53.04091869383049,64.44876017373525,Pooled earlier origins,1
Hungary,HUN,2019,2020,Carbapenems,0.0,0.0,1917.0,0.0,0.0,0.0,0.0,1,Frozen specification,0.0,2.271419225794638,Pooled earlier origins,0.0,5.70392073995238,Pooled earlier origins,1
Hungary,HUN,2019,2020,Fluoroquinolones,30.316930775646373,30.337078651685392,1958.0,29.89575120612148,30.316930775646373,0.441327445563914,0.0201478760390187,1,Frozen specification,27.624331980326843,32.16717043191612,Pooled earlier origins,24.1918304661691,35.59967194607386,Pooled earlier origins,1
Hungary,HUN,2019,2020,Third-generation cephalosporins,20.596767509324494,20.13251783893985,1962.0,20.20812563128673,20.596767509324494,-0.0756077923468794,-0.4642496703846426,1,Frozen specification,17.936706405492092,22.47954485708137,Pooled earlier origins,14.50420489133435,25.91204637123911,Pooled earlier origins,1
Ireland,IRL,2019,2020,Aminoglycosides,11.757425742574258,10.635310635310637,2849.0,10.422023307598128,11.757425742574258,0.2132873277125089,-1.122115107263621,1,Frozen specification,8.15060408180349,12.693442533392766,Pooled earlier origins,4.718102567645747,16.125944047550508,Pooled earlier origins,1
Ireland,IRL,2019,2020,Aminopenicillins,67.54139331458919,65.01231960577262,2841.0,66.2038729163036,67.54139331458919,-1.1915533105309777,-2.5290737088165685,1,Frozen specification,63.93245369050896,68.47529214209823,Pooled earlier origins,60.499952176351215,71.90779365625598,Pooled earlier origins,1
Ireland,IRL,2019,2020,Carbapenems,0.0,0.0709219858156028,2820.0,0.0,0.0,0.0709219858156028,0.0709219858156028,1,Frozen specification,0.0,2.271419225794638,Pooled earlier origins,0.0,5.70392073995238,Pooled earlier origins,1
Ireland,IRL,2019,2020,Fluoroquinolones,20.35370772572137,18.88185654008439,2844.0,21.087866849010585,20.35370772572137,-2.206010308926196,-1.4718511856369825,1,Frozen specification,18.816447623215947,23.359286074805222,Pooled earlier origins,15.383946109058204,26.791787588962965,Pooled earlier origins,1
Ireland,IRL,2019,2020,Third-generation cephalosporins,12.070566388115134,11.824561403508772,2850.0,11.721712428914998,12.070566388115134,0.1028489745937744,-0.2460049846063619,1,Frozen specification,9.45029320312036,13.993131654709636,Pooled earlier origins,6.0177916889626175,17.42563316886738,Pooled earlier origins,1
Iceland,ISL,2019,2020,Aminoglycosides,4.6875,7.755102040816326,245.0,4.528713282505176,4.6875,3.22638875831115,3.0676020408163263,1,Frozen specification,2.2572940567105384,6.800132508299814,Pooled earlier origins,0.0,10.232634022457557,Pooled earlier origins,1
Iceland,ISL,2019,2020,Aminopenicillins,52.52918287937743,55.10204081632653,245.0,50.37597136229962,52.52918287937743,4.726069454026906,2.5728579369490987,1,Frozen specification,48.104552136504985,52.64739058809426,Pooled earlier origins,44.67205062234724,56.079892102252,Pooled earlier origins,1
Iceland,ISL,2019,2020,Carbapenems,0.0,0.0,245.0,0.0,0.0,0.0,0.0,1,Frozen specification,0.0,2.271419225794638,Pooled earlier origins,0.0,5.70392073995238,Pooled earlier origins,1
Iceland,ISL,2019,2020,Fluoroquinolones,13.095238095238097,11.83673469387755,245.0,14.135528044815194,13.095238095238097,-2.298793350937644,-1.2585034013605458,1,Frozen specification,11.864108819020556,16.406947270609834,Pooled earlier origins,8.431607304862814,19.839448784767576,Pooled earlier origins,1
Iceland,ISL,2019,2020,Third-generation cephalosporins,7.003891050583658,11.020408163265309,245.0,7.255075436709522,7.003891050583658,3.765332726555787,4.016517112681651,1,Frozen specification,4.983656210914884,9.52649466250416,Pooled earlier origins,1.5511546967571412,12.958996176661902,Pooled earlier origins,1
Italy,ITA,2019,2020,Aminoglycosides,15.906865411815907,14.943870178948538,17994.0,14.80515723645744,15.906865411815907,0.1387129424910984,-0.9629952328673692,1,Frozen specification,12.533738010662802,17.076576462252078,Pooled earlier origins,9.10123649650506,20.50907797640982,Pooled earlier origins,1
Italy,ITA,2019,2020,Aminopenicillins,68.11756787076509,64.546748932131,4214.0,64.49424738547688,68.11756787076509,0.0525015466541134,-3.5708189386340905,1,Frozen specification,62.222828159682244,66.76566661127151,Pooled earlier origins,58.7903266455245,70.19816812542926,Pooled earlier origins,1
Italy,ITA,2019,2020,Carbapenems,0.3804284209294159,0.472195989111716,18001.0,0.0,0.3804284209294159,0.472195989111716,0.0917675681823,1,Frozen specification,0.0,2.271419225794638,Pooled earlier origins,0.0,5.70392073995238,Pooled earlier origins,1
Italy,ITA,2019,2020,Fluoroquinolones,40.63093880653744,37.59023354564756,18840.0,39.37972988607911,40.63093880653744,-1.7894963404315476,-3.0407052608898866,1,Frozen specification,37.108310660284474,41.65114911187375,Pooled earlier origins,33.67580914612673,45.08365062603149,Pooled earlier origins,1
Italy,ITA,2019,2020,Third-generation cephalosporins,30.865337606605465,26.410666666666668,18750.0,28.356129749864124,30.865337606605465,-1.945463083197456,-4.454670939938797,1,Frozen specification,26.084710524069486,30.62754897565876,Pooled earlier origins,22.652209009911743,34.060050489816504,Pooled earlier origins,1
Lithuania,LTU,2019,2020,Aminoglycosides,7.617360496014172,10.254163014899213,1141.0,6.873994138885616,7.617360496014172,3.380168876013597,2.636802518885041,1,Frozen specification,4.602574913090978,9.145413364680254,Pooled earlier origins,1.1700733989332353,12.577914878837996,Pooled earlier origins,1
Lithuania,LTU,2019,2020,Aminopenicillins,59.07883082373783,56.94200351493849,1138.0,57.586871745799215,59.07883082373783,-0.6448682308607232,-2.13682730879934,1,Frozen specification,55.31545252000458,59.85829097159385,Pooled earlier origins,51.882951005846834,63.290792485751595,Pooled earlier origins,1
Lithuania,LTU,2019,2020,Carbapenems,0.17825311942959,0.0,1142.0,0.0,0.17825311942959,0.0,-0.17825311942959,1,Frozen specification,0.0,2.271419225794638,Pooled earlier origins,0.0,5.70392073995238,Pooled earlier origins,1
Lithuania,LTU,2019,2020,Fluoroquinolones,17.980513728963686,18.75,1136.0,19.07886991074571,17.980513728963686,-0.3288699107457091,0.769486271036314,1,Frozen specification,16.80745068495107,21.350289136540347,Pooled earlier origins,13.374949170793329,24.78279065069809,Pooled earlier origins,1
Lithuania,LTU,2019,2020,Third-generation cephalosporins,13.869257950530036,15.936952714535902,1142.0,14.17477490436285,13.869257950530036,1.7621778101730516,2.067694764005866,1,Frozen specification,11.903355678568213,16.446194130157487,Pooled earlier origins,8.47085416441047,19.87869564431523,Pooled earlier origins,1
Luxembourg,LUX,2019,2020,Aminoglycosides,10.16260162601626,8.878504672897197,428.0,8.542774200216856,10.16260162601626,0.3357304726803409,-1.2840969531190627,1,Frozen specification,6.271354974422218,10.814193426011494,Pooled earlier origins,2.8388534602644757,14.246694940169236,Pooled earlier origins,1
Luxembourg,LUX,2019,2020,Aminopenicillins,57.52032520325204,52.459016393442624,427.0,56.05726846634664,57.52032520325204,-3.598252072904017,-5.061308809809418,1,Frozen specification,53.785849240552004,58.32868769214128,Pooled earlier origins,50.35334772639426,61.76118920629902,Pooled earlier origins,1
Luxembourg,LUX,2019,2020,Carbapenems,0.6097560975609756,0.0,428.0,0.0,0.6097560975609756,0.0,-0.6097560975609756,1,Frozen specification,0.0,2.271419225794638,Pooled earlier origins,0.0,5.70392073995238,Pooled earlier origins,1
Luxembourg,LUX,2019,2020,Fluoroquinolones,20.528455284552845,21.72897196261682,428.0,21.428251742253902,20.528455284552845,0.3007202203629191,1.2005166780639769,1,Frozen specification,19.156832516459264,23.69967096804854,Pooled earlier origins,15.724331002301522,27.132172482206283,Pooled earlier origins,1
Luxembourg,LUX,2019,2020,Third-generation cephalosporins,12.601626016260164,11.448598130841122,428.0,12.146601145255785,12.601626016260164,-0.6980030144146632,-1.1530278854190428,1,Frozen specification,9.875181919461147,14.418020371050423,Pooled earlier origins,6.442680405303404,17.850521885208167,Pooled earlier origins,1
Latvia,LVA,2019,2020,Aminoglycosides,11.590909090909092,11.405835543766578,377.0,10.528665154598489,11.590909090909092,0.8771703891680893,-0.1850735471425135,1,Frozen specification,8.25724592880385,12.800084380393127,Pooled earlier origins,4.8247444146461085,16.23258589455087,Pooled earlier origins,1
Latvia,LVA,2019,2020,Aminopenicillins,57.76255707762557,54.27807486631016,374.0,56.45700777298542,57.76255707762557,-2.178932906675257,-3.484482211315409,1,Frozen specification,54.18558854719078,58.72842699878006,Pooled earlier origins,50.75308703303304,62.1609285129378,Pooled earlier origins,1
Latvia,LVA,2019,2020,Carbapenems,0.0,0.0,378.0,0.0,0.0,0.0,0.0,1,Frozen specification,0.0,2.271419225794638,Pooled earlier origins,0.0,5.70392073995238,Pooled earlier origins,1
Latvia,LVA,2019,2020,Fluoroquinolones,24.8868778280543,27.51322751322752,378.0,25.017243160117232,24.8868778280543,2.495984353110288,2.6263496851732206,1,Frozen specification,22.745823934322594,27.28866238591187,Pooled earlier origins,19.31332242016485,30.721163900069612,Pooled earlier origins,1
Latvia,LVA,2019,2020,Third-generation cephalosporins,19.68325791855204,24.07407407407408,378.0,19.8751656311221,19.68325791855204,4.1989084429519785,4.390816155522039,1,Frozen specification,17.603746405327463,22.14658485691674,Pooled earlier origins,14.17124489116972,25.57908637107448,Pooled earlier origins,1
Malta,MLT,2019,2020,Aminoglycosides,9.939759036144578,12.63537906137184,277.0,9.045340619128863,9.939759036144578,3.5900384422429745,2.695620025227262,1,Frozen specification,6.773921393334225,11.316759844923501,Pooled earlier origins,3.341419879176483,14.749261359081244,Pooled earlier origins,1
Malta,MLT,2019,2020,Aminopenicillins,64.75903614457832,58.48375451263538,277.0,61.82475031347488,64.75903614457832,-3.340995800839501,-6.2752816319429385,1,Frozen specification,59.55333108768024,64.09616953926951,Pooled earlier origins,56.1208295735225,67.52867105342726,Pooled earlier origins,1
Malta,MLT,2019,2020,Carbapenems,0.0,0.0,277.0,0.0,0.0,0.0,0.0,1,Frozen specification,0.0,2.271419225794638,Pooled earlier origins,0.0,5.70392073995238,Pooled earlier origins,1
Malta,MLT,2019,2020,Fluoroquinolones,40.06024096385542,35.37906137184115,277.0,39.41500979436198,40.06024096385542,-4.035948422520825,-4.681179592014267,1,Frozen specification,37.14359056856734,41.686429020156616,Pooled earlier origins,33.7110890544096,45.11893053431436,Pooled earlier origins,1
Malta,MLT,2019,2020,Third-generation cephalosporins,17.46987951807229,12.274368231046932,277.0,16.151074753110766,17.46987951807229,-3.8767065220638335,-5.195511287025358,1,Frozen specification,13.879655527316128,18.422493978905404,Pooled earlier origins,10.447154013158386,21.854995493063146,Pooled earlier origins,1
Netherlands,NLD,2019,2020,Aminoglycosides,6.985344473359814,6.417611741160774,7495.0,5.659562645168704,6.985344473359814,0.75804909599207,-0.5677327321990404,1,Frozen specification,3.3881434193740665,7.930981870963342,Pooled earlier origins,0.0,11.363483385121086,Pooled earlier origins,1
Netherlands,NLD,2019,2020,Aminopenicillins,45.391042322969454,42.67413931144916,7494.0,44.90725548414278,45.391042322969454,-2.23311617269362,-2.7169030115202943,1,Frozen specification,42.63583625834814,47.17867470993742,Pooled earlier origins,39.2033347441904,50.61117622409516,Pooled earlier origins,1
Netherlands,NLD,2019,2020,Carbapenems,0.0,0.0400694537197809,7487.0,0.0,0.0,0.0400694537197809,0.0400694537197809,1,Frozen specification,0.0,2.271419225794638,Pooled earlier origins,0.0,5.70392073995238,Pooled earlier origins,1
Netherlands,NLD,2019,2020,Fluoroquinolones,14.565634420389149,13.337783711615486,7490.0,14.151195451722185,14.565634420389149,-0.813411740106698,-1.227850708773662,1,Frozen specification,11.879776225927547,16.422614677516822,Pooled earlier origins,8.447274711769804,19.855116191674565,Pooled earlier origins,1
Netherlands,NLD,2019,2020,Third-generation cephalosporins,7.52054794520548,6.645316253002402,7494.0,7.07465279205104,7.52054794520548,-0.4293365390486379,-0.8752316922030774,1,Frozen specification,4.803233566256402,9.346072017845678,Pooled earlier origins,1.37073205209866,12.77857353200342,Pooled earlier origins,1
Norway,NOR,2019,2020,Aminoglycosides,5.596465390279823,5.660377358490566,3763.0,4.780648402955908,5.596465390279823,0.8797289555346577,0.0639119682107427,1,Frozen specification,2.50922917716127,7.052067628750546,Pooled earlier origins,0.0,10.484569142908288,Pooled earlier origins,1
Norway,NOR,2019,2020,Aminopenicillins,40.96267190569745,39.78179882916445,3758.0,41.38478264744471,40.96267190569745,-1.6029838182802578,-1.180873076532997,1,Frozen specification,39.11336342165007,43.65620187323935,Pooled earlier origins,35.68086190749233,47.08870338739709,Pooled earlier origins,1
Norway,NOR,2019,2020,Carbapenems,0.0495049504950495,0.0274273176083379,3646.0,0.0,0.0495049504950495,0.0274273176083379,-0.0220776328867116,1,Frozen specification,0.0,2.271419225794638,Pooled earlier origins,0.0,5.70392073995238,Pooled earlier origins,1
Norway,NOR,2019,2020,Fluoroquinolones,11.258603736479843,9.959839357429718,3735.0,11.70697563957702,11.258603736479843,-1.7471362821473004,-1.2987643790501249,1,Frozen specification,9.435556413782383,13.978394865371659,Pooled earlier origins,6.00305489962464,17.4108963795294,Pooled earlier origins,1
Norway,NOR,2019,2020,Third-generation cephalosporins,6.184049079754601,5.7947900053163215,3762.0,5.996845414819669,6.184049079754601,-0.2020554095033473,-0.3892590744382795,1,Frozen specification,3.725426189025031,8.268264640614307,Pooled earlier origins,0.29292467486728846,11.70076615477205,Pooled earlier origins,1
Poland,POL,2019,2020,Aminoglycosides,12.62433052792655,14.510575504181013,2033.0,12.44045041901974,12.62433052792655,2.0701250851612727,1.8862449762544635,1,Frozen specification,10.169031193225102,14.711869644814378,Pooled earlier origins,6.73652967906736,18.14437115897212,Pooled earlier origins,1
Poland,POL,2019,2020,Aminopenicillins,61.60287081339713,56.17529880478088,502.0,61.58342106467848,61.60287081339713,-5.408122259897596,-5.427572008616252,1,Frozen specification,59.312001838883845,63.85484029047312,Pooled earlier origins,55.8795003247261,67.28734180463087,Pooled earlier origins,1
Poland,POL,2019,2020,Carbapenems,0.0,0.048076923076923,2080.0,0.0,0.0,0.048076923076923,0.048076923076923,1,Frozen specification,0.0,2.271419225794638,Pooled earlier origins,0.0,5.70392073995238,Pooled earlier origins,1
Poland,POL,2019,2020,Fluoroquinolones,33.01852524518707,32.99208934388088,2149.0,32.334655283117684,33.01852524518707,0.6574340607631939,-0.0264359013061934,1,Frozen specification,30.063236057323046,34.60607450891232,Pooled earlier origins,26.630734543165303,38.038576023070064,Pooled earlier origins,1
Poland,POL,2019,2020,Third-generation cephalosporins,17.12450945415626,17.449355432780848,2172.0,16.651152834388547,17.12450945415626,0.7982025983923009,0.3248459786245874,1,Frozen specification,14.37973360859391,18.922572060183185,Pooled earlier origins,10.947232094436167,22.355073574340928,Pooled earlier origins,1
Portugal,PRT,2019,2020,Aminoglycosides,12.056627255756068,11.679336558396685,5788.0,10.819575924865838,12.056627255756068,0.859760633530847,-0.377290697359383,1,Frozen specification,8.5481566990712,13.090995150660476,Pooled earlier origins,5.115655184913457,16.523496664818218,Pooled earlier origins,1
Portugal,PRT,2019,2020,Aminopenicillins,58.53699646047531,54.35117114036588,5849.0,56.47240497927099,58.53699646047531,-2.1212338389051126,-4.18582532010943,1,Frozen specification,54.20098575347635,58.74382420506563,Pooled earlier origins,50.76848423931861,62.17632571922337,Pooled earlier origins,1
Portugal,PRT,2019,2020,Carbapenems,0.0627746390458254,0.1542945311160637,5833.0,0.0,0.0627746390458254,0.1542945311160637,0.0915198920702382,1,Frozen specification,0.0,2.271419225794638,Pooled earlier origins,0.0,5.70392073995238,Pooled earlier origins,1
Portugal,PRT,2019,2020,Fluoroquinolones,26.46555745607215,23.934987168520102,5845.0,25.540778213605307,26.46555745607215,-1.6057910450852049,-2.530570287552049,1,Frozen specification,23.26935898781067,27.812197439399945,Pooled earlier origins,19.836857473652927,31.244698953557688,Pooled earlier origins,1
Portugal,PRT,2019,2020,Third-generation cephalosporins,16.103286384976524,14.44847229414811,5793.0,15.007645907669836,16.103286384976524,-0.5591736135217271,-1.654814090828415,1,Frozen specification,12.736226681875198,17.279065133464474,Pooled earlier origins,9.303725167717456,20.711566647622217,Pooled earlier origins,1
Romania,ROU,2019,2020,Aminoglycosides,11.616161616161616,10.8991825613079,367.0,11.646621032057991,11.616161616161616,-0.7474384707500921,-0.7169790548537165,1,Frozen specification,9.375201806263354,13.91804025785263,Pooled earlier origins,5.942700292105611,17.350541772010374,Pooled earlier origins,1
Romania,ROU,2019,2020,Aminopenicillins,63.01115241635688,62.65822784810127,316.0,62.39889929198442,63.01115241635688,0.2593285561168486,-0.3529245682556094,1,Frozen specification,60.12748006618978,64.67031851777907,Pooled earlier origins,56.69497855203204,68.1028200319368,Pooled earlier origins,1
Romania,ROU,2019,2020,Carbapenems,0.6006006006006006,0.6607929515418502,454.0,0.0,0.6006006006006006,0.6607929515418502,0.0601923509412496,1,Frozen specification,0.0,2.271419225794638,Pooled earlier origins,0.0,5.70392073995238,Pooled earlier origins,1
Romania,ROU,2019,2020,Fluoroquinolones,28.287461773700304,26.0,450.0,27.57138160876832,28.287461773700304,-1.5713816087683163,-2.287461773700304,1,Frozen specification,25.299962382973682,29.842800834562958,Pooled earlier origins,21.86746086881594,33.2753023487207,Pooled earlier origins,1
Romania,ROU,2019,2020,Third-generation cephalosporins,20.33132530120482,19.690265486725664,452.0,19.77788130529178,20.33132530120482,-0.087615818566114,-0.6410598144791564,1,Frozen specification,17.50646207949714,22.049300531086416,Pooled earlier origins,14.073960565339398,25.48180204524416,Pooled earlier origins,1
Slovakia,SVK,2019,2020,Aminoglycosides,16.646989374262102,18.467852257181946,731.0,17.451968084085408,16.646989374262102,1.0158841730965378,1.820862882919844,1,Frozen specification,15.18054885829077,19.723387309880046,Pooled earlier origins,11.748047344133028,23.15588882403779,Pooled earlier origins,1
Slovakia,SVK,2019,2020,Aminopenicillins,57.83274440518257,57.142857142857146,728.0,58.44185993279896,57.83274440518257,-1.2990027899418166,-0.6898872623254206,1,Frozen specification,56.170440707004325,60.7132791585936,Pooled earlier origins,52.73793919284658,64.14578067275134,Pooled earlier origins,1
Slovakia,SVK,2019,2020,Carbapenems,0.1273885350318471,0.1418439716312056,705.0,0.0,0.1273885350318471,0.1418439716312056,0.0144554365993584,1,Frozen specification,0.0,2.271419225794638,Pooled earlier origins,0.0,5.70392073995238,Pooled earlier origins,1
Slovakia,SVK,2019,2020,Fluoroquinolones,34.0,34.15637860082305,729.0,36.08484972275853,34.0,-1.9284711219354804,0.1563786008230465,1,Frozen specification,33.81343049696389,38.356268948553165,Pooled earlier origins,30.380928982806147,41.78877046271091,Pooled earlier origins,1
Slovakia,SVK,2019,2020,Third-generation cephalosporins,23.04964539007092,27.097661623108667,727.0,25.189375551063385,23.04964539007092,1.908286072045282,4.048016233037746,1,Frozen specification,22.917956325268747,27.460794776858023,Pooled earlier origins,19.485454811111005,30.893296291015766,Pooled earlier origins,1
Slovenia,SVN,2019,2020,Aminoglycosides,7.826086956521739,6.806930693069307,1616.0,7.687836913505757,7.826086956521739,-0.88090622043645,-1.019156263452432,1,Frozen specification,5.416417687711119,9.959256139300395,Pooled earlier origins,1.9839161735533768,13.391757653458138,Pooled earlier origins,1
Slovenia,SVN,2019,2020,Aminopenicillins,51.67701863354037,51.26777983920841,1617.0,51.9759798026455,51.67701863354037,-0.7081999634370888,-0.4092387943319622,1,Frozen specification,49.70456057685086,54.247399028440135,Pooled earlier origins,46.27205906269312,57.67990054259788,Pooled earlier origins,1
Slovenia,SVN,2019,2020,Carbapenems,0.0,0.0,1617.0,0.0,0.0,0.0,0.0,1,Frozen specification,0.0,2.271419225794638,Pooled earlier origins,0.0,5.70392073995238,Pooled earlier origins,1
Slovenia,SVN,2019,2020,Fluoroquinolones,19.006211180124225,18.119975262832405,1617.0,20.4813077383366,19.006211180124225,-2.361332475504195,-0.8862359172918204,1,Frozen specification,18.209888512541962,22.752726964131238,Pooled earlier origins,14.77738699838422,26.18522847828898,Pooled earlier origins,1
Slovenia,SVN,2019,2020,Third-generation cephalosporins,9.813664596273291,10.575139146567718,1617.0,10.229662316530437,9.813664596273291,0.3454768300372812,0.7614745502944267,1,Frozen specification,7.958243090735799,12.501081542325075,Pooled earlier origins,4.525741576578056,15.933583056482817,Pooled earlier origins,1
Sweden,SWE,2019,2020,Aminoglycosides,6.014877789585547,5.884146341463414,9840.0,5.614332253114448,6.014877789585547,0.2698140883489666,-0.1307314481221331,1,Frozen specification,3.3429130273198098,7.885751478909086,Pooled earlier origins,0.0,11.318252993066828,Pooled earlier origins,1
Sweden,SWE,2019,2020,Carbapenems,0.0212472113035164,0.0101564086938858,9846.0,0.0,0.0212472113035164,0.0101564086938858,-0.0110908026096306,1,Frozen specification,0.0,2.271419225794638,Pooled earlier origins,0.0,5.70392073995238,Pooled earlier origins,1
Sweden,SWE,2019,2020,Fluoroquinolones,15.852103697407564,14.084507042253522,9798.0,16.108400058673766,15.852103697407564,-2.023893016420244,-1.7675966551540423,1,Frozen specification,13.836980832879128,18.379819284468404,Pooled earlier origins,10.404479318721386,21.812320798626146,Pooled earlier origins,1
Sweden,SWE,2019,2020,Third-generation cephalosporins,7.824609831192271,7.866423061307349,9852.0,7.690586513328544,7.824609831192271,0.1758365479788048,0.0418132301150775,1,Frozen specification,5.419167287533906,9.962005739123182,Pooled earlier origins,1.9866657733761635,13.394507253280924,Pooled earlier origins,1
Austria,AUT,2020,2021,Aminoglycosides,6.246407357731366,5.7518796992481205,5320.0,5.726484819502774,6.246407357731366,0.0253948797453462,-0.4945276584832454,1,Frozen specification,3.047504435198608,8.40546520380694,Antibiotic-specific earlier origins,0.0,13.970238632013393,Antibiotic-specific earlier origins,1
Austria,AUT,2020,2021,Aminopenicillins,45.998332638599415,45.09885535900104,4805.0,46.05110825512968,45.998332638599415,-0.952252896128634,-0.8994772795983721,1,Frozen specification,42.710112454290176,49.39210405596918,Antibiotic-specific earlier origins,40.347187515177296,51.75502899508206,Antibiotic-specific earlier origins,1
Austria,AUT,2020,2021,Carbapenems,0.0972573429293911,0.0192086054552439,5206.0,0.0,0.0972573429293911,0.0192086054552439,-0.0780487374741472,1,Frozen specification,0.0,0.1834862385321101,Antibiotic-specific earlier origins,0.0,1.8224068969526108,Antibiotic-specific earlier origins,1
Austria,AUT,2020,2021,Fluoroquinolones,17.345989205285687,15.074923271348618,5539.0,17.566159229775295,17.345989205285687,-2.4912359584266763,-2.271065933937068,1,Frozen specification,14.606158040786099,20.52616041876449,Antibiotic-specific earlier origins,10.695599095134504,24.436719364416085,Antibiotic-specific earlier origins,1
Austria,AUT,2020,2021,Third-generation cephalosporins,9.468005952380953,8.289687556438505,5537.0,8.922681829075737,9.468005952380953,-0.632994272637232,-1.1783183959424477,1,Frozen specification,6.729368609389708,11.115995048761766,Antibiotic-specific earlier origins,2.2138083005571634,15.63155535759431,Antibiotic-specific earlier origins,1
Belgium,BEL,2020,2021,Aminoglycosides,7.467532467532467,6.06983829388329,4267.0,6.461028458373981,7.467532467532467,-0.3911901644906912,-1.3976941736491773,1,Frozen specification,3.782048074069815,9.140008842678148,Antibiotic-specific earlier origins,0.0,14.7047822708846,Antibiotic-specific earlier origins,1
Belgium,BEL,2020,2021,Aminopenicillins,56.49787977051634,55.20619731146047,4389.0,54.857353771703615,56.49787977051634,0.3488435397568565,-1.2916824590558704,1,Frozen specification,51.516357970864114,58.198349572543115,Antibiotic-specific earlier origins,49.153433031751234,60.561274511655995,Antibiotic-specific earlier origins,1
Belgium,BEL,2020,2021,Carbapenems,0.0242365487154629,0.0423549343498517,4722.0,0.0,0.0242365487154629,0.0423549343498517,0.0181183856343888,1,Frozen specification,0.0,0.1834862385321101,Antibiotic-specific earlier origins,0.0,1.8224068969526108,Antibiotic-specific earlier origins,1
Belgium,BEL,2020,2021,Fluoroquinolones,18.078703703703702,18.534208854056345,4721.0,18.63934934865741,18.078703703703702,-0.1051404946010698,0.4555051503526428,1,Frozen specification,15.679348159668216,21.599350537646608,Antibiotic-specific earlier origins,11.768789214016621,25.509909483298202,Antibiotic-specific earlier origins,1
Belgium,BEL,2020,2021,Third-generation cephalosporins,9.88425925925926,8.260961660665114,4721.0,9.412814016926568,9.88425925925926,-1.151852356261454,-1.6232975985941458,1,Frozen specification,7.2195007972405385,11.606127236612597,Antibiotic-specific earlier origins,2.7039404884079943,16.12168754544514,Antibiotic-specific earlier origins,1
Bulgaria,BGR,2020,2021,Aminoglycosides,34.24657534246575,26.99619771863118,263.0,30.116468769661104,34.24657534246575,-3.120271051029924,-7.250377623834574,1,Frozen specification,27.437488385356936,32.79544915396527,Antibiotic-specific earlier origins,21.872714957150485,38.36022258217172,Antibiotic-specific earlier origins,1
Bulgaria,BGR,2020,2021,Aminopenicillins,66.66666666666667,61.21673003802282,263.0,64.93139963976395,66.66666666666667,-3.714669601741136,-5.449936628643854,1,Frozen specification,61.59040383892445,68.27239544060345,Antibiotic-specific earlier origins,59.22747889981157,70.63532037971633,Antibiotic-specific earlier origins,1
Bulgaria,BGR,2020,2021,Carbapenems,0.7662835249042146,0.3802281368821292,263.0,0.3086501043421492,0.7662835249042146,0.0715780325399799,-0.3860553880220854,1,Frozen specification,0.12516386581003908,0.4921363428742593,Antibiotic-specific earlier origins,0.0,2.13105700129476,Antibiotic-specific earlier origins,1
Bulgaria,BGR,2020,2021,Fluoroquinolones,42.911877394636015,33.460076045627375,263.0,39.941938276270704,42.911877394636015,-6.48186223064333,-9.45180134900864,1,Frozen specification,36.98193708728151,42.9019394652599,Antibiotic-specific earlier origins,33.071378141629914,46.812498410911495,Antibiotic-specific earlier origins,1
Bulgaria,BGR,2020,2021,Third-generation cephalosporins,41.37931034482759,37.26235741444867,263.0,38.54753808715549,41.37931034482759,-1.2851806727068151,-4.116952930378915,1,Frozen specification,36.354224867469455,40.74085130684152,Antibiotic-specific earlier origins,31.838664558636914,45.25641161567406,Antibiotic-specific earlier origins,1
Cyprus,CYP,2020,2021,Aminoglycosides,21.05263157894737,19.791666666666668,192.0,18.306468466444816,21.05263157894737,1.485198200221852,-1.260964912280702,1,Frozen specification,15.62748808214065,20.98544885074898,Antibiotic-specific earlier origins,10.062714653934197,26.550222278955435,Antibiotic-specific earlier origins,1
Cyprus,CYP,2020,2021,Aminopenicillins,67.54385964912281,70.15706806282722,191.0,66.59295998968275,67.54385964912281,3.5641080731444674,2.613208413704413,1,Frozen specification,63.25196418884325,69.93395579052225,Antibiotic-specific earlier origins,60.889039249730374,72.29688072963513,Antibiotic-specific earlier origins,1
Cyprus,CYP,2020,2021,Carbapenems,0.0,1.0416666666666667,192.0,0.305033603268992,0.0,0.7366330633976748,1.0416666666666667,1,Frozen specification,0.12154736473688188,0.4885198418011021,Antibiotic-specific earlier origins,0.0,2.127440500221603,Antibiotic-specific earlier origins,1
Cyprus,CYP,2020,2021,Fluoroquinolones,48.24561403508772,51.5625,192.0,44.36321733808113,48.24561403508772,7.199282661918872,3.316885964912281,1,Frozen specification,41.40321614909193,47.323218527070324,Antibiotic-specific earlier origins,37.49265720344034,51.23377747272192,Antibiotic-specific earlier origins,1
Cyprus,CYP,2020,2021,Third-generation cephalosporins,29.82456140350877,32.8125,192.0,28.49163196613287,29.82456140350877,4.320868033867129,2.987938596491229,1,Frozen specification,26.298318746446842,30.6849451858189,Antibiotic-specific earlier origins,21.782758437614298,35.200505494651445,Antibiotic-specific earlier origins,1
Czechia,CZE,2020,2021,Aminoglycosides,10.170056685561851,9.608177172061328,2935.0,9.477485252821886,10.170056685561851,0.1306919192394424,-0.5618795135005232,1,Frozen specification,6.798504868517719,12.156465637126052,Antibiotic-specific earlier origins,1.2337314403112671,17.721239065332504,Antibiotic-specific earlier origins,1
Czechia,CZE,2020,2021,Aminopenicillins,52.652652652652655,51.43149284253579,2934.0,51.93499672112991,52.652652652652655,-0.5035038785941168,-1.221159810116866,1,Frozen specification,48.59400092029041,55.275992521969414,Antibiotic-specific earlier origins,46.23107598117753,57.63891746108229,Antibiotic-specific earlier origins,1
Czechia,CZE,2020,2021,Carbapenems,0.1333333333333333,0.0,1342.0,0.0,0.1333333333333333,0.0,-0.1333333333333333,1,Frozen specification,0.0,0.1834862385321101,Antibiotic-specific earlier origins,0.0,1.8224068969526108,Antibiotic-specific earlier origins,1
Czechia,CZE,2020,2021,Fluoroquinolones,20.18685352018685,19.700068166325835,2934.0,20.958867254781744,20.18685352018685,-1.258799088455909,-0.4867853538610163,1,Frozen specification,17.998866065792548,23.91886844377094,Antibiotic-specific earlier origins,14.088307120140954,27.829427389422534,Antibiotic-specific earlier origins,1
Czechia,CZE,2020,2021,Third-generation cephalosporins,13.279946613279948,14.417177914110429,2934.0,13.72148157589194,13.279946613279948,0.6956963382184895,1.1372313008304804,1,Frozen specification,11.52816835620591,15.914794795577969,Antibiotic-specific earlier origins,7.012608047373366,20.430355104410513,Antibiotic-specific earlier origins,1
Germany,DEU,2020,2021,Aminoglycosides,7.50258074030379,5.596240026232375,27447.0,6.518618883893616,7.50258074030379,-0.9223788576612408,-1.9063407140714144,1,Frozen specification,3.8396384995894497,9.197599268197783,Antibiotic-specific earlier origins,0.0,14.762372696404235,Antibiotic-specific earlier origins,1
Germany,DEU,2020,2021,Aminopenicillins,47.58210224253374,45.61052631578947,28500.0,46.82069783195995,47.58210224253374,-1.210171516170476,-1.971575926744272,1,Frozen specification,43.479702031120446,50.16169363279945,Antibiotic-specific earlier origins,41.11677709200757,52.52461857191233,Antibiotic-specific earlier origins,1
Germany,DEU,2020,2021,Carbapenems,0.0175697519151029,0.0413579183181113,29015.0,0.0,0.0175697519151029,0.0413579183181113,0.0237881664030084,1,Frozen specification,0.0,0.1834862385321101,Antibiotic-specific earlier origins,0.0,1.8224068969526108,Antibiotic-specific earlier origins,1
Germany,DEU,2020,2021,Fluoroquinolones,16.536595654925122,14.660137255578164,28997.0,16.7593117531885,16.536595654925122,-2.099174497610335,-1.8764583993469584,1,Frozen specification,13.799310564199303,19.719312942177694,Antibiotic-specific earlier origins,9.888751618547708,23.62987188782929,Antibiotic-specific earlier origins,1
Germany,DEU,2020,2021,Third-generation cephalosporins,10.358033800639472,9.096860893835498,29021.0,10.38215053143229,10.358033800639472,-1.285289637596792,-1.2611729068039743,1,Frozen specification,8.18883731174626,12.575463751118319,Antibiotic-specific earlier origins,3.673277002913716,17.09102405995086,Antibiotic-specific earlier origins,1
Denmark,DNK,2020,2021,Aminoglycosides,5.5366269165247015,4.354329400033239,6017.0,4.218212595419491,5.5366269165247015,0.1361168046137484,-1.1822975164914622,1,Frozen specification,1.5392322111153245,6.897192979723657,Antibiotic-specific earlier origins,0.0,12.46196640793011,Antibiotic-specific earlier origins,1
Denmark,DNK,2020,2021,Aminopenicillins,44.06548431105048,41.50974837527079,6001.0,44.07177052013698,44.06548431105048,-2.562022144866191,-2.555735935779694,1,Frozen specification,40.73077471929748,47.41276632097648,Antibiotic-specific earlier origins,38.3678497801846,49.77569126008936,Antibiotic-specific earlier origins,1
Denmark,DNK,2020,2021,Carbapenems,0.1541095890410959,0.1026518391787852,5845.0,0.0,0.1541095890410959,0.1026518391787852,-0.0514577498623106,1,Frozen specification,0.0,0.1834862385321101,Antibiotic-specific earlier origins,0.0,1.8224068969526108,Antibiotic-specific earlier origins,1
Denmark,DNK,2020,2021,Fluoroquinolones,11.226575809199318,10.472074468085106,6016.0,10.901901727489086,11.226575809199318,-0.4298272594039805,-0.7545013411142119,1,Frozen specification,7.94190053849989,13.861902916478282,Antibiotic-specific earlier origins,4.031341592848296,17.772461862129877,Antibiotic-specific earlier origins,1
Denmark,DNK,2020,2021,Third-generation cephalosporins,6.696935300794552,6.166912850812408,5416.0,6.3772182306474985,6.696935300794552,-0.2103053798350904,-0.5300224499821438,1,Frozen specification,4.183905010961469,8.570531450333528,Antibiotic-specific earlier origins,0.0,13.086091759166072,Antibiotic-specific earlier origins,1
Spain,ESP,2020,2021,Aminoglycosides,13.61604291735854,12.395929694727103,7567.0,12.363825949976825,13.61604291735854,0.0321037447502785,-1.2201132226314364,1,Frozen specification,9.684845565672658,15.042806334280991,Antibiotic-specific earlier origins,4.120072137466206,20.607579762487443,Antibiotic-specific earlier origins,1
Spain,ESP,2020,2021,Aminopenicillins,57.62406431937899,56.21201413427562,7075.0,57.72972505646112,57.62406431937899,-1.5177109221855003,-1.412050185103368,1,Frozen specification,54.38872925562162,61.07072085730062,Antibiotic-specific earlier origins,52.02580431650874,63.4336457964135,Antibiotic-specific earlier origins,1
Spain,ESP,2020,2021,Carbapenems,0.3695208970438328,0.1445318773084952,6227.0,0.0,0.3695208970438328,0.1445318773084952,-0.2249890197353375,1,Frozen specification,0.0,0.1834862385321101,Antibiotic-specific earlier origins,0.0,1.8224068969526108,Antibiotic-specific earlier origins,1
Spain,ESP,2020,2021,Fluoroquinolones,28.606231568149763,26.614714040417383,7571.0,28.21088157943224,28.606231568149763,-1.5961675390148535,-1.9915175277323804,1,Frozen specification,25.250880390443044,31.170882768421436,Antibiotic-specific earlier origins,21.34032144479145,35.08144171407303,Antibiotic-specific earlier origins,1
Spain,ESP,2020,2021,Third-generation cephalosporins,14.075413223140496,13.158249158249156,7425.0,13.371488785458345,14.075413223140496,-0.2132396272091874,-0.91716406489134,1,Frozen specification,11.178175565772316,15.564802005144374,Antibiotic-specific earlier origins,6.662615256939771,20.08036231397692,Antibiotic-specific earlier origins,1
Estonia,EST,2020,2021,Aminoglycosides,5.475206611570248,5.50755939524838,926.0,4.684723706069011,5.475206611570248,0.8228356891793691,0.0323527836781325,1,Frozen specification,2.005743321764845,7.363704090373178,Antibiotic-specific earlier origins,0.0,12.92847751857963,Antibiotic-specific earlier origins,1
Estonia,EST,2020,2021,Aminopenicillins,45.7345971563981,41.124260355029584,338.0,44.45411335120568,45.7345971563981,-3.329852996176093,-4.610336801368518,1,Frozen specification,41.11311755036618,47.79510915204518,Antibiotic-specific earlier origins,38.7501926112533,50.15803409115806,Antibiotic-specific earlier origins,1
Estonia,EST,2020,2021,Carbapenems,0.0,0.0,826.0,0.0,0.0,0.0,0.0,1,Frozen specification,0.0,0.1834862385321101,Antibiotic-specific earlier origins,0.0,1.8224068969526108,Antibiotic-specific earlier origins,1
Estonia,EST,2020,2021,Fluoroquinolones,14.077163712200209,13.449023861171366,922.0,15.055578096553546,14.077163712200209,-1.6065542353821805,-0.628139851028843,1,Frozen specification,12.09557690756435,18.015579285542742,Antibiotic-specific earlier origins,8.185017961912756,21.926138231194336,Antibiotic-specific earlier origins,1
Estonia,EST,2020,2021,Third-generation cephalosporins,8.273748723186925,8.073196986006458,929.0,9.047122848502791,8.273748723186925,-0.9739258624963334,-0.2005517371804668,1,Frozen specification,6.853809628816762,11.24043606818882,Antibiotic-specific earlier origins,2.338249319984218,15.755996377021365,Antibiotic-specific earlier origins,1
Finland,FIN,2020,2021,Aminoglycosides,5.713753954959985,4.136504653567736,5802.0,4.027982323479712,5.713753954959985,0.1085223300880242,-1.577249301392249,1,Frozen specification,1.3490019391755457,6.7069627077838785,Antibiotic-specific earlier origins,0.0,12.27173613599033,Antibiotic-specific earlier origins,1
Finland,FIN,2020,2021,Aminopenicillins,34.118852459016395,31.72804532577904,3177.0,34.449975663545914,34.118852459016395,-2.7219303377668744,-2.390807133237356,1,Frozen specification,31.108979862706413,37.790971464385414,Antibiotic-specific earlier origins,28.746054923593533,40.153896403498294,Antibiotic-specific earlier origins,1
Finland,FIN,2020,2021,Carbapenems,0.0186046511627906,0.0,5801.0,0.0,0.0186046511627906,0.0,-0.0186046511627906,1,Frozen specification,0.0,0.1834862385321101,Antibiotic-specific earlier origins,0.0,1.8224068969526108,Antibiotic-specific earlier origins,1
Finland,FIN,2020,2021,Fluoroquinolones,10.534180052297348,9.565667011375387,5802.0,10.239263430967878,10.534180052297348,-0.6735964195924904,-0.9685130409219608,1,Frozen specification,7.279262241978682,13.199264619957074,Antibiotic-specific earlier origins,3.3687032963270873,17.109823565608668,Antibiotic-specific earlier origins,1
Finland,FIN,2020,2021,Third-generation cephalosporins,7.173467486491522,6.6045869977582345,5799.0,6.636406818562875,7.173467486491522,-0.0318198208046407,-0.5688804887332877,1,Frozen specification,4.443093598876846,8.829720038248905,Antibiotic-specific earlier origins,0.0,13.345280347081449,Antibiotic-specific earlier origins,1
France,FRA,2020,2021,Aminoglycosides,6.662543573597211,5.8233727978247325,17653.0,5.931793382076592,6.662543573597211,-0.108420584251859,-0.8391707757724784,1,Frozen specification,3.252812997772425,8.610773766380758,Antibiotic-specific earlier origins,0.0,14.17554719458721,Antibiotic-specific earlier origins,1
France,FRA,2020,2021,Aminopenicillins,53.89272377503678,52.26476900485711,17706.0,52.71637862638838,53.89272377503678,-0.4516096215312686,-1.6279547701796702,1,Frozen specification,49.375382825548876,56.05737442722788,Antibiotic-specific earlier origins,47.012457886435996,58.42029936634076,Antibiotic-specific earlier origins,1
France,FRA,2020,2021,Carbapenems,0.039242067496356,0.051293742163456,17546.0,0.0,0.039242067496356,0.051293742163456,0.0120516746670999,1,Frozen specification,0.0,0.1834862385321101,Antibiotic-specific earlier origins,0.0,1.8224068969526108,Antibiotic-specific earlier origins,1
France,FRA,2020,2021,Fluoroquinolones,15.92439011255318,14.756586793884852,18446.0,15.250851385298375,15.92439011255318,-0.4942645914135255,-1.1678033186683283,1,Frozen specification,12.29085019630918,18.21085257428757,Antibiotic-specific earlier origins,8.380291250657585,22.121411519939166,Antibiotic-specific earlier origins,1
France,FRA,2020,2021,Third-generation cephalosporins,9.46598080288487,8.342674139311448,18735.0,9.007898046072246,9.46598080288487,-0.6652239067607972,-1.1233066635734217,1,Frozen specification,6.814584826386216,11.201211265758275,Antibiotic-specific earlier origins,2.299024517553672,15.716771574590819,Antibiotic-specific earlier origins,1
Greece,GRC,2020,2021,Aminoglycosides,18.683274021352315,18.636995827538247,719.0,16.75793938180222,18.683274021352315,1.879056445736026,-0.0462781938140679,1,Frozen specification,14.078958997498054,19.436919766106385,Antibiotic-specific earlier origins,8.514185569291602,25.00169319431284,Antibiotic-specific earlier origins,1
Greece,GRC,2020,2021,Aminopenicillins,55.53097345132744,59.78456014362657,557.0,55.725601573864125,55.53097345132744,4.058958569762446,4.25358669229913,1,Frozen specification,52.384605773024624,59.066597374703626,Antibiotic-specific earlier origins,50.021680833911745,61.429522313816506,Antibiotic-specific earlier origins,1
Greece,GRC,2020,2021,Carbapenems,0.5300353356890459,1.098901098901099,728.0,1.0738481841146983,0.5300353356890459,0.0250529147864004,0.5688657632120531,1,Frozen specification,0.8903619455825882,1.2573344226468084,Antibiotic-specific earlier origins,0.0,2.8962550810673093,Antibiotic-specific earlier origins,1
Greece,GRC,2020,2021,Fluoroquinolones,32.743362831858406,33.92857142857143,728.0,31.3456154584374,32.743362831858406,2.582955970134037,1.185208596713025,1,Frozen specification,28.385614269448205,34.305616647426596,Antibiotic-specific earlier origins,24.47505532379661,38.21617559307819,Antibiotic-specific earlier origins,1
Greece,GRC,2020,2021,Third-generation cephalosporins,21.8694885361552,21.733149931224208,727.0,20.877557019358,21.8694885361552,0.8555929118662107,-0.1363386049309909,1,Frozen specification,18.68424379967197,23.07087023904403,Antibiotic-specific earlier origins,14.168683490839427,27.586430547876574,Antibiotic-specific earlier origins,1
Croatia,HRV,2020,2021,Aminoglycosides,14.855072463768115,11.724137931034482,725.0,13.9685774732717,14.855072463768115,-2.2444395422372185,-3.130934532733633,1,Frozen specification,11.289597088967534,16.64755785757587,Antibiotic-specific earlier origins,5.724823660761082,22.21233128578232,Antibiotic-specific earlier origins,1
Croatia,HRV,2020,2021,Aminopenicillins,57.67835550181378,55.76923076923077,728.0,56.08168380727486,57.67835550181378,-0.3124530380440902,-1.9091247325830167,1,Frozen specification,52.740688006435356,59.42267960811436,Antibiotic-specific earlier origins,50.377763067322476,61.78560454722724,Antibiotic-specific earlier origins,1
Croatia,HRV,2020,2021,Carbapenems,0.0,0.0,686.0,0.0,0.0,0.0,0.0,1,Frozen specification,0.0,0.1834862385321101,Antibiotic-specific earlier origins,0.0,1.8224068969526108,Antibiotic-specific earlier origins,1
Croatia,HRV,2020,2021,Fluoroquinolones,29.661016949152543,28.9875173370319,721.0,27.90633960084706,29.661016949152543,1.0811777361848414,-0.6734996121206436,1,Frozen specification,24.946338411857862,30.866340789836254,Antibiotic-specific earlier origins,21.035779466206268,34.776899735487845,Antibiotic-specific earlier origins,1
Croatia,HRV,2020,2021,Third-generation cephalosporins,16.56590084643289,18.59504132231405,726.0,15.769711663036922,16.56590084643289,2.825329659277127,2.02914047588116,1,Frozen specification,13.576398443350893,17.96302488272295,Antibiotic-specific earlier origins,9.060838134518349,22.478585191555496,Antibiotic-specific earlier origins,1
Hungary,HUN,2020,2021,Aminoglycosides,16.68372569089048,17.496962332928312,2469.0,15.161909506345086,16.68372569089048,2.335052826583226,0.8132366420378325,1,Frozen specification,12.48292912204092,17.84088989064925,Antibiotic-specific earlier origins,6.918155693834468,23.405663318855705,Antibiotic-specific earlier origins,1
Hungary,HUN,2020,2021,Aminopenicillins,58.5920177383592,58.50640742377375,2263.0,57.71416711104638,58.5920177383592,0.7922403127273725,-0.0856103145854518,1,Frozen specification,54.37317131020688,61.05516291188588,Antibiotic-specific earlier origins,52.010246371094,63.41808785099876,Antibiotic-specific earlier origins,1
Hungary,HUN,2020,2021,Carbapenems,0.0,0.0,2391.0,0.0,0.0,0.0,0.0,1,Frozen specification,0.0,0.1834862385321101,Antibiotic-specific earlier origins,0.0,1.8224068969526108,Antibiotic-specific earlier origins,1
Hungary,HUN,2020,2021,Fluoroquinolones,30.337078651685392,28.04878048780488,2460.0,29.34235443939303,30.337078651685392,-1.2935739515881508,-2.288298163880512,1,Frozen specification,26.382353250403835,32.30235562838223,Antibiotic-specific earlier origins,22.47179430475224,36.21291457403382,Antibiotic-specific earlier origins,1
Hungary,HUN,2020,2021,Third-generation cephalosporins,20.13251783893985,20.40485829959514,2470.0,19.69269584727256,20.13251783893985,0.7121624523225805,0.2723404606552897,1,Frozen specification,17.49938262758653,21.88600906695859,Antibiotic-specific earlier origins,12.983822318753987,26.401569375791134,Antibiotic-specific earlier origins,1
Ireland,IRL,2020,2021,Aminoglycosides,10.635310635310637,9.573002754820935,2904.0,9.891651000925105,10.635310635310637,-0.3186482461041695,-1.0623078804897013,1,Frozen specification,7.2126706166209384,12.570631385229271,Antibiotic-specific earlier origins,1.6478971884144862,18.135404813435724,Antibiotic-specific earlier origins,1
Ireland,IRL,2020,2021,Aminopenicillins,65.01231960577262,63.00897170462388,2898.0,64.28450813298208,65.01231960577262,-1.2755364283582011,-2.003347901148736,1,Frozen specification,60.94351233214258,67.62550393382159,Antibiotic-specific earlier origins,58.5805873930297,69.98842887293446,Antibiotic-specific earlier origins,1
Ireland,IRL,2020,2021,Carbapenems,0.0709219858156028,0.0,2891.0,0.0,0.0709219858156028,0.0,-0.0709219858156028,1,Frozen specification,0.0,0.1834862385321101,Antibiotic-specific earlier origins,0.0,1.8224068969526108,Antibiotic-specific earlier origins,1
Ireland,IRL,2020,2021,Fluoroquinolones,18.88185654008439,15.976535541752932,2898.0,19.482079701770868,18.88185654008439,-3.505544160017936,-2.9053209983314563,1,Frozen specification,16.522078512781672,22.442080890760064,Antibiotic-specific earlier origins,12.611519567130077,26.352639836411658,Antibiotic-specific earlier origins,1
Ireland,IRL,2020,2021,Third-generation cephalosporins,11.824561403508772,9.955218739235274,2903.0,11.373811382458316,11.824561403508772,-1.4185926432230431,-1.869342664273498,1,Frozen specification,9.180498162772286,13.567124602144345,Antibiotic-specific earlier origins,4.664937853939742,18.082684910976887,Antibiotic-specific earlier origins,1
Iceland,ISL,2020,2021,Aminoglycosides,7.755102040816326,9.352517985611511,278.0,6.129148391670483,7.755102040816326,3.223369593941028,1.597415944795185,1,Frozen specification,3.450168007366317,8.80812877597465,Antibiotic-specific earlier origins,0.0,14.372902204181102,Antibiotic-specific earlier origins,1
Iceland,ISL,2020,2021,Aminopenicillins,55.10204081632653,46.57039711191336,277.0,52.72702155093999,55.10204081632653,-6.156624439026629,-8.53164370441317,1,Frozen specification,49.38602575010049,56.06801735177949,Antibiotic-specific earlier origins,47.02310081098761,58.43094229089237,Antibiotic-specific earlier origins,1
Iceland,ISL,2020,2021,Carbapenems,0.0,0.0,276.0,0.8281621944066124,0.0,-0.8281621944066124,0.0,1,Frozen specification,0.6446759558745023,1.0116484329387225,Antibiotic-specific earlier origins,0.0,2.6505690913592233,Antibiotic-specific earlier origins,1
Iceland,ISL,2020,2021,Fluoroquinolones,11.83673469387755,14.440433212996387,277.0,12.871791408128717,11.83673469387755,1.5686418048676725,2.6036985191188364,1,Frozen specification,9.91179021913952,15.831792597117913,Antibiotic-specific earlier origins,6.001231273487926,19.742351542769505,Antibiotic-specific earlier origins,1
Iceland,ISL,2020,2021,Third-generation cephalosporins,11.020408163265309,10.431654676258994,278.0,9.470260163562738,11.020408163265309,0.9613945126962556,-0.5887534870063149,1,Frozen specification,7.276946943876709,11.663573383248767,Antibiotic-specific earlier origins,2.7613866350441647,16.17913369208131,Antibiotic-specific earlier origins,1
Italy,ITA,2020,2021,Aminoglycosides,14.943870178948538,13.498454911508569,21358.0,14.308539158947829,14.943870178948538,-0.8100842474392582,-1.4454152674399694,1,Frozen specification,11.629558774643662,16.987519543251995,Antibiotic-specific earlier origins,6.06478534643721,22.55229297145845,Antibiotic-specific earlier origins,1
Italy,ITA,2020,2021,Aminopenicillins,64.546748932131,59.64102564102564,5850.0,63.51398026543073,64.546748932131,-3.8729546244050894,-4.905723291105353,1,Frozen specification,60.17298446459123,66.85497606627024,Antibiotic-specific earlier origins,57.81005952547835,69.21790100538311,Antibiotic-specific earlier origins,1
Italy,ITA,2020,2021,Carbapenems,0.472195989111716,0.4262533301041414,20645.0,0.0,0.472195989111716,0.4262533301041414,-0.0459426590075746,1,Frozen specification,0.0,0.1834862385321101,Antibiotic-specific earlier origins,0.0,1.8224068969526108,Antibiotic-specific earlier origins,1
Italy,ITA,2020,2021,Fluoroquinolones,37.59023354564756,33.361057203585624,21642.0,37.574625701388754,37.59023354564756,-4.213568497803131,-4.229176342061933,1,Frozen specification,34.61462451239956,40.53462689037795,Antibiotic-specific earlier origins,30.704065566747964,44.445185836029545,Antibiotic-specific earlier origins,1
Italy,ITA,2020,2021,Third-generation cephalosporins,26.410666666666668,24.3777686441065,21897.0,26.642225255631683,26.410666666666668,-2.2644566115251834,-2.0328980225601683,1,Frozen specification,24.448912035945654,28.835538475317712,Antibiotic-specific earlier origins,19.93335172711311,33.35109878415025,Antibiotic-specific earlier origins,1
Lithuania,LTU,2020,2021,Aminoglycosides,10.254163014899213,8.326029798422436,1141.0,8.479598927526997,10.254163014899213,-0.1535691291045609,-1.9281332164767768,1,Frozen specification,5.80061854322283,11.158579311831163,Antibiotic-specific earlier origins,0.23584511501637806,16.723352740037615,Antibiotic-specific earlier origins,1
Lithuania,LTU,2020,2021,Aminopenicillins,56.94200351493849,57.10549258936356,1147.0,56.28484364538187,56.94200351493849,0.8206489439816878,0.1634890744250654,1,Frozen specification,52.94384784454237,59.62583944622137,Antibiotic-specific earlier origins,50.58092290542949,61.98876438533425,Antibiotic-specific earlier origins,1
Lithuania,LTU,2020,2021,Carbapenems,0.0,0.2610966057441253,1149.0,0.0,0.0,0.2610966057441253,0.2610966057441253,1,Frozen specification,0.0,0.1834862385321101,Antibiotic-specific earlier origins,0.0,1.8224068969526108,Antibiotic-specific earlier origins,1
Lithuania,LTU,2020,2021,Fluoroquinolones,18.75,17.647058823529413,1139.0,18.94540342942757,18.75,-1.2983446058981585,-1.102941176470587,1,Frozen specification,15.985402240438376,21.905404618416767,Antibiotic-specific earlier origins,12.074843294786781,25.815963564068362,Antibiotic-specific earlier origins,1
Lithuania,LTU,2020,2021,Third-generation cephalosporins,15.936952714535902,13.616652211621856,1153.0,14.97129118959177,15.936952714535902,-1.3546389779699144,-2.320300502914046,1,Frozen specification,12.777977969905741,17.1646044092778,Antibiotic-specific earlier origins,8.262417661073197,21.680164718110344,Antibiotic-specific earlier origins,1
Luxembourg,LUX,2020,2021,Aminoglycosides,8.878504672897197,8.757062146892656,354.0,8.353328862728116,8.878504672897197,0.4037332841645398,-0.1214425260045413,1,Frozen specification,5.6743484784239495,11.032309247032282,Antibiotic-specific earlier origins,0.10957505021749725,16.597082675238735,Antibiotic-specific earlier origins,1
Luxembourg,LUX,2020,2021,Aminopenicillins,52.459016393442624,53.40909090909091,352.0,53.341762535818106,52.459016393442624,0.0673283732728009,0.9500745156482822,1,Frozen specification,50.000766734978605,56.682758336657606,Antibiotic-specific earlier origins,47.637841795865725,59.045683275770486,Antibiotic-specific earlier origins,1
Luxembourg,LUX,2020,2021,Carbapenems,0.0,0.0,354.0,0.0,0.0,0.0,0.0,1,Frozen specification,0.0,0.1834862385321101,Antibiotic-specific earlier origins,0.0,1.8224068969526108,Antibiotic-specific earlier origins,1
Luxembourg,LUX,2020,2021,Fluoroquinolones,21.72897196261682,20.90395480225989,354.0,20.755623349687493,21.72897196261682,0.1483314525723962,-0.8250171603569321,1,Frozen specification,17.795622160698297,23.71562453867669,Antibiotic-specific earlier origins,13.885063215046703,27.626183484328283,Antibiotic-specific earlier origins,1
Luxembourg,LUX,2020,2021,Third-generation cephalosporins,11.448598130841122,11.299435028248588,354.0,11.438617844871668,11.448598130841122,-0.1391828166230801,-0.1491631025925333,1,Frozen specification,9.24530462518564,13.631931064557698,Antibiotic-specific earlier origins,4.729744316353095,18.147491373390242,Antibiotic-specific earlier origins,1
Latvia,LVA,2020,2021,Aminoglycosides,11.405835543766578,10.913705583756345,394.0,10.956831472568432,11.405835543766578,-0.0431258888120886,-0.4921299600102333,1,Frozen specification,8.277851088264265,13.635811856872598,Antibiotic-specific earlier origins,2.713077660057813,19.20058528507905,Antibiotic-specific earlier origins,1
Latvia,LVA,2020,2021,Aminopenicillins,54.27807486631016,49.41860465116279,344.0,54.913235453483125,54.27807486631016,-5.494630802320337,-4.859470215147375,1,Frozen specification,51.572239652643624,58.254231254322626,Antibiotic-specific earlier origins,49.209314713530745,60.617156193435505,Antibiotic-specific earlier origins,1
Latvia,LVA,2020,2021,Carbapenems,0.0,0.0,393.0,0.0,0.0,0.0,0.0,1,Frozen specification,0.0,0.1834862385321101,Antibiotic-specific earlier origins,0.0,1.8224068969526108,Antibiotic-specific earlier origins,1
Latvia,LVA,2020,2021,Fluoroquinolones,27.51322751322752,20.663265306122447,392.0,26.25156717421268,27.51322751322752,-5.588301868090227,-6.849962207105072,1,Frozen specification,23.291565985223485,29.211568363201877,Antibiotic-specific earlier origins,19.38100703957189,33.12212730885347,Antibiotic-specific earlier origins,1
Latvia,LVA,2020,2021,Third-generation cephalosporins,24.07407407407408,18.3206106870229,393.0,21.95476899478537,24.07407407407408,-3.6341583077624726,-5.75346338705118,1,Frozen specification,19.76145577509934,24.148082214471398,Antibiotic-specific earlier origins,15.245895466266795,28.663642523303942,Antibiotic-specific earlier origins,1
Malta,MLT,2020,2021,Aminoglycosides,12.63537906137184,12.709030100334449,299.0,10.74225844114906,12.63537906137184,1.9667716591853883,0.073651038962609,1,Frozen specification,8.063278056844894,13.421238825453226,Antibiotic-specific earlier origins,2.4985046286384414,18.98601225365968,Antibiotic-specific earlier origins,1
Malta,MLT,2020,2021,Aminopenicillins,58.48375451263538,64.54849498327759,299.0,59.09448707657848,58.48375451263538,5.454007906699118,6.064740470642214,1,Frozen specification,55.75349127573898,62.43548287741798,Antibiotic-specific earlier origins,53.3905663366261,64.79840781653087,Antibiotic-specific earlier origins,1
Malta,MLT,2020,2021,Carbapenems,0.0,0.0,299.0,0.0,0.0,0.0,0.0,1,Frozen specification,0.0,0.1834862385321101,Antibiotic-specific earlier origins,0.0,1.8224068969526108,Antibiotic-specific earlier origins,1
Malta,MLT,2020,2021,Fluoroquinolones,35.37906137184115,30.76923076923077,299.0,36.5552750901002,35.37906137184115,-5.786044320869426,-4.609830602610384,1,Frozen specification,33.59527390111101,39.5152762790894,Antibiotic-specific earlier origins,29.684714955459413,43.42583522474099,Antibiotic-specific earlier origins,1
Malta,MLT,2020,2021,Third-generation cephalosporins,12.274368231046932,13.7123745819398,299.0,13.990822675841237,12.274368231046932,-0.2784480939014351,1.4380063508928682,1,Frozen specification,11.797509456155208,16.184135895527266,Antibiotic-specific earlier origins,7.281949147322663,20.69969620435981,Antibiotic-specific earlier origins,1
Netherlands,NLD,2020,2021,Aminoglycosides,6.417611741160774,5.9914841849148415,6576.0,5.521922861569335,6.417611741160774,0.4695613233455065,-0.4261275562459321,1,Frozen specification,2.8429424772651686,8.200903245873501,Antibiotic-specific earlier origins,0.0,13.765676674079954,Antibiotic-specific earlier origins,1
Netherlands,NLD,2020,2021,Aminopenicillins,42.67413931144916,41.40922234058743,6571.0,43.17332257601724,42.67413931144916,-1.7641002354298152,-1.2649169708617336,1,Frozen specification,39.83232677517774,46.51431837685674,Antibiotic-specific earlier origins,37.46940183606486,48.87724331596962,Antibiotic-specific earlier origins,1
Netherlands,NLD,2020,2021,Carbapenems,0.0400694537197809,0.0456690516060283,6569.0,0.0,0.0400694537197809,0.0456690516060283,0.0055995978862474,1,Frozen specification,0.0,0.1834862385321101,Antibiotic-specific earlier origins,0.0,1.8224068969526108,Antibiotic-specific earlier origins,1
Netherlands,NLD,2020,2021,Fluoroquinolones,13.337783711615486,13.32319391634981,6575.0,13.27559475509246,13.337783711615486,0.0475991612573487,-0.0145897952656763,1,Frozen specification,10.315593566103264,16.235595944081656,Antibiotic-specific earlier origins,6.405034620451669,20.14615488973325,Antibiotic-specific earlier origins,1
Netherlands,NLD,2020,2021,Third-generation cephalosporins,6.645316253002402,6.64638783269962,6575.0,6.591612205614196,6.645316253002402,0.0547756270854247,0.0010715796972178,1,Frozen specification,4.398298985928167,8.784925425300226,Antibiotic-specific earlier origins,0.0,13.30048573413277,Antibiotic-specific earlier origins,1
Norway,NOR,2020,2021,Aminoglycosides,5.660377358490566,5.392029174264131,3839.0,4.747827871676847,5.660377358490566,0.6442013025872839,-0.2683481842264346,1,Frozen specification,2.0688474873726808,7.426808255981014,Antibiotic-specific earlier origins,0.0,12.991581684187466,Antibiotic-specific earlier origins,1
Norway,NOR,2020,2021,Aminopenicillins,39.78179882916445,35.39223351576753,3837.0,39.96279817464338,39.78179882916445,-4.570564658875853,-4.389565313396922,1,Frozen specification,36.62180237380388,43.30379397548288,Antibiotic-specific earlier origins,34.258877434691,45.66671891459576,Antibiotic-specific earlier origins,1
Norway,NOR,2020,2021,Carbapenems,0.0274273176083379,0.0,3820.0,0.0,0.0274273176083379,0.0,-0.0274273176083379,1,Frozen specification,0.0,0.1834862385321101,Antibiotic-specific earlier origins,0.0,1.8224068969526108,Antibiotic-specific earlier origins,1
Norway,NOR,2020,2021,Fluoroquinolones,9.959839357429718,9.87718839822315,3827.0,10.52290246871217,9.959839357429718,-0.645714070489019,-0.0826509592065676,1,Frozen specification,7.562901279722974,13.482903657701366,Antibiotic-specific earlier origins,3.6523423340713794,17.39346260335296,Antibiotic-specific earlier origins,1
Norway,NOR,2020,2021,Third-generation cephalosporins,5.7947900053163215,5.496222974733003,3839.0,5.589526186505584,5.7947900053163215,-0.0933032117725805,-0.2985670305833183,1,Frozen specification,3.3962129668195544,7.782839406191613,Antibiotic-specific earlier origins,0.0,12.298399715024157,Antibiotic-specific earlier origins,1
Poland,POL,2020,2021,Aminoglycosides,14.510575504181013,13.723696248856358,2186.0,13.08909984378133,14.510575504181013,0.6345964050750279,-0.7868792553246546,1,Frozen specification,10.410119459477164,15.768080228085497,Antibiotic-specific earlier origins,4.8453460312707115,21.33285365629195,Antibiotic-specific earlier origins,1
Poland,POL,2020,2021,Aminopenicillins,56.17529880478088,60.568603213844256,809.0,58.56624578943257,56.17529880478088,2.0023574244116844,4.393304409063376,1,Frozen specification,55.22524998859307,61.90724159027207,Antibiotic-specific earlier origins,52.86232504948019,64.27016652938495,Antibiotic-specific earlier origins,1
Poland,POL,2020,2021,Carbapenems,0.048076923076923,0.131004366812227,2290.0,0.0,0.048076923076923,0.131004366812227,0.0829274437353039,1,Frozen specification,0.0,0.1834862385321101,Antibiotic-specific earlier origins,0.0,1.8224068969526108,Antibiotic-specific earlier origins,1
Poland,POL,2020,2021,Fluoroquinolones,32.99208934388088,33.11287477954145,2268.0,31.92893892565873,32.99208934388088,1.1839358538827156,0.1207854356605722,1,Frozen specification,28.968937736669535,34.88894011464792,Antibiotic-specific earlier origins,25.05837879101794,38.799499060299524,Antibiotic-specific earlier origins,1
Poland,POL,2020,2021,Third-generation cephalosporins,17.449355432780848,18.726275832981862,2371.0,16.66735379308019,17.449355432780848,2.058922039901674,1.2769204002010142,1,Frozen specification,14.47404057339416,18.860667012766218,Antibiotic-specific earlier origins,9.958480264561615,23.376227321598762,Antibiotic-specific earlier origins,1
Portugal,PRT,2020,2021,Aminoglycosides,11.679336558396685,10.615521855486174,5605.0,10.402505737780402,11.679336558396685,0.2130161177057719,-1.063814702910511,1,Frozen specification,7.723525353476235,13.081486122084568,Antibiotic-specific earlier origins,2.158751925269783,18.64625955029102,Antibiotic-specific earlier origins,1
Portugal,PRT,2020,2021,Aminopenicillins,54.35117114036588,52.730441518202944,5164.0,54.16175493254997,54.35117114036588,-1.4313134143470236,-1.6207296221629337,1,Frozen specification,50.82075913171047,57.50275073338947,Antibiotic-specific earlier origins,48.45783419259759,59.86567567250235,Antibiotic-specific earlier origins,1
Portugal,PRT,2020,2021,Carbapenems,0.1542945311160637,0.3293084522502744,5466.0,0.0,0.1542945311160637,0.3293084522502744,0.1750139211342107,1,Frozen specification,0.0,0.1834862385321101,Antibiotic-specific earlier origins,0.0,1.8224068969526108,Antibiotic-specific earlier origins,1
Portugal,PRT,2020,2021,Fluoroquinolones,23.934987168520102,22.499110003559984,5618.0,23.75052526022577,23.934987168520102,-1.251415256665787,-1.435877164960118,1,Frozen specification,20.790524071236575,26.710526449214967,Antibiotic-specific earlier origins,16.87996512558498,30.62108539486656,Antibiotic-specific earlier origins,1
Portugal,PRT,2020,2021,Third-generation cephalosporins,14.44847229414811,13.089937666963491,5615.0,14.10109606266503,14.44847229414811,-1.011158395701539,-1.3585346271846177,1,Frozen specification,11.907782842979001,16.29440928235106,Antibiotic-specific earlier origins,7.392222534146457,20.809969591183602,Antibiotic-specific earlier origins,1
Romania,ROU,2020,2021,Aminoglycosides,10.8991825613079,10.591133004926109,406.0,11.245861672324086,10.8991825613079,-0.6547286673979773,-0.3080495563817909,1,Frozen specification,8.56688128801992,13.924842056628252,Antibiotic-specific earlier origins,3.002107859813467,19.489615484834705,Antibiotic-specific earlier origins,1
Romania,ROU,2020,2021,Aminopenicillins,62.65822784810127,64.20454545454545,352.0,61.60811197640483,62.65822784810127,2.596433478140625,1.546317606444184,1,Frozen specification,58.26711617556533,64.94910777724434,Antibiotic-specific earlier origins,55.90419123645245,67.31203271635721,Antibiotic-specific earlier origins,1
Romania,ROU,2020,2021,Carbapenems,0.6607929515418502,0.4016064257028112,498.0,0.1690969995509057,0.6607929515418502,0.2325094261519054,-0.259186525839039,1,Frozen specification,0.0,0.35258323808301584,Antibiotic-specific earlier origins,0.0,1.9915038965035166,Antibiotic-specific earlier origins,1
Romania,ROU,2020,2021,Fluoroquinolones,26.0,24.698795180722893,498.0,26.17572377308893,26.0,-1.4769285923660362,-1.3012048192771068,1,Frozen specification,23.215722584099733,29.135724962078125,Antibiotic-specific earlier origins,19.30516363844814,33.046283907729716,Antibiotic-specific earlier origins,1
Romania,ROU,2020,2021,Third-generation cephalosporins,19.690265486725664,18.78787878787879,495.0,19.297155131447767,19.690265486725664,-0.5092763435689776,-0.9023866988468754,1,Frozen specification,17.103841911761737,21.490468351133796,Antibiotic-specific earlier origins,12.588281602929193,26.00602865996634,Antibiotic-specific earlier origins,1
Slovakia,SVK,2020,2021,Aminoglycosides,18.467852257181946,14.177978883861236,663.0,17.71636340080348,18.467852257181946,-3.5383845169422443,-4.2898733733207095,1,Frozen specification,15.037383016499314,20.39534378510765,Antibiotic-specific earlier origins,9.472609588292862,25.9601172133141,Antibiotic-specific earlier origins,1
Slovakia,SVK,2020,2021,Aminopenicillins,57.142857142857146,54.54545454545455,660.0,57.25281661358397,57.142857142857146,-2.707362068129428,-2.597402597402599,1,Frozen specification,53.911820812744466,60.59381241442347,Antibiotic-specific earlier origins,51.54889587363159,62.95673735353635,Antibiotic-specific earlier origins,1
Slovakia,SVK,2020,2021,Carbapenems,0.1418439716312056,0.0,625.0,0.0,0.1418439716312056,0.0,-0.1418439716312056,1,Frozen specification,0.0,0.1834862385321101,Antibiotic-specific earlier origins,0.0,1.8224068969526108,Antibiotic-specific earlier origins,1
Slovakia,SVK,2020,2021,Fluoroquinolones,34.15637860082305,29.75830815709969,662.0,34.716103292845226,34.15637860082305,-4.957795135745535,-4.398070443723356,1,Frozen specification,31.75610210385603,37.67610448183442,Antibiotic-specific earlier origins,27.845543158204435,41.586663427486016,Antibiotic-specific earlier origins,1
Slovakia,SVK,2020,2021,Third-generation cephalosporins,27.097661623108667,23.112480739599384,649.0,26.00448428148692,27.097661623108667,-2.8920035418875294,-3.9851808835092832,1,Frozen specification,23.81117106180089,28.19779750117295,Antibiotic-specific earlier origins,19.295610752968347,32.71335781000549,Antibiotic-specific earlier origins,1
Slovenia,SVN,2020,2021,Aminoglycosides,6.806930693069307,6.603212373587151,1681.0,6.84179079566103,6.806930693069307,-0.2385784220738793,-0.2037183194821565,1,Frozen specification,4.162810411356864,9.520771179965196,Antibiotic-specific earlier origins,0.0,15.085544608171649,Antibiotic-specific earlier origins,1
Slovenia,SVN,2020,2021,Aminopenicillins,51.26777983920841,50.80309339678762,1681.0,50.53374667052592,51.26777983920841,0.269346726261702,-0.4646864424207919,1,Frozen specification,47.19275086968642,53.87474247136542,Antibiotic-specific earlier origins,44.82982593057354,56.2376674104783,Antibiotic-specific earlier origins,1
Slovenia,SVN,2020,2021,Carbapenems,0.0,0.0,1681.0,0.0,0.0,0.0,0.0,1,Frozen specification,0.0,0.1834862385321101,Antibiotic-specific earlier origins,0.0,1.8224068969526108,Antibiotic-specific earlier origins,1
Slovenia,SVN,2020,2021,Fluoroquinolones,18.119975262832405,16.65675193337299,1681.0,18.859285507317104,18.119975262832405,-2.2025335739441125,-1.4632233294594137,1,Frozen specification,15.899284318327908,21.8192866963063,Antibiotic-specific earlier origins,11.988725372676313,25.729845641957894,Antibiotic-specific earlier origins,1
Slovenia,SVN,2020,2021,Third-generation cephalosporins,10.575139146567718,9.28019036287924,1681.0,10.133002086664364,10.575139146567718,-0.8528117237851234,-1.2949487836884774,1,Frozen specification,7.939688866978335,12.326315306350393,Antibiotic-specific earlier origins,3.4241285581457905,16.841875615182936,Antibiotic-specific earlier origins,1
Sweden,SWE,2020,2021,Aminoglycosides,5.884146341463414,5.981163219730071,10299.0,4.981962881892713,5.884146341463414,0.9992003378373582,0.0970168782666567,1,Frozen specification,2.3029824975885465,7.660943266196879,Antibiotic-specific earlier origins,0.0,13.225716694403332,Antibiotic-specific earlier origins,1
Sweden,SWE,2020,2021,Carbapenems,0.0101564086938858,0.0564652738565782,10626.0,0.0,0.0101564086938858,0.0564652738565782,0.0463088651626924,1,Frozen specification,0.0,0.1834862385321101,Antibiotic-specific earlier origins,0.0,1.8224068969526108,Antibiotic-specific earlier origins,1
Sweden,SWE,2020,2021,Fluoroquinolones,14.084507042253522,13.661305581835384,10570.0,14.375441709731394,14.084507042253522,-0.7141361278960101,-0.423201460418138,1,Frozen specification,11.415440520742198,17.33544289872059,Antibiotic-specific earlier origins,7.504881575090604,21.246001844372184,Antibiotic-specific earlier origins,1
Sweden,SWE,2020,2021,Third-generation cephalosporins,7.866423061307349,7.119345434026145,10633.0,7.199274240129149,7.866423061307349,-0.0799288061030045,-0.7470776272812039,1,Frozen specification,5.00596102044312,9.392587459815179,Antibiotic-specific earlier origins,0.49040071161057597,13.908147768647723,Antibiotic-specific earlier origins,1
Austria,AUT,2021,2022,Aminoglycosides,5.7518796992481205,5.48033526756931,4653.0,4.926360757145751,5.7518796992481205,0.5539745104235587,-0.2715444316788105,1,Frozen specification,2.7482233599440047,7.104498154347498,Antibiotic-specific earlier origins,0.0,11.191968521569986,Antibiotic-specific earlier origins,1
Austria,AUT,2021,2022,Aminopenicillins,45.09885535900104,45.94131505675733,4669.0,44.51225449358622,45.09885535900104,1.429060563171113,0.8424596977562899,1,Frozen specification,40.797584891845084,48.226924095327355,Antibiotic-specific earlier origins,38.82203778870776,50.20247119846468,Antibiotic-specific earlier origins,1
Austria,AUT,2021,2022,Carbapenems,0.0192086054552439,0.1206515181982706,4973.0,0.0,0.0192086054552439,0.1206515181982706,0.1014429127430266,1,Frozen specification,0.0,0.2325094261519054,Antibiotic-specific earlier origins,0.0,0.8814028360129349,Antibiotic-specific earlier origins,1
Austria,AUT,2021,2022,Fluoroquinolones,15.074923271348618,13.930659983291562,4788.0,15.263260275593158,15.074923271348618,-1.3326002923015956,-1.144263288057056,1,Frozen specification,11.997714543700678,18.528806007485638,Antibiotic-specific earlier origins,8.392700140952368,22.133820410233948,Antibiotic-specific earlier origins,1
Austria,AUT,2021,2022,Third-generation cephalosporins,8.289687556438505,8.320251177394034,5096.0,7.976153918206414,8.289687556438505,0.3440972591876203,0.0305636209555295,1,Frozen specification,5.790951620067441,10.161356216345387,Antibiotic-specific earlier origins,3.7260474846103904,12.226260351802438,Antibiotic-specific earlier origins,1
Belgium,BEL,2021,2022,Aminoglycosides,6.06983829388329,6.402357353335119,3733.0,5.492041088441228,6.06983829388329,0.9103162648938908,0.3325190594518288,1,Frozen specification,3.3139036912394815,7.670178485642975,Antibiotic-specific earlier origins,0.0,11.757648852865463,Antibiotic-specific earlier origins,1
Belgium,BEL,2021,2022,Aminopenicillins,55.20619731146047,56.575505350772886,4205.0,53.77794230743787,55.20619731146047,2.7975630433350176,1.3693080393124148,1,Frozen specification,50.06327270569673,57.492611909179004,Antibiotic-specific earlier origins,48.08772560255941,59.46815901231633,Antibiotic-specific earlier origins,1
Belgium,BEL,2021,2022,Carbapenems,0.0423549343498517,0.0698324022346368,4296.0,0.0,0.0423549343498517,0.0698324022346368,0.027477467884785,1,Frozen specification,0.0,0.2325094261519054,Antibiotic-specific earlier origins,0.0,0.8814028360129349,Antibiotic-specific earlier origins,1
Belgium,BEL,2021,2022,Fluoroquinolones,18.534208854056345,17.548500881834215,4536.0,17.522428342768677,18.534208854056345,0.026072539065538,-0.98570797222213,1,Frozen specification,14.256882610876197,20.787974074661157,Antibiotic-specific earlier origins,10.651868208127887,24.392988477409467,Antibiotic-specific earlier origins,1
Belgium,BEL,2021,2022,Third-generation cephalosporins,8.260961660665114,8.755555555555556,4500.0,8.280354889758486,8.260961660665114,0.47520066579707,0.4945938948904427,1,Frozen specification,6.095152591619513,10.46555718789746,Antibiotic-specific earlier origins,4.030248456162463,12.53046132335451,Antibiotic-specific earlier origins,1
Bulgaria,BGR,2021,2022,Aminoglycosides,26.99619771863118,24.267782426778243,239.0,27.21812523444685,26.99619771863118,-2.9503428076686085,-2.7284152918529365,1,Frozen specification,25.0399878372451,29.396262631648597,Antibiotic-specific earlier origins,20.952517470022613,33.48373299887108,Antibiotic-specific earlier origins,1
Bulgaria,BGR,2021,2022,Aminopenicillins,61.21673003802282,68.61924686192468,239.0,61.40847257682022,61.21673003802282,7.210774285104456,7.402516823901863,1,Frozen specification,57.69380297507909,65.12314217856135,Antibiotic-specific earlier origins,55.718255871941764,67.09868928169868,Antibiotic-specific earlier origins,1
Bulgaria,BGR,2021,2022,Carbapenems,0.3802281368821292,0.0,239.0,0.0687430951291077,0.3802281368821292,-0.0687430951291077,-0.3802281368821292,1,Frozen specification,0.0,0.3012525212810131,Antibiotic-specific earlier origins,0.0,0.9501459311420426,Antibiotic-specific earlier origins,1
Bulgaria,BGR,2021,2022,Fluoroquinolones,33.460076045627375,40.58577405857741,239.0,35.408270718103054,33.460076045627375,5.1775033404743525,7.125698012950032,1,Frozen specification,32.142724986210574,38.673816449995535,Antibiotic-specific earlier origins,28.537710583462264,42.278830852743845,Antibiotic-specific earlier origins,1
Bulgaria,BGR,2021,2022,Third-generation cephalosporins,37.26235741444867,40.1673640167364,239.0,36.6963283241864,37.26235741444867,3.471035692549997,2.9050066022877274,1,Frozen specification,34.51112602604743,38.88153062232538,Antibiotic-specific earlier origins,32.44622189059038,40.94643475778243,Antibiotic-specific earlier origins,1
Cyprus,CYP,2021,2022,Aminoglycosides,19.791666666666668,15.178571428571429,224.0,18.699912728145826,19.791666666666668,-3.521341299574397,-4.613095238095239,1,Frozen specification,16.52177533094408,20.87805012534757,Antibiotic-specific earlier origins,12.43430496372159,24.96552049257006,Antibiotic-specific earlier origins,1
Cyprus,CYP,2021,2022,Aminopenicillins,70.15706806282722,63.22869955156951,223.0,67.74587215151837,70.15706806282722,-4.517172599948857,-6.928368511257709,1,Frozen specification,64.03120254977723,71.4605417532595,Antibiotic-specific earlier origins,62.05565544663991,73.43608885639682,Antibiotic-specific earlier origins,1
Cyprus,CYP,2021,2022,Carbapenems,1.0416666666666667,0.9433962264150944,212.0,0.647579095246364,1.0416666666666667,0.2958171311687303,-0.0982704402515723,1,Frozen specification,0.41506966909445864,0.8800885213982694,Antibiotic-specific earlier origins,0.0,1.528981931259299,Antibiotic-specific earlier origins,1
Cyprus,CYP,2021,2022,Fluoroquinolones,51.5625,46.36363636363637,220.0,47.56257105818565,51.5625,-1.1989346945492798,-5.198863636363633,1,Frozen specification,44.297025326293166,50.82811679007813,Antibiotic-specific earlier origins,40.692010923544856,54.43313119282644,Antibiotic-specific earlier origins,1
Cyprus,CYP,2021,2022,Third-generation cephalosporins,32.8125,32.44444444444444,225.0,30.448856096708603,32.8125,1.99558834773584,-0.3680555555555571,1,Frozen specification,28.263653798569628,32.63405839484758,Antibiotic-specific earlier origins,26.19874966311258,34.69896253030463,Antibiotic-specific earlier origins,1
Czechia,CZE,2021,2022,Aminoglycosides,9.608177172061328,9.419680403700587,3567.0,8.797845566623408,9.608177172061328,0.6218348370771789,-0.188496768360741,1,Frozen specification,6.619708169421662,10.975982963825155,Antibiotic-specific earlier origins,2.532237802199173,15.063453331047644,Antibiotic-specific earlier origins,1
Czechia,CZE,2021,2022,Aminopenicillins,51.43149284253579,51.627384960718295,3564.0,50.6537617128418,51.43149284253579,0.973623247876496,0.1958921181825061,1,Frozen specification,46.93909211110066,54.368431314582935,Antibiotic-specific earlier origins,44.96354500796334,56.34397841772026,Antibiotic-specific earlier origins,1
Czechia,CZE,2021,2022,Carbapenems,0.0,0.1780415430267062,1685.0,0.0,0.0,0.1780415430267062,0.1780415430267062,1,Frozen specification,0.0,0.2325094261519054,Antibiotic-specific earlier origins,0.0,0.8814028360129349,Antibiotic-specific earlier origins,1
Czechia,CZE,2021,2022,Fluoroquinolones,19.700068166325835,18.23793490460157,3564.0,19.34674542707597,19.700068166325835,-1.1088105224743998,-1.462133261724265,1,Frozen specification,16.08119969518349,22.61229115896845,Antibiotic-specific earlier origins,12.47618529243518,26.21730556171676,Antibiotic-specific earlier origins,1
Czechia,CZE,2021,2022,Third-generation cephalosporins,14.417177914110429,14.750420639371844,3566.0,13.50511007839328,14.417177914110429,1.2453105609785649,0.3332427252614156,1,Frozen specification,11.319907780254306,15.690312376532253,Antibiotic-specific earlier origins,9.255003644797256,17.755216511989303,Antibiotic-specific earlier origins,1
Germany,DEU,2021,2022,Aminoglycosides,5.596240026232375,5.142999719302623,32063.0,5.114755770454087,5.596240026232375,0.0282439488485364,-0.4532403069297519,1,Frozen specification,2.9366183732523403,7.2928931676558335,Antibiotic-specific earlier origins,0.0,11.380363534878322,Antibiotic-specific earlier origins,1
Germany,DEU,2021,2022,Aminopenicillins,45.61052631578947,45.90717299578059,33180.0,45.02620588568101,45.61052631578947,0.8809671100995828,0.2966466799911202,1,Frozen specification,41.31153628393987,48.740875487422144,Antibiotic-specific earlier origins,39.33598918080255,50.71642259055947,Antibiotic-specific earlier origins,1
Germany,DEU,2021,2022,Carbapenems,0.0413579183181113,0.0355218755550293,33782.0,0.0,0.0413579183181113,0.0355218755550293,-0.005836042763082,1,Frozen specification,0.0,0.2325094261519054,Antibiotic-specific earlier origins,0.0,0.8814028360129349,Antibiotic-specific earlier origins,1
Germany,DEU,2021,2022,Fluoroquinolones,14.660137255578164,15.193885712592945,33757.0,14.513607622756783,14.660137255578164,0.6802780898361593,0.5337484570147808,1,Frozen specification,11.248061890864303,17.779153354649264,Antibiotic-specific earlier origins,7.643047488115993,21.384167757397574,Antibiotic-specific earlier origins,1
Germany,DEU,2021,2022,Third-generation cephalosporins,9.096860893835498,9.44178061919138,33786.0,8.879111666387551,9.096860893835498,0.5626689528038291,0.3449197253558829,1,Frozen specification,6.693909368248578,11.064313964526525,Antibiotic-specific earlier origins,4.629005232791528,13.129218099983575,Antibiotic-specific earlier origins,1
Denmark,DNK,2021,2022,Aminoglycosides,4.354329400033239,4.755457776273481,5909.0,3.3777675909140896,4.354329400033239,1.3776901853593913,0.4011283762402415,1,Frozen specification,1.199630193712343,5.555904988115836,Antibiotic-specific earlier origins,0.0,9.643375355338325,Antibiotic-specific earlier origins,1
Denmark,DNK,2021,2022,Aminopenicillins,41.50974837527079,42.172361040285566,5883.0,41.6181874175946,41.50974837527079,0.5541736226909677,0.6626126650147768,1,Frozen specification,37.90351781585346,45.332857019335734,Antibiotic-specific earlier origins,35.92797071271614,47.30840412247306,Antibiotic-specific earlier origins,1
Denmark,DNK,2021,2022,Carbapenems,0.1026518391787852,0.017921146953405,5580.0,0.0,0.1026518391787852,0.017921146953405,-0.0847306922253802,1,Frozen specification,0.0,0.2325094261519054,Antibiotic-specific earlier origins,0.0,0.8814028360129349,Antibiotic-specific earlier origins,1
Denmark,DNK,2021,2022,Fluoroquinolones,10.472074468085106,10.709436524100475,5892.0,9.813200731240936,10.472074468085106,0.8962357928595388,0.2373620560153693,1,Frozen specification,6.547654999348456,13.078746463133417,Antibiotic-specific earlier origins,2.942640596600146,16.683760865881727,Antibiotic-specific earlier origins,1
Denmark,DNK,2021,2022,Third-generation cephalosporins,6.166912850812408,6.627863312054075,5326.0,5.648632293450547,6.166912850812408,0.979231018603528,0.4609504612416666,1,Frozen specification,3.4634299953115733,7.83383459158952,Antibiotic-specific earlier origins,1.398525859854523,9.89873872704657,Antibiotic-specific earlier origins,1
Spain,ESP,2021,2022,Aminoglycosides,12.395929694727103,12.47998291875734,9367.0,11.402082898391402,12.395929694727103,1.077900020365938,0.0840532240302369,1,Frozen specification,9.223945501189656,13.580220295593149,Antibiotic-specific earlier origins,5.136475133967167,17.667690662815637,Antibiotic-specific earlier origins,1
Spain,ESP,2021,2022,Aminopenicillins,56.21201413427562,57.2280701754386,8550.0,55.46445303226114,56.21201413427562,1.7636171431774628,1.016056041162983,1,Frozen specification,51.749783430520004,59.179122634002276,Antibiotic-specific earlier origins,49.77423632738268,61.1546697371396,Antibiotic-specific earlier origins,1
Spain,ESP,2021,2022,Carbapenems,0.1445318773084952,0.5655042412818096,9549.0,0.0,0.1445318773084952,0.5655042412818096,0.4209723639733144,1,Frozen specification,0.0,0.2325094261519054,Antibiotic-specific earlier origins,0.0,0.8814028360129349,Antibiotic-specific earlier origins,1
Spain,ESP,2021,2022,Fluoroquinolones,26.614714040417383,28.609654286631702,9343.0,25.990053965391127,26.614714040417383,2.619600321240576,1.99494024621432,1,Frozen specification,22.724508233498646,29.255599697283607,Antibiotic-specific earlier origins,19.119493830750336,32.86061410003192,Antibiotic-specific earlier origins,1
Spain,ESP,2021,2022,Third-generation cephalosporins,13.158249158249156,14.877412623891496,9585.0,12.559249926308771,13.158249158249156,2.318162697582723,1.719163465642341,1,Frozen specification,10.374047628169798,14.744452224447745,Antibiotic-specific earlier origins,8.309143492712748,16.809356359904797,Antibiotic-specific earlier origins,1
Estonia,EST,2021,2022,Aminoglycosides,5.50755939524838,5.594405594405594,1001.0,4.535419181706548,5.50755939524838,1.0589864126990465,0.0868461991572138,1,Frozen specification,2.357281784504801,6.713556578908294,Antibiotic-specific earlier origins,0.0,10.801026946130783,Antibiotic-specific earlier origins,1
Estonia,EST,2021,2022,Aminopenicillins,41.124260355029584,43.43065693430657,274.0,42.04399796587841,41.124260355029584,1.3866589684281578,2.306396579276985,1,Frozen specification,38.329328364137275,45.75866756761955,Antibiotic-specific earlier origins,36.35378126099995,47.73421467075687,Antibiotic-specific earlier origins,1
Estonia,EST,2021,2022,Carbapenems,0.0,0.117096018735363,854.0,0.0,0.0,0.117096018735363,0.117096018735363,1,Frozen specification,0.0,0.2325094261519054,Antibiotic-specific earlier origins,0.0,0.8814028360129349,Antibiotic-specific earlier origins,1
Estonia,EST,2021,2022,Fluoroquinolones,13.449023861171366,16.31205673758865,987.0,13.497682926872226,13.449023861171366,2.8143738107164253,2.863032876417286,1,Frozen specification,10.232137194979746,16.763228658764707,Antibiotic-specific earlier origins,6.627122792231436,20.368243061513017,Antibiotic-specific earlier origins,1
Estonia,EST,2021,2022,Third-generation cephalosporins,8.073196986006458,11.764705882352942,1003.0,8.098833056586589,8.073196986006458,3.665872825766353,3.691508896346484,1,Frozen specification,5.913630758447615,10.284035354725562,Antibiotic-specific earlier origins,3.848726622990565,12.348939490182612,Antibiotic-specific earlier origins,1
Finland,FIN,2021,2022,Aminoglycosides,4.136504653567736,4.442408976414014,4367.0,3.209910859446204,4.136504653567736,1.2324981169678102,0.3059043228462776,1,Frozen specification,1.0317734622444572,5.38804825664795,Antibiotic-specific earlier origins,0.0,9.475518623870439,Antibiotic-specific earlier origins,1
Finland,FIN,2021,2022,Aminopenicillins,31.72804532577904,32.50478011472276,2615.0,32.54532891194586,31.72804532577904,-0.0405487972230957,0.7767347889437239,1,Frozen specification,28.830659310204723,36.259998513686995,Antibiotic-specific earlier origins,26.8551122070674,38.23554561682432,Antibiotic-specific earlier origins,1
Finland,FIN,2021,2022,Carbapenems,0.0,0.0,4575.0,0.0,0.0,0.0,0.0,1,Frozen specification,0.0,0.2325094261519054,Antibiotic-specific earlier origins,0.0,0.8814028360129349,Antibiotic-specific earlier origins,1
Finland,FIN,2021,2022,Fluoroquinolones,9.565667011375387,9.908136482939632,4572.0,9.063650844720945,9.565667011375387,0.8444856382186892,0.3424694715642449,1,Frozen specification,5.798105112828464,12.329196576613425,Antibiotic-specific earlier origins,2.1930907100801544,15.934210979361735,Antibiotic-specific earlier origins,1
Finland,FIN,2021,2022,Third-generation cephalosporins,6.6045869977582345,6.107705779334501,4568.0,5.958397446342742,6.6045869977582345,0.149308332991759,-0.4968812184237334,1,Frozen specification,3.7731951482037687,8.143599744481715,Antibiotic-specific earlier origins,1.7082910127467184,10.208503879938766,Antibiotic-specific earlier origins,1
France,FRA,2021,2022,Aminoglycosides,5.8233727978247325,6.150943396226415,15900.0,5.047651799877668,5.8233727978247325,1.1032915963487469,0.3275705984016825,1,Frozen specification,2.8695144026759216,7.225789197079415,Antibiotic-specific earlier origins,0.0,11.313259564301903,Antibiotic-specific earlier origins,1
France,FRA,2021,2022,Aminopenicillins,52.26476900485711,52.81833517538247,17191.0,51.15954017778667,52.26476900485711,1.6587949975958054,0.5535661705253645,1,Frozen specification,47.44487057604553,54.8742097795278,Antibiotic-specific earlier origins,45.46932347290821,56.849756882665126,Antibiotic-specific earlier origins,1
France,FRA,2021,2022,Carbapenems,0.051293742163456,0.1059509094119724,16989.0,0.0,0.051293742163456,0.1059509094119724,0.0546571672485163,1,Frozen specification,0.0,0.2325094261519054,Antibiotic-specific earlier origins,0.0,0.8814028360129349,Antibiotic-specific earlier origins,1
France,FRA,2021,2022,Fluoroquinolones,14.756586793884852,14.705714448821146,17517.0,14.152104637792531,14.756586793884852,0.553609811028613,-0.0508723450637056,1,Frozen specification,10.886558905900051,17.417650369685013,Antibiotic-specific earlier origins,7.281544503151741,21.022664772433323,Antibiotic-specific earlier origins,1
France,FRA,2021,2022,Third-generation cephalosporins,8.342674139311448,8.441485159688522,17722.0,7.972119106235883,8.342674139311448,0.4693660534526387,0.0988110203770737,1,Frozen specification,5.78691680809691,10.157321404374857,Antibiotic-specific earlier origins,3.7220126726398597,12.222225539831907,Antibiotic-specific earlier origins,1
Greece,GRC,2021,2022,Aminoglycosides,18.636995827538247,19.047619047619047,1239.0,17.274373265871706,18.636995827538247,1.7732457817473417,0.4106232200808009,1,Frozen specification,15.09623586866996,19.452510663073454,Antibiotic-specific earlier origins,11.00876550144747,23.53998103029594,Antibiotic-specific earlier origins,1
Greece,GRC,2021,2022,Aminopenicillins,59.78456014362657,57.053941908713696,964.0,57.24164236728247,59.78456014362657,-0.18770045856877,-2.7306182349128747,1,Frozen specification,53.52697276554134,60.95631196902361,Antibiotic-specific earlier origins,51.551425662404014,62.93185907216093,Antibiotic-specific earlier origins,1
Greece,GRC,2021,2022,Carbapenems,1.098901098901099,1.532258064516129,1240.0,0.7356315021963091,1.098901098901099,0.7966265623198199,0.43335696561503,1,Frozen specification,0.5031220760444037,0.9681409283482145,Antibiotic-specific earlier origins,0.0,1.617034338209244,Antibiotic-specific earlier origins,1
Greece,GRC,2021,2022,Fluoroquinolones,33.92857142857143,37.77239709443099,1239.0,31.968386744458087,33.92857142857143,5.804010349972906,3.843825665859562,1,Frozen specification,28.702841012565607,35.23393247635057,Antibiotic-specific earlier origins,25.097826609817297,38.83894687909888,Antibiotic-specific earlier origins,1
Greece,GRC,2021,2022,Third-generation cephalosporins,21.733149931224208,23.31983805668016,1235.0,21.00361401803072,21.733149931224208,2.3162240386494446,1.5866881254559535,1,Frozen specification,18.81841171989175,23.188816316169692,Antibiotic-specific earlier origins,16.753507584434697,25.253720451626744,Antibiotic-specific earlier origins,1
Croatia,HRV,2021,2022,Aminoglycosides,11.724137931034482,16.04060913705584,985.0,12.052697071632462,11.724137931034482,3.9879120654233766,4.316471206021356,1,Frozen specification,9.874559674430715,14.230834468834209,Antibiotic-specific earlier origins,5.787089307208227,18.318304836056697,Antibiotic-specific earlier origins,1
Croatia,HRV,2021,2022,Aminopenicillins,55.76923076923077,55.759429153924565,981.0,54.91236846616134,55.76923076923077,0.847060687763225,-0.0098016153062019,1,Frozen specification,51.197698864420204,58.627038067902475,Antibiotic-specific earlier origins,49.22215176128288,60.6025851710398,Antibiotic-specific earlier origins,1
Croatia,HRV,2021,2022,Carbapenems,0.0,0.1020408163265306,980.0,0.0,0.0,0.1020408163265306,0.1020408163265306,1,Frozen specification,0.0,0.2325094261519054,Antibiotic-specific earlier origins,0.0,0.8814028360129349,Antibiotic-specific earlier origins,1
Croatia,HRV,2021,2022,Fluoroquinolones,28.9875173370319,30.25641025641025,975.0,27.65144871811888,28.9875173370319,2.60496153829137,1.2688929193783487,1,Frozen specification,24.385902986226398,30.91699445001136,Antibiotic-specific earlier origins,20.780888583478088,34.52200885275967,Antibiotic-specific earlier origins,1
Croatia,HRV,2021,2022,Third-generation cephalosporins,18.59504132231405,17.426545086119553,987.0,16.962676894595912,18.59504132231405,0.4638681915236411,-1.1684962361944962,1,Frozen specification,14.777474596456939,19.147879192734884,Antibiotic-specific earlier origins,12.712570460999888,21.212783328191936,Antibiotic-specific earlier origins,1
Hungary,HUN,2021,2022,Aminoglycosides,17.496962332928312,16.321749316673174,2561.0,15.615375936404575,17.496962332928312,0.7063733802685981,-1.1752130162551389,1,Frozen specification,13.437238539202829,17.79351333360632,Antibiotic-specific earlier origins,9.34976817198034,21.88098370082881,Antibiotic-specific earlier origins,1
Hungary,HUN,2021,2022,Aminopenicillins,58.50640742377375,58.41541755888651,2335.0,57.01252438223955,58.50640742377375,1.4028931766469626,-0.0909898648872413,1,Frozen specification,53.29785478049841,60.72719398398068,Antibiotic-specific earlier origins,51.32230767736109,62.70274108711801,Antibiotic-specific earlier origins,1
Hungary,HUN,2021,2022,Carbapenems,0.0,0.1988071570576541,2515.0,0.0,0.0,0.1988071570576541,0.1988071570576541,1,Frozen specification,0.0,0.2325094261519054,Antibiotic-specific earlier origins,0.0,0.8814028360129349,Antibiotic-specific earlier origins,1
Hungary,HUN,2021,2022,Fluoroquinolones,28.04878048780488,29.27696562623469,2531.0,27.62116380608686,28.04878048780488,1.6558018201478326,1.2281851384298117,1,Frozen specification,24.35561807419438,30.88670953797934,Antibiotic-specific earlier origins,20.75060367144607,34.49172394072765,Antibiotic-specific earlier origins,1
Hungary,HUN,2021,2022,Third-generation cephalosporins,20.40485829959514,22.57309941520468,2565.0,19.3711118247756,20.40485829959514,3.201987590429088,2.16824111560954,1,Frozen specification,17.185909526636628,21.55631412291457,Antibiotic-specific earlier origins,15.121005391179576,23.621218258371623,Antibiotic-specific earlier origins,1
Ireland,IRL,2021,2022,Aminoglycosides,9.573002754820935,8.655126498002662,3004.0,8.847155925664746,9.573002754820935,-0.1920294276620833,-0.917876256818273,1,Frozen specification,6.669018528462999,11.025293322866492,Antibiotic-specific earlier origins,2.5815481612405105,15.11276369008898,Antibiotic-specific earlier origins,1
Ireland,IRL,2021,2022,Aminopenicillins,63.00897170462388,61.77156177156177,3003.0,61.86283401507998,63.00897170462388,-0.0912722435182118,-1.237409933062111,1,Frozen specification,58.14816441333885,65.57750361682112,Antibiotic-specific earlier origins,56.172617310201524,67.55305071995843,Antibiotic-specific earlier origins,1
Ireland,IRL,2021,2022,Carbapenems,0.0,0.0,2996.0,0.0,0.0,0.0,0.0,1,Frozen specification,0.0,0.2325094261519054,Antibiotic-specific earlier origins,0.0,0.8814028360129349,Antibiotic-specific earlier origins,1
Ireland,IRL,2021,2022,Fluoroquinolones,15.976535541752932,15.6,3000.0,16.62187514949964,15.976535541752932,-1.0218751494996408,-0.3765355417529328,1,Frozen specification,13.35632941760716,19.88742088139212,Antibiotic-specific earlier origins,9.75131501485885,23.49243528414043,Antibiotic-specific earlier origins,1
Ireland,IRL,2021,2022,Third-generation cephalosporins,9.955218739235274,9.67741935483871,3007.0,10.041179383253391,9.955218739235274,-0.3637600284146831,-0.2777993843965642,1,Frozen specification,7.855977085114418,12.226381681392365,Antibiotic-specific earlier origins,5.791072949657368,14.291285816849415,Antibiotic-specific earlier origins,1
Iceland,ISL,2021,2022,Aminoglycosides,9.352517985611511,7.659574468085107,235.0,7.608978140547471,9.352517985611511,0.0505963275376357,-1.6929435175264045,1,Frozen specification,5.430840743345724,9.787115537749218,Antibiotic-specific earlier origins,1.3433703761232358,13.874585904971706,Antibiotic-specific earlier origins,1
Iceland,ISL,2021,2022,Aminopenicillins,46.57039711191336,46.80851063829788,235.0,48.723494648482905,46.57039711191336,-1.914984010185023,0.2381135263845237,1,Frozen specification,45.00882504674177,52.43816425022404,Antibiotic-specific earlier origins,43.033277943604446,54.413711353361364,Antibiotic-specific earlier origins,1
Iceland,ISL,2021,2022,Carbapenems,0.0,0.0,235.0,0.2039225337063328,0.0,-0.2039225337063328,0.0,1,Frozen specification,0.0,0.4364319598582382,Antibiotic-specific earlier origins,0.0,1.0853253697192677,Antibiotic-specific earlier origins,1
Iceland,ISL,2021,2022,Fluoroquinolones,14.440433212996387,10.212765957446807,235.0,13.430430940264136,14.440433212996387,-3.217664982817329,-4.22766725554958,1,Frozen specification,10.164885208371656,16.69597667215662,Antibiotic-specific earlier origins,6.559870805623346,20.30099107490493,Antibiotic-specific earlier origins,1
Iceland,ISL,2021,2022,Third-generation cephalosporins,10.431654676258994,9.787234042553193,235.0,9.894681201377823,10.431654676258994,-0.1074471588246321,-0.6444206337058009,1,Frozen specification,7.70947890323885,12.079883499516797,Antibiotic-specific earlier origins,5.6445747677817995,14.144787634973847,Antibiotic-specific earlier origins,1
Italy,ITA,2021,2022,Aminoglycosides,13.498454911508569,14.197579377554227,25448.0,12.4942693010656,13.498454911508569,1.703310076488627,0.6991244660456584,1,Frozen specification,10.316131903863853,14.672406698267347,Antibiotic-specific earlier origins,6.228661536641365,18.759877065489835,Antibiotic-specific earlier origins,1
Italy,ITA,2021,2022,Aminopenicillins,59.64102564102564,61.55467720685112,7590.0,60.115276855257314,59.64102564102564,1.439400351593804,1.9136515658254751,1,Frozen specification,56.40060725351618,63.82994645699845,Antibiotic-specific earlier origins,54.425060150378854,65.80549356013577,Antibiotic-specific earlier origins,1
Italy,ITA,2021,2022,Carbapenems,0.4262533301041414,0.2703602029781216,24042.0,0.0,0.4262533301041414,0.2703602029781216,-0.1558931271260198,1,Frozen specification,0.0,0.2325094261519054,Antibiotic-specific earlier origins,0.0,0.8814028360129349,Antibiotic-specific earlier origins,1
Italy,ITA,2021,2022,Fluoroquinolones,33.361057203585624,31.627172195892577,25320.0,33.31247536216526,33.361057203585624,-1.685303166272682,-1.733885007693047,1,Frozen specification,30.04692963027278,36.57802109405774,Antibiotic-specific earlier origins,26.44191522752447,40.18303549680605,Antibiotic-specific earlier origins,1
Italy,ITA,2021,2022,Third-generation cephalosporins,24.3777686441065,24.24384159650764,25656.0,23.99091634251367,24.3777686441065,0.2529252539939683,-0.1339270475988598,1,Frozen specification,21.805714044374696,26.176118640652646,Antibiotic-specific earlier origins,19.740809908917647,28.241022776109695,Antibiotic-specific earlier origins,1
Lithuania,LTU,2021,2022,Aminoglycosides,8.326029798422436,8.333333333333334,1308.0,7.753230047927948,8.326029798422436,0.5801032854053858,0.007303534910898,1,Frozen specification,5.5750926507262015,9.931367445129695,Antibiotic-specific earlier origins,1.487622283503713,14.018837812352183,Antibiotic-specific earlier origins,1
Lithuania,LTU,2021,2022,Aminopenicillins,57.10549258936356,58.86415963161934,1303.0,55.54008335566241,57.10549258936356,3.3240762759569265,1.7586670422557802,1,Frozen specification,51.825413753921275,59.25475295740355,Antibiotic-specific earlier origins,49.84986665078395,61.23030006054087,Antibiotic-specific earlier origins,1
Lithuania,LTU,2021,2022,Carbapenems,0.2610966057441253,0.2291825821237585,1309.0,0.0,0.2610966057441253,0.2291825821237585,-0.0319140236203668,1,Frozen specification,0.0,0.2325094261519054,Antibiotic-specific earlier origins,0.0,0.8814028360129349,Antibiotic-specific earlier origins,1
Lithuania,LTU,2021,2022,Fluoroquinolones,17.647058823529413,19.02552204176334,1293.0,17.132897953540883,17.647058823529413,1.8926240882224583,1.3784632182339287,1,Frozen specification,13.867352221648403,20.398443685433364,Antibiotic-specific earlier origins,10.262337818900093,24.003458088181674,Antibiotic-specific earlier origins,1
Lithuania,LTU,2021,2022,Third-generation cephalosporins,13.616652211621856,15.431627196333078,1309.0,13.563221940633037,13.616652211621856,1.868405255700044,1.8149749847112224,1,Frozen specification,11.378019642494063,15.74842423877201,Antibiotic-specific earlier origins,9.313115507037013,17.81332837422906,Antibiotic-specific earlier origins,1
Luxembourg,LUX,2021,2022,Aminoglycosides,8.757062146892656,7.249466950959488,469.0,8.013120442100604,8.757062146892656,-0.7636534911411159,-1.5075951959331677,1,Frozen specification,5.834983044898857,10.19125783930235,Antibiotic-specific earlier origins,1.7475126776763688,14.278728206524839,Antibiotic-specific earlier origins,1
Luxembourg,LUX,2021,2022,Aminopenicillins,53.40909090909091,49.68017057569296,469.0,52.38777971061225,53.40909090909091,-2.707609134919288,-3.728920333397944,1,Frozen specification,48.673110108871114,56.102449312353386,Antibiotic-specific earlier origins,46.69756300573379,58.07799641549071,Antibiotic-specific earlier origins,1
Luxembourg,LUX,2021,2022,Carbapenems,0.0,0.0,469.0,0.0,0.0,0.0,0.0,1,Frozen specification,0.0,0.2325094261519054,Antibiotic-specific earlier origins,0.0,0.8814028360129349,Antibiotic-specific earlier origins,1
Luxembourg,LUX,2021,2022,Fluoroquinolones,20.90395480225989,16.844349680170577,469.0,20.10518784579968,20.90395480225989,-3.2608381656290994,-4.059605122089312,1,Frozen specification,16.8396421139072,23.37073357769216,Antibiotic-specific earlier origins,13.23462771115889,26.97574798044047,Antibiotic-specific earlier origins,1
Luxembourg,LUX,2021,2022,Third-generation cephalosporins,11.299435028248588,10.447761194029852,469.0,11.05181613105665,11.299435028248588,-0.6040549370267989,-0.8516738342187367,1,Frozen specification,8.866613832917677,13.237018429195624,Antibiotic-specific earlier origins,6.801709697460627,15.301922564652674,Antibiotic-specific earlier origins,1
Latvia,LVA,2021,2022,Aminoglycosides,10.913705583756345,11.801242236024844,483.0,10.279763355103585,10.913705583756345,1.5214788809212614,0.8875366522684995,1,Frozen specification,8.101625957901838,12.457900752305331,Antibiotic-specific earlier origins,4.01415559067935,16.54537111952782,Antibiotic-specific earlier origins,1
Latvia,LVA,2021,2022,Aminopenicillins,49.41860465116279,51.851851851851855,432.0,50.91424343081013,49.41860465116279,0.9376084210417304,2.433247200689067,1,Frozen specification,47.199573829068996,54.62891303255127,Antibiotic-specific earlier origins,45.22402672593167,56.60446013568859,Antibiotic-specific earlier origins,1
Latvia,LVA,2021,2022,Carbapenems,0.0,0.0,481.0,0.0,0.0,0.0,0.0,1,Frozen specification,0.0,0.2325094261519054,Antibiotic-specific earlier origins,0.0,0.8814028360129349,Antibiotic-specific earlier origins,1
Latvia,LVA,2021,2022,Fluoroquinolones,20.663265306122447,21.82952182952183,481.0,22.3010730938861,20.663265306122447,-0.471551264364269,1.1662565233993831,1,Frozen specification,19.03552736199362,25.56661882577858,Antibiotic-specific earlier origins,15.43051295924531,29.17163322852689,Antibiotic-specific earlier origins,1
Latvia,LVA,2021,2022,Third-generation cephalosporins,18.3206106870229,20.041322314049587,484.0,19.38390395921142,18.3206106870229,0.6574183548381676,1.720711627026688,1,Frozen specification,17.198701661072448,21.56910625735039,Antibiotic-specific earlier origins,15.133797525615396,23.634010392807443,Antibiotic-specific earlier origins,1
Malta,MLT,2021,2022,Aminoglycosides,12.709030100334449,11.96319018404908,326.0,11.32012468783586,12.709030100334449,0.6430654962132198,-0.7458399162853677,1,Frozen specification,9.141987290634113,13.498262085037606,Antibiotic-specific earlier origins,5.054516923411624,17.585732452260096,Antibiotic-specific earlier origins,1
Malta,MLT,2021,2022,Aminopenicillins,64.54849498327759,62.88343558282209,326.0,61.10719056485203,64.54849498327759,1.776245017970055,-1.6650594004555046,1,Frozen specification,57.3925209631109,64.82186016659317,Antibiotic-specific earlier origins,55.416973859973574,66.79740726973048,Antibiotic-specific earlier origins,1
Malta,MLT,2021,2022,Carbapenems,0.0,0.0,326.0,0.0,0.0,0.0,0.0,1,Frozen specification,0.0,0.2325094261519054,Antibiotic-specific earlier origins,0.0,0.8814028360129349,Antibiotic-specific earlier origins,1
Malta,MLT,2021,2022,Fluoroquinolones,30.76923076923077,26.380368098159508,326.0,32.075992806725225,30.76923076923077,-5.695624708565717,-4.388862671071262,1,Frozen specification,28.810447074832744,35.341538538617705,Antibiotic-specific earlier origins,25.205432672084434,38.946552941366015,Antibiotic-specific earlier origins,1
Malta,MLT,2021,2022,Third-generation cephalosporins,13.7123745819398,11.349693251533742,326.0,13.41341786943084,13.7123745819398,-2.0637246178970994,-2.3626813304060583,1,Frozen specification,11.228215571291866,15.598620167569813,Antibiotic-specific earlier origins,9.163311435834816,17.66352430302686,Antibiotic-specific earlier origins,1
Netherlands,NLD,2021,2022,Aminoglycosides,5.9914841849148415,6.166851441241685,7216.0,5.029327999848441,5.9914841849148415,1.1375234413932445,0.1753672563268438,1,Frozen specification,2.851190602646694,7.207465397050187,Antibiotic-specific earlier origins,0.0,11.294935764272676,Antibiotic-specific earlier origins,1
Netherlands,NLD,2021,2022,Aminopenicillins,41.40922234058743,40.92926490984743,7210.0,41.299787348767005,41.40922234058743,-0.370522438919572,-0.4799574307399936,1,Frozen specification,37.58511774702587,45.01445695050814,Antibiotic-specific earlier origins,35.609570643888546,46.990004053645464,Antibiotic-specific earlier origins,1
Netherlands,NLD,2021,2022,Carbapenems,0.0456690516060283,0.0416088765603328,7210.0,0.0,0.0456690516060283,0.0416088765603328,-0.0040601750456955,1,Frozen specification,0.0,0.2325094261519054,Antibiotic-specific earlier origins,0.0,0.8814028360129349,Antibiotic-specific earlier origins,1
Netherlands,NLD,2021,2022,Fluoroquinolones,13.32319391634981,13.142936364896714,7213.0,12.571025925694135,13.32319391634981,0.5719104392025791,-0.1802575514530957,1,Frozen specification,9.305480193801655,15.836571657586616,Antibiotic-specific earlier origins,5.700465791053345,19.441586060334927,Antibiotic-specific earlier origins,1
Netherlands,NLD,2021,2022,Third-generation cephalosporins,6.64638783269962,7.747747747747748,7215.0,6.146053817377489,6.64638783269962,1.601693930370259,1.1013599150481277,1,Frozen specification,3.960851519238515,8.331256115516462,Antibiotic-specific earlier origins,1.8959473837814649,10.396160250973512,Antibiotic-specific earlier origins,1
Norway,NOR,2021,2022,Aminoglycosides,5.392029174264131,5.403288958496476,3831.0,4.240228881407386,5.392029174264131,1.1630600770890895,0.0112597842323447,1,Frozen specification,2.0620914842056397,6.418366278609133,Antibiotic-specific earlier origins,0.0,10.505836645831621,Antibiotic-specific earlier origins,1
Norway,NOR,2021,2022,Aminopenicillins,35.39223351576753,37.78431897243778,3737.0,36.75447899749821,35.39223351576753,1.029839974939577,2.392085456670252,1,Frozen specification,33.039809395757075,40.46914859923935,Antibiotic-specific earlier origins,31.064262292619752,42.44469570237667,Antibiotic-specific earlier origins,1
Norway,NOR,2021,2022,Carbapenems,0.0,0.0267522739432851,3738.0,0.0,0.0,0.0267522739432851,0.0267522739432851,1,Frozen specification,0.0,0.2325094261519054,Antibiotic-specific earlier origins,0.0,0.8814028360129349,Antibiotic-specific earlier origins,1
Norway,NOR,2021,2022,Fluoroquinolones,9.87718839822315,10.520665593129362,3726.0,9.431276995324446,9.87718839822315,1.0893885978049165,0.643477194906211,1,Frozen specification,6.165731263431965,12.696822727216926,Antibiotic-specific earlier origins,2.5607168606836552,16.301837129965236,Antibiotic-specific earlier origins,1
Norway,NOR,2021,2022,Third-generation cephalosporins,5.496222974733003,5.830435945439957,3739.0,5.06586037671554,5.496222974733003,0.7645755687244176,0.3342129707069539,1,Frozen specification,2.880658078576567,7.251062674854514,Antibiotic-specific earlier origins,0.8157539431195167,9.315966810311565,Antibiotic-specific earlier origins,1
Poland,POL,2021,2022,Aminoglycosides,13.723696248856358,12.325783972125436,2296.0,12.69774174286508,13.723696248856358,-0.3719577707396428,-1.3979122767309224,1,Frozen specification,10.519604345663334,14.875879140066827,Antibiotic-specific earlier origins,6.432133978440845,18.963349507289315,Antibiotic-specific earlier origins,1
Poland,POL,2021,2022,Aminopenicillins,60.568603213844256,57.17619603267211,857.0,58.4205508391109,60.568603213844256,-1.2443548064387926,-3.392407181172146,1,Frozen specification,54.705881237369766,62.13522044085204,Antibiotic-specific earlier origins,52.73033413423244,64.11076754398937,Antibiotic-specific earlier origins,1
Poland,POL,2021,2022,Carbapenems,0.131004366812227,0.0815993472052223,2451.0,0.0,0.131004366812227,0.0815993472052223,-0.0494050196070046,1,Frozen specification,0.0,0.2325094261519054,Antibiotic-specific earlier origins,0.0,0.8814028360129349,Antibiotic-specific earlier origins,1
Poland,POL,2021,2022,Fluoroquinolones,33.11287477954145,30.81103678929766,2392.0,31.29034295467732,33.11287477954145,-0.4793061653796613,-2.30183799024379,1,Frozen specification,28.02479722278484,34.5558886865698,Antibiotic-specific earlier origins,24.41978282003653,38.16090308931811,Antibiotic-specific earlier origins,1
Poland,POL,2021,2022,Third-generation cephalosporins,18.726275832981862,18.688265507704465,2531.0,17.26471819606729,18.726275832981862,1.4235473116371755,-0.0380103252773977,1,Frozen specification,15.079515897928315,19.44992049420626,Antibiotic-specific earlier origins,13.014611762471265,21.514824629663313,Antibiotic-specific earlier origins,1
Portugal,PRT,2021,2022,Aminoglycosides,10.615521855486174,11.706349206349206,5544.0,9.562770000789996,10.615521855486174,2.1435792055592096,1.090827350863032,1,Frozen specification,7.3846326035882495,11.740907397991743,Antibiotic-specific earlier origins,3.297162236365761,15.828377765214231,Antibiotic-specific earlier origins,1
Portugal,PRT,2021,2022,Aminopenicillins,52.730441518202944,52.187386073642,5486.0,52.07151268339055,52.730441518202944,0.1158733902514512,-0.5430554445609417,1,Frozen specification,48.356843081649416,55.78618228513169,Antibiotic-specific earlier origins,46.38129597851209,57.76172938826901,Antibiotic-specific earlier origins,1
Portugal,PRT,2021,2022,Carbapenems,0.3293084522502744,0.3170458784035807,5362.0,0.0,0.3293084522502744,0.3170458784035807,-0.0122625738466936,1,Frozen specification,0.0,0.2325094261519054,Antibiotic-specific earlier origins,0.0,0.8814028360129349,Antibiotic-specific earlier origins,1
Portugal,PRT,2021,2022,Fluoroquinolones,22.499110003559984,21.44665461121157,5530.0,21.85275391107063,22.499110003559984,-0.4060992998590578,-1.0524553923484137,1,Frozen specification,18.58720817917815,25.11829964296311,Antibiotic-specific earlier origins,14.982193776429838,28.72331404571142,Antibiotic-specific earlier origins,1
Portugal,PRT,2021,2022,Third-generation cephalosporins,13.089937666963491,14.096996018820125,5526.0,12.751516207510583,13.089937666963491,1.3454798113095396,1.0070583518566334,1,Frozen specification,10.56631390937161,14.936718505649557,Antibiotic-specific earlier origins,8.50140977391456,17.001622641106607,Antibiotic-specific earlier origins,1
Romania,ROU,2021,2022,Aminoglycosides,10.591133004926109,11.960132890365449,602.0,10.339823008258138,10.591133004926109,1.6203098821073103,1.36899988543934,1,Frozen specification,8.161685611056392,12.517960405459885,Antibiotic-specific earlier origins,4.074215243833903,16.605430772682375,Antibiotic-specific earlier origins,1
Romania,ROU,2021,2022,Aminopenicillins,64.20454545454545,62.361623616236166,542.0,61.79330210804851,64.20454545454545,0.5683215081876583,-1.842921838309288,1,Frozen specification,58.07863250630737,65.50797170978964,Antibiotic-specific earlier origins,56.10308540317005,67.48351881292697,Antibiotic-specific earlier origins,1
Romania,ROU,2021,2022,Carbapenems,0.4016064257028112,0.5738880918220947,697.0,0.0,0.4016064257028112,0.5738880918220947,0.1722816661192834,1,Frozen specification,0.0,0.2325094261519054,Antibiotic-specific earlier origins,0.0,0.8814028360129349,Antibiotic-specific earlier origins,1
Romania,ROU,2021,2022,Fluoroquinolones,24.698795180722893,23.768115942028984,690.0,24.74676329954349,24.698795180722893,-0.9786473575145074,-0.9306792386939088,1,Frozen specification,21.481217567651008,28.01230903143597,Antibiotic-specific earlier origins,17.876203164902698,31.61732343418428,Antibiotic-specific earlier origins,1
Romania,ROU,2021,2022,Third-generation cephalosporins,18.78787878787879,17.82608695652174,690.0,18.61616065933208,18.78787878787879,-0.7900737028103428,-0.9617918313570506,1,Frozen specification,16.430958361193106,20.801362957471056,Antibiotic-specific earlier origins,14.366054225736058,22.866267092928105,Antibiotic-specific earlier origins,1
Slovakia,SVK,2021,2022,Aminoglycosides,14.177978883861236,13.79310344827586,783.0,14.883270411910267,14.177978883861236,-1.0901669636344078,-0.3848754355853767,1,Frozen specification,12.70513301470852,17.061407809112012,Antibiotic-specific earlier origins,8.617662647486032,21.148878176334502,Antibiotic-specific earlier origins,1
Slovakia,SVK,2021,2022,Aminopenicillins,54.54545454545455,54.23728813559322,767.0,54.52088032635265,54.54545454545455,-0.2835921907594354,-0.3081664098613288,1,Frozen specification,50.80621072461152,58.23554992809379,Antibiotic-specific earlier origins,48.830663621474194,60.21109703123111,Antibiotic-specific earlier origins,1
Slovakia,SVK,2021,2022,Carbapenems,0.0,0.0,738.0,0.0,0.0,0.0,0.0,1,Frozen specification,0.0,0.2325094261519054,Antibiotic-specific earlier origins,0.0,0.8814028360129349,Antibiotic-specific earlier origins,1
Slovakia,SVK,2021,2022,Fluoroquinolones,29.75830815709969,32.35294117647059,782.0,30.66787582911701,29.75830815709969,1.6850653473535786,2.594633019370896,1,Frozen specification,27.402330097224528,33.93342156100949,Antibiotic-specific earlier origins,23.797315694476218,37.5384359637578,Antibiotic-specific earlier origins,1
Slovakia,SVK,2021,2022,Third-generation cephalosporins,23.112480739599384,23.697916666666668,768.0,23.495677733353013,23.112480739599384,0.2022389333136551,0.5854359270672838,1,Frozen specification,21.310475435214038,25.680880031491988,Antibiotic-specific earlier origins,19.24557129975699,27.745784166949036,Antibiotic-specific earlier origins,1
Slovenia,SVN,2021,2022,Aminoglycosides,6.603212373587151,7.951807228915663,1660.0,5.756696623002119,6.603212373587151,2.195110605913544,1.3485948553285123,1,Frozen specification,3.5785592258003724,7.934834020203866,Antibiotic-specific earlier origins,0.0,12.022304387426354,Antibiotic-specific earlier origins,1
Slovenia,SVN,2021,2022,Aminopenicillins,50.80309339678762,49.00542495479204,1659.0,49.57982951580706,50.80309339678762,-0.5744045610150224,-1.797668441995576,1,Frozen specification,45.86515991406593,53.2944991175482,Antibiotic-specific earlier origins,43.889612810928604,55.27004622068552,Antibiotic-specific earlier origins,1
Slovenia,SVN,2021,2022,Carbapenems,0.0,0.0,1660.0,0.0,0.0,0.0,0.0,1,Frozen specification,0.0,0.2325094261519054,Antibiotic-specific earlier origins,0.0,0.8814028360129349,Antibiotic-specific earlier origins,1
Slovenia,SVN,2021,2022,Fluoroquinolones,16.65675193337299,16.566265060240966,1660.0,16.53875171239631,16.65675193337299,0.0275133478446569,-0.0904868731320256,1,Frozen specification,13.273205980503828,19.80429744428879,Antibiotic-specific earlier origins,9.668191577755518,23.4093118470371,Antibiotic-specific earlier origins,1
Slovenia,SVN,2021,2022,Third-generation cephalosporins,9.28019036287924,9.337349397590362,1660.0,8.996626580621642,9.28019036287924,0.3407228169687197,0.0571590347111214,1,Frozen specification,6.811424282482669,11.181828878760616,Antibiotic-specific earlier origins,4.746520147025619,13.246733014217666,Antibiotic-specific earlier origins,1
Sweden,SWE,2021,2022,Aminoglycosides,5.981163219730071,5.659304199450185,10549.0,4.593489291117539,5.981163219730071,1.065814908332646,-0.3218590202798861,1,Frozen specification,2.4153518939157923,6.7716266883192855,Antibiotic-specific earlier origins,0.0,10.859097055541774,Antibiotic-specific earlier origins,1
Sweden,SWE,2021,2022,Carbapenems,0.0564652738565782,0.0378859632506156,10558.0,0.0,0.0564652738565782,0.0378859632506156,-0.0185793106059626,1,Frozen specification,0.0,0.2325094261519054,Antibiotic-specific earlier origins,0.0,0.8814028360129349,Antibiotic-specific earlier origins,1
Sweden,SWE,2021,2022,Fluoroquinolones,13.661305581835384,13.820983544183392,10513.0,13.039123839909932,13.661305581835384,0.7818597042734599,0.1596779623480078,1,Frozen specification,9.773578108017452,16.304669571802414,Antibiotic-specific earlier origins,6.1685637052691416,19.909683974550724,Antibiotic-specific earlier origins,1
Sweden,SWE,2021,2022,Third-generation cephalosporins,7.119345434026145,7.507336930796176,10563.0,6.4676355100292895,7.119345434026145,1.0397014207668862,0.3879914967700308,1,Frozen specification,4.282433211890316,8.652837808168263,Antibiotic-specific earlier origins,2.217529076433266,10.717741943625313,Antibiotic-specific earlier origins,1
Austria,AUT,2022,2023,Aminoglycosides,5.48033526756931,5.3560042507970245,4705.0,5.063637850394812,5.48033526756931,0.2923664004022122,-0.1243310167722855,1,Frozen specification,2.962387311463198,7.164888389326427,Antibiotic-specific earlier origins,0.0,11.122354337604694,Antibiotic-specific earlier origins,1
Austria,AUT,2022,2023,Aminopenicillins,45.94131505675733,46.42784032753327,4885.0,44.88532552592479,45.94131505675733,1.5425148016084833,0.4865252707759353,1,Frozen specification,41.5554725297487,48.215178522100885,Antibiotic-specific earlier origins,39.19510882104633,50.57554223080325,Antibiotic-specific earlier origins,1
Austria,AUT,2022,2023,Carbapenems,0.1206515181982706,0.1308166697813493,5351.0,0.0,0.1206515181982706,0.1308166697813493,0.0101651515830786,1,Frozen specification,0.0,0.2325094261519054,Antibiotic-specific earlier origins,0.0,0.8281621944066124,Antibiotic-specific earlier origins,1
Austria,AUT,2022,2023,Fluoroquinolones,13.930659983291562,15.030504714364948,5409.0,14.240495062830783,13.930659983291562,0.790009651534163,1.099844731073386,1,Frozen specification,11.280493873841587,17.200496251819978,Antibiotic-specific earlier origins,8.436484712857878,20.044505412803687,Antibiotic-specific earlier origins,1
Austria,AUT,2022,2023,Third-generation cephalosporins,8.320251177394034,9.852485885995264,5491.0,8.231712519724308,8.320251177394034,1.6207733662709565,1.53223470860123,1,Frozen specification,6.133218158612626,10.33020688083599,Antibiotic-specific earlier origins,4.032804076772329,12.430620962676286,Antibiotic-specific earlier origins,1
Belgium,BEL,2022,2023,Aminoglycosides,6.402357353335119,7.576132706115375,4039.0,5.91231609057675,6.402357353335119,1.6638166155386251,1.1737753527802566,1,Frozen specification,3.811065551645136,8.013566629508365,Antibiotic-specific earlier origins,0.0,11.971032577786632,Antibiotic-specific earlier origins,1
Belgium,BEL,2022,2023,Aminopenicillins,56.575505350772886,55.658347676419965,4648.0,54.746208890491886,56.575505350772886,0.9121387859280788,-0.9171576743529216,1,Frozen specification,51.41635589431579,58.07606188666798,Antibiotic-specific earlier origins,49.05599218561343,60.436425595370345,Antibiotic-specific earlier origins,1
Belgium,BEL,2022,2023,Carbapenems,0.0698324022346368,0.0806776926179911,4958.0,0.0,0.0698324022346368,0.0806776926179911,0.0108452903833543,1,Frozen specification,0.0,0.2325094261519054,Antibiotic-specific earlier origins,0.0,0.8281621944066124,Antibiotic-specific earlier origins,1
Belgium,BEL,2022,2023,Fluoroquinolones,17.548500881834215,18.236836796449467,4957.0,17.25204318462315,17.548500881834215,0.9847936118263156,0.6883359146152515,1,Frozen specification,14.292041995633955,20.212044373612347,Antibiotic-specific earlier origins,11.448032834650245,23.056053534596057,Antibiotic-specific earlier origins,1
Belgium,BEL,2022,2023,Third-generation cephalosporins,8.755555555555556,10.088781275221953,4956.0,8.692724240145477,8.755555555555556,1.3960570350764758,1.3332257196663964,1,Frozen specification,6.594229879033795,10.791218601257158,Antibiotic-specific earlier origins,4.493815797193498,12.891632683097455,Antibiotic-specific earlier origins,1
Bulgaria,BGR,2022,2023,Aminoglycosides,24.267782426778243,28.431372549019606,306.0,25.12389020849748,24.267782426778243,3.307482340522128,4.163590122241363,1,Frozen specification,23.022639669565862,27.225140747429094,Antibiotic-specific earlier origins,19.065173721287596,31.18260669570736,Antibiotic-specific earlier origins,1
Bulgaria,BGR,2022,2023,Aminopenicillins,68.61924686192468,66.99346405228758,306.0,64.98574747509535,68.61924686192468,2.0077165771922267,-1.6257828096371014,1,Frozen specification,61.65589447891926,68.31560047127144,Antibiotic-specific earlier origins,59.29553077021689,70.67596417997382,Antibiotic-specific earlier origins,1
Bulgaria,BGR,2022,2023,Carbapenems,0.0,0.326797385620915,306.0,0.2584323207991943,0.0,0.0683650648217206,0.326797385620915,1,Frozen specification,0.02592289464728892,0.4909417469510997,Antibiotic-specific earlier origins,0.0,1.0865945152058067,Antibiotic-specific earlier origins,1
Bulgaria,BGR,2022,2023,Fluoroquinolones,40.58577405857741,39.869281045751634,306.0,37.73576630765937,40.58577405857741,2.1335147380922663,-0.7164930128257723,1,Frozen specification,34.77576511867017,40.695767496648564,Antibiotic-specific earlier origins,31.931755957686462,43.539776657632274,Antibiotic-specific earlier origins,1
Bulgaria,BGR,2022,2023,Third-generation cephalosporins,40.1673640167364,37.25490196078432,306.0,38.12139012761966,40.1673640167364,-0.8664881668353388,-2.9124620559520764,1,Frozen specification,36.02289576650798,40.219884488731346,Antibiotic-specific earlier origins,33.92248168466769,42.32029857057164,Antibiotic-specific earlier origins,1
Cyprus,CYP,2022,2023,Aminoglycosides,15.178571428571429,18.484848484848484,330.0,16.69081304190926,15.178571428571429,1.7940354429392258,3.306277056277056,1,Frozen specification,14.589562502977644,18.792063580840875,Antibiotic-specific earlier origins,10.632096554699377,22.74952952911914,Antibiotic-specific earlier origins,1
Cyprus,CYP,2022,2023,Aminopenicillins,63.22869955156951,68.90243902439025,328.0,64.73867041026527,63.22869955156951,4.163768614124976,5.673739472820735,1,Frozen specification,61.40881741408918,68.06852340644136,Antibiotic-specific earlier origins,59.04845370538681,70.42888711514374,Antibiotic-specific earlier origins,1
Cyprus,CYP,2022,2023,Carbapenems,0.9433962264150944,0.9063444108761328,331.0,1.01266658197655,0.9433962264150944,-0.106322171100417,-0.0370518155389615,1,Frozen specification,0.7801571558246445,1.2451760081284553,Antibiotic-specific earlier origins,0.18450438756993748,1.8408287763831623,Antibiotic-specific earlier origins,1
Cyprus,CYP,2022,2023,Fluoroquinolones,46.36363636363637,42.90030211480362,331.0,46.19750323865841,46.36363636363637,-3.2972011238547907,-3.4633342488327443,1,Frozen specification,43.23750204966922,49.15750442764761,Antibiotic-specific earlier origins,40.39349288868551,52.00151358863132,Antibiotic-specific earlier origins,1
Cyprus,CYP,2022,2023,Third-generation cephalosporins,32.44444444444444,34.74320241691843,331.0,31.38262910149628,32.44444444444444,3.360573315422151,2.298757972473986,1,Frozen specification,29.2841347403846,33.48112346260796,Antibiotic-specific earlier origins,27.183720658544303,35.58153754444826,Antibiotic-specific earlier origins,1
Czechia,CZE,2022,2023,Aminoglycosides,9.419680403700587,9.763617677286742,3892.0,9.015572389958312,9.419680403700587,0.7480452873284289,0.343937273586155,1,Frozen specification,6.914321851026697,11.116822928889926,Antibiotic-specific earlier origins,2.95685590274843,15.074288877168193,Antibiotic-specific earlier origins,1
Czechia,CZE,2022,2023,Aminopenicillins,51.627384960718295,51.56731757451182,3892.0,50.806910417627655,51.627384960718295,0.7604071568841633,-0.0600673862064766,1,Frozen specification,47.47705742145156,54.13676341380375,Antibiotic-specific earlier origins,45.116693712749196,56.497127122506114,Antibiotic-specific earlier origins,1
Czechia,CZE,2022,2023,Carbapenems,0.1780415430267062,0.0,1846.0,0.0,0.1780415430267062,0.0,-0.1780415430267062,1,Frozen specification,0.0,0.2325094261519054,Antibiotic-specific earlier origins,0.0,0.8281621944066124,Antibiotic-specific earlier origins,1
Czechia,CZE,2022,2023,Fluoroquinolones,18.23793490460157,17.17665209565441,3889.0,18.50668758914117,18.23793490460157,-1.3300354934867542,-1.0612828089471584,1,Frozen specification,15.546686400151973,21.466688778130365,Antibiotic-specific earlier origins,12.702677239168263,24.310697939114075,Antibiotic-specific earlier origins,1
Czechia,CZE,2022,2023,Third-generation cephalosporins,14.750420639371844,15.878725590955806,3892.0,14.262764680709834,14.750420639371844,1.6159609102459722,1.1283049515839618,1,Frozen specification,12.164270319598153,16.361259041821516,Antibiotic-specific earlier origins,10.063856237757856,18.46167312366181,Antibiotic-specific earlier origins,1
Germany,DEU,2022,2023,Aminoglycosides,5.142999719302623,5.346322917904241,33668.0,4.917645030317431,5.142999719302623,0.4286778875868107,0.2033231986016179,1,Frozen specification,2.8163944913858163,7.018895569249045,Antibiotic-specific earlier origins,0.0,10.976361517527312,Antibiotic-specific earlier origins,1
Germany,DEU,2022,2023,Aminopenicillins,45.90717299578059,46.33612513496951,34267.0,45.08961957880666,45.90717299578059,1.2465055561628446,0.4289521391889153,1,Frozen specification,41.75976658263057,48.419472574982755,Antibiotic-specific earlier origins,39.3994028739282,50.77983628368512,Antibiotic-specific earlier origins,1
Germany,DEU,2022,2023,Carbapenems,0.0355218755550293,0.0449148022345114,35623.0,0.0,0.0355218755550293,0.0449148022345114,0.009392926679482,1,Frozen specification,0.0,0.2325094261519054,Antibiotic-specific earlier origins,0.0,0.8281621944066124,Antibiotic-specific earlier origins,1
Germany,DEU,2022,2023,Fluoroquinolones,15.193885712592945,16.589278176445756,35535.0,14.575534288333545,15.193885712592945,2.013743888112211,1.3953924638528117,1,Frozen specification,11.615533099344349,17.53553547732274,Antibiotic-specific earlier origins,8.77152393836064,20.37954463830645,Antibiotic-specific earlier origins,1
Germany,DEU,2022,2023,Third-generation cephalosporins,9.44178061919138,9.688649316376091,35619.0,9.144867023403682,9.44178061919138,0.5437822929724092,0.2468686971847109,1,Frozen specification,7.046372662292001,11.243361384515364,Antibiotic-specific earlier origins,4.945958580451704,13.34377546635566,Antibiotic-specific earlier origins,1
Denmark,DNK,2022,2023,Aminoglycosides,4.755457776273481,4.48706970371639,5839.0,3.810447999599639,4.755457776273481,0.6766217041167515,-0.2683880725570908,1,Frozen specification,1.7091974606680247,5.911698538531253,Antibiotic-specific earlier origins,0.0,9.86916448680952,Antibiotic-specific earlier origins,1
Denmark,DNK,2022,2023,Aminopenicillins,42.172361040285566,40.455250905328505,5799.0,41.43746975207934,42.172361040285566,-0.9822188467508326,-1.7171101349570606,1,Frozen specification,38.107616755903244,44.76732274825543,Antibiotic-specific earlier origins,35.74725304720088,47.1276864569578,Antibiotic-specific earlier origins,1
Denmark,DNK,2022,2023,Carbapenems,0.017921146953405,0.0368324125230202,5430.0,0.0,0.017921146953405,0.0368324125230202,0.0189112655696152,1,Frozen specification,0.0,0.2325094261519054,Antibiotic-specific earlier origins,0.0,0.8281621944066124,Antibiotic-specific earlier origins,1
Denmark,DNK,2022,2023,Fluoroquinolones,10.709436524100475,10.466712422786548,5828.0,10.059193104814751,10.709436524100475,0.4075193179717971,-0.2427241013139269,1,Frozen specification,7.099191915825555,13.019194293803947,Antibiotic-specific earlier origins,4.2551827548418455,15.863203454787657,Antibiotic-specific earlier origins,1
Denmark,DNK,2022,2023,Third-generation cephalosporins,6.627863312054075,6.316388467374811,5272.0,6.194557876589682,6.627863312054075,0.1218305907851284,-0.3114748446792639,1,Frozen specification,4.096063515478001,8.293052237701364,Antibiotic-specific earlier origins,1.9956494336377038,10.39346631954166,Antibiotic-specific earlier origins,1
Spain,ESP,2022,2023,Aminoglycosides,12.47998291875734,12.300967842647518,9609.0,11.724221147508194,12.47998291875734,0.5767466951393239,-0.1790150761098221,1,Frozen specification,9.62297060857658,13.825471686439808,Antibiotic-specific earlier origins,5.665504660298312,17.782937634718074,Antibiotic-specific earlier origins,1
Spain,ESP,2022,2023,Aminopenicillins,57.2280701754386,57.42067553735927,8793.0,55.77754270056876,57.2280701754386,1.6431328367905138,0.1926053619206698,1,Frozen specification,52.447689704392666,59.10739569674485,Antibiotic-specific earlier origins,50.0873259956903,61.46775940544722,Antibiotic-specific earlier origins,1
Spain,ESP,2022,2023,Carbapenems,0.5655042412818096,0.0545077946146298,9173.0,0.0351411374429524,0.5655042412818096,0.0193666571716773,-0.5109964466671798,1,Frozen specification,0.0,0.2676505635948578,Antibiotic-specific earlier origins,0.0,0.8633033318495649,Antibiotic-specific earlier origins,1
Spain,ESP,2022,2023,Fluoroquinolones,28.609654286631702,27.555370697722783,9617.0,26.892875464753168,28.609654286631702,0.662495232969615,-1.0542835889089197,1,Frozen specification,23.93287427576397,29.852876653742364,Antibiotic-specific earlier origins,21.088865114780262,32.69688581472607,Antibiotic-specific earlier origins,1
Spain,ESP,2022,2023,Third-generation cephalosporins,14.877412623891496,16.215341460783257,9269.0,13.960237827534002,14.877412623891496,2.255103633249256,1.337928836891761,1,Frozen specification,11.86174346642232,16.05873218864568,Antibiotic-specific earlier origins,9.761329384582023,18.15914627048598,Antibiotic-specific earlier origins,1
Estonia,EST,2022,2023,Aminoglycosides,5.594405594405594,4.934823091247672,1074.0,5.035530702476688,5.594405594405594,-0.1007076112290157,-0.6595825031579219,1,Frozen specification,2.9342801635450737,7.136781241408302,Antibiotic-specific earlier origins,0.0,11.09424718968657,Antibiotic-specific earlier origins,1
Estonia,EST,2022,2023,Aminopenicillins,43.43065693430657,38.07692307692308,520.0,43.1107314121296,43.43065693430657,-5.033808335206516,-5.353733857383489,1,Frozen specification,39.78087841595351,46.440584408305696,Antibiotic-specific earlier origins,37.420514707251144,48.80094811700806,Antibiotic-specific earlier origins,1
Estonia,EST,2022,2023,Carbapenems,0.117096018735363,0.0,894.0,0.0,0.117096018735363,0.0,-0.117096018735363,1,Frozen specification,0.0,0.2325094261519054,Antibiotic-specific earlier origins,0.0,0.8281621944066124,Antibiotic-specific earlier origins,1
Estonia,EST,2022,2023,Fluoroquinolones,16.31205673758865,13.282732447817835,1054.0,14.970875384527911,16.31205673758865,-1.6881429367100775,-3.029324289770816,1,Frozen specification,12.010874195538715,17.930876573517107,Antibiotic-specific earlier origins,9.166865034555006,20.774885734500817,Antibiotic-specific earlier origins,1
Estonia,EST,2022,2023,Third-generation cephalosporins,11.764705882352942,11.439114391143912,1084.0,10.332456008605533,11.764705882352942,1.1066583825383791,-0.3255914912090301,1,Frozen specification,8.233961647493851,12.430950369717214,Antibiotic-specific earlier origins,6.133547565653554,14.531364451557511,Antibiotic-specific earlier origins,1
Finland,FIN,2022,2023,Aminoglycosides,4.442408976414014,4.833765621315727,4241.0,3.758491064693853,4.442408976414014,1.0752745566218742,0.3913566449017134,1,Frozen specification,1.657240525762239,5.8597416036254675,Antibiotic-specific earlier origins,0.0,9.817207551903735,Antibiotic-specific earlier origins,1
Finland,FIN,2022,2023,Aminopenicillins,32.50478011472276,32.549019607843135,2550.0,32.72392000512103,32.50478011472276,-0.174900397277895,0.0442394931203722,1,Frozen specification,29.394067008944937,36.053773001297124,Antibiotic-specific earlier origins,27.03370330024257,38.41413670999949,Antibiotic-specific earlier origins,1
Finland,FIN,2022,2023,Carbapenems,0.0,0.0234301780693533,4268.0,0.0,0.0,0.0234301780693533,0.0234301780693533,1,Frozen specification,0.0,0.2325094261519054,Antibiotic-specific earlier origins,0.0,0.8281621944066124,Antibiotic-specific earlier origins,1
Finland,FIN,2022,2023,Fluoroquinolones,9.908136482939632,10.302745834311194,4261.0,9.48417788692301,9.908136482939632,0.8185679473881837,0.394609351371562,1,Frozen specification,6.5241766979338145,12.444179075912206,Antibiotic-specific earlier origins,3.680167536950105,15.288188236895916,Antibiotic-specific earlier origins,1
Finland,FIN,2022,2023,Third-generation cephalosporins,6.107705779334501,7.0858751759737215,4262.0,6.140369326283363,6.107705779334501,0.9455058496903588,0.9781693966392204,1,Frozen specification,4.041874965171681,8.238863687395044,Antibiotic-specific earlier origins,1.9414608833313842,10.339277769235341,Antibiotic-specific earlier origins,1
Greece,GRC,2022,2023,Aminoglycosides,19.047619047619047,20.62363238512035,1828.0,18.417985950667457,19.047619047619047,2.205646434452891,1.5760133375013012,1,Frozen specification,16.31673541173584,20.519236489599074,Antibiotic-specific earlier origins,12.359269463457576,24.47670243787734,Antibiotic-specific earlier origins,1
Greece,GRC,2022,2023,Aminopenicillins,57.053941908713696,57.82140595313489,1579.0,57.15101020142752,57.053941908713696,0.6703957517073746,0.767464044421196,1,Frozen specification,53.821157205251424,60.48086319760361,Antibiotic-specific earlier origins,51.46079349654906,62.84122690630598,Antibiotic-specific earlier origins,1
Greece,GRC,2022,2023,Carbapenems,1.532258064516129,1.553294054633101,1867.0,1.5404282071714732,1.532258064516129,0.0128658474616278,0.0210359901169721,1,Frozen specification,1.3079187810195678,1.7729376333233786,Antibiotic-specific earlier origins,0.7122660127648608,2.3685904015780856,Antibiotic-specific earlier origins,1
Greece,GRC,2022,2023,Fluoroquinolones,37.77239709443099,37.77538957549704,1861.0,35.21837720348158,37.77239709443099,2.557012372015457,0.0029924810660446,1,Frozen specification,32.258376014492384,38.178378392470776,Antibiotic-specific earlier origins,29.414366853508675,41.022387553454486,Antibiotic-specific earlier origins,1
Greece,GRC,2022,2023,Third-generation cephalosporins,23.31983805668016,22.82921219091432,1739.0,22.64240014784116,23.31983805668016,0.1868120430731608,-0.4906258657658426,1,Frozen specification,20.54390578672948,24.740894508952838,Antibiotic-specific earlier origins,18.44349170488918,26.841308590793137,Antibiotic-specific earlier origins,1
Croatia,HRV,2022,2023,Aminoglycosides,16.04060913705584,17.755572636433513,1301.0,14.202113220936198,16.04060913705584,3.553459415497315,1.7149634993776743,1,Frozen specification,12.100862682004584,16.303363759867814,Antibiotic-specific earlier origins,8.143396733726316,20.26082970814608,Antibiotic-specific earlier origins,1
Croatia,HRV,2022,2023,Aminopenicillins,55.759429153924565,57.19844357976654,1285.0,55.05829252590162,55.759429153924565,2.140151053864919,1.4390144258419753,1,Frozen specification,51.72843952972553,58.388145522077714,Antibiotic-specific earlier origins,49.36807582102316,60.74850923078008,Antibiotic-specific earlier origins,1
Croatia,HRV,2022,2023,Carbapenems,0.1020408163265306,0.1536098310291858,1302.0,0.0,0.1020408163265306,0.1536098310291858,0.0515690147026551,1,Frozen specification,0.0,0.2325094261519054,Antibiotic-specific earlier origins,0.0,0.8281621944066124,Antibiotic-specific earlier origins,1
Croatia,HRV,2022,2023,Fluoroquinolones,30.25641025641025,29.638183217859893,1299.0,28.851350326941883,30.25641025641025,0.78683289091801,-0.618227038550355,1,Frozen specification,25.891349137952687,31.81135151593108,Antibiotic-specific earlier origins,23.047339976968978,34.65536067691479,Antibiotic-specific earlier origins,1
Croatia,HRV,2022,2023,Third-generation cephalosporins,17.426545086119553,20.0,1310.0,17.448898128459668,17.426545086119553,2.5511018715403324,2.573454913880447,1,Frozen specification,15.350403767347986,19.547392489571347,Antibiotic-specific earlier origins,13.249989685507689,21.647806571411646,Antibiotic-specific earlier origins,1
Hungary,HUN,2022,2023,Aminoglycosides,16.321749316673174,14.778503994190269,2754.0,15.619375624079956,16.321749316673174,-0.840871629889687,-1.543245322482905,1,Frozen specification,13.518125085148341,17.72062616301157,Antibiotic-specific earlier origins,9.560659136870074,21.678092111289835,Antibiotic-specific earlier origins,1
Hungary,HUN,2022,2023,Aminopenicillins,58.41541755888651,57.364033346566096,2519.0,57.0771580932206,58.41541755888651,0.2868752533454994,-1.0513842123204142,1,Frozen specification,53.74730509704451,60.4070110893967,Antibiotic-specific earlier origins,51.386941388342144,62.76737479809906,Antibiotic-specific earlier origins,1
Hungary,HUN,2022,2023,Carbapenems,0.1988071570576541,0.2232142857142857,2688.0,0.0,0.1988071570576541,0.2232142857142857,0.0244071286566316,1,Frozen specification,0.0,0.2325094261519054,Antibiotic-specific earlier origins,0.0,0.8281621944066124,Antibiotic-specific earlier origins,1
Hungary,HUN,2022,2023,Fluoroquinolones,29.27696562623469,25.98828696925329,2732.0,27.928387588869896,29.27696562623469,-1.9401006196166044,-3.2886786569814,1,Frozen specification,24.9683863998807,30.88838877785909,Antibiotic-specific earlier origins,22.12437723889699,33.7323979388428,Antibiotic-specific earlier origins,1
Hungary,HUN,2022,2023,Third-generation cephalosporins,22.57309941520468,21.335268505079824,2756.0,20.965068882350494,22.57309941520468,0.3701996227293307,-1.237830910124856,1,Frozen specification,18.866574521238814,23.063563243462173,Antibiotic-specific earlier origins,16.766160439398515,25.163977325302472,Antibiotic-specific earlier origins,1
Ireland,IRL,2022,2023,Aminoglycosides,8.655126498002662,8.743169398907105,3111.0,8.446978353601345,8.655126498002662,0.2961910453057594,0.0880429009044423,1,Frozen specification,6.345727814669731,10.54822889253296,Antibiotic-specific earlier origins,2.3882618663914634,14.505694840811227,Antibiotic-specific earlier origins,1
Ireland,IRL,2022,2023,Aminopenicillins,61.77156177156177,62.985553772070624,3115.0,60.80417449623373,61.77156177156177,2.181379275836896,1.2139920005088527,1,Frozen specification,57.474321500057634,64.13402749240981,Antibiotic-specific earlier origins,55.11395779135527,66.4943912011122,Antibiotic-specific earlier origins,1
Ireland,IRL,2022,2023,Carbapenems,0.0,0.0651678071032909,3069.0,0.0,0.0,0.0651678071032909,0.0651678071032909,1,Frozen specification,0.0,0.2325094261519054,Antibiotic-specific earlier origins,0.0,0.8281621944066124,Antibiotic-specific earlier origins,1
Ireland,IRL,2022,2023,Fluoroquinolones,15.6,15.96995427824951,3062.0,15.706053388009176,15.6,0.2639008902403326,0.3699542782495104,1,Frozen specification,12.74605219901998,18.66605457699837,Antibiotic-specific earlier origins,9.90204303803627,21.51006373798208,Antibiotic-specific earlier origins,1
Ireland,IRL,2022,2023,Third-generation cephalosporins,9.67741935483871,10.423348300192432,3118.0,9.855218209722306,9.67741935483871,0.5681300904701256,0.7459289453537217,1,Frozen specification,7.7567238486106245,11.953712570833988,Antibiotic-specific earlier origins,5.6563097667703275,14.054126652674285,Antibiotic-specific earlier origins,1
Iceland,ISL,2022,2023,Aminoglycosides,7.659574468085107,5.426356589147287,258.0,7.708355807134982,7.659574468085107,-2.281999217987696,-2.23321787893782,1,Frozen specification,5.607105268203368,9.809606346066596,Antibiotic-specific earlier origins,1.6496393199251003,13.767072294344864,Antibiotic-specific earlier origins,1
Iceland,ISL,2022,2023,Aminopenicillins,46.80851063829788,52.713178294573645,258.0,47.398356785393794,46.80851063829788,5.3148215091798505,5.9046676562757625,1,Frozen specification,44.0685037892177,50.72820978156989,Antibiotic-specific earlier origins,41.708140080515335,53.08857349027225,Antibiotic-specific earlier origins,1
Iceland,ISL,2022,2023,Carbapenems,0.0,0.0,258.0,0.8084477876223204,0.0,-0.8084477876223204,0.0,1,Frozen specification,0.575938361470415,1.0409572137742258,Antibiotic-specific earlier origins,0.0,1.6366099820289328,Antibiotic-specific earlier origins,1
Iceland,ISL,2022,2023,Fluoroquinolones,10.212765957446807,12.790697674418604,258.0,11.728667763130144,10.212765957446807,1.0620299112884606,2.577931716971797,1,Frozen specification,8.768666574140948,14.68866895211934,Antibiotic-specific earlier origins,5.924657413157238,17.53267811310305,Antibiotic-specific earlier origins,1
Iceland,ISL,2022,2023,Third-generation cephalosporins,9.787234042553193,12.015503875968992,258.0,10.166777765775368,9.787234042553193,1.848726110193624,2.2282698334157995,1,Frozen specification,8.068283404663687,12.26527212688705,Antibiotic-specific earlier origins,5.96786932282339,14.365686208727347,Antibiotic-specific earlier origins,1
Italy,ITA,2022,2023,Aminoglycosides,14.197579377554227,16.01035182206057,28594.0,12.883596776949226,14.197579377554227,3.126755045111345,1.812772444506344,1,Frozen specification,10.782346238017611,14.98484731588084,Antibiotic-specific earlier origins,6.824880289739344,18.942313264159107,Antibiotic-specific earlier origins,1
Italy,ITA,2022,2023,Aminopenicillins,61.55467720685112,63.22198637023797,8951.0,60.19254455016764,61.55467720685112,3.029441820070332,1.6673091633868538,1,Frozen specification,56.862691553991546,63.52239754634373,Antibiotic-specific earlier origins,54.50232784528918,65.88276125504609,Antibiotic-specific earlier origins,1
Italy,ITA,2022,2023,Carbapenems,0.2703602029781216,0.4308004199399051,27623.0,0.0,0.2703602029781216,0.4308004199399051,0.1604402169617835,1,Frozen specification,0.0,0.2325094261519054,Antibiotic-specific earlier origins,0.0,0.8281621944066124,Antibiotic-specific earlier origins,1
Italy,ITA,2022,2023,Fluoroquinolones,31.627172195892577,34.14425034830136,27993.0,31.333347741877105,31.627172195892577,2.810902606424257,2.5170781524087857,1,Frozen specification,28.37334655288791,34.2933489308663,Antibiotic-specific earlier origins,25.5293373919042,37.13735809185001,Antibiotic-specific earlier origins,1
Italy,ITA,2022,2023,Third-generation cephalosporins,24.24384159650764,26.676471618167174,28557.0,23.50494181298771,24.24384159650764,3.171529805179464,2.4326300216595342,1,Frozen specification,21.40644745187603,25.60343617409939,Antibiotic-specific earlier origins,19.30603337003573,27.703850255939688,Antibiotic-specific earlier origins,1
Liechtenstein,LIE,2022,2023,Aminoglycosides,0.0,0.0,8.0,8.72746757225094,0.0,-8.72746757225094,0.0,1,Frozen specification,6.626217033319326,10.828718111182555,Antibiotic-specific earlier origins,2.668751085041059,14.786184059460822,Antibiotic-specific earlier origins,1
Liechtenstein,LIE,2022,2023,Aminopenicillins,23.07692307692308,37.5,8.0,18.23388020704285,23.07692307692308,19.266119792957145,14.42307692307692,1,Frozen specification,14.904027210866758,21.563733203218945,Antibiotic-specific earlier origins,12.543663502164392,23.92409691192131,Antibiotic-specific earlier origins,1
Liechtenstein,LIE,2022,2023,Carbapenems,0.0,0.0,8.0,8.213091590372906,0.0,-8.213091590372906,0.0,1,Frozen specification,7.980582164221001,8.445601016524812,Antibiotic-specific earlier origins,7.384929395966294,9.041253784779519,Antibiotic-specific earlier origins,1
Liechtenstein,LIE,2022,2023,Fluoroquinolones,15.384615384615383,25.0,8.0,14.134612868695084,15.384615384615383,10.865387131304916,9.615384615384617,1,Frozen specification,11.174611679705889,17.094614057684282,Antibiotic-specific earlier origins,8.330602518722179,19.938623218667992,Antibiotic-specific earlier origins,1
Liechtenstein,LIE,2022,2023,Third-generation cephalosporins,7.6923076923076925,0.0,8.0,11.721739436073817,7.6923076923076925,-11.721739436073817,-7.6923076923076925,1,Frozen specification,9.623245074962135,13.820233797185498,Antibiotic-specific earlier origins,7.522830993121838,15.920647879025795,Antibiotic-specific earlier origins,1
Lithuania,LTU,2022,2023,Aminoglycosides,8.333333333333334,11.337406653088934,1473.0,8.024553830304692,8.333333333333334,3.312852822784242,3.0040733197556,1,Frozen specification,5.923303291373077,10.125804369236306,Antibiotic-specific earlier origins,1.96583734309481,14.083270317514573,Antibiotic-specific earlier origins,1
Lithuania,LTU,2022,2023,Aminopenicillins,58.86415963161934,61.34055517941774,1477.0,56.836298488920725,58.86415963161934,4.504256690497016,2.476395547798404,1,Frozen specification,53.50644549274463,60.16615148509682,Antibiotic-specific earlier origins,51.146081784042266,62.526515193799185,Antibiotic-specific earlier origins,1
Lithuania,LTU,2022,2023,Carbapenems,0.2291825821237585,0.06765899864682,1478.0,0.0,0.2291825821237585,0.06765899864682,-0.1615235834769385,1,Frozen specification,0.0,0.2325094261519054,Antibiotic-specific earlier origins,0.0,0.8281621944066124,Antibiotic-specific earlier origins,1
Lithuania,LTU,2022,2023,Fluoroquinolones,19.02552204176334,20.54982817869416,1455.0,18.093482036782905,19.02552204176334,2.4563461419112578,1.524306136930818,1,Frozen specification,15.13348084779371,21.0534832257721,Antibiotic-specific earlier origins,12.28947168681,23.89749238675581,Antibiotic-specific earlier origins,1
Lithuania,LTU,2022,2023,Third-generation cephalosporins,15.431627196333078,16.95945945945946,1480.0,14.665783685514922,15.431627196333078,2.2936757739445373,1.5278322631263812,1,Frozen specification,12.56728932440324,16.764278046626604,Antibiotic-specific earlier origins,10.466875242562944,18.8646921284669,Antibiotic-specific earlier origins,1
Luxembourg,LUX,2022,2023,Aminoglycosides,7.249466950959488,9.97830802603037,461.0,7.584726838986624,7.249466950959488,2.393581187043745,2.728841075070881,1,Frozen specification,5.48347630005501,9.685977377918238,Antibiotic-specific earlier origins,1.5260103517767423,13.643443326196506,Antibiotic-specific earlier origins,1
Luxembourg,LUX,2022,2023,Aminopenicillins,49.68017057569296,51.62689804772234,461.0,50.56995354136372,49.68017057569296,1.0569445063586258,1.94672747202938,1,Frozen specification,47.24010054518762,53.89980653753981,Antibiotic-specific earlier origins,44.87973683648526,56.260170246242176,Antibiotic-specific earlier origins,1
Luxembourg,LUX,2022,2023,Carbapenems,0.0,0.2169197396963123,461.0,0.0,0.0,0.2169197396963123,0.2169197396963123,1,Frozen specification,0.0,0.2325094261519054,Antibiotic-specific earlier origins,0.0,0.8281621944066124,Antibiotic-specific earlier origins,1
Luxembourg,LUX,2022,2023,Fluoroquinolones,16.844349680170577,15.61822125813449,461.0,18.235889000322405,16.844349680170577,-2.6176677421879155,-1.226128422036087,1,Frozen specification,15.27588781133321,21.1958901893116,Antibiotic-specific earlier origins,12.4318786503495,24.03989935029531,Antibiotic-specific earlier origins,1
Luxembourg,LUX,2022,2023,Third-generation cephalosporins,10.447761194029852,11.713665943600867,461.0,10.933821432575938,10.447761194029852,0.7798445110249297,1.2659047495710158,1,Frozen specification,8.835327071464256,13.03231579368762,Antibiotic-specific earlier origins,6.734912989623959,15.132729875527916,Antibiotic-specific earlier origins,1
Latvia,LVA,2022,2023,Aminoglycosides,11.801242236024844,14.879649890590809,457.0,11.15081588282405,11.801242236024844,3.728834007766759,3.0784076545659644,1,Frozen specification,9.049565343892436,13.252066421755664,Antibiotic-specific earlier origins,5.092099395614168,17.209532370033934,Antibiotic-specific earlier origins,1
Latvia,LVA,2022,2023,Aminopenicillins,51.851851851851855,50.0,208.0,51.25248328125308,51.851851851851855,-1.2524832812530775,-1.8518518518518547,1,Frozen specification,47.922630285076984,54.58233627742917,Antibiotic-specific earlier origins,45.56226657637462,56.94269998613154,Antibiotic-specific earlier origins,1
Latvia,LVA,2022,2023,Carbapenems,0.0,0.0,455.0,0.0,0.0,0.0,0.0,1,Frozen specification,0.0,0.2325094261519054,Antibiotic-specific earlier origins,0.0,0.8281621944066124,Antibiotic-specific earlier origins,1
Latvia,LVA,2022,2023,Fluoroquinolones,21.82952182952183,28.35164835164835,455.0,21.953400313443574,21.82952182952183,6.398248038204777,6.52212652212652,1,Frozen specification,18.993399124454378,24.91340150243277,Antibiotic-specific earlier origins,16.149389963470668,27.75741066341648,Antibiotic-specific earlier origins,1
Latvia,LVA,2022,2023,Third-generation cephalosporins,20.041322314049587,25.379609544468547,461.0,19.79355040694752,20.041322314049587,5.58605913752103,5.33828723041896,1,Frozen specification,17.69505604583584,21.8920447680592,Antibiotic-specific earlier origins,15.594641963995542,23.9924588498995,Antibiotic-specific earlier origins,1
Malta,MLT,2022,2023,Aminoglycosides,11.96319018404908,10.336538461538462,416.0,11.568506949217277,11.96319018404908,-1.231968487678813,-1.6266517225106192,1,Frozen specification,9.467256410285662,13.66975748814889,Antibiotic-specific earlier origins,5.509790462007395,17.62722343642716,Antibiotic-specific earlier origins,1
Malta,MLT,2022,2023,Aminopenicillins,62.88343558282209,62.5,416.0,61.50394396056799,62.88343558282209,0.9960560394320126,-0.3834355828220879,1,Frozen specification,58.174090964391894,64.83379695674408,Antibiotic-specific earlier origins,55.81372725568953,67.19416066544645,Antibiotic-specific earlier origins,1
Malta,MLT,2022,2023,Carbapenems,0.0,0.0,416.0,0.0,0.0,0.0,0.0,1,Frozen specification,0.0,0.2325094261519054,Antibiotic-specific earlier origins,0.0,0.8281621944066124,Antibiotic-specific earlier origins,1
Malta,MLT,2022,2023,Fluoroquinolones,26.380368098159508,27.884615384615383,416.0,28.197374866741416,26.380368098159508,-0.3127594821260331,1.5042472864558754,1,Frozen specification,25.23737367775222,31.157376055730612,Antibiotic-specific earlier origins,22.39336451676851,34.001385216714326,Antibiotic-specific earlier origins,1
Malta,MLT,2022,2023,Third-generation cephalosporins,11.349693251533742,11.298076923076923,416.0,12.410843244864754,11.349693251533742,-1.1127663217878307,-0.0516163284568182,1,Frozen specification,10.312348883753073,14.509337605976436,Antibiotic-specific earlier origins,8.211934801912776,16.609751687816733,Antibiotic-specific earlier origins,1
Netherlands,NLD,2022,2023,Aminoglycosides,6.166851441241685,5.190664456064278,7841.0,5.545535712332159,6.166851441241685,-0.3548712562678808,-0.9761869851774074,1,Frozen specification,3.4442851734005444,7.646786251263773,Antibiotic-specific earlier origins,0.0,11.60425219954204,Antibiotic-specific earlier origins,1
Netherlands,NLD,2022,2023,Aminopenicillins,40.92926490984743,40.98800102118969,7834.0,40.91601957121526,40.92926490984743,0.0719814499744302,0.0587361113422559,1,Frozen specification,37.586166575039165,44.24587256739135,Antibiotic-specific earlier origins,35.2258028663368,46.60623627609372,Antibiotic-specific earlier origins,1
Netherlands,NLD,2022,2023,Carbapenems,0.0416088765603328,0.0899742930591259,7780.0,0.0,0.0416088765603328,0.0899742930591259,0.0483654164987931,1,Frozen specification,0.0,0.2325094261519054,Antibiotic-specific earlier origins,0.0,0.8281621944066124,Antibiotic-specific earlier origins,1
Netherlands,NLD,2022,2023,Fluoroquinolones,13.142936364896714,12.946428571428571,7840.0,12.845342223066073,13.142936364896714,0.1010863483624984,-0.1965077934681431,1,Frozen specification,9.885341034076877,15.805343412055269,Antibiotic-specific earlier origins,7.041331873093167,18.64935257303898,Antibiotic-specific earlier origins,1
Netherlands,NLD,2022,2023,Third-generation cephalosporins,7.747747747747748,7.971938775510204,7840.0,7.264826396427063,7.747747747747748,0.7071123790831413,0.2241910277624565,1,Frozen specification,5.166332035315381,9.363320757538744,Antibiotic-specific earlier origins,3.0659179534750844,11.463734839379041,Antibiotic-specific earlier origins,1
Norway,NOR,2022,2023,Aminoglycosides,5.403288958496476,5.523474767762993,3983.0,4.700506315003629,5.403288958496476,0.8229684527593637,0.1201858092665171,1,Frozen specification,2.599255776072015,6.8017568539352435,Antibiotic-specific earlier origins,0.0,10.759222802213511,Antibiotic-specific earlier origins,1
Norway,NOR,2022,2023,Aminopenicillins,37.78431897243778,36.85664072307306,3983.0,37.1718229908445,37.78431897243778,-0.3151822677714406,-0.9276782493647177,1,Frozen specification,33.8419699946684,40.50167598702059,Antibiotic-specific earlier origins,31.481606285966038,42.862039695722956,Antibiotic-specific earlier origins,1
Norway,NOR,2022,2023,Carbapenems,0.0267522739432851,0.0502008032128514,3984.0,0.0,0.0267522739432851,0.0502008032128514,0.0234485292695663,1,Frozen specification,0.0,0.2325094261519054,Antibiotic-specific earlier origins,0.0,0.8281621944066124,Antibiotic-specific earlier origins,1
Norway,NOR,2022,2023,Fluoroquinolones,10.520665593129362,10.123394610929235,3971.0,9.981589072461553,10.520665593129362,0.1418055384676844,-0.3972709822001263,1,Frozen specification,7.021587883472357,12.941590261450749,Antibiotic-specific earlier origins,4.177578722488647,15.785599422434458,Antibiotic-specific earlier origins,1
Norway,NOR,2022,2023,Third-generation cephalosporins,5.830435945439957,5.622489959839357,3984.0,5.644152692325628,5.830435945439957,-0.0216627324862708,-0.2079459856005998,1,Frozen specification,3.545658331213947,7.7426470534373095,Antibiotic-specific earlier origins,1.4452442493736495,9.843061135277607,Antibiotic-specific earlier origins,1
Poland,POL,2022,2023,Aminoglycosides,12.325783972125436,14.136690647482014,2780.0,12.311254486975852,12.325783972125436,1.825436160506161,1.8109066753565788,1,Frozen specification,10.210003948044237,14.412505025907466,Antibiotic-specific earlier origins,6.25253799976597,18.369970974185733,Antibiotic-specific earlier origins,1
Poland,POL,2022,2023,Aminopenicillins,57.17619603267211,65.5857740585774,956.0,57.24996857899683,57.17619603267211,8.335805479580571,8.40957802590529,1,Frozen specification,53.920115582820735,60.57982157517292,Antibiotic-specific earlier origins,51.55975187411837,62.94018528387529,Antibiotic-specific earlier origins,1
Poland,POL,2022,2023,Carbapenems,0.0815993472052223,0.2022926500337154,2966.0,0.0,0.0815993472052223,0.2022926500337154,0.1206933028284931,1,Frozen specification,0.0,0.2325094261519054,Antibiotic-specific earlier origins,0.0,0.8281621944066124,Antibiotic-specific earlier origins,1
Poland,POL,2022,2023,Fluoroquinolones,30.81103678929766,32.203947368421055,3040.0,30.51254112012429,30.81103678929766,1.6914062482967651,1.392910579123395,1,Frozen specification,27.552539931135094,33.472542309113486,Antibiotic-specific earlier origins,24.708530770151384,36.316551470097195,Antibiotic-specific earlier origins,1
Poland,POL,2022,2023,Third-generation cephalosporins,18.688265507704465,19.563090968373004,3067.0,18.126548067226704,18.688265507704465,1.4365429011463,0.8748254606685393,1,Frozen specification,16.028053706115024,20.225042428338384,Antibiotic-specific earlier origins,13.927639624274725,22.325456510178682,Antibiotic-specific earlier origins,1
Portugal,PRT,2022,2023,Aminoglycosides,11.706349206349206,13.173091930700796,6407.0,10.39506175395469,11.706349206349206,2.778030176746105,1.4667427243515905,1,Frozen specification,8.293811215023076,12.496312292886305,Antibiotic-specific earlier origins,4.336345266744809,16.45377824116457,Antibiotic-specific earlier origins,1
Portugal,PRT,2022,2023,Aminopenicillins,52.187386073642,54.36434239405707,5923.0,51.56632916068311,52.187386073642,2.7980132333739576,2.1769563204150657,1,Frozen specification,48.23647616450702,54.896182156859204,Antibiotic-specific earlier origins,45.87611245580465,57.25654586556157,Antibiotic-specific earlier origins,1
Portugal,PRT,2022,2023,Carbapenems,0.3170458784035807,0.5337214944201844,6183.0,0.0,0.3170458784035807,0.5337214944201844,0.2166756160166036,1,Frozen specification,0.0,0.2325094261519054,Antibiotic-specific earlier origins,0.0,0.8281621944066124,Antibiotic-specific earlier origins,1
Portugal,PRT,2022,2023,Fluoroquinolones,21.44665461121157,24.33192686357244,6399.0,21.17816716142648,21.44665461121157,3.153759702145962,2.8852722523608705,1,Frozen specification,18.218165972437284,24.138168350415675,Antibiotic-specific earlier origins,15.374156811453574,26.982177511399385,Antibiotic-specific earlier origins,1
Portugal,PRT,2022,2023,Third-generation cephalosporins,14.096996018820125,17.195064813368734,6403.0,13.40321135578831,14.096996018820125,3.791853457580425,3.0980687945486096,1,Frozen specification,11.304716994676628,15.501705716899991,Antibiotic-specific earlier origins,9.204302912836331,17.60211979874029,Antibiotic-specific earlier origins,1
Romania,ROU,2022,2023,Aminoglycosides,11.960132890365449,12.716763005780347,865.0,11.39726447978143,11.960132890365449,1.3194985259989167,0.7566301154148984,1,Frozen specification,9.296013940849816,13.498515018713045,Antibiotic-specific earlier origins,5.338547992571549,17.455980966991312,Antibiotic-specific earlier origins,1
Romania,ROU,2022,2023,Aminopenicillins,62.361623616236166,61.71052631578947,760.0,61.82024726918613,62.361623616236166,-0.1097209533966605,-0.6510973004466933,1,Frozen specification,58.49039427301004,65.15010026536223,Antibiotic-specific earlier origins,56.130030564307674,67.51046397406459,Antibiotic-specific earlier origins,1
Romania,ROU,2022,2023,Carbapenems,0.5738880918220947,1.8274111675126905,985.0,0.5718394219129621,0.5738880918220947,1.2555717455997284,1.253523075690596,1,Frozen specification,0.3393299957610567,0.8043488480648675,Antibiotic-specific earlier origins,0.0,1.4000016163195745,Antibiotic-specific earlier origins,1
Romania,ROU,2022,2023,Fluoroquinolones,23.768115942028984,25.40816326530612,980.0,24.12202405520841,23.768115942028984,1.2861392100977085,1.640047323277134,1,Frozen specification,21.162022866219214,27.082025244197606,Antibiotic-specific earlier origins,18.318013705235504,29.926034405181316,Antibiotic-specific earlier origins,1
Romania,ROU,2022,2023,Third-generation cephalosporins,17.82608695652174,19.09090909090909,990.0,18.3917881591429,17.82608695652174,0.6991209317661884,1.2648221343873516,1,Frozen specification,16.293293798031222,20.49028252025458,Antibiotic-specific earlier origins,14.192879716190923,22.59069660209488,Antibiotic-specific earlier origins,1
Slovakia,SVK,2022,2023,Aminoglycosides,13.79310344827586,13.81294964028777,695.0,13.98605102056984,13.79310344827586,-0.1731013802820715,0.0198461920119097,1,Frozen specification,11.884800481638226,16.087301559501455,Antibiotic-specific earlier origins,7.927334533359959,20.044767507779724,Antibiotic-specific earlier origins,1
Slovakia,SVK,2022,2023,Aminopenicillins,54.23728813559322,58.47953216374269,684.0,53.93671865233166,54.23728813559322,4.542813511411026,4.242244028149472,1,Frozen specification,50.60686565615557,57.26657164850776,Antibiotic-specific earlier origins,48.246501947453204,59.62693535721012,Antibiotic-specific earlier origins,1
Slovakia,SVK,2022,2023,Carbapenems,0.0,0.1436781609195402,696.0,0.0,0.0,0.1436781609195402,0.1436781609195402,1,Frozen specification,0.0,0.2325094261519054,Antibiotic-specific earlier origins,0.0,0.8281621944066124,Antibiotic-specific earlier origins,1
Slovakia,SVK,2022,2023,Fluoroquinolones,32.35294117647059,31.16883116883117,693.0,30.91836236191095,32.35294117647059,0.2504688069202174,-1.1841100076394184,1,Frozen specification,27.958361172921755,33.87836355090015,Antibiotic-specific earlier origins,25.114352011938045,36.72237271188386,Antibiotic-specific earlier origins,1
Slovakia,SVK,2022,2023,Third-generation cephalosporins,23.697916666666668,21.55172413793104,696.0,23.365042738906684,23.697916666666668,-1.813318600975645,-2.1461925287356287,1,Frozen specification,21.266548377795004,25.463537100018364,Antibiotic-specific earlier origins,19.166134295954706,27.563951181858663,Antibiotic-specific earlier origins,1
Slovenia,SVN,2022,2023,Aminoglycosides,7.951807228915663,6.955460646735815,1639.0,6.714321655461362,7.951807228915663,0.241138991274453,-0.9963465821798484,1,Frozen specification,4.613071116529747,8.815572194392976,Antibiotic-specific earlier origins,0.6556051682514799,12.773038142671243,Antibiotic-specific earlier origins,1
Slovenia,SVN,2022,2023,Aminopenicillins,49.00542495479204,48.99328859060402,1639.0,48.68899803342724,49.00542495479204,0.3042905571767775,-0.0121363641880236,1,Frozen specification,45.359145037251146,52.01885102960333,Antibiotic-specific earlier origins,42.99878132854878,54.3792147383057,Antibiotic-specific earlier origins,1
Slovenia,SVN,2022,2023,Carbapenems,0.0,0.061012812690665,1639.0,0.0,0.0,0.061012812690665,0.061012812690665,1,Frozen specification,0.0,0.2325094261519054,Antibiotic-specific earlier origins,0.0,0.8281621944066124,Antibiotic-specific earlier origins,1
Slovenia,SVN,2022,2023,Fluoroquinolones,16.566265060240966,15.924344112263576,1639.0,16.159253490422167,16.566265060240966,-0.2349093781585907,-0.6419209479773897,1,Frozen specification,13.19925230143297,19.119254679411362,Antibiotic-specific earlier origins,10.35524314044926,21.963263840395072,Antibiotic-specific earlier origins,1
Slovenia,SVN,2022,2023,Third-generation cephalosporins,9.337349397590362,8.663819402074436,1639.0,9.19239090796518,9.337349397590362,-0.5285715058907439,-0.673529995515926,1,Frozen specification,7.0938965468534985,11.290885269076862,Antibiotic-specific earlier origins,4.9934824650132015,13.391299350917159,Antibiotic-specific earlier origins,1
Sweden,SWE,2022,2023,Aminoglycosides,5.659304199450185,6.160164271047228,10714.0,4.668313318353054,5.659304199450185,1.4918509526941746,0.5008600715970433,1,Frozen specification,2.5670627794214393,6.769563857284668,Antibiotic-specific earlier origins,0.0,10.727029805562935,Antibiotic-specific earlier origins,1
Sweden,SWE,2022,2023,Carbapenems,0.0378859632506156,0.0373343289154377,10714.0,0.0,0.0378859632506156,0.0373343289154377,-0.0005516343351779,1,Frozen specification,0.0,0.2325094261519054,Antibiotic-specific earlier origins,0.0,0.8281621944066124,Antibiotic-specific earlier origins,1
Sweden,SWE,2022,2023,Fluoroquinolones,13.820983544183392,14.746112047967022,10674.0,12.958571131609284,13.820983544183392,1.7875409163577398,0.9251285037836308,1,Frozen specification,9.998569942620088,15.91857232059848,Antibiotic-specific earlier origins,7.154560781636379,18.76258148158219,Antibiotic-specific earlier origins,1
Sweden,SWE,2022,2023,Third-generation cephalosporins,7.507336930796176,7.925407925407925,10725.0,6.863158208414623,7.507336930796176,1.0622497169933025,0.4180709946117495,1,Frozen specification,4.764663847302941,8.961652569526304,Antibiotic-specific earlier origins,2.6642497654626442,11.062066651366601,Antibiotic-specific earlier origins,1
Austria,AUT,2018,2021,Aminoglycosides,8.226495726495726,5.7518796992481205,5320.0,7.1475859963001325,8.226495726495726,-1.395706297052012,-2.474616027247605,3,Frozen specification,,,Unavailable,,,Unavailable,3
Austria,AUT,2018,2021,Aminopenicillins,50.65982404692082,45.09885535900104,4805.0,47.13013561711136,50.65982404692082,-2.0312802581103213,-5.560968687919775,3,Frozen specification,,,Unavailable,,,Unavailable,3
Austria,AUT,2018,2021,Carbapenems,0.0718907260963335,0.0192086054552439,5206.0,0.0529189533997234,0.0718907260963335,-0.0337103479444795,-0.0526821206410896,3,Frozen specification,,,Unavailable,,,Unavailable,3
Austria,AUT,2018,2021,Fluoroquinolones,21.852438809649588,15.074923271348618,5539.0,18.000680350100122,21.852438809649588,-2.925757078751504,-6.777515538300969,3,Frozen specification,,,Unavailable,,,Unavailable,3
Austria,AUT,2018,2021,Third-generation cephalosporins,10.208039492242596,8.289687556438505,5537.0,9.811671593244796,10.208039492242596,-1.5219840368062911,-1.918351935804092,3,Frozen specification,,,Unavailable,,,Unavailable,3
Belgium,BEL,2018,2021,Aminoglycosides,7.404500261643118,6.06983829388329,4267.0,7.229375556114478,7.404500261643118,-1.159537262231188,-1.3346619677598284,3,Frozen specification,,,Unavailable,,,Unavailable,3
Belgium,BEL,2018,2021,Aminopenicillins,55.79302587176603,55.20619731146047,4389.0,55.86132932573334,55.79302587176603,-0.6551320142728656,-0.5868285603055554,3,Frozen specification,,,Unavailable,,,Unavailable,3
Belgium,BEL,2018,2021,Carbapenems,0.0646412411118293,0.0423549343498517,4722.0,0.0370997101977086,0.0646412411118293,0.005255224152143,-0.0222863067619775,3,Frozen specification,,,Unavailable,,,Unavailable,3
Belgium,BEL,2018,2021,Fluoroquinolones,21.80004749465685,18.534208854056345,4721.0,19.01009340128429,21.80004749465685,-0.4758845472279489,-3.2658386406005064,3,Frozen specification,,,Unavailable,,,Unavailable,3
Belgium,BEL,2018,2021,Third-generation cephalosporins,9.022394487510766,8.260961660665114,4721.0,9.754679629801194,9.022394487510766,-1.49371796913608,-0.7614328268456525,3,Frozen specification,,,Unavailable,,,Unavailable,3
Bulgaria,BGR,2018,2021,Aminoglycosides,28.363636363636363,26.99619771863118,263.0,32.34256006207129,28.363636363636363,-5.346362343440113,-1.3674386450051834,3,Frozen specification,,,Unavailable,,,Unavailable,3
Bulgaria,BGR,2018,2021,Aminopenicillins,66.55052264808363,61.21673003802282,263.0,65.73944826225133,66.55052264808363,-4.522718224228512,-5.333792610060812,3,Frozen specification,,,Unavailable,,,Unavailable,3
Bulgaria,BGR,2018,2021,Carbapenems,1.36986301369863,0.3802281368821292,263.0,0.3493518261651499,1.36986301369863,0.0308763107169792,-0.9896348768165008,3,Frozen specification,,,Unavailable,,,Unavailable,3
Bulgaria,BGR,2018,2021,Fluoroquinolones,41.78082191780822,33.460076045627375,263.0,40.45513248202066,41.78082191780822,-6.995056436393284,-8.320745872180844,3,Frozen specification,,,Unavailable,,,Unavailable,3
Bulgaria,BGR,2018,2021,Third-generation cephalosporins,38.6986301369863,37.26235741444867,263.0,39.97860403722844,38.6986301369863,-2.716246622779771,-1.4362727225376304,3,Frozen specification,,,Unavailable,,,Unavailable,3
Cyprus,CYP,2018,2021,Aminoglycosides,19.86754966887417,19.791666666666668,192.0,18.66643765959762,19.86754966887417,1.1252290070690485,-0.075883002207501,3,Frozen specification,,,Unavailable,,,Unavailable,3
Cyprus,CYP,2018,2021,Aminopenicillins,64.90066225165563,70.15706806282722,191.0,66.86873300311022,64.90066225165563,3.288335059717,5.256405811171589,3,Frozen specification,,,Unavailable,,,Unavailable,3
Cyprus,CYP,2018,2021,Carbapenems,2.0,1.0416666666666667,192.0,0.420530466987908,2.0,0.6211361996787588,-0.9583333333333331,3,Frozen specification,,,Unavailable,,,Unavailable,3
Cyprus,CYP,2018,2021,Fluoroquinolones,42.3841059602649,51.5625,192.0,45.52243207646558,42.3841059602649,6.040067923534423,9.178394039735103,3,Frozen specification,,,Unavailable,,,Unavailable,3
Cyprus,CYP,2018,2021,Third-generation cephalosporins,37.086092715231786,32.8125,192.0,31.368087825144183,37.086092715231786,1.4444121748558167,-4.273592715231786,3,Frozen specification,,,Unavailable,,,Unavailable,3
Czechia,CZE,2018,2021,Aminoglycosides,9.470216854241013,9.608177172061328,2935.0,10.641299817995838,9.470216854241013,-1.03312264593451,0.1379603178203154,3,Frozen specification,,,Unavailable,,,Unavailable,3
Czechia,CZE,2018,2021,Aminopenicillins,54.2032967032967,51.43149284253579,2934.0,53.994156063371264,54.2032967032967,-2.562663220835475,-2.771803860760912,3,Frozen specification,,,Unavailable,,,Unavailable,3
Czechia,CZE,2018,2021,Carbapenems,0.0570776255707762,0.0,1342.0,0.0596761394841227,0.0570776255707762,-0.0596761394841227,-0.0570776255707762,3,Frozen specification,,,Unavailable,,,Unavailable,3
Czechia,CZE,2018,2021,Fluoroquinolones,24.271577789994502,19.700068166325835,2934.0,21.330074237947294,24.271577789994502,-1.6300060716214588,-4.571509623668668,3,Frozen specification,,,Unavailable,,,Unavailable,3
Czechia,CZE,2018,2021,Third-generation cephalosporins,15.21560010985993,14.417177914110429,2934.0,14.44379340853968,15.21560010985993,-0.0266154944292509,-0.7984221957495006,3,Frozen specification,,,Unavailable,,,Unavailable,3
Germany,DEU,2018,2021,Aminoglycosides,6.87806230932791,5.596240026232375,27447.0,7.39766811680034,6.87806230932791,-1.8014280905679652,-1.2818222830955346,3,Frozen specification,,,Unavailable,,,Unavailable,3
Germany,DEU,2018,2021,Aminopenicillins,49.22988340290773,45.61052631578947,28500.0,47.04439405439208,49.22988340290773,-1.4338677386026075,-3.61935708711826,3,Frozen specification,,,Unavailable,,,Unavailable,3
Germany,DEU,2018,2021,Carbapenems,0.0182174249669809,0.0413579183181113,29015.0,0.0470050289419147,0.0182174249669809,-0.0056471106238034,0.0231404933511304,3,Frozen specification,,,Unavailable,,,Unavailable,3
Germany,DEU,2018,2021,Fluoroquinolones,19.82876400400765,14.660137255578164,28997.0,17.355098040207917,19.82876400400765,-2.694960784629753,-5.168626748429485,3,Frozen specification,,,Unavailable,,,Unavailable,3
Germany,DEU,2018,2021,Third-generation cephalosporins,12.197007594706443,9.096860893835498,29021.0,11.410640109819091,12.197007594706443,-2.313779215983596,-3.100146700870946,3,Frozen specification,,,Unavailable,,,Unavailable,3
Denmark,DNK,2018,2021,Aminoglycosides,5.7481921008715,4.354329400033239,6017.0,5.607820581303821,5.7481921008715,-1.253491181270582,-1.3938627008382607,3,Frozen specification,,,Unavailable,,,Unavailable,3
Denmark,DNK,2018,2021,Aminopenicillins,45.95950213635519,41.50974837527079,6001.0,45.15332181044231,45.95950213635519,-3.6435734351715183,-4.449753761084402,3,Frozen specification,,,Unavailable,,,Unavailable,3
Denmark,DNK,2018,2021,Carbapenems,0.0,0.1026518391787852,5845.0,0.1011677152112591,0.0,0.001484123967526,0.1026518391787852,3,Frozen specification,,,Unavailable,,,Unavailable,3
Denmark,DNK,2018,2021,Fluoroquinolones,13.256591162272558,10.472074468085106,6016.0,12.09580899798224,13.256591162272558,-1.623734529897133,-2.7845166941874524,3,Frozen specification,,,Unavailable,,,Unavailable,3
Denmark,DNK,2018,2021,Third-generation cephalosporins,7.65570039313056,6.166912850812408,5416.0,7.288403737804744,7.65570039313056,-1.121490886992336,-1.4887875423181516,3,Frozen specification,,,Unavailable,,,Unavailable,3
Spain,ESP,2018,2021,Aminoglycosides,14.12165572942958,12.395929694727103,7567.0,13.567618656892774,14.12165572942958,-1.1716889621656712,-1.7257260347024772,3,Frozen specification,,,Unavailable,,,Unavailable,3
Spain,ESP,2018,2021,Aminopenicillins,62.92933280694828,56.21201413427562,7075.0,59.04729458849632,62.92933280694828,-2.835280454220701,-6.717318672672661,3,Frozen specification,,,Unavailable,,,Unavailable,3
Spain,ESP,2018,2021,Carbapenems,0.0378596668349318,0.1445318773084952,6227.0,0.340092410514936,0.0378596668349318,-0.1955605332064408,0.1066722104735634,3,Frozen specification,,,Unavailable,,,Unavailable,3
Spain,ESP,2018,2021,Fluoroquinolones,32.11659663865546,26.614714040417383,7571.0,29.009882225544885,32.11659663865546,-2.395168185127502,-5.501882598238076,3,Frozen specification,,,Unavailable,,,Unavailable,3
Spain,ESP,2018,2021,Third-generation cephalosporins,13.757415120535152,13.158249158249156,7425.0,13.964180835548,13.757415120535152,-0.8059316772988456,-0.599165962285996,3,Frozen specification,,,Unavailable,,,Unavailable,3
Estonia,EST,2018,2021,Aminoglycosides,6.24263839811543,5.50755939524838,926.0,7.33204888191129,6.24263839811543,-1.8244894866629096,-0.7350790028670495,3,Frozen specification,,,Unavailable,,,Unavailable,3
Estonia,EST,2018,2021,Aminopenicillins,43.54485776805252,41.124260355029584,338.0,44.96859027570981,43.54485776805252,-3.844329920680224,-2.42059741302294,3,Frozen specification,,,Unavailable,,,Unavailable,3
Estonia,EST,2018,2021,Carbapenems,0.0,0.0,826.0,0.004244643176284,0.0,-0.004244643176284,0.0,3,Frozen specification,,,Unavailable,,,Unavailable,3
Estonia,EST,2018,2021,Fluoroquinolones,17.61158021712907,13.449023861171366,922.0,16.663962868408092,17.61158021712907,-3.214939007236726,-4.162556355957705,3,Frozen specification,,,Unavailable,,,Unavailable,3
Estonia,EST,2018,2021,Third-generation cephalosporins,9.764705882352942,8.073196986006458,929.0,9.944800592252228,9.764705882352942,-1.8716036062457704,-1.691508896346484,3,Frozen specification,,,Unavailable,,,Unavailable,3
Finland,FIN,2018,2021,Aminoglycosides,4.257528556593977,4.136504653567736,5802.0,5.204406457758487,4.257528556593977,-1.0679018041907504,-0.1210239030262405,3,Frozen specification,,,Unavailable,,,Unavailable,3
Finland,FIN,2018,2021,Aminopenicillins,35.34675615212528,31.72804532577904,3177.0,34.83503952167599,35.34675615212528,-3.1069941958969487,-3.618710826346241,3,Frozen specification,,,Unavailable,,,Unavailable,3
Finland,FIN,2018,2021,Carbapenems,0.0197745699031046,0.0,5801.0,0.0322680887632763,0.0197745699031046,-0.0322680887632763,-0.0197745699031046,3,Frozen specification,,,Unavailable,,,Unavailable,3
Finland,FIN,2018,2021,Fluoroquinolones,11.481261154074955,9.565667011375387,5802.0,11.238956545195386,11.481261154074955,-1.6732895338199985,-1.915594142699568,3,Frozen specification,,,Unavailable,,,Unavailable,3
Finland,FIN,2018,2021,Third-generation cephalosporins,7.609561752988048,6.6045869977582345,5799.0,7.494865000508377,7.609561752988048,-0.8902780027501427,-1.0049747552298136,3,Frozen specification,,,Unavailable,,,Unavailable,3
France,FRA,2018,2021,Aminoglycosides,7.39233086379549,5.8233727978247325,17653.0,6.994258834227633,7.39233086379549,-1.1708860364029006,-1.5689580659707572,3,Frozen specification,,,Unavailable,,,Unavailable,3
France,FRA,2018,2021,Aminopenicillins,55.6122042539632,52.26476900485711,17706.0,54.56750348283041,55.6122042539632,-2.3027344779733028,-3.3474352491060912,3,Frozen specification,,,Unavailable,,,Unavailable,3
France,FRA,2018,2021,Carbapenems,0.048390999274135,0.051293742163456,17546.0,0.0363636797372354,0.048390999274135,0.0149300624262205,0.0029027428893209,3,Frozen specification,,,Unavailable,,,Unavailable,3
France,FRA,2018,2021,Fluoroquinolones,16.322430282086312,14.756586793884852,18446.0,15.110928224057824,16.322430282086312,-0.3543414301729726,-1.565843488201461,3,Frozen specification,,,Unavailable,,,Unavailable,3
France,FRA,2018,2021,Third-generation cephalosporins,9.592516251783731,8.342674139311448,18735.0,10.0048999069779,9.592516251783731,-1.6622257676664507,-1.2498421124722832,3,Frozen specification,,,Unavailable,,,Unavailable,3
Greece,GRC,2018,2021,Aminoglycosides,15.492957746478874,18.636995827538247,719.0,16.216755997197662,15.492957746478874,2.4202398303405843,3.1440380810593727,3,Frozen specification,,,Unavailable,,,Unavailable,3
Greece,GRC,2018,2021,Aminopenicillins,57.54847645429363,59.78456014362657,557.0,55.93843712805754,57.54847645429363,3.8461230155690345,2.2360836893329434,3,Frozen specification,,,Unavailable,,,Unavailable,3
Greece,GRC,2018,2021,Carbapenems,1.0365853658536586,1.098901098901099,728.0,0.8159477308374795,1.0365853658536586,0.2829533680636195,0.0623157330474404,3,Frozen specification,,,Unavailable,,,Unavailable,3
Greece,GRC,2018,2021,Fluoroquinolones,30.778663396689147,33.92857142857143,728.0,30.26730462932904,30.778663396689147,3.661266799242391,3.1499080318822834,3,Frozen specification,,,Unavailable,,,Unavailable,3
Greece,GRC,2018,2021,Third-generation cephalosporins,19.32926829268293,21.733149931224208,727.0,19.97180646025493,19.32926829268293,1.761343470969276,2.4038816385412787,3,Frozen specification,,,Unavailable,,,Unavailable,3
Croatia,HRV,2018,2021,Aminoglycosides,14.87603305785124,11.724137931034482,725.0,15.082251994494952,14.87603305785124,-3.3581140634604694,-3.1518951268167577,3,Frozen specification,,,Unavailable,,,Unavailable,3
Croatia,HRV,2018,2021,Aminopenicillins,57.74299835255354,55.76923076923077,728.0,57.02926384945217,57.74299835255354,-1.2600330802214046,-1.973767583322776,3,Frozen specification,,,Unavailable,,,Unavailable,3
Croatia,HRV,2018,2021,Carbapenems,0.0,0.0,686.0,0.0817069884400003,0.0,-0.0817069884400003,0.0,3,Frozen specification,,,Unavailable,,,Unavailable,3
Croatia,HRV,2018,2021,Fluoroquinolones,30.025020850708923,28.9875173370319,721.0,28.66893129625236,30.025020850708923,0.3185860407795466,-1.0375035136770236,3,Frozen specification,,,Unavailable,,,Unavailable,3
Croatia,HRV,2018,2021,Third-generation cephalosporins,14.811643835616438,18.59504132231405,726.0,17.246183949187483,14.811643835616438,1.3488573731265667,3.783397486697611,3,Frozen specification,,,Unavailable,,,Unavailable,3
Hungary,HUN,2018,2021,Aminoglycosides,17.402826855123674,17.496962332928312,2469.0,15.947631346249969,17.402826855123674,1.5493309866783456,0.0941354778046381,3,Frozen specification,,,Unavailable,,,Unavailable,3
Hungary,HUN,2018,2021,Aminopenicillins,62.71626297577855,58.50640742377375,2263.0,58.620836588019074,62.71626297577855,-0.1144291642453225,-4.209855552004797,3,Frozen specification,,,Unavailable,,,Unavailable,3
Hungary,HUN,2018,2021,Carbapenems,0.0,0.0,2391.0,0.0092914832534091,0.0,-0.0092914832534091,0.0,3,Frozen specification,,,Unavailable,,,Unavailable,3
Hungary,HUN,2018,2021,Fluoroquinolones,33.24873096446701,28.04878048780488,2460.0,29.930902323543105,33.24873096446701,-1.882121835738225,-5.199950476662128,3,Frozen specification,,,Unavailable,,,Unavailable,3
Hungary,HUN,2018,2021,Third-generation cephalosporins,22.616033755274263,20.40485829959514,2470.0,20.234035938415424,22.616033755274263,0.1708223611797166,-2.211175455679122,3,Frozen specification,,,Unavailable,,,Unavailable,3
Ireland,IRL,2018,2021,Aminoglycosides,11.735639283508338,9.573002754820935,2904.0,11.267251273560367,11.735639283508338,-1.6942485187394318,-2.1626365286874023,3,Frozen specification,,,Unavailable,,,Unavailable,3
Ireland,IRL,2018,2021,Aminopenicillins,67.62434352795799,63.00897170462388,2898.0,66.23388282112269,67.62434352795799,-3.2249111164988093,-4.615371823334108,3,Frozen specification,,,Unavailable,,,Unavailable,3
Ireland,IRL,2018,2021,Carbapenems,0.0,0.0,2891.0,0.0487816676707841,0.0,-0.0487816676707841,0.0,3,Frozen specification,,,Unavailable,,,Unavailable,3
Ireland,IRL,2018,2021,Fluoroquinolones,23.903644224830146,15.976535541752932,2898.0,19.54217903336989,23.903644224830146,-3.565643491616965,-7.927108683077213,3,Frozen specification,,,Unavailable,,,Unavailable,3
Ireland,IRL,2018,2021,Third-generation cephalosporins,12.882298424467098,9.955218739235274,2903.0,12.259015280227713,12.882298424467098,-2.3037965409924386,-2.927079685231824,3,Frozen specification,,,Unavailable,,,Unavailable,3
Iceland,ISL,2018,2021,Aminoglycosides,6.091370558375634,9.352517985611511,278.0,7.772313227187881,6.091370558375634,1.5802047584236298,3.261147427235877,3,Frozen specification,,,Unavailable,,,Unavailable,3
Iceland,ISL,2018,2021,Aminopenicillins,48.98989898989899,46.57039711191336,277.0,49.00220124715018,48.98989898989899,-2.431804135236824,-2.419501877985631,3,Frozen specification,,,Unavailable,,,Unavailable,3
Iceland,ISL,2018,2021,Carbapenems,0.0,0.0,276.0,0.0202631127822662,0.0,-0.0202631127822662,0.0,3,Frozen specification,,,Unavailable,,,Unavailable,3
Iceland,ISL,2018,2021,Fluoroquinolones,17.1875,14.440433212996387,277.0,13.63089500935674,17.1875,0.8095382036396472,-2.7470667870036127,3,Frozen specification,,,Unavailable,,,Unavailable,3
Iceland,ISL,2018,2021,Third-generation cephalosporins,8.080808080808081,10.431654676258994,278.0,10.0754523072894,8.080808080808081,0.3562023689695941,2.3508465954509123,3,Frozen specification,,,Unavailable,,,Unavailable,3
Italy,ITA,2018,2021,Aminoglycosides,16.043016162505502,13.498454911508569,21358.0,14.985923916405094,16.043016162505502,-1.487469004896525,-2.5445612509969333,3,Frozen specification,,,Unavailable,,,Unavailable,3
Italy,ITA,2018,2021,Aminopenicillins,64.4763042612505,59.64102564102564,5850.0,64.73746948180059,64.4763042612505,-5.0964438407749455,-4.835278620224862,3,Frozen specification,,,Unavailable,,,Unavailable,3
Italy,ITA,2018,2021,Carbapenems,0.3688842868237121,0.4262533301041414,20645.0,0.3920253857731599,0.3688842868237121,0.0342279443309814,0.0573690432804293,3,Frozen specification,,,Unavailable,,,Unavailable,3
Italy,ITA,2018,2021,Fluoroquinolones,41.6630306052484,33.361057203585624,21642.0,38.49445917324798,41.6630306052484,-5.133401969662359,-8.301973401662778,3,Frozen specification,,,Unavailable,,,Unavailable,3
Italy,ITA,2018,2021,Third-generation cephalosporins,28.69624069402572,24.3777686441065,21897.0,26.79969373551421,28.69624069402572,-2.4219250914077115,-4.318472049919222,3,Frozen specification,,,Unavailable,,,Unavailable,3
Lithuania,LTU,2018,2021,Aminoglycosides,7.887579329102448,8.326029798422436,1141.0,9.589305243678323,7.887579329102448,-1.2632754452558892,0.4384504693199877,3,Frozen specification,,,Unavailable,,,Unavailable,3
Lithuania,LTU,2018,2021,Aminopenicillins,58.95117540687161,57.10549258936356,1147.0,57.72807449796022,58.95117540687161,-0.6225819085966648,-1.845682817508056,3,Frozen specification,,,Unavailable,,,Unavailable,3
Lithuania,LTU,2018,2021,Carbapenems,0.0,0.2610966057441253,1149.0,0.0670351926665049,0.0,0.1940614130776203,0.2610966057441253,3,Frozen specification,,,Unavailable,,,Unavailable,3
Lithuania,LTU,2018,2021,Fluoroquinolones,19.65579710144928,17.647058823529413,1139.0,19.60992321036968,19.65579710144928,-1.9628643868402664,-2.008738277919868,3,Frozen specification,,,Unavailable,,,Unavailable,3
Lithuania,LTU,2018,2021,Third-generation cephalosporins,15.32912533814247,13.616652211621856,1153.0,17.504646953050923,15.32912533814247,-3.8879947414290665,-1.7124731265206137,3,Frozen specification,,,Unavailable,,,Unavailable,3
Luxembourg,LUX,2018,2021,Aminoglycosides,7.328605200945627,8.757062146892656,354.0,8.826176235129532,7.328605200945627,-0.0691140882368763,1.4284569459470289,3,Frozen specification,,,Unavailable,,,Unavailable,3
Luxembourg,LUX,2018,2021,Aminopenicillins,55.23809523809524,53.40909090909091,352.0,54.736626739797416,55.23809523809524,-1.327535830706509,-1.8290043290043343,3,Frozen specification,,,Unavailable,,,Unavailable,3
Luxembourg,LUX,2018,2021,Carbapenems,0.0,0.0,354.0,0.1650987401623955,0.0,-0.1650987401623955,0.0,3,Frozen specification,,,Unavailable,,,Unavailable,3
Luxembourg,LUX,2018,2021,Fluoroquinolones,21.770334928229666,20.90395480225989,354.0,20.982610805032937,21.770334928229666,-0.078656002773048,-0.8663801259697763,3,Frozen specification,,,Unavailable,,,Unavailable,3
Luxembourg,LUX,2018,2021,Third-generation cephalosporins,12.5,11.299435028248588,354.0,11.809580651901967,12.5,-0.5101456236533792,-1.2005649717514115,3,Frozen specification,,,Unavailable,,,Unavailable,3
Latvia,LVA,2018,2021,Aminoglycosides,8.908045977011493,10.913705583756345,394.0,13.18915917703037,8.908045977011493,-2.275453593274026,2.005659606744852,3,Frozen specification,,,Unavailable,,,Unavailable,3
Latvia,LVA,2018,2021,Aminopenicillins,56.19596541786744,49.41860465116279,344.0,57.37538842518046,56.19596541786744,-7.956783774017673,-6.777360766704653,3,Frozen specification,,,Unavailable,,,Unavailable,3
Latvia,LVA,2018,2021,Carbapenems,0.0,0.0,393.0,0.006236967512548,0.0,-0.006236967512548,0.0,3,Frozen specification,,,Unavailable,,,Unavailable,3
Latvia,LVA,2018,2021,Fluoroquinolones,24.127906976744185,20.663265306122447,392.0,23.85060002102,24.127906976744185,-3.187334714897545,-3.464641670621738,3,Frozen specification,,,Unavailable,,,Unavailable,3
Latvia,LVA,2018,2021,Third-generation cephalosporins,20.40229885057472,18.3206106870229,393.0,21.10069829952516,20.40229885057472,-2.7800876125022604,-2.0816881635518207,3,Frozen specification,,,Unavailable,,,Unavailable,3
Malta,MLT,2018,2021,Aminoglycosides,9.939759036144578,12.709030100334449,299.0,10.790849858272264,9.939759036144578,1.9181802420621832,2.769271064189871,3,Frozen specification,,,Unavailable,,,Unavailable,3
Malta,MLT,2018,2021,Aminopenicillins,59.63855421686747,64.54849498327759,299.0,59.49749840285885,59.63855421686747,5.05099658041874,4.909940766410124,3,Frozen specification,,,Unavailable,,,Unavailable,3
Malta,MLT,2018,2021,Carbapenems,0.0,0.0,299.0,0.0243006758142547,0.0,-0.0243006758142547,0.0,3,Frozen specification,,,Unavailable,,,Unavailable,3
Malta,MLT,2018,2021,Fluoroquinolones,41.86746987951807,30.76923076923077,299.0,37.859475448076175,41.86746987951807,-7.090244678845405,-11.0982391102873,3,Frozen specification,,,Unavailable,,,Unavailable,3
Malta,MLT,2018,2021,Third-generation cephalosporins,15.36144578313253,13.7123745819398,299.0,14.442815488852109,15.36144578313253,-0.7304409069123086,-1.649071201192729,3,Frozen specification,,,Unavailable,,,Unavailable,3
Netherlands,NLD,2018,2021,Aminoglycosides,6.308157099697885,5.9914841849148415,6576.0,6.545243431865716,6.308157099697885,-0.5537592469508743,-0.3166729147830436,3,Frozen specification,,,Unavailable,,,Unavailable,3
Netherlands,NLD,2018,2021,Aminopenicillins,45.95019342359768,41.40922234058743,6571.0,44.24297112782088,45.95019342359768,-2.833748787233453,-4.540971083010255,3,Frozen specification,,,Unavailable,,,Unavailable,3
Netherlands,NLD,2018,2021,Carbapenems,0.0120889748549323,0.0456690516060283,6569.0,0.0417283595025901,0.0120889748549323,0.0039406921034381,0.033580076751096,3,Frozen specification,,,Unavailable,,,Unavailable,3
Netherlands,NLD,2018,2021,Fluoroquinolones,14.708726130045926,13.32319391634981,6575.0,13.613162809825408,14.708726130045926,-0.2899688934755975,-1.3855322136961163,3,Frozen specification,,,Unavailable,,,Unavailable,3
Netherlands,NLD,2018,2021,Third-generation cephalosporins,7.315598548972188,6.64638783269962,6575.0,7.22717508442765,7.315598548972188,-0.5807872517280295,-0.669210716272568,3,Frozen specification,,,Unavailable,,,Unavailable,3
Norway,NOR,2018,2021,Aminoglycosides,5.747422680412371,5.392029174264131,3839.0,5.86850763649756,5.747422680412371,-0.4764784622334286,-0.35539350614824,3,Frozen specification,,,Unavailable,,,Unavailable,3
Norway,NOR,2018,2021,Aminopenicillins,42.29381443298969,35.39223351576753,3837.0,40.65964030450606,42.29381443298969,-5.267406788738533,-6.901580917222162,3,Frozen specification,,,Unavailable,,,Unavailable,3
Norway,NOR,2018,2021,Carbapenems,0.0257798401649909,0.0,3820.0,0.0452710911820392,0.0257798401649909,-0.0452710911820392,-0.0257798401649909,3,Frozen specification,,,Unavailable,,,Unavailable,3
Norway,NOR,2018,2021,Fluoroquinolones,12.870776373484652,9.87718839822315,3827.0,11.79047730567587,12.870776373484652,-1.9132889074527188,-2.9935879752615016,3,Frozen specification,,,Unavailable,,,Unavailable,3
Norway,NOR,2018,2021,Third-generation cephalosporins,6.754318123227636,5.496222974733003,3839.0,6.395148340355554,6.754318123227636,-0.8989253656225511,-1.2580951484946326,3,Frozen specification,,,Unavailable,,,Unavailable,3
Poland,POL,2018,2021,Aminoglycosides,15.108207431604736,13.723696248856358,2186.0,13.96609506055088,15.108207431604736,-0.242398811694521,-1.384511182748378,3,Frozen specification,,,Unavailable,,,Unavailable,3
Poland,POL,2018,2021,Aminopenicillins,64.26966292134831,60.568603213844256,809.0,61.92117003294336,64.26966292134831,-1.3525668190991027,-3.701059707504058,3,Frozen specification,,,Unavailable,,,Unavailable,3
Poland,POL,2018,2021,Carbapenems,0.12,0.131004366812227,2290.0,0.0529332513514122,0.12,0.0780711154608147,0.0110043668122269,3,Frozen specification,,,Unavailable,,,Unavailable,3
Poland,POL,2018,2021,Fluoroquinolones,34.67082197117257,33.11287477954145,2268.0,33.289888750141806,34.67082197117257,-0.1770139706003561,-1.557947191631122,3,Frozen specification,,,Unavailable,,,Unavailable,3
Poland,POL,2018,2021,Third-generation cephalosporins,17.595419847328245,18.726275832981862,2371.0,17.26827649299665,17.595419847328245,1.4579993399852107,1.1308559856536178,3,Frozen specification,,,Unavailable,,,Unavailable,3
Portugal,PRT,2018,2021,Aminoglycosides,12.15450643776824,10.615521855486174,5605.0,11.482815623647976,12.15450643776824,-0.8672937681618009,-1.5389845822820671,3,Frozen specification,,,Unavailable,,,Unavailable,3
Portugal,PRT,2018,2021,Aminopenicillins,55.06361323155216,52.730441518202944,5164.0,55.34007272052114,55.06361323155216,-2.609631202318198,-2.333171713349216,3,Frozen specification,,,Unavailable,,,Unavailable,3
Portugal,PRT,2018,2021,Carbapenems,0.5347593582887701,0.3293084522502744,5466.0,0.1563115572906429,0.5347593582887701,0.1729968949596315,-0.2054509060384957,3,Frozen specification,,,Unavailable,,,Unavailable,3
Portugal,PRT,2018,2021,Fluoroquinolones,25.460122699386503,22.499110003559984,5618.0,23.821442197569347,25.460122699386503,-1.3223321940093626,-2.9610126958265184,3,Frozen specification,,,Unavailable,,,Unavailable,3
Portugal,PRT,2018,2021,Third-generation cephalosporins,14.708382928073457,13.089937666963491,5615.0,14.615977816295008,14.708382928073457,-1.526040149331516,-1.6184452611099651,3,Frozen specification,,,Unavailable,,,Unavailable,3
Romania,ROU,2018,2021,Aminoglycosides,12.788906009244991,10.591133004926109,406.0,12.529196157234828,12.788906009244991,-1.93806315230872,-2.197773004318883,3,Frozen specification,,,Unavailable,,,Unavailable,3
Romania,ROU,2018,2021,Aminopenicillins,62.17712177121771,64.20454545454545,352.0,65.04080215329219,62.17712177121771,-0.8362566987467375,2.02742368332774,3,Frozen specification,,,Unavailable,,,Unavailable,3
Romania,ROU,2018,2021,Carbapenems,0.0,0.4016064257028112,498.0,0.6590887855945006,0.0,-0.2574823598916894,0.4016064257028112,3,Frozen specification,,,Unavailable,,,Unavailable,3
Romania,ROU,2018,2021,Fluoroquinolones,29.102167182662537,24.698795180722893,498.0,26.30317378025919,29.102167182662537,-1.6043785995362967,-4.403372001939644,3,Frozen specification,,,Unavailable,,,Unavailable,3
Romania,ROU,2018,2021,Third-generation cephalosporins,20.18348623853211,18.78787878787879,495.0,19.077365502073786,20.18348623853211,-0.2894867141949966,-1.3956074506533227,3,Frozen specification,,,Unavailable,,,Unavailable,3
Slovakia,SVK,2018,2021,Aminoglycosides,21.5686274509804,14.177978883861236,663.0,18.83774549649328,21.5686274509804,-4.659766612632044,-7.390648567119165,3,Frozen specification,,,Unavailable,,,Unavailable,3
Slovakia,SVK,2018,2021,Aminopenicillins,61.73733195449845,54.54545454545455,660.0,59.28069834546008,61.73733195449845,-4.735243800005534,-7.191877409043904,3,Frozen specification,,,Unavailable,,,Unavailable,3
Slovakia,SVK,2018,2021,Carbapenems,0.0,0.0,625.0,0.1229672340008869,0.0,-0.1229672340008869,0.0,3,Frozen specification,,,Unavailable,,,Unavailable,3
Slovakia,SVK,2018,2021,Fluoroquinolones,42.10526315789474,29.75830815709969,662.0,35.29926353418011,42.10526315789474,-5.540955377080422,-12.346955000795049,3,Frozen specification,,,Unavailable,,,Unavailable,3
Slovakia,SVK,2018,2021,Third-generation cephalosporins,30.11305241521069,23.112480739599384,649.0,26.535395345024227,30.11305241521069,-3.422914605424843,-7.000571675611305,3,Frozen specification,,,Unavailable,,,Unavailable,3
Slovenia,SVN,2018,2021,Aminoglycosides,9.412470023980816,6.603212373587151,1681.0,9.4105951805884,9.412470023980816,-2.807382807001249,-2.8092576503936657,3,Frozen specification,,,Unavailable,,,Unavailable,3
Slovenia,SVN,2018,2021,Aminopenicillins,53.47721822541966,50.80309339678762,1681.0,53.780109787945314,53.47721822541966,-2.977016391157697,-2.6741248286320456,3,Frozen specification,,,Unavailable,,,Unavailable,3
Slovenia,SVN,2018,2021,Carbapenems,0.0,0.0,1681.0,0.0105727474721544,0.0,-0.0105727474721544,0.0,3,Frozen specification,,,Unavailable,,,Unavailable,3
Slovenia,SVN,2018,2021,Fluoroquinolones,22.78177458033573,16.65675193337299,1681.0,19.28310592061876,22.78177458033573,-2.626353987245772,-6.125022646962737,3,Frozen specification,,,Unavailable,,,Unavailable,3
Slovenia,SVN,2018,2021,Third-generation cephalosporins,11.33093525179856,9.28019036287924,1681.0,11.01665273586534,11.33093525179856,-1.7364623729860984,-2.0507448889193203,3,Frozen specification,,,Unavailable,,,Unavailable,3
Sweden,SWE,2018,2021,Aminoglycosides,7.735217552993678,5.981163219730071,10299.0,6.442477147625165,7.735217552993678,-0.4613139278950937,-1.754054333263607,3,Frozen specification,,,Unavailable,,,Unavailable,3
Sweden,SWE,2018,2021,Carbapenems,0.0185597624350408,0.0564652738565782,10626.0,0.0338946521182608,0.0185597624350408,0.0225706217383173,0.0379055114215374,3,Frozen specification,,,Unavailable,,,Unavailable,3
Sweden,SWE,2018,2021,Fluoroquinolones,18.055039047973224,13.661305581835384,10570.0,15.606346680290796,18.055039047973224,-1.9450410984554125,-4.39373346613784,3,Frozen specification,,,Unavailable,,,Unavailable,3
Sweden,SWE,2018,2021,Third-generation cephalosporins,8.330241187384045,7.119345434026145,10633.0,8.468807820419562,8.330241187384045,-1.3494623863934168,-1.2108957533579003,3,Frozen specification,,,Unavailable,,,Unavailable,3
Austria,AUT,2019,2022,Aminoglycosides,6.948541461815798,5.48033526756931,4653.0,6.757912880017235,6.948541461815798,-1.2775776124479252,-1.4682061942464877,3,Frozen specification,3.922632425796534,9.593193334237936,Pooled earlier origins,1.4905060912787018,12.025319668755769,Pooled earlier origins,3
Austria,AUT,2019,2022,Aminopenicillins,46.27606752730884,45.94131505675733,4669.0,45.87596613203439,46.27606752730884,0.0653489247229472,-0.334752470551507,3,Frozen specification,43.04068567781369,48.71124658625509,Pooled earlier origins,40.60855934329586,51.143372920772926,Pooled earlier origins,3
Austria,AUT,2019,2022,Carbapenems,0.0,0.1206515181982706,4973.0,0.029511066189373,0.0,0.0911404520088975,0.1206515181982706,3,Frozen specification,0.0,2.864791520410074,Pooled earlier origins,0.0,5.296917854927907,Pooled earlier origins,3
Austria,AUT,2019,2022,Fluoroquinolones,18.213058419243985,13.930659983291562,4788.0,16.612342456303974,18.213058419243985,-2.681682473012412,-4.282398435952423,3,Frozen specification,13.777062002083273,19.447622910524675,Pooled earlier origins,11.34493566756544,21.879749245042508,Pooled earlier origins,3
Austria,AUT,2019,2022,Third-generation cephalosporins,9.318702915165412,8.320251177394034,5096.0,9.29832902891216,9.318702915165412,-0.9780778515181244,-0.9984517377713776,3,Frozen specification,6.463048574691459,12.133609483132862,Pooled earlier origins,4.030922240173627,14.565735817650694,Pooled earlier origins,3
Belgium,BEL,2019,2022,Aminoglycosides,6.909739928607853,6.402357353335119,3733.0,6.780510132707359,6.909739928607853,-0.3781527793722405,-0.5073825752727341,3,Frozen specification,3.9452296784866583,9.61579058692806,Pooled earlier origins,1.513103343968826,12.047916921445893,Pooled earlier origins,3
Belgium,BEL,2019,2022,Aminopenicillins,56.45653985004166,56.575505350772886,4205.0,55.2194665999512,56.45653985004166,1.356038750821682,0.1189655007312282,3,Frozen specification,52.384186145730496,58.0547470541719,Pooled earlier origins,49.95205981121266,60.48687338868973,Pooled earlier origins,3
Belgium,BEL,2019,2022,Carbapenems,0.0509424350483953,0.0698324022346368,4296.0,0.0333542381101759,0.0509424350483953,0.0364781641244608,0.0188899671862414,3,Frozen specification,0.0,2.8686346923308768,Pooled earlier origins,0.0,5.3007610268487095,Pooled earlier origins,3
Belgium,BEL,2019,2022,Fluoroquinolones,19.05732484076433,17.548500881834215,4536.0,18.701754276462104,19.05732484076433,-1.153253394627889,-1.5088239589301151,3,Frozen specification,15.866473822241403,21.537034730682805,Pooled earlier origins,13.43434748772357,23.969161065200637,Pooled earlier origins,3
Belgium,BEL,2019,2022,Third-generation cephalosporins,9.98221996443993,8.755555555555556,4500.0,9.137349599659869,9.98221996443993,-0.3817940441043124,-1.226664408884373,3,Frozen specification,6.302069145439168,11.97263005388057,Pooled earlier origins,3.8699428109213354,14.404756388398402,Pooled earlier origins,3
Bulgaria,BGR,2019,2022,Aminoglycosides,24.431818181818183,24.267782426778243,239.0,25.73944297006684,24.431818181818183,-1.4716605432885892,-0.16403575503994,3,Frozen specification,22.90416251584614,28.57472342428754,Pooled earlier origins,20.472036181328306,31.006849758805373,Pooled earlier origins,3
Bulgaria,BGR,2019,2022,Aminopenicillins,63.35227272727273,68.61924686192468,239.0,63.147117371076895,63.35227272727273,5.472129490847784,5.266974134651953,3,Frozen specification,60.311836916856194,65.9823978252976,Pooled earlier origins,57.87971058233836,68.41452415981543,Pooled earlier origins,3
Bulgaria,BGR,2019,2022,Carbapenems,0.0,0.0,239.0,0.6986155575377718,0.0,-0.6986155575377718,0.0,3,Frozen specification,0.0,3.533896011758473,Pooled earlier origins,0.0,5.966022346276305,Pooled earlier origins,3
Bulgaria,BGR,2019,2022,Fluoroquinolones,38.63636363636363,40.58577405857741,239.0,35.976269672906604,38.63636363636363,4.609504385670803,1.9494104222137736,3,Frozen specification,33.1409892186859,38.811550127127305,Pooled earlier origins,30.70886288416807,41.24367646164514,Pooled earlier origins,3
Bulgaria,BGR,2019,2022,Third-generation cephalosporins,38.63636363636363,40.1673640167364,239.0,37.40324000712966,38.63636363636363,2.764124009606739,1.5310003803727668,3,Frozen specification,34.56795955290896,40.23852046135036,Pooled earlier origins,32.13583321839113,42.670646795868194,Pooled earlier origins,3
Cyprus,CYP,2019,2022,Aminoglycosides,10.869565217391305,15.178571428571429,224.0,15.39288253899274,10.869565217391305,-0.2143111104213098,4.309006211180124,3,Frozen specification,12.55760208477204,18.22816299321344,Pooled earlier origins,10.125475750254207,20.660289327731274,Pooled earlier origins,3
Cyprus,CYP,2019,2022,Aminopenicillins,71.73913043478261,63.22869955156951,223.0,67.96195776576359,71.73913043478261,-4.733258214194073,-8.510430883213097,3,Frozen specification,65.12667731154289,70.79723821998428,Pooled earlier origins,62.69455097702505,73.22936455450213,Pooled earlier origins,3
Cyprus,CYP,2019,2022,Carbapenems,0.0,0.9433962264150944,212.0,0.6089013755012702,0.0,0.3344948509138241,0.9433962264150944,3,Frozen specification,0.0,3.4441818297219715,Pooled earlier origins,0.0,5.876308164239804,Pooled earlier origins,3
Cyprus,CYP,2019,2022,Fluoroquinolones,43.47826086956522,46.36363636363637,220.0,47.073938047392254,43.47826086956522,-0.7103016837558869,2.885375494071148,3,Frozen specification,44.23865759317155,49.909218501612955,Pooled earlier origins,41.80653125865372,52.34134483613079,Pooled earlier origins,3
Cyprus,CYP,2019,2022,Third-generation cephalosporins,20.65217391304348,32.44444444444444,225.0,26.44488428983748,20.65217391304348,5.999560154606964,11.792270531400964,3,Frozen specification,23.609603835616777,29.28016474405818,Pooled earlier origins,21.177477501098945,31.712291078576012,Pooled earlier origins,3
Czechia,CZE,2019,2022,Aminoglycosides,11.407698791795449,9.419680403700587,3567.0,10.579289825143947,11.407698791795449,-1.15960942144336,-1.9880183880948608,3,Frozen specification,7.744009370923246,13.414570279364648,Pooled earlier origins,5.311883036405414,15.84669661388248,Pooled earlier origins,3
Czechia,CZE,2019,2022,Aminopenicillins,54.61192350956131,51.627384960718295,3564.0,53.42934191347247,54.61192350956131,-1.8019569527541748,-2.9845385488430125,3,Frozen specification,50.59406145925177,56.26462236769317,Pooled earlier origins,48.16193512473394,58.696748702211,Pooled earlier origins,3
Czechia,CZE,2019,2022,Carbapenems,0.0,0.1780415430267062,1685.0,0.0185760527492392,0.0,0.1594654902774669,0.1780415430267062,3,Frozen specification,0.0,2.85385650696994,Pooled earlier origins,0.0,5.2859828414877725,Pooled earlier origins,3
Czechia,CZE,2019,2022,Fluoroquinolones,23.04445694991559,18.23793490460157,3564.0,20.088897266503903,23.04445694991559,-1.850962361902333,-4.8065220453140185,3,Frozen specification,17.2536168122832,22.924177720724604,Pooled earlier origins,14.82149047776537,25.356304055242436,Pooled earlier origins,3
Czechia,CZE,2019,2022,Third-generation cephalosporins,15.912285633961202,14.750420639371844,3566.0,15.057358599205015,15.912285633961202,-0.3069379598331707,-1.161864994589358,3,Frozen specification,12.222078144984314,17.892639053425718,Pooled earlier origins,9.789951810466482,20.32476538794355,Pooled earlier origins,3
Germany,DEU,2019,2022,Aminoglycosides,8.316659417137886,5.142999719302623,32063.0,6.791296085938651,8.316659417137886,-1.6482963666360275,-3.173659697835263,3,Frozen specification,3.95601563171795,9.626576540159352,Pooled earlier origins,1.5238892972001175,12.058702874677184,Pooled earlier origins,3
Germany,DEU,2019,2022,Aminopenicillins,48.66232207168581,45.90717299578059,33180.0,46.212870661439496,48.66232207168581,-0.3056976656589043,-2.755149075905216,3,Frozen specification,43.377590207218795,49.0481511156602,Pooled earlier origins,40.94546387270096,51.48027745017803,Pooled earlier origins,3
Germany,DEU,2019,2022,Carbapenems,0.0128254456842375,0.0355218755550293,33782.0,0.0331937967431774,0.0128254456842375,0.0023280788118518,0.0226964298707918,3,Frozen specification,0.0,2.8684742509638785,Pooled earlier origins,0.0,5.30060058548171,Pooled earlier origins,3
Germany,DEU,2019,2022,Fluoroquinolones,17.532300847095062,15.193885712592945,33757.0,16.12610136600445,17.532300847095062,-0.9322156534115038,-2.3384151345021174,3,Frozen specification,13.290820911783747,18.96138182022515,Pooled earlier origins,10.858694577265915,21.39350815474298,Pooled earlier origins,3
Germany,DEU,2019,2022,Third-generation cephalosporins,11.506428052791184,9.44178061919138,33786.0,10.731077109867108,11.506428052791184,-1.2892964906757278,-2.064647433599804,3,Frozen specification,7.895796655646407,13.56635756408781,Pooled earlier origins,5.463670321128575,15.998483898605642,Pooled earlier origins,3
Denmark,DNK,2019,2022,Aminoglycosides,5.4652616538667615,4.755457776273481,5909.0,5.128929056787997,5.4652616538667615,-0.3734712805145159,-0.7098038775932807,3,Frozen specification,2.2936486025672957,7.964209511008698,Pooled earlier origins,0.0,10.39633584552653,Pooled earlier origins,3
Denmark,DNK,2019,2022,Aminopenicillins,46.30788485607009,42.172361040285566,5883.0,43.7114470915972,46.30788485607009,-1.5390860513116351,-4.135523815784524,3,Frozen specification,40.8761666373765,46.5467275458179,Pooled earlier origins,38.44404030285867,48.978853880335734,Pooled earlier origins,3
Denmark,DNK,2019,2022,Carbapenems,0.0717231486462255,0.017921146953405,5580.0,0.0906494248311475,0.0717231486462255,-0.0727282778777425,-0.0538020016928205,3,Frozen specification,0.0,2.9259298790518486,Pooled earlier origins,0.0,5.3580562135696805,Pooled earlier origins,3
Denmark,DNK,2019,2022,Fluoroquinolones,11.471900089206066,10.709436524100475,5892.0,11.255877101259673,11.471900089206066,-0.5464405771591974,-0.7624635651055911,3,Frozen specification,8.420596647038971,14.091157555480374,Pooled earlier origins,5.988470312521139,16.523283889998204,Pooled earlier origins,3
Denmark,DNK,2019,2022,Third-generation cephalosporins,7.542722451384797,6.627863312054075,5326.0,6.849273863493593,7.542722451384797,-0.2214105514395186,-0.914859139330722,3,Frozen specification,4.013993409272892,9.684554317714294,Pooled earlier origins,1.5818670747550598,12.116680652232127,Pooled earlier origins,3
Spain,ESP,2019,2022,Aminoglycosides,13.559730250481696,12.47998291875734,9367.0,12.957280543851711,13.559730250481696,-0.477297625094371,-1.0797473317243558,3,Frozen specification,10.12200008963101,15.792560998072412,Pooled earlier origins,7.689873755113178,18.224687332590243,Pooled earlier origins,3
Spain,ESP,2019,2022,Aminopenicillins,61.20546545779594,57.2280701754386,8550.0,57.73193410625165,61.20546545779594,-0.503863930813047,-3.9773952823573353,3,Frozen specification,54.89665365203095,60.56721456047235,Pooled earlier origins,52.46452731751312,62.99934089499018,Pooled earlier origins,3
Spain,ESP,2019,2022,Carbapenems,1.9410496046010064,0.5655042412818096,9549.0,0.3892975555461509,1.9410496046010064,0.1762066857356587,-1.3755453633191967,3,Frozen specification,0.0,3.224578009766852,Pooled earlier origins,0.0,5.656704344284685,Pooled earlier origins,3
Spain,ESP,2019,2022,Fluoroquinolones,29.52880859375,28.609654286631702,9343.0,27.35890311974708,29.52880859375,1.2507511668846265,-0.9191543071182976,3,Frozen specification,24.52362266552638,30.19418357396778,Pooled earlier origins,22.091496331008546,32.62630990848561,Pooled earlier origins,3
Spain,ESP,2019,2022,Third-generation cephalosporins,14.116237267825046,14.877412623891496,9585.0,13.904127043676349,14.116237267825046,0.9732855802151494,0.7611753560664507,3,Frozen specification,11.068846589455648,16.739407497897048,Pooled earlier origins,8.636720254937815,19.17153383241488,Pooled earlier origins,3
Estonia,EST,2019,2022,Aminoglycosides,5.2921719955898565,5.594405594405594,1001.0,5.6521067616946405,5.2921719955898565,-0.0577011672890463,0.3022335988157376,3,Frozen specification,2.8168263074739395,8.48738721591534,Pooled earlier origins,0.38469997295610714,10.919513550433173,Pooled earlier origins,3
Estonia,EST,2019,2022,Aminopenicillins,42.08416833667334,43.43065693430657,274.0,43.17005436913531,42.08416833667334,0.2606025651712613,1.3464885976332257,3,Frozen specification,40.33477391491461,46.00533482335601,Pooled earlier origins,37.902647580396774,48.43746115787384,Pooled earlier origins,3
Estonia,EST,2019,2022,Carbapenems,0.0,0.117096018735363,854.0,0.0044218981196808,0.0,0.1126741206156821,0.117096018735363,3,Frozen specification,0.0,2.8397023523403817,Pooled earlier origins,0.0,5.271828686858214,Pooled earlier origins,3
Estonia,EST,2019,2022,Fluoroquinolones,17.05685618729097,16.31205673758865,987.0,15.480673112468052,17.05685618729097,0.8313836251205995,-0.7447994497023167,3,Frozen specification,12.645392658247351,18.315953566688755,Pooled earlier origins,10.213266323729519,20.748079901206587,Pooled earlier origins,3
Estonia,EST,2019,2022,Third-generation cephalosporins,11.538461538461538,11.764705882352942,1003.0,10.016080391128613,11.538461538461538,1.7486254912243293,0.2262443438914037,3,Frozen specification,7.180799936907912,12.851360845349314,Pooled earlier origins,4.748673602390079,15.283487179867146,Pooled earlier origins,3
Finland,FIN,2019,2022,Aminoglycosides,4.787749563868966,4.442408976414014,4367.0,4.862376075574226,4.787749563868966,-0.4199670991602122,-0.3453405874549524,3,Frozen specification,2.027095621353525,7.697656529794927,Pooled earlier origins,0.0,10.129782864312759,Pooled earlier origins,3
Finland,FIN,2019,2022,Aminopenicillins,35.5,32.50478011472276,2615.0,33.23415636621704,35.5,-0.7293762514942799,-2.995219885277237,3,Frozen specification,30.398875911996342,36.069436820437744,Pooled earlier origins,27.96674957747851,38.501563154955576,Pooled earlier origins,3
Finland,FIN,2019,2022,Carbapenems,0.018758206715438,0.0,4575.0,0.0244245242398801,0.018758206715438,-0.0244245242398801,-0.018758206715438,3,Frozen specification,0.0,2.8597049784605812,Pooled earlier origins,0.0,5.291831312978413,Pooled earlier origins,3
Finland,FIN,2019,2022,Fluoroquinolones,11.44177449168207,9.908136482939632,4572.0,10.840710936152586,11.44177449168207,-0.932574453212954,-1.5336380087424375,3,Frozen specification,8.005430481931885,13.675991390373287,Pooled earlier origins,5.573304147414053,16.10811772489112,Pooled earlier origins,3
Finland,FIN,2019,2022,Third-generation cephalosporins,7.8514686864954735,6.107705779334501,4568.0,7.116070593130153,7.8514686864954735,-1.0083648137956516,-1.7437629071609724,3,Frozen specification,4.280790138909452,9.951351047350855,Pooled earlier origins,1.8486638043916193,12.383477381868687,Pooled earlier origins,3
France,FRA,2019,2022,Aminoglycosides,7.012868346912359,6.150943396226415,15900.0,6.758893479284947,7.012868346912359,-0.6079500830585323,-0.8619249506859443,3,Frozen specification,3.9236130250642463,9.594173933505648,Pooled earlier origins,1.491486690546414,12.02630026802348,Pooled earlier origins,3
France,FRA,2019,2022,Aminopenicillins,54.468878121505774,52.81833517538247,17191.0,53.30637451579462,54.468878121505774,-0.4880393404121506,-1.650542946123302,3,Frozen specification,50.47109406157392,56.141654970015324,Pooled earlier origins,48.03896772705609,58.573781304533156,Pooled earlier origins,3
France,FRA,2019,2022,Carbapenems,0.0474833808167141,0.1059509094119724,16989.0,0.0369351895115604,0.0474833808167141,0.0690157199004119,0.0584675285952583,3,Frozen specification,0.0,2.8722156437322615,Pooled earlier origins,0.0,5.304341978250094,Pooled earlier origins,3
France,FRA,2019,2022,Fluoroquinolones,15.97051597051597,14.705714448821146,17517.0,15.097985311238514,15.97051597051597,-0.3922708624173676,-1.2648015216948243,3,Frozen specification,12.262704857017813,17.933265765459215,Pooled earlier origins,9.83057852249998,20.365392099977047,Pooled earlier origins,3
France,FRA,2019,2022,Third-generation cephalosporins,8.848605883708426,8.441485159688522,17722.0,8.925266383545688,8.848605883708426,-0.4837812238571661,-0.4071207240199044,3,Frozen specification,6.089985929324987,11.76054683776639,Pooled earlier origins,3.657859594807155,14.192673172284222,Pooled earlier origins,3
Greece,GRC,2019,2022,Aminoglycosides,12.935323383084578,19.047619047619047,1239.0,15.136835452891113,12.935323383084578,3.910783594727935,6.11229566453447,3,Frozen specification,12.301554998670412,17.972115907111814,Pooled earlier origins,9.86942866415258,20.404242241629646,Pooled earlier origins,3
Greece,GRC,2019,2022,Aminopenicillins,57.142857142857146,57.053941908713696,964.0,57.66648094100784,57.142857142857146,-0.6125390322941442,-0.0889152341434496,3,Frozen specification,54.83120048678714,60.50176139522854,Pooled earlier origins,52.39907415226931,62.933887729746374,Pooled earlier origins,3
Greece,GRC,2019,2022,Carbapenems,0.9852216748768472,1.532258064516129,1240.0,0.996475199575475,0.9852216748768472,0.535782864940654,0.5470363896392818,3,Frozen specification,0.0,3.831755653796176,Pooled earlier origins,0.0,6.263881988314008,Pooled earlier origins,3
Greece,GRC,2019,2022,Fluoroquinolones,29.55665024630542,37.77239709443099,1239.0,30.50812125146665,29.55665024630542,7.264275842964338,8.215746848125573,3,Frozen specification,27.67284079724595,33.343401705687356,Pooled earlier origins,25.240714462728118,35.77552804020519,Pooled earlier origins,3
Greece,GRC,2019,2022,Third-generation cephalosporins,18.94736842105263,23.31983805668016,1235.0,20.378794147500848,18.94736842105263,2.9410439091793137,4.372469635627532,3,Frozen specification,17.543513693280147,23.21407460172155,Pooled earlier origins,15.111387358762315,25.64620093623938,Pooled earlier origins,3
Croatia,HRV,2019,2022,Aminoglycosides,14.838129496402878,16.04060913705584,985.0,13.366290802067414,14.838129496402878,2.674318334988424,1.2024796406529603,3,Frozen specification,10.531010347846713,16.201571256288116,Pooled earlier origins,8.098884013328881,18.633697590805948,Pooled earlier origins,3
Croatia,HRV,2019,2022,Aminopenicillins,57.12996389891697,55.759429153924565,981.0,56.69611772734673,57.12996389891697,-0.9366885734221668,-1.3705347449924048,3,Frozen specification,53.86083727312603,59.53139818156743,Pooled earlier origins,51.4287109386082,61.963524516085265,Pooled earlier origins,3
Croatia,HRV,2019,2022,Carbapenems,0.1834862385321101,0.1020408163265306,980.0,0.0630655764470579,0.1834862385321101,0.0389752398794726,-0.0814454222055795,3,Frozen specification,0.0,2.898346030667759,Pooled earlier origins,0.0,5.330472365185591,Pooled earlier origins,3
Croatia,HRV,2019,2022,Fluoroquinolones,27.25631768953069,30.25641025641025,975.0,27.1546217692579,27.25631768953069,3.101788487152348,3.000092566879559,3,Frozen specification,24.3193413150372,29.9899022234786,Pooled earlier origins,21.887214980519367,32.422028557996434,Pooled earlier origins,3
Croatia,HRV,2019,2022,Third-generation cephalosporins,15.944700460829493,17.426545086119553,987.0,17.50780543566234,15.944700460829493,-0.0812603495427879,1.4818446252900603,3,Frozen specification,14.67252498144164,20.343085889883042,Pooled earlier origins,12.240398646923808,22.775212224400875,Pooled earlier origins,3
Hungary,HUN,2019,2022,Aminoglycosides,15.719618415595187,16.321749316673174,2561.0,15.586179359568296,15.719618415595187,0.735569957104877,0.6021309010779863,3,Frozen specification,12.750898905347595,18.421459813789,Pooled earlier origins,10.318772570829763,20.85358614830683,Pooled earlier origins,3
Hungary,HUN,2019,2022,Aminopenicillins,59.289039356749896,58.41541755888651,2335.0,58.80476442272564,59.289039356749896,-0.3893468638391297,-0.873621797863386,3,Frozen specification,55.96948396850494,61.64004487694634,Pooled earlier origins,53.53735763398711,64.07217121146417,Pooled earlier origins,3
Hungary,HUN,2019,2022,Carbapenems,0.0,0.1988071570576541,2515.0,0.0103423444597831,0.0,0.1884648125978709,0.1988071570576541,3,Frozen specification,0.0,2.845622798680484,Pooled earlier origins,0.0,5.277749133198316,Pooled earlier origins,3
Hungary,HUN,2019,2022,Fluoroquinolones,30.316930775646373,29.27696562623469,2531.0,29.16963845073163,30.316930775646373,0.1073271755030624,-1.0399651494116815,3,Frozen specification,26.334357996510928,32.00491890495233,Pooled earlier origins,23.902231661993095,34.437045239470166,Pooled earlier origins,3
Hungary,HUN,2019,2022,Third-generation cephalosporins,20.596767509324494,22.57309941520468,2565.0,20.11253782835962,20.596767509324494,2.46056158684506,1.976331905880187,3,Frozen specification,17.27725737413892,22.94781828258032,Pooled earlier origins,14.845131039621087,25.379944617098154,Pooled earlier origins,3
Ireland,IRL,2019,2022,Aminoglycosides,11.757425742574258,8.655126498002662,3004.0,10.889081522047556,11.757425742574258,-2.233955024044892,-3.102299244571596,3,Frozen specification,8.053801067826855,13.724361976268257,Pooled earlier origins,5.621674733309023,16.156488310786088,Pooled earlier origins,3
Ireland,IRL,2019,2022,Aminopenicillins,67.54139331458919,61.77156177156177,3003.0,65.31615942473964,67.54139331458919,-3.544597653177867,-5.769831543027415,3,Frozen specification,62.48087897051894,68.15143987896033,Pooled earlier origins,60.048752636001105,70.58356621347818,Pooled earlier origins,3
Ireland,IRL,2019,2022,Carbapenems,0.0,0.0,2996.0,0.0220245321766925,0.0,-0.0220245321766925,0.0,3,Frozen specification,0.0,2.8573049863973936,Pooled earlier origins,0.0,5.2894313209152255,Pooled earlier origins,3
Ireland,IRL,2019,2022,Fluoroquinolones,20.35370772572137,15.6,3000.0,18.62337855830172,20.35370772572137,-3.023378558301713,-4.753707725721371,3,Frozen specification,15.788098104081019,21.45865901252242,Pooled earlier origins,13.355971769563187,23.890785347040254,Pooled earlier origins,3
Ireland,IRL,2019,2022,Third-generation cephalosporins,12.070566388115134,9.67741935483871,3007.0,11.37923979317037,12.070566388115134,-1.7018204383316604,-2.393147033276424,3,Frozen specification,8.54395933894967,14.214520247391071,Pooled earlier origins,6.111833004431837,16.646646581908904,Pooled earlier origins,3
Iceland,ISL,2019,2022,Aminoglycosides,4.6875,7.659574468085107,235.0,7.421183685767846,4.6875,0.2383907823172606,2.972074468085107,3,Frozen specification,4.585903231547145,10.256464139988548,Pooled earlier origins,2.1537768970293127,12.68859047450638,Pooled earlier origins,3
Iceland,ISL,2019,2022,Aminopenicillins,52.52918287937743,46.80851063829788,235.0,51.15276828212849,52.52918287937743,-4.344257643830609,-5.720672241079548,3,Frozen specification,48.31748782790779,53.98804873634919,Pooled earlier origins,45.88536149338996,56.420175070867025,Pooled earlier origins,3
Iceland,ISL,2019,2022,Carbapenems,0.0,0.0,235.0,0.0068243850744922,0.0,-0.0068243850744922,0.0,3,Frozen specification,0.0,2.8421048392951933,Pooled earlier origins,0.0,5.274231173813026,Pooled earlier origins,3
Iceland,ISL,2019,2022,Fluoroquinolones,13.095238095238097,10.212765957446807,235.0,13.782287994330984,13.095238095238097,-3.5695220368841767,-2.8824721377912894,3,Frozen specification,10.947007540110283,16.617568448551687,Pooled earlier origins,8.51488120559245,19.04969478306952,Pooled earlier origins,3
Iceland,ISL,2019,2022,Third-generation cephalosporins,7.003891050583658,9.787234042553193,235.0,9.927543861935373,7.003891050583658,-0.1403098193821801,2.783342991969535,3,Frozen specification,7.092263407714672,12.762824316156074,Pooled earlier origins,4.6601370731968395,15.194950650673906,Pooled earlier origins,3
Italy,ITA,2019,2022,Aminoglycosides,15.906865411815907,14.197579377554227,25448.0,14.262753951580292,15.906865411815907,-0.0651745740260647,-1.7092860342616802,3,Frozen specification,11.42747349735959,17.098034405800995,Pooled earlier origins,8.995347162841759,19.530160740318827,Pooled earlier origins,3
Italy,ITA,2019,2022,Aminopenicillins,68.11756787076509,61.55467720685112,7590.0,63.91121819051578,68.11756787076509,-2.356540983664665,-6.562890663913969,3,Frozen specification,61.07593773629508,66.74649864473648,Pooled earlier origins,58.64381140177725,69.17862497925432,Pooled earlier origins,3
Italy,ITA,2019,2022,Carbapenems,0.3804284209294159,0.2703602029781216,24042.0,0.4475649342057092,0.3804284209294159,-0.1772047312275876,-0.1100682179512943,3,Frozen specification,0.0,3.28284538842641,Pooled earlier origins,0.0,5.7149717229442425,Pooled earlier origins,3
Italy,ITA,2019,2022,Fluoroquinolones,40.63093880653744,31.627172195892577,25320.0,35.79624036111704,40.63093880653744,-4.169068165224466,-9.003766610644867,3,Frozen specification,32.96095990689634,38.631520815337744,Pooled earlier origins,30.52883357237851,41.063647149855576,Pooled earlier origins,3
Italy,ITA,2019,2022,Third-generation cephalosporins,30.865337606605465,24.24384159650764,25656.0,26.87027847964504,30.865337606605465,-2.626436883137401,-6.621496010097825,3,Frozen specification,24.03499802542434,29.705558933865742,Pooled earlier origins,21.602871690906507,32.13768526838358,Pooled earlier origins,3
Lithuania,LTU,2019,2022,Aminoglycosides,7.617360496014172,8.333333333333334,1308.0,8.814009955542812,7.617360496014172,-0.4806766222094776,0.7159728373191623,3,Frozen specification,5.9787295013221105,11.649290409763513,Pooled earlier origins,3.546603166804278,14.081416744281345,Pooled earlier origins,3
Lithuania,LTU,2019,2022,Aminopenicillins,59.07883082373783,58.86415963161934,1303.0,57.64100015624639,59.07883082373783,1.2231594753729524,-0.2146711921184945,3,Frozen specification,54.80571970202569,60.47628061046709,Pooled earlier origins,52.37359336750786,62.908406944984925,Pooled earlier origins,3
Lithuania,LTU,2019,2022,Carbapenems,0.17825311942959,0.2291825821237585,1309.0,0.1330411537947102,0.17825311942959,0.0961414283290482,0.0509294626941685,3,Frozen specification,0.0,2.9683216080154113,Pooled earlier origins,0.0,5.400447942533243,Pooled earlier origins,3
Lithuania,LTU,2019,2022,Fluoroquinolones,17.980513728963686,19.02552204176334,1293.0,18.205640936976387,17.980513728963686,0.8198811047869548,1.0450083127996557,3,Frozen specification,15.370360482755686,21.040921391197088,Pooled earlier origins,12.938234148237854,23.47304772571492,Pooled earlier origins,3
Lithuania,LTU,2019,2022,Third-generation cephalosporins,13.869257950530036,15.431627196333078,1309.0,15.828729630306915,13.869257950530036,-0.3971024339738385,1.5623692458030425,3,Frozen specification,12.993449176086214,18.664010084527618,Pooled earlier origins,10.561322841568382,21.09613641904545,Pooled earlier origins,3
Luxembourg,LUX,2019,2022,Aminoglycosides,10.16260162601626,7.249466950959488,469.0,9.661007967113404,10.16260162601626,-2.411541016153916,-2.913134675056772,3,Frozen specification,6.825727512892703,12.496288421334105,Pooled earlier origins,4.393601178374871,14.928414755851938,Pooled earlier origins,3
Luxembourg,LUX,2019,2022,Aminopenicillins,57.52032520325204,49.68017057569296,469.0,55.35550048085742,57.52032520325204,-5.67532990516446,-7.84015462755908,3,Frozen specification,52.52022002663672,58.19078093507812,Pooled earlier origins,50.08809369211889,60.622907269595956,Pooled earlier origins,3
Luxembourg,LUX,2019,2022,Carbapenems,0.6097560975609756,0.0,469.0,0.1926653575666803,0.6097560975609756,-0.1926653575666803,-0.6097560975609756,3,Frozen specification,0.0,3.027945811787381,Pooled earlier origins,0.0,5.4600721463052135,Pooled earlier origins,3
Luxembourg,LUX,2019,2022,Fluoroquinolones,20.528455284552845,16.844349680170577,469.0,20.049162964246467,20.528455284552845,-3.2048132840758896,-3.684105604382268,3,Frozen specification,17.213882510025766,22.884443418467168,Pooled earlier origins,14.781756175507933,25.316569752985,Pooled earlier origins,3
Luxembourg,LUX,2019,2022,Third-generation cephalosporins,12.601626016260164,10.447761194029852,469.0,11.964352067103285,12.601626016260164,-1.516590873073433,-2.1538648222303127,3,Frozen specification,9.129071612882584,14.799632521323986,Pooled earlier origins,6.696945278364751,17.231758855841818,Pooled earlier origins,3
Latvia,LVA,2019,2022,Aminoglycosides,11.590909090909092,11.801242236024844,483.0,11.076634281715714,11.590909090909092,0.7246079543091302,0.2103331451157526,3,Frozen specification,8.241353827495013,13.911914735936415,Pooled earlier origins,5.809227492977181,16.344041070454246,Pooled earlier origins,3
Latvia,LVA,2019,2022,Aminopenicillins,57.76255707762557,51.851851851851855,432.0,56.39777445002403,57.76255707762557,-4.545922598172176,-5.910705225773718,3,Frozen specification,53.56249399580333,59.23305490424473,Pooled earlier origins,51.1303676612855,61.665181238762564,Pooled earlier origins,3
Latvia,LVA,2019,2022,Carbapenems,0.0,0.0,481.0,0.0061194604830847,0.0,-0.0061194604830847,0.0,3,Frozen specification,0.0,2.8413999147037856,Pooled earlier origins,0.0,5.273526249221618,Pooled earlier origins,3
Latvia,LVA,2019,2022,Fluoroquinolones,24.8868778280543,21.82952182952183,481.0,21.51027049089901,24.8868778280543,0.3192513386228164,-3.0573559985324685,3,Frozen specification,18.67499003667831,24.34555094511971,Pooled earlier origins,16.242863702160477,26.777677279637544,Pooled earlier origins,3
Latvia,LVA,2019,2022,Third-generation cephalosporins,19.68325791855204,20.041322314049587,484.0,19.23526563084814,19.68325791855204,0.8060566832014473,0.3580643954975464,3,Frozen specification,16.39998517662744,22.07054608506884,Pooled earlier origins,13.967858842109607,24.502672419586673,Pooled earlier origins,3
Malta,MLT,2019,2022,Aminoglycosides,9.939759036144578,11.96319018404908,326.0,11.435598634598126,9.939759036144578,0.5275915494509551,2.023431147904504,3,Frozen specification,8.600318180377425,14.270879088818827,Pooled earlier origins,6.168191845859592,16.70300542333666,Pooled earlier origins,3
Malta,MLT,2019,2022,Aminopenicillins,64.75903614457832,62.88343558282209,326.0,61.69197783607989,64.75903614457832,1.191457746742195,-1.8756005617562288,3,Frozen specification,58.85669738185919,64.5272582903006,Pooled earlier origins,56.42457104734136,66.95938462481843,Pooled earlier origins,3
Malta,MLT,2019,2022,Carbapenems,0.0,0.0,326.0,0.0072930043976679,0.0,-0.0072930043976679,0.0,3,Frozen specification,0.0,2.842573458618369,Pooled earlier origins,0.0,5.274699793136201,Pooled earlier origins,3
Malta,MLT,2019,2022,Fluoroquinolones,40.06024096385542,26.380368098159508,326.0,35.20175081786601,40.06024096385542,-8.821382719706499,-13.679872865695913,3,Frozen specification,32.366470363645305,38.03703127208671,Pooled earlier origins,29.934344029127473,40.46915760660454,Pooled earlier origins,3
Malta,MLT,2019,2022,Third-generation cephalosporins,17.46987951807229,11.349693251533742,326.0,15.393475612387158,17.46987951807229,-4.043782360853417,-6.120186266538548,3,Frozen specification,12.558195158166457,18.228756066607858,Pooled earlier origins,10.126068823648625,20.66088240112569,Pooled earlier origins,3
Netherlands,NLD,2019,2022,Aminoglycosides,6.985344473359814,6.166851441241685,7216.0,6.404482313582353,6.985344473359814,-0.2376308723406675,-0.8184930321181287,3,Frozen specification,3.5692018593616517,9.239762767803054,Pooled earlier origins,1.1370755248438194,11.671889102320886,Pooled earlier origins,3
Netherlands,NLD,2019,2022,Aminopenicillins,45.391042322969454,40.92926490984743,7210.0,43.24907959321126,45.391042322969454,-2.3198146833638305,-4.461777413122022,3,Frozen specification,40.41379913899056,46.084360047431964,Pooled earlier origins,37.98167280447273,48.5164863819498,Pooled earlier origins,3
Netherlands,NLD,2019,2022,Carbapenems,0.0,0.0416088765603328,7210.0,0.0318604784205625,0.0,0.0097483981397702,0.0416088765603328,3,Frozen specification,0.0,2.867140932641264,Pooled earlier origins,0.0,5.299267267159096,Pooled earlier origins,3
Netherlands,NLD,2019,2022,Fluoroquinolones,14.565634420389149,13.142936364896714,7213.0,13.62497215402651,14.565634420389149,-0.4820357891297959,-1.4226980554924342,3,Frozen specification,10.78969169980581,16.46025260824721,Pooled earlier origins,8.357565365287977,18.892378942765042,Pooled earlier origins,3
Netherlands,NLD,2019,2022,Third-generation cephalosporins,7.52054794520548,7.747747747747748,7215.0,6.868981986026723,7.52054794520548,0.8787657617210245,0.2271998025422679,3,Frozen specification,4.033701531806022,9.704262440247424,Pooled earlier origins,1.6015751972881898,12.136388774765257,Pooled earlier origins,3
Norway,NOR,2019,2022,Aminoglycosides,5.596465390279823,5.403288958496476,3831.0,5.703235411125131,5.596465390279823,-0.2999464526286548,-0.1931764317833471,3,Frozen specification,2.8679549569044296,8.538515865345833,Pooled earlier origins,0.43582862238659725,10.970642199863665,Pooled earlier origins,3
Norway,NOR,2019,2022,Aminopenicillins,40.96267190569745,37.78431897243778,3737.0,39.26010080177005,40.96267190569745,-1.4757818293322629,-3.178352933259667,3,Frozen specification,36.42482034754935,42.09538125599075,Pooled earlier origins,33.99269401303152,44.527507590508584,Pooled earlier origins,3
Norway,NOR,2019,2022,Carbapenems,0.0495049504950495,0.0267522739432851,3738.0,0.0395610346092775,0.0495049504950495,-0.0128087606659924,-0.0227526765517644,3,Frozen specification,0.0,2.8748414888299787,Pooled earlier origins,0.0,5.306967823347811,Pooled earlier origins,3
Norway,NOR,2019,2022,Fluoroquinolones,11.258603736479843,10.520665593129362,3726.0,11.504955253032106,11.258603736479843,-0.9842896599027444,-0.7379381433504815,3,Frozen specification,8.669674798811405,14.340235707252807,Pooled earlier origins,6.237548464293573,16.77236204177064,Pooled earlier origins,3
Norway,NOR,2019,2022,Third-generation cephalosporins,6.184049079754601,5.830435945439957,3739.0,6.0381529257159965,6.184049079754601,-0.2077169802760394,-0.353613134314644,3,Frozen specification,3.2028724714952954,8.873433379936698,Pooled earlier origins,0.7707461369774631,11.30555971445453,Pooled earlier origins,3
Poland,POL,2019,2022,Aminoglycosides,12.62433052792655,12.325783972125436,2296.0,13.01311732601008,12.62433052792655,-0.6873333538846431,-0.2985465558011135,3,Frozen specification,10.17783687178938,15.848397780230782,Pooled earlier origins,7.745710537271547,18.280524114748616,Pooled earlier origins,3
Poland,POL,2019,2022,Aminopenicillins,61.60287081339713,57.17619603267211,857.0,59.9737588421567,61.60287081339713,-2.797562809484589,-4.426674780725023,3,Frozen specification,57.138478387936,62.8090392963774,Pooled earlier origins,54.706352053418165,65.24116563089524,Pooled earlier origins,3
Poland,POL,2019,2022,Carbapenems,0.0,0.0815993472052223,2451.0,0.0723707986235662,0.0,0.009228548581656,0.0815993472052223,3,Frozen specification,0.0,2.9076512528442673,Pooled earlier origins,0.0,5.339777587362099,Pooled earlier origins,3
Poland,POL,2019,2022,Fluoroquinolones,33.01852524518707,30.81103678929766,2392.0,32.12387361560493,33.01852524518707,-1.3128368263072687,-2.2074884558894112,3,Frozen specification,29.288593161384227,34.95915406982563,Pooled earlier origins,26.856466826866395,37.39128040434346,Pooled earlier origins,3
Poland,POL,2019,2022,Third-generation cephalosporins,17.12450945415626,18.688265507704465,2531.0,18.52434034318148,17.12450945415626,0.1639251645229862,1.5637560535482038,3,Frozen specification,15.689059888960777,21.35962079740218,Pooled earlier origins,13.256933554442945,23.791747131920012,Pooled earlier origins,3
Portugal,PRT,2019,2022,Aminoglycosides,12.056627255756068,11.706349206349206,5544.0,11.150618645904547,12.056627255756068,0.5557305604446583,-0.350278049406862,3,Frozen specification,8.315338191683846,13.985899100125248,Pooled earlier origins,5.883211857166014,16.41802543464308,Pooled earlier origins,3
Portugal,PRT,2019,2022,Aminopenicillins,58.53699646047531,52.187386073642,5486.0,56.02950232209782,58.53699646047531,-3.8421162484558167,-6.349610386833305,3,Frozen specification,53.19422186787712,58.86478277631852,Pooled earlier origins,50.762095533359286,61.29690911083635,Pooled earlier origins,3
Portugal,PRT,2019,2022,Carbapenems,0.0627746390458254,0.3170458784035807,5362.0,0.36146646631821,0.0627746390458254,-0.0444205879146293,0.2542712393577553,3,Frozen specification,0.0,3.196746920538911,Pooled earlier origins,0.0,5.628873255056743,Pooled earlier origins,3
Portugal,PRT,2019,2022,Fluoroquinolones,26.46555745607215,21.44665461121157,5530.0,22.038251100140656,26.46555745607215,-0.5915964889290848,-5.01890284486058,3,Frozen specification,19.202970645919955,24.873531554361357,Pooled earlier origins,16.770844311402122,27.30565788887919,Pooled earlier origins,3
Portugal,PRT,2019,2022,Third-generation cephalosporins,16.103286384976524,14.096996018820125,5526.0,14.704725248174922,16.103286384976524,-0.6077292293547973,-2.0062903661564,3,Frozen specification,11.869444793954221,17.540005702395625,Pooled earlier origins,9.437318459436389,19.972132036913457,Pooled earlier origins,3
Romania,ROU,2019,2022,Aminoglycosides,11.616161616161616,11.960132890365449,602.0,11.998216744619624,11.616161616161616,-0.0380838542541752,0.3439712742038328,3,Frozen specification,9.162936290398923,14.833497198840325,Pooled earlier origins,6.7308099558810905,17.26562353335816,Pooled earlier origins,3
Romania,ROU,2019,2022,Aminopenicillins,63.01115241635688,62.361623616236166,542.0,64.34924083340009,63.01115241635688,-1.9876172171639224,-0.6495288001207129,3,Frozen specification,61.51396037917939,67.18452128762078,Pooled earlier origins,59.081834044661555,69.61664762213863,Pooled earlier origins,3
Romania,ROU,2019,2022,Carbapenems,0.6006006006006006,0.5738880918220947,697.0,0.5563228101518389,0.6006006006006006,0.0175652816702557,-0.0267125087785059,3,Frozen specification,0.0,3.39160326437254,Pooled earlier origins,0.0,5.823729598890372,Pooled earlier origins,3
Romania,ROU,2019,2022,Fluoroquinolones,28.287461773700304,23.768115942028984,690.0,26.14671146637345,28.287461773700304,-2.3785955243444654,-4.51934583167132,3,Frozen specification,23.31143101215275,28.98199192059415,Pooled earlier origins,20.879304677634916,31.414118255111983,Pooled earlier origins,3
Romania,ROU,2019,2022,Third-generation cephalosporins,20.33132530120482,17.82608695652174,690.0,19.294315826934657,20.33132530120482,-1.4682288704129185,-2.5052383446830824,3,Frozen specification,16.459035372713956,22.129596281155358,Pooled earlier origins,14.026909038196123,24.56172261567319,Pooled earlier origins,3
Slovakia,SVK,2019,2022,Aminoglycosides,16.646989374262102,13.79310344827586,783.0,16.18728198903002,16.646989374262102,-2.39417854075416,-2.8538859259862424,3,Frozen specification,13.352001534809318,19.02256244325072,Pooled earlier origins,10.919875200291486,21.454688777768553,Pooled earlier origins,3
Slovakia,SVK,2019,2022,Aminopenicillins,57.83274440518257,54.23728813559322,767.0,57.87751108023248,57.83274440518257,-3.6402229446392624,-3.5954562695893486,3,Frozen specification,55.04223062601178,60.71279153445318,Pooled earlier origins,52.61010429149395,63.144917868971014,Pooled earlier origins,3
Slovakia,SVK,2019,2022,Carbapenems,0.1273885350318471,0.0,738.0,0.0835006067515698,0.1273885350318471,-0.0835006067515698,-0.1273885350318471,3,Frozen specification,0.0,2.918781060972271,Pooled earlier origins,0.0,5.350907395490103,Pooled earlier origins,3
Slovakia,SVK,2019,2022,Fluoroquinolones,34.0,32.35294117647059,782.0,32.51248437417383,34.0,-0.1595431977032433,-1.647058823529413,3,Frozen specification,29.67720391995313,35.34776482839453,Pooled earlier origins,27.245077585435297,37.779891162912364,Pooled earlier origins,3
Slovakia,SVK,2019,2022,Third-generation cephalosporins,23.04964539007092,23.697916666666668,768.0,22.431066751584567,23.04964539007092,1.266849915082101,0.6482712765957466,3,Frozen specification,19.595786297363865,25.266347205805268,Pooled earlier origins,17.163659962846033,27.6984735403231,Pooled earlier origins,3
Slovenia,SVN,2019,2022,Aminoglycosides,7.826086956521739,7.951807228915663,1660.0,8.42711489901408,7.826086956521739,-0.4753076700984175,0.1257202723939237,3,Frozen specification,5.591834444793379,11.262395353234782,Pooled earlier origins,3.159708110275547,13.694521687752614,Pooled earlier origins,3
Slovenia,SVN,2019,2022,Aminopenicillins,51.67701863354037,49.00542495479204,1659.0,52.06657731218839,51.67701863354037,-3.0611523573963453,-2.67159367874833,3,Frozen specification,49.23129685796769,54.901857766409094,Pooled earlier origins,46.79917052344986,57.333984100926926,Pooled earlier origins,3
Slovenia,SVN,2019,2022,Carbapenems,0.0,0.0,1660.0,0.005431351520884,0.0,-0.005431351520884,0.0,3,Frozen specification,0.0,2.840711805741585,Pooled earlier origins,0.0,5.2728381402594175,Pooled earlier origins,3
Slovenia,SVN,2019,2022,Fluoroquinolones,19.006211180124225,16.566265060240966,1660.0,18.849953790361003,19.006211180124225,-2.283688730120037,-2.43994611988326,3,Frozen specification,16.0146733361403,21.685234244581704,Pooled earlier origins,13.58254700162247,24.117360579099536,Pooled earlier origins,3
Slovenia,SVN,2019,2022,Third-generation cephalosporins,9.813664596273291,9.337349397590362,1660.0,9.621980684784564,9.813664596273291,-0.2846312871942018,-0.4763151986829292,3,Frozen specification,6.786700230563863,12.457261139005265,Pooled earlier origins,4.3545738960460305,14.889387473523097,Pooled earlier origins,3
Sweden,SWE,2019,2022,Aminoglycosides,6.014877789585547,5.659304199450185,10549.0,6.282469739848339,6.014877789585547,-0.623165540398154,-0.3555735901353625,3,Frozen specification,3.447189285627638,9.117750194069039,Pooled earlier origins,1.0150629511098055,11.549876528586871,Pooled earlier origins,3
Sweden,SWE,2019,2022,Carbapenems,0.0212472113035164,0.0378859632506156,10558.0,0.0455104664971711,0.0212472113035164,-0.0076245032465555,0.0166387519470991,3,Frozen specification,0.0,2.8807909207178723,Pooled earlier origins,0.0,5.312917255235704,Pooled earlier origins,3
Sweden,SWE,2019,2022,Fluoroquinolones,15.852103697407564,13.820983544183392,10513.0,15.089709740495158,15.852103697407564,-1.268726196311766,-2.0311201532241725,3,Frozen specification,12.254429286274457,17.92499019471586,Pooled earlier origins,9.822302951756624,20.357116529233693,Pooled earlier origins,3
Sweden,SWE,2019,2022,Third-generation cephalosporins,7.824609831192271,7.507336930796176,10563.0,7.617023746610036,7.824609831192271,-0.1096868158138599,-0.3172729003960954,3,Frozen specification,4.781743292389335,10.452304200830737,Pooled earlier origins,2.3496169578715023,12.884430535348569,Pooled earlier origins,3
Austria,AUT,2020,2023,Aminoglycosides,6.246407357731366,5.3560042507970245,4705.0,6.001687253419528,6.246407357731366,-0.6456830026225031,-0.8904031069343414,3,Frozen specification,3.7677322293746354,8.23564227746442,Antibiotic-specific earlier origins,1.3419206407874835,10.661453866051572,Antibiotic-specific earlier origins,3
Austria,AUT,2020,2023,Aminopenicillins,45.998332638599415,46.42784032753327,4885.0,44.721749986339184,45.998332638599415,1.7060903411940842,0.4295076889338531,3,Frozen specification,40.377492342508575,49.06600763016979,Antibiotic-specific earlier origins,39.04642008117472,50.397079891503644,Antibiotic-specific earlier origins,3
Austria,AUT,2020,2023,Carbapenems,0.0972573429293911,0.1308166697813493,5351.0,0.0566969209254852,0.0972573429293911,0.074119748855864,0.0335593268519581,3,Frozen specification,0.0,0.2339016521530728,Antibiotic-specific earlier origins,0.0,0.755312478463257,Antibiotic-specific earlier origins,3
Austria,AUT,2020,2023,Fluoroquinolones,17.345989205285687,15.030504714364948,5409.0,15.541596354428515,17.345989205285687,-0.511091640063567,-2.3154844909207384,3,Frozen specification,11.972074317544338,19.111118391312694,Antibiotic-specific earlier origins,6.7202136347220165,24.362979074135012,Antibiotic-specific earlier origins,3
Austria,AUT,2020,2023,Third-generation cephalosporins,9.468005952380953,9.852485885995264,5491.0,8.735489608376223,9.468005952380953,1.116996277619041,0.3844799336143119,3,Frozen specification,6.274928021531164,11.196051195221283,Antibiotic-specific earlier origins,2.735929453769259,14.735049762983188,Antibiotic-specific earlier origins,3
Belgium,BEL,2020,2023,Aminoglycosides,7.467532467532467,7.576132706115375,4039.0,6.504436649776979,7.467532467532467,1.0716960563383964,0.1086002385829081,3,Frozen specification,4.270481625732087,8.738391673821871,Antibiotic-specific earlier origins,1.844670037144935,11.164203262409023,Antibiotic-specific earlier origins,3
Belgium,BEL,2020,2023,Aminopenicillins,56.49787977051634,55.658347676419965,4648.0,55.800619770918,56.49787977051634,-0.1422720944980398,-0.8395320940963771,3,Frozen specification,51.45636212708739,60.144877414748606,Antibiotic-specific earlier origins,50.12528986575354,61.47594967608246,Antibiotic-specific earlier origins,3
Belgium,BEL,2020,2023,Carbapenems,0.0242365487154629,0.0806776926179911,4958.0,0.0519441165910519,0.0242365487154629,0.0287335760269391,0.0564411439025282,3,Frozen specification,0.0,0.22914884781863948,Antibiotic-specific earlier origins,0.0,0.7505596741288237,Antibiotic-specific earlier origins,3
Belgium,BEL,2020,2023,Fluoroquinolones,18.078703703703702,18.236836796449467,4957.0,16.28327054819006,18.078703703703702,1.9535662482594065,0.1581330927457642,3,Frozen specification,12.713748511305884,19.852792585074237,Antibiotic-specific earlier origins,7.461887828483562,25.10465326789656,Antibiotic-specific earlier origins,3
Belgium,BEL,2020,2023,Third-generation cephalosporins,9.88425925925926,10.088781275221953,4956.0,9.28205293025584,9.88425925925926,0.806728344966114,0.2045220159626932,3,Frozen specification,6.821491343410781,11.7426145171009,Antibiotic-specific earlier origins,3.282492775648876,15.281613084862805,Antibiotic-specific earlier origins,3
Bulgaria,BGR,2020,2023,Aminoglycosides,34.24657534246575,28.431372549019606,306.0,26.38765425020693,34.24657534246575,2.0437182988126743,-5.815202793446147,3,Frozen specification,24.153699226162036,28.62160927425182,Antibiotic-specific earlier origins,21.727887637574884,31.047420862838973,Antibiotic-specific earlier origins,3
Bulgaria,BGR,2020,2023,Aminopenicillins,66.66666666666667,66.99346405228758,306.0,63.85918834194399,66.66666666666667,3.134275710343587,0.3267973856209067,3,Frozen specification,59.51493069811338,68.20344598577461,Antibiotic-specific earlier origins,58.18385843677953,69.53451824710845,Antibiotic-specific earlier origins,3
Bulgaria,BGR,2020,2023,Carbapenems,0.7662835249042146,0.326797385620915,306.0,0.3377009310505577,0.7662835249042146,-0.0109035454296427,-0.4394861392832996,3,Frozen specification,0.16049619982297011,0.5149056622781453,Antibiotic-specific earlier origins,0.0,1.0363164885883296,Antibiotic-specific earlier origins,3
Bulgaria,BGR,2020,2023,Fluoroquinolones,42.911877394636015,39.869281045751634,306.0,38.4274420575309,42.911877394636015,1.4418389882207308,-3.042596348884381,3,Frozen specification,34.857920020646716,41.99696409441508,Antibiotic-specific earlier origins,29.606059337824398,47.248824777237395,Antibiotic-specific earlier origins,3
Bulgaria,BGR,2020,2023,Third-generation cephalosporins,41.37931034482759,37.25490196078432,306.0,39.23136115598177,41.37931034482759,-1.9764591951974493,-4.124408384043264,3,Frozen specification,36.77079956913671,41.69192274282683,Antibiotic-specific earlier origins,33.231801001374805,45.23092131058874,Antibiotic-specific earlier origins,3
Cyprus,CYP,2020,2023,Aminoglycosides,21.05263157894737,18.484848484848484,330.0,15.506922798291978,21.05263157894737,2.9779256865565067,-2.567783094098885,3,Frozen specification,13.272967774247086,17.74087782233687,Antibiotic-specific earlier origins,10.847156185659934,20.166689410924022,Antibiotic-specific earlier origins,3
Cyprus,CYP,2020,2023,Aminopenicillins,67.54385964912281,68.90243902439025,328.0,65.72449791922199,67.54385964912281,3.1779411051682587,1.358579375267439,3,Frozen specification,61.38024027539138,70.0687555630526,Antibiotic-specific earlier origins,60.04916801405753,71.39982782438645,Antibiotic-specific earlier origins,3
Cyprus,CYP,2020,2023,Carbapenems,0.0,0.9063444108761328,331.0,0.972232906814167,0.0,-0.0658884959380341,0.9063444108761328,3,Frozen specification,0.7950281755865793,1.1494376380417546,Antibiotic-specific earlier origins,0.27361734927639514,1.6708484643519388,Antibiotic-specific earlier origins,3
Cyprus,CYP,2020,2023,Fluoroquinolones,48.24561403508772,42.90030211480362,331.0,46.11405404858819,48.24561403508772,-3.2137519337845646,-5.345311920284097,3,Frozen specification,42.54453201170401,49.68357608547237,Antibiotic-specific earlier origins,37.29267132888169,54.935436768294686,Antibiotic-specific earlier origins,3
Cyprus,CYP,2020,2023,Third-generation cephalosporins,29.82456140350877,34.74320241691843,331.0,25.056424616229044,29.82456140350877,9.686777800689384,4.918641013409658,3,Frozen specification,22.595863029383985,27.516986203074104,Antibiotic-specific earlier origins,19.05686446162208,31.05598477083601,Antibiotic-specific earlier origins,3
Czechia,CZE,2020,2023,Aminoglycosides,10.170056685561851,9.763617677286742,3892.0,10.032315816200324,10.170056685561851,-0.2686981389135816,-0.4064390082751092,3,Frozen specification,7.798360792155432,12.266270840245216,Antibiotic-specific earlier origins,5.37254920356828,14.692082428832368,Antibiotic-specific earlier origins,3
Czechia,CZE,2020,2023,Aminopenicillins,52.652652652652655,51.56731757451182,3892.0,52.41249226740013,52.652652652652655,-0.8451746928883139,-1.0853350781408366,3,Frozen specification,48.06823462356952,56.75674991123074,Antibiotic-specific earlier origins,46.73716236223567,58.08782217256459,Antibiotic-specific earlier origins,3
Czechia,CZE,2020,2023,Carbapenems,0.1333333333333333,0.0,1846.0,0.053123741076933,0.1333333333333333,-0.053123741076933,-0.1333333333333333,3,Frozen specification,0.0,0.23032847230452058,Antibiotic-specific earlier origins,0.0,0.7517392986147048,Antibiotic-specific earlier origins,3
Czechia,CZE,2020,2023,Fluoroquinolones,20.18685352018685,17.17665209565441,3889.0,18.815804053327287,20.18685352018685,-1.639151957672876,-3.01020142453244,3,Frozen specification,15.24628201644311,22.385326090211464,Antibiotic-specific earlier origins,9.994421333620789,27.637186773033786,Antibiotic-specific earlier origins,3
Czechia,CZE,2020,2023,Third-generation cephalosporins,13.279946613279948,15.878725590955806,3892.0,14.331919146952329,13.279946613279948,1.5468064440034777,2.598778977675858,3,Frozen specification,11.871357560107269,16.79248073379739,Antibiotic-specific earlier origins,8.332358992345364,20.33147930155929,Antibiotic-specific earlier origins,3
Germany,DEU,2020,2023,Aminoglycosides,7.50258074030379,5.346322917904241,33668.0,6.068671869522225,7.50258074030379,-0.7223489516179837,-2.156257822399549,3,Frozen specification,3.834716845477333,8.302626893567117,Antibiotic-specific earlier origins,1.408905256890181,10.728438482154269,Antibiotic-specific earlier origins,3
Germany,DEU,2020,2023,Aminopenicillins,47.58210224253374,46.33612513496951,34267.0,45.76693042458009,47.58210224253374,0.5691947103894179,-1.2459771075642363,3,Frozen specification,41.42267278074948,50.1111880684107,Antibiotic-specific earlier origins,40.09160051941563,51.44226032974455,Antibiotic-specific earlier origins,3
Germany,DEU,2020,2023,Carbapenems,0.0175697519151029,0.0449148022345114,35623.0,0.0366513360152372,0.0175697519151029,0.0082634662192741,0.0273450503194085,3,Frozen specification,0.0,0.2138560672428248,Antibiotic-specific earlier origins,0.0,0.735266893553009,Antibiotic-specific earlier origins,3
Germany,DEU,2020,2023,Fluoroquinolones,16.536595654925122,16.589278176445756,35535.0,15.50534319400936,16.536595654925122,1.0839349824363946,0.0526825215206336,3,Frozen specification,11.935821157125183,19.074865230893536,Antibiotic-specific earlier origins,6.683960474302861,24.32672591371586,Antibiotic-specific earlier origins,3
Germany,DEU,2020,2023,Third-generation cephalosporins,10.358033800639472,9.688649316376091,35619.0,10.205336151120257,10.358033800639472,-0.5166868347441635,-0.6693844842633805,3,Frozen specification,7.744774564275197,12.665897737965317,Antibiotic-specific earlier origins,4.205775996513292,16.20489630572722,Antibiotic-specific earlier origins,3
Denmark,DNK,2020,2023,Aminoglycosides,5.5366269165247015,4.48706970371639,5839.0,4.895823946093782,5.5366269165247015,-0.408754242377392,-1.0495572128083115,3,Frozen specification,2.66186892204889,7.129778970138674,Antibiotic-specific earlier origins,0.23605733346173796,9.555590558725825,Antibiotic-specific earlier origins,3
Denmark,DNK,2020,2023,Aminopenicillins,44.06548431105048,40.455250905328505,5799.0,42.84226238034814,44.06548431105048,-2.3870114750196336,-3.610233405721978,3,Frozen specification,38.49800473651753,47.18652002417875,Antibiotic-specific earlier origins,37.16693247518368,48.5175922855126,Antibiotic-specific earlier origins,3
Denmark,DNK,2020,2023,Carbapenems,0.1541095890410959,0.0368324125230202,5430.0,0.0589990968697462,0.1541095890410959,-0.022166684346726,-0.1172771765180757,3,Frozen specification,0.0,0.23620382809733378,Antibiotic-specific earlier origins,0.0,0.7576146544075181,Antibiotic-specific earlier origins,3
Denmark,DNK,2020,2023,Fluoroquinolones,11.226575809199318,10.466712422786548,5828.0,11.403612750086388,11.226575809199318,-0.9369003272998402,-0.7598633864127695,3,Frozen specification,7.834090713202212,14.973134786970565,Antibiotic-specific earlier origins,2.5822300303798897,20.224995469792887,Antibiotic-specific earlier origins,3
Denmark,DNK,2020,2023,Third-generation cephalosporins,6.696935300794552,6.316388467374811,5272.0,6.824767892887769,6.696935300794552,-0.5083794255129579,-0.380546833419741,3,Frozen specification,4.364206306042709,9.285329479732829,Antibiotic-specific earlier origins,0.8252077382808043,12.824328047494733,Antibiotic-specific earlier origins,3
Spain,ESP,2020,2023,Aminoglycosides,13.61604291735854,12.300967842647518,9609.0,12.70404450727367,13.61604291735854,-0.4030766646261519,-1.3150750747110216,3,Frozen specification,10.470089483228778,14.937999531318562,Antibiotic-specific earlier origins,8.044277894641626,17.363811119905712,Antibiotic-specific earlier origins,3
Spain,ESP,2020,2023,Aminopenicillins,57.62406431937899,57.42067553735927,8793.0,56.13331830419062,57.62406431937899,1.287357233168656,-0.2033887820197151,3,Frozen specification,51.78906066036001,60.477575948021226,Antibiotic-specific earlier origins,50.457988399026156,61.80864820935508,Antibiotic-specific earlier origins,3
Spain,ESP,2020,2023,Carbapenems,0.3695208970438328,0.0545077946146298,9173.0,0.4845519899498423,0.3695208970438328,-0.4300441953352125,-0.315013102429203,3,Frozen specification,0.30734725872225466,0.6617567211774299,Antibiotic-specific earlier origins,0.0,1.183167547487614,Antibiotic-specific earlier origins,3
Spain,ESP,2020,2023,Fluoroquinolones,28.606231568149763,27.555370697722783,9617.0,26.622045471251088,28.606231568149763,0.9333252264716948,-1.0508608704269804,3,Frozen specification,23.05252343436691,30.191567508135265,Antibiotic-specific earlier origins,17.80066275154459,35.44342819095759,Antibiotic-specific earlier origins,3
Spain,ESP,2020,2023,Third-generation cephalosporins,14.075413223140496,16.215341460783257,9269.0,14.323995944079725,14.075413223140496,1.891345516703533,2.1399282376427617,3,Frozen specification,11.863434357234665,16.784557530924786,Antibiotic-specific earlier origins,8.32443578947276,20.323556098686687,Antibiotic-specific earlier origins,3
Estonia,EST,2020,2023,Aminoglycosides,5.475206611570248,4.934823091247672,1074.0,5.585684914300591,5.475206611570248,-0.6508618230529191,-0.5403835203225755,3,Frozen specification,3.351729890255699,7.8196399383454835,Antibiotic-specific earlier origins,0.9259183016685473,10.245451526932635,Antibiotic-specific earlier origins,3
Estonia,EST,2020,2023,Aminopenicillins,45.7345971563981,38.07692307692308,520.0,42.68339325584511,45.7345971563981,-4.606470178922031,-7.657674079475022,3,Frozen specification,38.3391356120145,47.02765089967572,Antibiotic-specific earlier origins,37.00806335068065,48.35872316100957,Antibiotic-specific earlier origins,3
Estonia,EST,2020,2023,Carbapenems,0.0,0.0,894.0,0.0486608823747087,0.0,-0.0486608823747087,0.0,3,Frozen specification,0.0,0.2258656136022963,Antibiotic-specific earlier origins,0.0,0.7472764399124805,Antibiotic-specific earlier origins,3
Estonia,EST,2020,2023,Fluoroquinolones,14.077163712200209,13.282732447817835,1054.0,16.00367870196742,14.077163712200209,-2.720946254149585,-0.7944312643823732,3,Frozen specification,12.434156665083243,19.573200738851597,Antibiotic-specific earlier origins,7.182295982260921,24.82506142167392,Antibiotic-specific earlier origins,3
Estonia,EST,2020,2023,Third-generation cephalosporins,8.273748723186925,11.439114391143912,1084.0,10.00882448783922,8.273748723186925,1.4302899033046934,3.165365667956987,3,Frozen specification,7.54826290099416,12.46938607468428,Antibiotic-specific earlier origins,4.009264333232256,16.008384642446185,Antibiotic-specific earlier origins,3
Finland,FIN,2020,2023,Aminoglycosides,5.713753954959985,4.833765621315727,4241.0,4.975651316874186,5.713753954959985,-0.1418856955584582,-0.879988333644258,3,Frozen specification,2.7416962928292934,7.209606340919078,Antibiotic-specific earlier origins,0.31588470424214155,9.635417929506229,Antibiotic-specific earlier origins,3
Finland,FIN,2020,2023,Aminopenicillins,34.118852459016395,32.549019607843135,2550.0,32.808642256660704,34.118852459016395,-0.2596226488175688,-1.5698328511732598,3,Frozen specification,28.464384612830095,37.15289990049131,Antibiotic-specific earlier origins,27.133312351496244,38.483972161825164,Antibiotic-specific earlier origins,3
Finland,FIN,2020,2023,Carbapenems,0.0186046511627906,0.0234301780693533,4268.0,0.013175231389738,0.0186046511627906,0.0102549466796152,0.0048255269065627,3,Frozen specification,0.0,0.1903799626173256,Antibiotic-specific earlier origins,0.0,0.7117907889275098,Antibiotic-specific earlier origins,3
Finland,FIN,2020,2023,Fluoroquinolones,10.534180052297348,10.302745834311194,4261.0,10.395260248847062,10.534180052297348,-0.0925144145358682,-0.2314342179861537,3,Frozen specification,6.825738211962886,13.96478228573124,Antibiotic-specific earlier origins,1.5738775291405638,19.21664296855356,Antibiotic-specific earlier origins,3
Finland,FIN,2020,2023,Third-generation cephalosporins,7.173467486491522,7.0858751759737215,4262.0,6.821403749421944,7.173467486491522,0.2644714265517773,-0.0875923105178007,3,Frozen specification,4.360842162576884,9.281965336267003,Antibiotic-specific earlier origins,0.8218435948149798,12.820963904028908,Antibiotic-specific earlier origins,3
Greece,GRC,2020,2023,Aminoglycosides,18.683274021352315,20.62363238512035,1828.0,15.601473739729917,18.683274021352315,5.022158645390434,1.9403583637680344,3,Frozen specification,13.367518715685025,17.835428763774807,Antibiotic-specific earlier origins,10.941707127097873,20.26124035236196,Antibiotic-specific earlier origins,3
Greece,GRC,2020,2023,Aminopenicillins,55.53097345132744,57.82140595313489,1579.0,56.329644615483616,55.53097345132744,1.4917613376512762,2.290432501807452,3,Frozen specification,51.98538697165301,60.673902259314225,Antibiotic-specific earlier origins,50.654314710319156,62.00497452064808,Antibiotic-specific earlier origins,3
Greece,GRC,2020,2023,Carbapenems,0.5300353356890459,1.553294054633101,1867.0,0.9835035643532676,0.5300353356890459,0.5697904902798334,1.0232587189440552,3,Frozen specification,0.80629883312568,1.1607082955808552,Antibiotic-specific earlier origins,0.28488800681549575,1.6821191218910394,Antibiotic-specific earlier origins,3
Greece,GRC,2020,2023,Fluoroquinolones,32.743362831858406,37.77538957549704,1861.0,32.09702328464075,32.743362831858406,5.678366290856289,5.032026743638632,3,Frozen specification,28.52750124775657,35.66654532152492,Antibiotic-specific earlier origins,23.27564056493425,40.91840600434725,Antibiotic-specific earlier origins,3
Greece,GRC,2020,2023,Third-generation cephalosporins,21.8694885361552,22.82921219091432,1739.0,20.95389606456364,21.8694885361552,1.875316126350686,0.95972365475912,3,Frozen specification,18.49333447771858,23.4144576514087,Antibiotic-specific earlier origins,14.954335909956676,26.953456219170604,Antibiotic-specific earlier origins,3
Croatia,HRV,2020,2023,Aminoglycosides,14.855072463768115,17.755572636433513,1301.0,14.528342718319523,14.855072463768115,3.2272299181139896,2.9005001726653976,3,Frozen specification,12.294387694274631,16.762297742364417,Antibiotic-specific earlier origins,9.86857610568748,19.18810933095157,Antibiotic-specific earlier origins,3
Croatia,HRV,2020,2023,Aminopenicillins,57.67835550181378,57.19844357976654,1285.0,56.15689001155577,57.67835550181378,1.041553568210773,-0.4799119220472434,3,Frozen specification,51.81263236772516,60.501147655386376,Antibiotic-specific earlier origins,50.481560106391306,61.83221991672023,Antibiotic-specific earlier origins,3
Croatia,HRV,2020,2023,Carbapenems,0.0,0.1536098310291858,1302.0,0.1096071869749381,0.0,0.0440026440542476,0.1536098310291858,3,Frozen specification,0.0,0.2868119182025257,Antibiotic-specific earlier origins,0.0,0.8082227445127099,Antibiotic-specific earlier origins,3
Croatia,HRV,2020,2023,Fluoroquinolones,29.661016949152543,29.638183217859893,1299.0,27.966455783776663,29.661016949152543,1.6717274340832304,-0.0228337312926498,3,Frozen specification,24.396933746892486,31.53597782066084,Antibiotic-specific earlier origins,19.145073064070164,36.78783850348316,Antibiotic-specific earlier origins,3
Croatia,HRV,2020,2023,Third-generation cephalosporins,16.56590084643289,20.0,1310.0,17.634871719284398,16.56590084643289,2.365128280715602,3.434099153567111,3,Frozen specification,15.174310132439338,20.095433306129458,Antibiotic-specific earlier origins,11.635311564677433,23.634431873891362,Antibiotic-specific earlier origins,3
Hungary,HUN,2020,2023,Aminoglycosides,16.68372569089048,14.778503994190269,2754.0,15.995473747730085,16.68372569089048,-1.216969753539816,-1.905221696700212,3,Frozen specification,13.761518723685192,18.229428771774977,Antibiotic-specific earlier origins,11.33570713509804,20.65524036036213,Antibiotic-specific earlier origins,3
Hungary,HUN,2020,2023,Aminopenicillins,58.5920177383592,57.364033346566096,2519.0,58.22561080542227,58.5920177383592,-0.8615774588561749,-1.2279843917931077,3,Frozen specification,53.88135316159166,62.56986844925288,Antibiotic-specific earlier origins,52.55028090025781,63.90094071058673,Antibiotic-specific earlier origins,3
Hungary,HUN,2020,2023,Carbapenems,0.0,0.2232142857142857,2688.0,0.0771069045169541,0.0,0.1461073811973315,0.2232142857142857,3,Frozen specification,0.0,0.2543116357445417,Antibiotic-specific earlier origins,0.0,0.775722462054726,Antibiotic-specific earlier origins,3
Hungary,HUN,2020,2023,Fluoroquinolones,30.337078651685392,25.98828696925329,2732.0,29.0035777105148,30.337078651685392,-3.0152907412615093,-4.3487916824321005,3,Frozen specification,25.434055673630624,32.57309974739898,Antibiotic-specific earlier origins,20.182194990808302,37.824960430221296,Antibiotic-specific earlier origins,3
Hungary,HUN,2020,2023,Third-generation cephalosporins,20.13251783893985,21.335268505079824,2756.0,20.39855972358463,20.13251783893985,0.9367087814951952,1.2027506661399734,3,Frozen specification,17.93799813673957,22.85912131042969,Antibiotic-specific earlier origins,14.398999568977665,26.398119878191594,Antibiotic-specific earlier origins,3
Ireland,IRL,2020,2023,Aminoglycosides,10.635310635310637,8.743169398907105,3111.0,10.26579963579577,10.635310635310637,-1.5226302368886646,-1.892141236403532,3,Frozen specification,8.031844611750877,12.499754659840661,Antibiotic-specific earlier origins,5.606033023163725,14.925566248427813,Antibiotic-specific earlier origins,3
Ireland,IRL,2020,2023,Aminopenicillins,65.01231960577262,62.985553772070624,3115.0,64.46401376596958,65.01231960577262,-1.4784599938989589,-2.026765833701994,3,Frozen specification,60.11975612213897,68.8082714098002,Antibiotic-specific earlier origins,58.78868386080512,70.13934367113404,Antibiotic-specific earlier origins,3
Ireland,IRL,2020,2023,Carbapenems,0.0709219858156028,0.0651678071032909,3069.0,0.0185547868095181,0.0709219858156028,0.0466130202937727,-0.0057541787123119,3,Frozen specification,0.0,0.1957595180371057,Antibiotic-specific earlier origins,0.0,0.7171703443472899,Antibiotic-specific earlier origins,3
Ireland,IRL,2020,2023,Fluoroquinolones,18.88185654008439,15.96995427824951,3062.0,16.86889943647634,18.88185654008439,-0.8989451582268302,-2.9119022618348787,3,Frozen specification,13.299377399592164,20.438421473360517,Antibiotic-specific earlier origins,8.047516716769842,25.69028215618284,Antibiotic-specific earlier origins,3
Ireland,IRL,2020,2023,Third-generation cephalosporins,11.824561403508772,10.423348300192432,3118.0,10.805856599314218,11.824561403508772,-0.3825082991217865,-1.4012131033163406,3,Frozen specification,8.345295012469158,13.266418186159278,Antibiotic-specific earlier origins,4.806296444707254,16.805416753921183,Antibiotic-specific earlier origins,3
Iceland,ISL,2020,2023,Aminoglycosides,7.755102040816326,5.426356589147287,258.0,7.521240743000596,7.755102040816326,-2.094884153853309,-2.32874545166904,3,Frozen specification,5.287285718955704,9.755195767045489,Antibiotic-specific earlier origins,2.861474130368552,12.18100735563264,Antibiotic-specific earlier origins,3
Iceland,ISL,2020,2023,Aminopenicillins,55.10204081632653,52.713178294573645,258.0,52.16077503812696,55.10204081632653,0.5524032564466879,-2.388862521752884,3,Frozen specification,47.81651739429635,56.505032681957566,Antibiotic-specific earlier origins,46.4854451329625,57.83610494329142,Antibiotic-specific earlier origins,3
Iceland,ISL,2020,2023,Carbapenems,0.0,0.0,258.0,0.0016579699243461,0.0,-0.0016579699243461,0.0,3,Frozen specification,0.0,0.1788627011519337,Antibiotic-specific earlier origins,0.0,0.7002735274621179,Antibiotic-specific earlier origins,3
Iceland,ISL,2020,2023,Fluoroquinolones,11.83673469387755,12.790697674418604,258.0,12.501134426976948,11.83673469387755,0.2895632474416558,0.9539629805410534,3,Frozen specification,8.931612390092772,16.070656463861127,Antibiotic-specific earlier origins,3.6797517072704498,21.322517146683445,Antibiotic-specific earlier origins,3
Iceland,ISL,2020,2023,Third-generation cephalosporins,11.020408163265309,12.015503875968992,258.0,10.37040721457815,11.020408163265309,1.645096661390843,0.9950957127036836,3,Frozen specification,7.909845627733089,12.830968801423209,Antibiotic-specific earlier origins,4.370847059971185,16.36996736918511,Antibiotic-specific earlier origins,3
Italy,ITA,2020,2023,Aminoglycosides,14.943870178948538,16.01035182206057,28594.0,13.715766849688716,14.943870178948538,2.2945849723718545,1.0664816431120323,3,Frozen specification,11.481811825643824,15.949721873733608,Antibiotic-specific earlier origins,9.056000237056672,18.37553346232076,Antibiotic-specific earlier origins,3
Italy,ITA,2020,2023,Aminopenicillins,64.546748932131,63.22198637023797,8951.0,62.20397661451522,64.546748932131,1.0180097557227512,-1.3247625618930243,3,Frozen specification,57.85971897068461,66.54823425834583,Antibiotic-specific earlier origins,56.52864670935076,67.87930651967969,Antibiotic-specific earlier origins,3
Italy,ITA,2020,2023,Carbapenems,0.472195989111716,0.4308004199399051,27623.0,0.3526625448503274,0.472195989111716,0.0781378750895776,-0.0413955691718109,3,Frozen specification,0.1754578136227398,0.529867276077915,Antibiotic-specific earlier origins,0.0,1.0512781023880993,Antibiotic-specific earlier origins,3
Italy,ITA,2020,2023,Fluoroquinolones,37.59023354564756,34.14425034830136,27993.0,32.88146053854145,37.59023354564756,1.2627898097599155,-3.4459831973461945,3,Frozen specification,29.31193850165727,36.45098257542563,Antibiotic-specific earlier origins,24.060077818834948,41.702843258247945,Antibiotic-specific earlier origins,3
Italy,ITA,2020,2023,Third-generation cephalosporins,26.410666666666668,26.676471618167174,28557.0,25.54389998827836,26.410666666666668,1.132571629888815,0.2658049515005061,3,Frozen specification,23.0833384014333,28.00446157512342,Antibiotic-specific earlier origins,19.544339833671394,31.543460142885323,Antibiotic-specific earlier origins,3
Lithuania,LTU,2020,2023,Aminoglycosides,10.254163014899213,11.337406653088934,1473.0,9.032779828657963,10.254163014899213,2.3046268244309704,1.083243638189721,3,Frozen specification,6.798824804613071,11.266734852702855,Antibiotic-specific earlier origins,4.373013216025919,13.692546441290007,Antibiotic-specific earlier origins,3
Lithuania,LTU,2020,2023,Aminopenicillins,56.94200351493849,61.34055517941774,1477.0,56.75155444593142,56.94200351493849,4.589000733486323,4.39855166447925,3,Frozen specification,52.40729680210081,61.09581208976203,Antibiotic-specific earlier origins,51.07622454076696,62.42688435109588,Antibiotic-specific earlier origins,3
Lithuania,LTU,2020,2023,Carbapenems,0.0,0.06765899864682,1478.0,0.2055301937879617,0.0,-0.1378711951411417,0.06765899864682,3,Frozen specification,0.028325462560374104,0.3827349250155493,Antibiotic-specific earlier origins,0.0,0.9041457513257335,Antibiotic-specific earlier origins,3
Lithuania,LTU,2020,2023,Fluoroquinolones,18.75,20.54982817869416,1455.0,17.730966226347995,18.75,2.8188619523461647,1.7998281786941597,3,Frozen specification,14.161444189463818,21.30048826323217,Antibiotic-specific earlier origins,8.909583506641496,26.552348946054494,Antibiotic-specific earlier origins,3
Lithuania,LTU,2020,2023,Third-generation cephalosporins,15.936952714535902,16.95945945945946,1480.0,15.365835414117482,15.936952714535902,1.5936240453419774,1.0225067449235574,3,Frozen specification,12.905273827272422,17.826397000962544,Antibiotic-specific earlier origins,9.366275259510518,21.365395568724445,Antibiotic-specific earlier origins,3
Luxembourg,LUX,2020,2023,Aminoglycosides,8.878504672897197,9.97830802603037,461.0,8.984536407612618,8.878504672897197,0.9937716184177514,1.099803353133172,3,Frozen specification,6.7505813835677255,11.21849143165751,Antibiotic-specific earlier origins,4.324769794980574,13.644303020244662,Antibiotic-specific earlier origins,3
Luxembourg,LUX,2020,2023,Aminopenicillins,52.459016393442624,51.62689804772234,461.0,53.13799412083188,52.459016393442624,-1.5110960731095346,-0.8321183457202821,3,Frozen specification,48.79373647700127,57.482251764662486,Antibiotic-specific earlier origins,47.46266421566742,58.81332402599634,Antibiotic-specific earlier origins,3
Luxembourg,LUX,2020,2023,Carbapenems,0.0,0.2169197396963123,461.0,0.1603211171393853,0.0,0.0565986225569269,0.2169197396963123,3,Frozen specification,0.0,0.33752584836697286,Antibiotic-specific earlier origins,0.0,0.8589366746771572,Antibiotic-specific earlier origins,3
Luxembourg,LUX,2020,2023,Fluoroquinolones,21.72897196261682,15.61822125813449,461.0,18.24890358117377,21.72897196261682,-2.630682323039281,-6.110750704482332,3,Frozen specification,14.679381544289594,21.818425618057947,Antibiotic-specific earlier origins,9.427520861467272,27.07028630088027,Antibiotic-specific earlier origins,3
Luxembourg,LUX,2020,2023,Third-generation cephalosporins,11.448598130841122,11.713665943600867,461.0,10.642263799415968,11.448598130841122,1.0714021441848995,0.2650678127597459,3,Frozen specification,8.181702212570908,13.102825386261028,Antibiotic-specific earlier origins,4.6427036448090035,16.641823954022932,Antibiotic-specific earlier origins,3
Latvia,LVA,2020,2023,Aminoglycosides,11.405835543766578,14.879649890590809,457.0,11.235105135282978,11.405835543766578,3.6445447553078303,3.47381434682423,3,Frozen specification,9.001150111238086,13.46906015932787,Antibiotic-specific earlier origins,6.575338522650934,15.894871747915023,Antibiotic-specific earlier origins,3
Latvia,LVA,2020,2023,Aminopenicillins,54.27807486631016,50.0,208.0,54.206462387724976,54.27807486631016,-4.206462387724976,-4.278074866310163,3,Frozen specification,49.86220474389437,58.550720031555585,Antibiotic-specific earlier origins,48.531132482560515,59.881792292889436,Antibiotic-specific earlier origins,3
Latvia,LVA,2020,2023,Carbapenems,0.0,0.0,455.0,0.0033783449510879,0.0,-0.0033783449510879,0.0,3,Frozen specification,0.0,0.1805830761786755,Antibiotic-specific earlier origins,0.0,0.7019939024888597,Antibiotic-specific earlier origins,3
Latvia,LVA,2020,2023,Fluoroquinolones,27.51322751322752,28.35164835164835,455.0,22.819250119918944,27.51322751322752,5.532398231729406,0.8384208384208307,3,Frozen specification,19.249728083034768,26.38877215680312,Antibiotic-specific earlier origins,13.997867400212446,31.640632839625443,Antibiotic-specific earlier origins,3
Latvia,LVA,2020,2023,Third-generation cephalosporins,24.07407407407408,25.379609544468547,461.0,20.104476306308875,24.07407407407408,5.275133238159672,1.3055354703944673,3,Frozen specification,17.643914719463815,22.565037893153935,Antibiotic-specific earlier origins,14.10491615170191,26.10403646091584,Antibiotic-specific earlier origins,3
Malta,MLT,2020,2023,Aminoglycosides,12.63537906137184,10.336538461538462,416.0,11.534631346383888,12.63537906137184,-1.1980928848454262,-2.298840599833378,3,Frozen specification,9.300676322338996,13.76858637042878,Antibiotic-specific earlier origins,6.874864733751844,16.19439795901593,Antibiotic-specific earlier origins,3
Malta,MLT,2020,2023,Aminopenicillins,58.48375451263538,62.5,416.0,60.95361254983886,58.48375451263538,1.5463874501611414,4.016245487364621,3,Frozen specification,56.60935490600825,65.29787019366947,Antibiotic-specific earlier origins,55.2782826446744,66.62894245500331,Antibiotic-specific earlier origins,3
Malta,MLT,2020,2023,Carbapenems,0.0,0.0,416.0,0.0016025268379645,0.0,-0.0016025268379645,0.0,3,Frozen specification,0.0,0.1788072580655521,Antibiotic-specific earlier origins,0.0,0.7002180843757363,Antibiotic-specific earlier origins,3
Malta,MLT,2020,2023,Fluoroquinolones,35.37906137184115,27.884615384615383,416.0,31.99373883106834,35.37906137184115,-4.109123446452959,-7.49444598722577,3,Frozen specification,28.424216794184165,35.56326086795252,Antibiotic-specific earlier origins,23.172356111361843,40.81512155077484,Antibiotic-specific earlier origins,3
Malta,MLT,2020,2023,Third-generation cephalosporins,12.274368231046932,11.298076923076923,416.0,14.179908318188884,12.274368231046932,-2.881831395111961,-0.9762913079700084,3,Frozen specification,11.719346731343824,16.640469905033946,Antibiotic-specific earlier origins,8.18034816358192,20.179468472795847,Antibiotic-specific earlier origins,3
Netherlands,NLD,2020,2023,Aminoglycosides,6.417611741160774,5.190664456064278,7841.0,6.139999352942132,6.417611741160774,-0.949334896877854,-1.2269472850964958,3,Frozen specification,3.9060443288972397,8.373954376987024,Antibiotic-specific earlier origins,1.480232740310088,10.799765965574176,Antibiotic-specific earlier origins,3
Netherlands,NLD,2020,2023,Aminopenicillins,42.67413931144916,40.98800102118969,7834.0,42.1354606137941,42.67413931144916,-1.147459592604413,-1.6861382902594713,3,Frozen specification,37.79120296996349,46.47971825762471,Antibiotic-specific earlier origins,36.46013070862964,47.81079051895856,Antibiotic-specific earlier origins,3
Netherlands,NLD,2020,2023,Carbapenems,0.0400694537197809,0.0899742930591259,7780.0,0.0345805238260703,0.0400694537197809,0.0553937692330555,0.0499048393393449,3,Frozen specification,0.0,0.2117852550536579,Antibiotic-specific earlier origins,0.0,0.7331960813638421,Antibiotic-specific earlier origins,3
Netherlands,NLD,2020,2023,Fluoroquinolones,13.337783711615486,12.946428571428571,7840.0,13.563187028996325,13.337783711615486,-0.6167584575677516,-0.3913551401869153,3,Frozen specification,9.993664992112148,17.1327090658805,Antibiotic-specific earlier origins,4.741804309289826,22.384569748702823,Antibiotic-specific earlier origins,3
Netherlands,NLD,2020,2023,Third-generation cephalosporins,6.645316253002402,7.971938775510204,7840.0,7.130596571637792,6.645316253002402,0.8413422038724123,1.326622522507802,3,Frozen specification,4.670034984792732,9.591158158482852,Antibiotic-specific earlier origins,1.1310364170308276,13.130156726244756,Antibiotic-specific earlier origins,3
Norway,NOR,2020,2023,Aminoglycosides,5.660377358490566,5.523474767762993,3983.0,5.397999507225081,5.660377358490566,0.1254752605379119,-0.1369025907275727,3,Frozen specification,3.164044483180189,7.631954531269973,Antibiotic-specific earlier origins,0.738232894593037,10.057766119857124,Antibiotic-specific earlier origins,3
Norway,NOR,2020,2023,Aminopenicillins,39.78179882916445,36.85664072307306,3983.0,37.81049404575733,39.78179882916445,-0.9538533226842674,-2.925158106091388,3,Frozen specification,33.46623640192672,42.15475168958794,Antibiotic-specific earlier origins,32.13516414059287,43.48582395092179,Antibiotic-specific earlier origins,3
Norway,NOR,2020,2023,Carbapenems,0.0274273176083379,0.0502008032128514,3984.0,0.0305254794464266,0.0274273176083379,0.0196753237664247,0.0227734856045134,3,Frozen specification,0.0,0.2077302106740142,Antibiotic-specific earlier origins,0.0,0.7291410369841984,Antibiotic-specific earlier origins,3
Norway,NOR,2020,2023,Fluoroquinolones,9.959839357429718,10.123394610929235,3971.0,11.175230548298346,9.959839357429718,-1.0518359373691109,0.163555253499517,3,Frozen specification,7.60570851141417,14.744752585182523,Antibiotic-specific earlier origins,2.3538478285918476,19.996613268004843,Antibiotic-specific earlier origins,3
Norway,NOR,2020,2023,Third-generation cephalosporins,5.7947900053163215,5.622489959839357,3984.0,5.980953710696649,5.7947900053163215,-0.3584637508572914,-0.1723000454769643,3,Frozen specification,3.5203921238515887,8.44151529754171,Antibiotic-specific earlier origins,0.0,11.980513865303614,Antibiotic-specific earlier origins,3
Poland,POL,2020,2023,Aminoglycosides,14.510575504181013,14.136690647482014,2780.0,13.31129861699498,14.510575504181013,0.8253920304870359,-0.3738848566989983,3,Frozen specification,11.077343592950088,15.545253641039873,Antibiotic-specific earlier origins,8.651532004362936,17.971065229627023,Antibiotic-specific earlier origins,3
Poland,POL,2020,2023,Aminopenicillins,56.17529880478088,65.5857740585774,956.0,59.10609769526108,56.17529880478088,6.479676363316322,9.41047525379652,3,Frozen specification,54.76184005143047,63.450355339091686,Antibiotic-specific earlier origins,53.43076779009662,64.78142760042553,Antibiotic-specific earlier origins,3
Poland,POL,2020,2023,Carbapenems,0.048076923076923,0.2022926500337154,2966.0,0.0849108847743227,0.048076923076923,0.1173817652593927,0.1542157269567924,3,Frozen specification,0.0,0.2621156160019103,Antibiotic-specific earlier origins,0.0,0.7835264423120946,Antibiotic-specific earlier origins,3
Poland,POL,2020,2023,Fluoroquinolones,32.99208934388088,32.203947368421055,3040.0,31.66308446641688,32.99208934388088,0.5408629020041786,-0.7881419754598227,3,Frozen specification,28.093562429532703,35.23260650330106,Antibiotic-specific earlier origins,22.84170174671038,40.48446718612338,Antibiotic-specific earlier origins,3
Poland,POL,2020,2023,Third-generation cephalosporins,17.449355432780848,19.563090968373004,3067.0,18.777076882736043,17.449355432780848,0.7860140856369604,2.113735535592156,3,Frozen specification,16.316515295890984,21.237638469581103,Antibiotic-specific earlier origins,12.77751672812908,24.776637037343008,Antibiotic-specific earlier origins,3
Portugal,PRT,2020,2023,Aminoglycosides,11.679336558396685,13.173091930700796,6407.0,10.87127505265979,11.679336558396685,2.3018168780410058,1.4937553723041113,3,Frozen specification,8.637320028614898,13.105230076704682,Antibiotic-specific earlier origins,6.211508440027746,15.531041665291834,Antibiotic-specific earlier origins,3
Portugal,PRT,2020,2023,Aminopenicillins,54.35117114036588,54.36434239405707,5923.0,53.64372473751384,54.35117114036588,0.7206176565432258,0.0131712536911905,3,Frozen specification,49.29946709368323,57.98798238134445,Antibiotic-specific earlier origins,47.96839483234938,59.3190546426783,Antibiotic-specific earlier origins,3
Portugal,PRT,2020,2023,Carbapenems,0.1542945311160637,0.5337214944201844,6183.0,0.2867173721520713,0.1542945311160637,0.247004122268113,0.3794269633041206,3,Frozen specification,0.10951264092448373,0.4639221033796589,Antibiotic-specific earlier origins,0.0,0.9853329296898432,Antibiotic-specific earlier origins,3
Portugal,PRT,2020,2023,Fluoroquinolones,23.934987168520102,24.33192686357244,6399.0,19.77587665179022,23.934987168520102,4.556050211782221,0.3969396950523389,3,Frozen specification,16.206354614906044,23.345398688674397,Antibiotic-specific earlier origins,10.954493932083722,28.59725937149672,Antibiotic-specific earlier origins,3
Portugal,PRT,2020,2023,Third-generation cephalosporins,14.44847229414811,17.195064813368734,6403.0,14.26287130282438,14.44847229414811,2.9321935105443533,2.7465925192206253,3,Frozen specification,11.80230971597932,16.72343288966944,Antibiotic-specific earlier origins,8.263311148217415,20.262431457431344,Antibiotic-specific earlier origins,3
Romania,ROU,2020,2023,Aminoglycosides,10.8991825613079,12.716763005780347,865.0,11.77298652805576,10.8991825613079,0.9437764777245884,1.817580444472448,3,Frozen specification,9.539031504010868,14.006941552100653,Antibiotic-specific earlier origins,7.113219915423716,16.432753140687804,Antibiotic-specific earlier origins,3
Romania,ROU,2020,2023,Aminopenicillins,62.65822784810127,61.71052631578947,760.0,63.41866113123567,62.65822784810127,-1.7081348154461935,-0.9477015323117968,3,Frozen specification,59.074403487405064,67.76291877506628,Antibiotic-specific earlier origins,57.74333122607121,69.09399103640013,Antibiotic-specific earlier origins,3
Romania,ROU,2020,2023,Carbapenems,0.6607929515418502,1.8274111675126905,985.0,0.4573433273377627,0.6607929515418502,1.3700678401749278,1.1666182159708405,3,Frozen specification,0.2801385961101751,0.6345480585653502,Antibiotic-specific earlier origins,0.0,1.1559588848755344,Antibiotic-specific earlier origins,3
Romania,ROU,2020,2023,Fluoroquinolones,26.0,25.40816326530612,980.0,24.821396249004,26.0,0.5867670163021259,-0.5918367346938815,3,Frozen specification,21.251874212119823,28.390918285888176,Antibiotic-specific earlier origins,16.0000135292975,33.6427789687105,Antibiotic-specific earlier origins,3
Romania,ROU,2020,2023,Third-generation cephalosporins,19.690265486725664,19.09090909090909,990.0,19.04154103104845,19.690265486725664,0.0493680598606403,-0.5993563958165744,3,Frozen specification,16.58097944420339,21.50210261789351,Antibiotic-specific earlier origins,13.041980876441485,25.041101185655414,Antibiotic-specific earlier origins,3
Slovakia,SVK,2020,2023,Aminoglycosides,18.467852257181946,13.81294964028777,695.0,15.60093416780545,18.467852257181946,-1.7879845275176809,-4.6549026168941765,3,Frozen specification,13.366979143760558,17.834889191850344,Antibiotic-specific earlier origins,10.941167555173406,20.260700780437496,Antibiotic-specific earlier origins,3
Slovakia,SVK,2020,2023,Aminopenicillins,57.142857142857146,58.47953216374269,684.0,55.43069018586451,57.142857142857146,3.048841977878176,1.3366750208855436,3,Frozen specification,51.086432542033904,59.77494782969512,Antibiotic-specific earlier origins,49.75536028070005,61.106020091028974,Antibiotic-specific earlier origins,3
Slovakia,SVK,2020,2023,Carbapenems,0.1418439716312056,0.1436781609195402,696.0,0.0485102942742268,0.1418439716312056,0.0951678666453133,0.0018341892883345,3,Frozen specification,0.0,0.22571502550181438,Antibiotic-specific earlier origins,0.0,0.7471258518119986,Antibiotic-specific earlier origins,3
Slovakia,SVK,2020,2023,Fluoroquinolones,34.15637860082305,31.16883116883117,693.0,31.93279451229051,34.15637860082305,-0.7639633434593414,-2.987547431991878,3,Frozen specification,28.363272475406333,35.50231654917469,Antibiotic-specific earlier origins,23.11141179258401,40.754177231997005,Antibiotic-specific earlier origins,3
Slovakia,SVK,2020,2023,Third-generation cephalosporins,27.097661623108667,21.55172413793104,696.0,22.718755973842374,27.097661623108667,-1.1670318359113343,-5.545937485177628,3,Frozen specification,20.258194386997314,25.179317560687434,Antibiotic-specific earlier origins,16.71919581923541,28.718316128449338,Antibiotic-specific earlier origins,3
Slovenia,SVN,2020,2023,Aminoglycosides,6.806930693069307,6.955460646735815,1639.0,8.583992142905936,6.806930693069307,-1.6285314961701216,0.1485299536665074,3,Frozen specification,6.350037118861044,10.817947166950828,Antibiotic-specific earlier origins,3.924225530273892,13.24375875553798,Antibiotic-specific earlier origins,3
Slovenia,SVN,2020,2023,Aminopenicillins,51.26777983920841,48.99328859060402,1639.0,50.38249970994326,51.26777983920841,-1.3892111193392438,-2.274491248604392,3,Frozen specification,46.03824206611265,54.72675735377387,Antibiotic-specific earlier origins,44.7071698047788,56.05782961510772,Antibiotic-specific earlier origins,3
Slovenia,SVN,2020,2023,Carbapenems,0.0,0.061012812690665,1639.0,0.0080218243293428,0.0,0.0529909883613221,0.061012812690665,3,Frozen specification,0.0,0.1852265555569304,Antibiotic-specific earlier origins,0.0,0.7066373818671147,Antibiotic-specific earlier origins,3
Slovenia,SVN,2020,2023,Fluoroquinolones,18.119975262832405,15.924344112263576,1639.0,16.99442093452028,18.119975262832405,-1.0700768222567056,-2.195631150568829,3,Frozen specification,13.424898897636105,20.563942971404458,Antibiotic-specific earlier origins,8.173038214813783,25.81580365422678,Antibiotic-specific earlier origins,3
Slovenia,SVN,2020,2023,Third-generation cephalosporins,10.575139146567718,8.663819402074436,1639.0,9.792075933636376,10.575139146567718,-1.1282565315619395,-1.911319744493282,3,Frozen specification,7.331514346791316,12.252637520481436,Antibiotic-specific earlier origins,3.7925157790294115,15.79163608824334,Antibiotic-specific earlier origins,3
Sweden,SWE,2020,2023,Aminoglycosides,5.884146341463414,6.160164271047228,10714.0,5.939321436410863,5.884146341463414,0.2208428346363655,0.2760179295838139,3,Frozen specification,3.7053664123659704,8.173276460455755,Antibiotic-specific earlier origins,1.2795548237788186,10.599088049042907,Antibiotic-specific earlier origins,3
Sweden,SWE,2020,2023,Carbapenems,0.0101564086938858,0.0373343289154377,10714.0,0.0411933124156401,0.0101564086938858,-0.0038589835002024,0.0271779202215518,3,Frozen specification,0.0,0.21839804364322768,Antibiotic-specific earlier origins,0.0,0.7398088699534119,Antibiotic-specific earlier origins,3
Sweden,SWE,2020,2023,Fluoroquinolones,14.084507042253522,14.746112047967022,10674.0,14.607295607285062,14.084507042253522,0.1388164406819605,0.6616050057135006,3,Frozen specification,11.037773570400885,18.17681764416924,Antibiotic-specific earlier origins,5.785912887578563,23.42867832699156,Antibiotic-specific earlier origins,3
Sweden,SWE,2020,2023,Third-generation cephalosporins,7.866423061307349,7.925407925407925,10725.0,7.299570912111053,7.866423061307349,0.6258370132968718,0.0589848641005765,3,Frozen specification,4.839009325265993,9.760132498956112,Antibiotic-specific earlier origins,1.3000107575040882,13.299131066718017,Antibiotic-specific earlier origins,3
Austria,AUT,2016,2021,Aminoglycosides,7.8125,5.7518796992481205,5320.0,7.049111799561876,7.8125,-1.2972321003137557,-2.0606203007518795,5,Frozen specification,,,Unavailable,,,Unavailable,5
Austria,AUT,2016,2021,Aminopenicillins,50.49077345897134,45.09885535900104,4805.0,47.18177912101009,50.49077345897134,-2.0829237620090453,-5.391918099970297,5,Frozen specification,,,Unavailable,,,Unavailable,5
Austria,AUT,2016,2021,Carbapenems,0.0194779898714452,0.0192086054552439,5206.0,0.0474340713299032,0.0194779898714452,-0.0282254658746593,-0.0002693844162012,5,Frozen specification,,,Unavailable,,,Unavailable,5
Austria,AUT,2016,2021,Fluoroquinolones,19.837059492231905,15.074923271348618,5539.0,17.674389765353688,19.837059492231905,-2.5994664940050694,-4.762136220883287,5,Frozen specification,,,Unavailable,,,Unavailable,5
Austria,AUT,2016,2021,Third-generation cephalosporins,10.005695842035314,8.289687556438505,5537.0,9.975764788152036,10.005695842035314,-1.686077231713531,-1.7160082855968088,5,Frozen specification,,,Unavailable,,,Unavailable,5
Belgium,BEL,2016,2021,Aminoglycosides,8.40240068591026,6.06983829388329,4267.0,8.118681883787257,8.40240068591026,-2.048843589903967,-2.3325623920269702,5,Frozen specification,,,Unavailable,,,Unavailable,5
Belgium,BEL,2016,2021,Aminopenicillins,58.00321199143469,55.20619731146047,4389.0,55.57250670427014,58.00321199143469,-0.3663093928096685,-2.797014679974218,5,Frozen specification,,,Unavailable,,,Unavailable,5
Belgium,BEL,2016,2021,Carbapenems,0.0520156046814044,0.0423549343498517,4722.0,0.0513774644642263,0.0520156046814044,-0.0090225301143746,-0.0096606703315526,5,Frozen specification,,,Unavailable,,,Unavailable,5
Belgium,BEL,2016,2021,Fluoroquinolones,24.545926310326934,18.534208854056345,4721.0,22.1424680855122,24.545926310326934,-3.608259231455854,-6.011717456270588,5,Frozen specification,,,Unavailable,,,Unavailable,5
Belgium,BEL,2016,2021,Third-generation cephalosporins,10.48969761841049,8.260961660665114,4721.0,10.658929248192123,10.48969761841049,-2.3979675875270114,-2.2287359577453767,5,Frozen specification,,,Unavailable,,,Unavailable,5
Bulgaria,BGR,2016,2021,Aminoglycosides,34.76190476190476,26.99619771863118,263.0,29.69839910071281,34.76190476190476,-2.702201382081629,-7.765707043273579,5,Frozen specification,,,Unavailable,,,Unavailable,5
Bulgaria,BGR,2016,2021,Aminopenicillins,77.95698924731182,61.21673003802282,263.0,63.91229483873384,77.95698924731182,-2.6955648007110184,-16.740259209289007,5,Frozen specification,,,Unavailable,,,Unavailable,5
Bulgaria,BGR,2016,2021,Carbapenems,0.8928571428571429,0.3802281368821292,263.0,0.6459536637120316,0.8928571428571429,-0.2657255268299023,-0.5126290059750137,5,Frozen specification,,,Unavailable,,,Unavailable,5
Bulgaria,BGR,2016,2021,Fluoroquinolones,42.19409282700422,33.460076045627375,263.0,39.75892840991868,42.19409282700422,-6.298852364291307,-8.734016781376845,5,Frozen specification,,,Unavailable,,,Unavailable,5
Bulgaria,BGR,2016,2021,Third-generation cephalosporins,41.596638655462186,37.26235741444867,263.0,39.72519239851727,41.596638655462186,-2.462834984068593,-4.334281241013514,5,Frozen specification,,,Unavailable,,,Unavailable,5
Cyprus,CYP,2016,2021,Aminoglycosides,16.107382550335572,19.791666666666668,192.0,15.887908126257544,16.107382550335572,3.903758540409124,3.684284116331096,5,Frozen specification,,,Unavailable,,,Unavailable,5
Cyprus,CYP,2016,2021,Aminopenicillins,69.12751677852349,70.15706806282722,191.0,67.72640705626256,69.12751677852349,2.4306610065646623,1.0295512843037358,5,Frozen specification,,,Unavailable,,,Unavailable,5
Cyprus,CYP,2016,2021,Carbapenems,0.0,1.0416666666666667,192.0,0.1032282427905451,0.0,0.9384384238761216,1.0416666666666667,5,Frozen specification,,,Unavailable,,,Unavailable,5
Cyprus,CYP,2016,2021,Fluoroquinolones,46.97986577181208,51.5625,192.0,44.77789271776544,46.97986577181208,6.78460728223456,4.582634228187921,5,Frozen specification,,,Unavailable,,,Unavailable,5
Cyprus,CYP,2016,2021,Third-generation cephalosporins,30.2013422818792,32.8125,192.0,28.302010448207213,30.2013422818792,4.510489551792787,2.611157718120801,5,Frozen specification,,,Unavailable,,,Unavailable,5
Czechia,CZE,2016,2021,Aminoglycosides,12.152891212022215,9.608177172061328,2935.0,11.526200384698583,12.152891212022215,-1.918023212637257,-2.544714039960887,5,Frozen specification,,,Unavailable,,,Unavailable,5
Czechia,CZE,2016,2021,Aminopenicillins,55.05728314238952,51.43149284253579,2934.0,54.45991935594024,55.05728314238952,-3.0284265134044475,-3.625790299853733,5,Frozen specification,,,Unavailable,,,Unavailable,5
Czechia,CZE,2016,2021,Carbapenems,0.0,0.0,1342.0,0.0537922221455138,0.0,-0.0537922221455138,0.0,5,Frozen specification,,,Unavailable,,,Unavailable,5
Czechia,CZE,2016,2021,Fluoroquinolones,27.63802678863117,19.700068166325835,2934.0,22.91757931558444,27.63802678863117,-3.2175111492585984,-7.937958622305334,5,Frozen specification,,,Unavailable,,,Unavailable,5
Czechia,CZE,2016,2021,Third-generation cephalosporins,15.060437765436133,14.417177914110429,2934.0,14.878101105441893,15.060437765436133,-0.4609231913314637,-0.6432598513257037,5,Frozen specification,,,Unavailable,,,Unavailable,5
Germany,DEU,2016,2021,Aminoglycosides,6.955295776302649,5.596240026232375,27447.0,7.379705696388928,6.955295776302649,-1.783465670156553,-1.359055750070274,5,Frozen specification,,,Unavailable,,,Unavailable,5
Germany,DEU,2016,2021,Aminopenicillins,48.96910446825844,45.61052631578947,28500.0,48.44368429901254,48.96910446825844,-2.833157983223068,-3.358578152468972,5,Frozen specification,,,Unavailable,,,Unavailable,5
Germany,DEU,2016,2021,Carbapenems,0.0058153058850895,0.0413579183181113,29015.0,0.035798509080965,0.0058153058850895,0.0055594092371462,0.0355426124330218,5,Frozen specification,,,Unavailable,,,Unavailable,5
Germany,DEU,2016,2021,Fluoroquinolones,19.44638287973948,14.660137255578164,28997.0,17.138068764037335,19.44638287973948,-2.4779315084591715,-4.786245624161317,5,Frozen specification,,,Unavailable,,,Unavailable,5
Germany,DEU,2016,2021,Third-generation cephalosporins,11.099476439790577,9.096860893835498,29021.0,11.515382213359684,11.099476439790577,-2.418521319524185,-2.002615545955079,5,Frozen specification,,,Unavailable,,,Unavailable,5
Denmark,DNK,2016,2021,Aminoglycosides,6.066859265373504,4.354329400033239,6017.0,5.80661606756422,6.066859265373504,-1.452286667530981,-1.7125298653402643,5,Frozen specification,,,Unavailable,,,Unavailable,5
Denmark,DNK,2016,2021,Aminopenicillins,44.95530012771392,41.50974837527079,6001.0,44.295322663759045,44.95530012771392,-2.785574288488256,-3.44555175244313,5,Frozen specification,,,Unavailable,,,Unavailable,5
Denmark,DNK,2016,2021,Carbapenems,0.0,0.1026518391787852,5845.0,0.0747410068363559,0.0,0.0279108323424293,0.1026518391787852,5,Frozen specification,,,Unavailable,,,Unavailable,5
Denmark,DNK,2016,2021,Fluoroquinolones,11.042055106691526,10.472074468085106,6016.0,11.141198591709443,11.042055106691526,-0.6691241236243393,-0.5699806386064203,5,Frozen specification,,,Unavailable,,,Unavailable,5
Denmark,DNK,2016,2021,Third-generation cephalosporins,6.567933032839665,6.166912850812408,5416.0,7.268605162744919,6.567933032839665,-1.1016923119325108,-0.4010201820272572,5,Frozen specification,,,Unavailable,,,Unavailable,5
Spain,ESP,2016,2021,Aminoglycosides,14.529411764705882,12.395929694727103,7567.0,13.665845839004485,14.529411764705882,-1.2699161442773814,-2.133482069978779,5,Frozen specification,,,Unavailable,,,Unavailable,5
Spain,ESP,2016,2021,Aminopenicillins,64.10596026490066,56.21201413427562,7075.0,58.32473789076066,64.10596026490066,-2.112723756485039,-7.893946130625039,5,Frozen specification,,,Unavailable,,,Unavailable,5
Spain,ESP,2016,2021,Carbapenems,0.0588754783632617,0.1445318773084952,6227.0,0.613741810208062,0.0588754783632617,-0.4692099328995667,0.0856563989452335,5,Frozen specification,,,Unavailable,,,Unavailable,5
Spain,ESP,2016,2021,Fluoroquinolones,32.82330439899956,26.614714040417383,7571.0,29.205127238449272,32.82330439899956,-2.5904131980318894,-6.208590358582178,5,Frozen specification,,,Unavailable,,,Unavailable,5
Spain,ESP,2016,2021,Third-generation cephalosporins,14.970588235294118,13.158249158249156,7425.0,14.151873356772644,14.970588235294118,-0.9936241985234896,-1.812339077044962,5,Frozen specification,,,Unavailable,,,Unavailable,5
Estonia,EST,2016,2021,Aminoglycosides,7.407407407407407,5.50755939524838,926.0,6.9404489111952925,7.407407407407407,-1.4328895159469122,-1.899848012159027,5,Frozen specification,,,Unavailable,,,Unavailable,5
Estonia,EST,2016,2021,Aminopenicillins,46.70912951167728,41.124260355029584,338.0,45.88970437303233,46.70912951167728,-4.765444018002746,-5.584869156647699,5,Frozen specification,,,Unavailable,,,Unavailable,5
Estonia,EST,2016,2021,Carbapenems,0.0,0.0,826.0,0.0260598388929334,0.0,-0.0260598388929334,0.0,5,Frozen specification,,,Unavailable,,,Unavailable,5
Estonia,EST,2016,2021,Fluoroquinolones,13.876967095851215,13.449023861171366,922.0,13.826070815136164,13.876967095851215,-0.3770469539647969,-0.4279432346798497,5,Frozen specification,,,Unavailable,,,Unavailable,5
Estonia,EST,2016,2021,Third-generation cephalosporins,8.98716119828816,8.073196986006458,929.0,11.382710150415434,8.98716119828816,-3.309513164408976,-0.9139642122817015,5,Frozen specification,,,Unavailable,,,Unavailable,5
Finland,FIN,2016,2021,Aminoglycosides,4.934720070812126,4.136504653567736,5802.0,5.284885572129666,4.934720070812126,-1.14838091856193,-0.79821541724439,5,Frozen specification,,,Unavailable,,,Unavailable,5
Finland,FIN,2016,2021,Aminopenicillins,35.8364312267658,31.72804532577904,3177.0,35.0527455127905,35.8364312267658,-3.3247001870114623,-4.108385900986757,5,Frozen specification,,,Unavailable,,,Unavailable,5
Finland,FIN,2016,2021,Carbapenems,0.0206953642384105,0.0,5801.0,0.0294184681101877,0.0206953642384105,-0.0294184681101877,-0.0206953642384105,5,Frozen specification,,,Unavailable,,,Unavailable,5
Finland,FIN,2016,2021,Fluoroquinolones,11.460066555740433,9.565667011375387,5802.0,11.372553661316438,11.460066555740433,-1.8068866499410507,-1.8943995443650448,5,Frozen specification,,,Unavailable,,,Unavailable,5
Finland,FIN,2016,2021,Third-generation cephalosporins,6.895824546604808,6.6045869977582345,5799.0,7.365493900095947,6.895824546604808,-0.7609069023377124,-0.2912375488465732,5,Frozen specification,,,Unavailable,,,Unavailable,5
France,FRA,2016,2021,Aminoglycosides,7.911989223170184,5.8233727978247325,17653.0,7.0249827901100526,7.911989223170184,-1.20160999228532,-2.088616425345452,5,Frozen specification,,,Unavailable,,,Unavailable,5
France,FRA,2016,2021,Aminopenicillins,57.19238975817923,52.26476900485711,17706.0,54.73744316743595,57.19238975817923,-2.4726741625788407,-4.927620753322124,5,Frozen specification,,,Unavailable,,,Unavailable,5
France,FRA,2016,2021,Carbapenems,0.009149967975112,0.051293742163456,17546.0,0.0454972148098432,0.009149967975112,0.0057965273536127,0.042143774188344,5,Frozen specification,,,Unavailable,,,Unavailable,5
France,FRA,2016,2021,Fluoroquinolones,16.656297218025063,14.756586793884852,18446.0,16.02143379306398,16.656297218025063,-1.2648469991791291,-1.899710424140212,5,Frozen specification,,,Unavailable,,,Unavailable,5
France,FRA,2016,2021,Third-generation cephalosporins,11.226023159197384,8.342674139311448,18735.0,10.962965281648698,11.226023159197384,-2.620291142337249,-2.8833490198859355,5,Frozen specification,,,Unavailable,,,Unavailable,5
Greece,GRC,2016,2021,Aminoglycosides,16.833205226748653,18.636995827538247,719.0,15.604686972034978,16.833205226748653,3.0323088555032687,1.8037906007895927,5,Frozen specification,,,Unavailable,,,Unavailable,5
Greece,GRC,2016,2021,Aminopenicillins,56.92307692307692,59.78456014362657,557.0,55.61071821192344,56.92307692307692,4.173841931703137,2.861483220549651,5,Frozen specification,,,Unavailable,,,Unavailable,5
Greece,GRC,2016,2021,Carbapenems,0.920951650038373,1.098901098901099,728.0,0.6360773510126732,0.920951650038373,0.4628237478884258,0.177949448862726,5,Frozen specification,,,Unavailable,,,Unavailable,5
Greece,GRC,2016,2021,Fluoroquinolones,32.1319018404908,33.92857142857143,728.0,30.5719093670738,32.1319018404908,3.356662061497637,1.7966695880806327,5,Frozen specification,,,Unavailable,,,Unavailable,5
Greece,GRC,2016,2021,Third-generation cephalosporins,17.63803680981595,21.733149931224208,727.0,19.836930018644136,17.63803680981595,1.8962199125800725,4.095113121408257,5,Frozen specification,,,Unavailable,,,Unavailable,5
Croatia,HRV,2016,2021,Aminoglycosides,15.676728334956184,11.724137931034482,725.0,15.200115716291954,15.676728334956184,-3.475977785257472,-3.952590403921702,5,Frozen specification,,,Unavailable,,,Unavailable,5
Croatia,HRV,2016,2021,Aminopenicillins,57.3346116970278,55.76923076923077,728.0,56.44544768522406,57.3346116970278,-0.6762169159932938,-1.5653809277970367,5,Frozen specification,,,Unavailable,,,Unavailable,5
Croatia,HRV,2016,2021,Carbapenems,0.0,0.0,686.0,0.0735886984823609,0.0,-0.0735886984823609,0.0,5,Frozen specification,,,Unavailable,,,Unavailable,5
Croatia,HRV,2016,2021,Fluoroquinolones,27.857829010566764,28.9875173370319,721.0,27.008588262393754,27.857829010566764,1.9789290746381447,1.1296883264651356,5,Frozen specification,,,Unavailable,,,Unavailable,5
Croatia,HRV,2016,2021,Third-generation cephalosporins,14.736842105263158,18.59504132231405,726.0,16.649333078015705,14.736842105263158,1.9457082442983449,3.858199217050892,5,Frozen specification,,,Unavailable,,,Unavailable,5
Hungary,HUN,2016,2021,Aminoglycosides,13.25301204819277,17.496962332928312,2469.0,15.64134785684544,13.25301204819277,1.8556144760828737,4.243950284735542,5,Frozen specification,,,Unavailable,,,Unavailable,5
Hungary,HUN,2016,2021,Aminopenicillins,57.38953783646521,58.50640742377375,2263.0,57.11328309338626,57.38953783646521,1.3931243303874936,1.1168695873085426,5,Frozen specification,,,Unavailable,,,Unavailable,5
Hungary,HUN,2016,2021,Carbapenems,0.0,0.0,2391.0,0.0324278636567169,0.0,-0.0324278636567169,0.0,5,Frozen specification,,,Unavailable,,,Unavailable,5
Hungary,HUN,2016,2021,Fluoroquinolones,26.78751258811682,28.04878048780488,2460.0,28.46435874949141,26.78751258811682,-0.4155782616865302,1.261267899688061,5,Frozen specification,,,Unavailable,,,Unavailable,5
Hungary,HUN,2016,2021,Third-generation cephalosporins,16.708479678876067,20.40485829959514,2470.0,19.956561561202687,16.708479678876067,0.4482967383924539,3.6963786207190736,5,Frozen specification,,,Unavailable,,,Unavailable,5
Ireland,IRL,2016,2021,Aminoglycosides,11.23370110330993,9.573002754820935,2904.0,11.10215577575681,11.23370110330993,-1.5291530209358744,-1.660698348488994,5,Frozen specification,,,Unavailable,,,Unavailable,5
Ireland,IRL,2016,2021,Aminopenicillins,68.06020066889631,63.00897170462388,2898.0,65.12571853902114,68.06020066889631,-2.1167468343972544,-5.051228964272433,5,Frozen specification,,,Unavailable,,,Unavailable,5
Ireland,IRL,2016,2021,Carbapenems,0.0334560053529608,0.0,2891.0,0.0420680132213762,0.0334560053529608,-0.0420680132213762,-0.0334560053529608,5,Frozen specification,,,Unavailable,,,Unavailable,5
Ireland,IRL,2016,2021,Fluoroquinolones,22.90969899665552,15.976535541752932,2898.0,19.16704185846645,22.90969899665552,-3.1905063167135257,-6.933163454902589,5,Frozen specification,,,Unavailable,,,Unavailable,5
Ireland,IRL,2016,2021,Third-generation cephalosporins,11.390284757118929,9.955218739235274,2903.0,11.531870534858518,11.390284757118929,-1.5766517956232438,-1.4350660178836545,5,Frozen specification,,,Unavailable,,,Unavailable,5
Iceland,ISL,2016,2021,Aminoglycosides,3.6458333333333335,9.352517985611511,278.0,6.4771879080661545,3.6458333333333335,2.8753300775453567,5.706684652278177,5,Frozen specification,,,Unavailable,,,Unavailable,5
Iceland,ISL,2016,2021,Aminopenicillins,43.75,46.57039711191336,277.0,49.671812573900446,43.75,-3.101415461987088,2.8203971119133584,5,Frozen specification,,,Unavailable,,,Unavailable,5
Iceland,ISL,2016,2021,Carbapenems,0.0,0.0,276.0,0.0013784645642809,0.0,-0.0013784645642809,0.0,5,Frozen specification,,,Unavailable,,,Unavailable,5
Iceland,ISL,2016,2021,Fluoroquinolones,9.55056179775281,14.440433212996387,277.0,11.888913770652149,9.55056179775281,2.5515194423442384,4.889871415243578,5,Frozen specification,,,Unavailable,,,Unavailable,5
Iceland,ISL,2016,2021,Third-generation cephalosporins,4.166666666666667,10.431654676258994,278.0,8.627099866814435,4.166666666666667,1.804554809444559,6.264988009592327,5,Frozen specification,,,Unavailable,,,Unavailable,5
Italy,ITA,2016,2021,Aminoglycosides,18.983385425234413,13.498454911508569,21358.0,15.871833284953963,18.983385425234413,-2.3733783734453944,-5.484930513725844,5,Frozen specification,,,Unavailable,,,Unavailable,5
Italy,ITA,2016,2021,Aminopenicillins,66.92357096981374,59.64102564102564,5850.0,63.99548240339968,66.92357096981374,-4.354456762374035,-7.282545328788096,5,Frozen specification,,,Unavailable,,,Unavailable,5
Italy,ITA,2016,2021,Carbapenems,0.2620373403209957,0.4262533301041414,20645.0,0.4153028802069011,0.2620373403209957,0.0109504498972402,0.1642159897831457,5,Frozen specification,,,Unavailable,,,Unavailable,5
Italy,ITA,2016,2021,Fluoroquinolones,43.26050420168068,33.361057203585624,21642.0,39.06832198522115,43.26050420168068,-5.707264781635523,-9.899446998095058,5,Frozen specification,,,Unavailable,,,Unavailable,5
Italy,ITA,2016,2021,Third-generation cephalosporins,29.77433479285955,24.3777686441065,21897.0,27.16118015537135,29.77433479285955,-2.783411511264852,-5.396566148753049,5,Frozen specification,,,Unavailable,,,Unavailable,5
Lithuania,LTU,2016,2021,Aminoglycosides,7.964601769911504,8.326029798422436,1141.0,9.837132249150454,7.964601769911504,-1.5111024507280175,0.3614280285109315,5,Frozen specification,,,Unavailable,,,Unavailable,5
Lithuania,LTU,2016,2021,Aminopenicillins,59.193954659949625,57.10549258936356,1147.0,56.47442453995369,59.193954659949625,0.631068049409869,-2.0884620705860684,5,Frozen specification,,,Unavailable,,,Unavailable,5
Lithuania,LTU,2016,2021,Carbapenems,0.0,0.2610966057441253,1149.0,0.0649128521819281,0.0,0.1961837535621971,0.2610966057441253,5,Frozen specification,,,Unavailable,,,Unavailable,5
Lithuania,LTU,2016,2021,Fluoroquinolones,19.746835443037973,17.647058823529413,1139.0,19.147175362584832,19.746835443037973,-1.5001165390554192,-2.0997766195085603,5,Frozen specification,,,Unavailable,,,Unavailable,5
Lithuania,LTU,2016,2021,Third-generation cephalosporins,14.716981132075473,13.616652211621856,1153.0,15.535662525628174,14.716981132075473,-1.919010314006318,-1.1003289204536166,5,Frozen specification,,,Unavailable,,,Unavailable,5
Luxembourg,LUX,2016,2021,Aminoglycosides,9.090909090909092,8.757062146892656,354.0,9.024094595269991,9.090909090909092,-0.2670324483773374,-0.333846944016436,5,Frozen specification,,,Unavailable,,,Unavailable,5
Luxembourg,LUX,2016,2021,Aminopenicillins,53.22195704057279,53.40909090909091,352.0,55.377451381276494,53.22195704057279,-1.9683604721855872,0.1871338685181172,5,Frozen specification,,,Unavailable,,,Unavailable,5
Luxembourg,LUX,2016,2021,Carbapenems,0.0,0.0,354.0,0.1123853221861501,0.0,-0.1123853221861501,0.0,5,Frozen specification,,,Unavailable,,,Unavailable,5
Luxembourg,LUX,2016,2021,Fluoroquinolones,28.94736842105263,20.90395480225989,354.0,23.84967805932185,28.94736842105263,-2.9457232570619603,-8.04341361879274,5,Frozen specification,,,Unavailable,,,Unavailable,5
Luxembourg,LUX,2016,2021,Third-generation cephalosporins,13.636363636363637,11.299435028248588,354.0,12.38715713280156,13.636363636363637,-1.087722104552972,-2.3369286081150484,5,Frozen specification,,,Unavailable,,,Unavailable,5
Latvia,LVA,2016,2021,Aminoglycosides,12.704918032786884,10.913705583756345,394.0,12.83777612848032,12.704918032786884,-1.9240705447239748,-1.7912124490305388,5,Frozen specification,,,Unavailable,,,Unavailable,5
Latvia,LVA,2016,2021,Aminopenicillins,55.06072874493927,49.41860465116279,344.0,55.27825577395181,55.06072874493927,-5.859651122789025,-5.642124093776481,5,Frozen specification,,,Unavailable,,,Unavailable,5
Latvia,LVA,2016,2021,Carbapenems,0.0,0.0,393.0,0.0059265899292689,0.0,-0.0059265899292689,0.0,5,Frozen specification,,,Unavailable,,,Unavailable,5
Latvia,LVA,2016,2021,Fluoroquinolones,27.755102040816325,20.663265306122447,392.0,25.26242008008071,27.755102040816325,-4.599154773958261,-7.091836734693878,5,Frozen specification,,,Unavailable,,,Unavailable,5
Latvia,LVA,2016,2021,Third-generation cephalosporins,24.11067193675889,18.3206106870229,393.0,21.9098639989488,24.11067193675889,-3.5892533119258943,-5.790061249735992,5,Frozen specification,,,Unavailable,,,Unavailable,5
Malta,MLT,2016,2021,Aminoglycosides,10.365853658536585,12.709030100334449,299.0,10.645214585940517,10.365853658536585,2.0638155143939336,2.343176441797864,5,Frozen specification,,,Unavailable,,,Unavailable,5
Malta,MLT,2016,2021,Aminopenicillins,60.0609756097561,64.54849498327759,299.0,58.697454577810966,60.0609756097561,5.851040405466627,4.4875193735214935,5,Frozen specification,,,Unavailable,,,Unavailable,5
Malta,MLT,2016,2021,Carbapenems,0.0,0.0,299.0,0.007433425663335,0.0,-0.007433425663335,0.0,5,Frozen specification,,,Unavailable,,,Unavailable,5
Malta,MLT,2016,2021,Fluoroquinolones,41.46341463414634,30.76923076923077,299.0,36.0879126011322,41.46341463414634,-5.318681831901426,-10.69418386491557,5,Frozen specification,,,Unavailable,,,Unavailable,5
Malta,MLT,2016,2021,Third-generation cephalosporins,14.634146341463415,13.7123745819398,299.0,13.016189915630946,14.634146341463415,0.696184666308854,-0.9217717595236152,5,Frozen specification,,,Unavailable,,,Unavailable,5
Netherlands,NLD,2016,2021,Aminoglycosides,6.1948123620309055,5.9914841849148415,6576.0,6.516663601926224,6.1948123620309055,-0.5251794170113824,-0.203328177116064,5,Frozen specification,,,Unavailable,,,Unavailable,5
Netherlands,NLD,2016,2021,Aminopenicillins,46.14959977918852,41.40922234058743,6571.0,44.32972939123346,46.14959977918852,-2.9205070506460373,-4.740377438601094,5,Frozen specification,,,Unavailable,,,Unavailable,5
Netherlands,NLD,2016,2021,Carbapenems,0.0138026224982746,0.0456690516060283,6569.0,0.0351843540771613,0.0138026224982746,0.0104846975288669,0.0318664291077536,5,Frozen specification,,,Unavailable,,,Unavailable,5
Netherlands,NLD,2016,2021,Fluoroquinolones,12.898330804248864,13.32319391634981,6575.0,13.487250929800927,12.898330804248864,-0.164057013451119,0.4248631121009456,5,Frozen specification,,,Unavailable,,,Unavailable,5
Netherlands,NLD,2016,2021,Third-generation cephalosporins,6.593103448275862,6.64638783269962,6575.0,7.008148140139941,6.593103448275862,-0.3617603074403206,0.0532843844237582,5,Frozen specification,,,Unavailable,,,Unavailable,5
Norway,NOR,2016,2021,Aminoglycosides,5.506364139457665,5.392029174264131,3839.0,5.82181807517975,5.506364139457665,-0.4297889009156188,-0.1143349651935334,5,Frozen specification,,,Unavailable,,,Unavailable,5
Norway,NOR,2016,2021,Aminopenicillins,42.87690179806362,35.39223351576753,3837.0,41.38447827934428,42.87690179806362,-5.99224476357675,-7.4846682822960915,5,Frozen specification,,,Unavailable,,,Unavailable,5
Norway,NOR,2016,2021,Carbapenems,0.0553097345132743,0.0,3820.0,0.0543521110824061,0.0553097345132743,-0.0543521110824061,-0.0553097345132743,5,Frozen specification,,,Unavailable,,,Unavailable,5
Norway,NOR,2016,2021,Fluoroquinolones,10.938798116865136,9.87718839822315,3827.0,10.780748145531762,10.938798116865136,-0.903559747308611,-1.0616097186419855,5,Frozen specification,,,Unavailable,,,Unavailable,5
Norway,NOR,2016,2021,Third-generation cephalosporins,5.557091512303013,5.496222974733003,3839.0,6.264663378140031,5.557091512303013,-0.7684404034070278,-0.0608685375700099,5,Frozen specification,,,Unavailable,,,Unavailable,5
Poland,POL,2016,2021,Aminoglycosides,13.288377627925426,13.723696248856358,2186.0,13.875613174830573,13.288377627925426,-0.1519169259742145,0.4353186209309321,5,Frozen specification,,,Unavailable,,,Unavailable,5
Poland,POL,2016,2021,Aminopenicillins,64.50676982591877,60.568603213844256,809.0,59.59770398510079,64.50676982591877,0.9708992287434626,-3.938166612074511,5,Frozen specification,,,Unavailable,,,Unavailable,5
Poland,POL,2016,2021,Carbapenems,0.0391696043869956,0.131004366812227,2290.0,0.0757747303208524,0.0391696043869956,0.0552296364913745,0.0918347624252313,5,Frozen specification,,,Unavailable,,,Unavailable,5
Poland,POL,2016,2021,Fluoroquinolones,33.06788016685628,33.11287477954145,2268.0,31.38436552338372,33.06788016685628,1.7285092561577358,0.0449946126851728,5,Frozen specification,,,Unavailable,,,Unavailable,5
Poland,POL,2016,2021,Third-generation cephalosporins,13.718278778962857,18.726275832981862,2371.0,15.197155398755571,13.718278778962857,3.5291204342262894,5.007997054019006,5,Frozen specification,,,Unavailable,,,Unavailable,5
Portugal,PRT,2016,2021,Aminoglycosides,13.148308759757157,10.615521855486174,5605.0,11.84990803242946,13.148308759757157,-1.2343861769432871,-2.532786904270983,5,Frozen specification,,,Unavailable,,,Unavailable,5
Portugal,PRT,2016,2021,Aminopenicillins,59.23423423423424,52.730441518202944,5164.0,55.13588978807334,59.23423423423424,-2.405448269870398,-6.503792716031299,5,Frozen specification,,,Unavailable,,,Unavailable,5
Portugal,PRT,2016,2021,Carbapenems,0.0173611111111111,0.3293084522502744,5466.0,0.1578137648732919,0.0173611111111111,0.1714946873769824,0.3119473411391633,5,Frozen specification,,,Unavailable,,,Unavailable,5
Portugal,PRT,2016,2021,Fluoroquinolones,28.94691336676465,22.499110003559984,5618.0,26.50238613325681,28.94691336676465,-4.003276129696825,-6.447803363204667,5,Frozen specification,,,Unavailable,,,Unavailable,5
Portugal,PRT,2016,2021,Third-generation cephalosporins,16.06154910096819,13.089937666963491,5615.0,15.31527107872933,16.06154910096819,-2.2253334117658383,-2.971611434004698,5,Frozen specification,,,Unavailable,,,Unavailable,5
Romania,ROU,2016,2021,Aminoglycosides,14.97584541062802,10.591133004926109,406.0,13.915431947430116,14.97584541062802,-3.324298942504006,-4.384712405701912,5,Frozen specification,,,Unavailable,,,Unavailable,5
Romania,ROU,2016,2021,Aminopenicillins,72.34042553191489,64.20454545454545,352.0,64.35041845109862,72.34042553191489,-0.145872996553166,-8.135880077369436,5,Frozen specification,,,Unavailable,,,Unavailable,5
Romania,ROU,2016,2021,Carbapenems,0.97323600973236,0.4016064257028112,498.0,0.6993392397997323,0.97323600973236,-0.2977328140969211,-0.5716295840295489,5,Frozen specification,,,Unavailable,,,Unavailable,5
Romania,ROU,2016,2021,Fluoroquinolones,30.62200956937799,24.698795180722893,498.0,27.73680858211592,30.62200956937799,-3.0380134013930267,-5.923214388655097,5,Frozen specification,,,Unavailable,,,Unavailable,5
Romania,ROU,2016,2021,Third-generation cephalosporins,23.444976076555022,18.78787878787879,495.0,24.460687408590942,23.444976076555022,-5.6728086207121535,-4.657097288676233,5,Frozen specification,,,Unavailable,,,Unavailable,5
Slovakia,SVK,2016,2021,Aminoglycosides,20.169082125603865,14.177978883861236,663.0,17.222508343724076,20.169082125603865,-3.04452945986284,-5.991103241742628,5,Frozen specification,,,Unavailable,,,Unavailable,5
Slovakia,SVK,2016,2021,Aminopenicillins,62.30110159118727,54.54545454545455,660.0,57.99717421094024,62.30110159118727,-3.4517196654856903,-7.755647045732722,5,Frozen specification,,,Unavailable,,,Unavailable,5
Slovakia,SVK,2016,2021,Carbapenems,0.0,0.0,625.0,0.0156928141860094,0.0,-0.0156928141860094,0.0,5,Frozen specification,,,Unavailable,,,Unavailable,5
Slovakia,SVK,2016,2021,Fluoroquinolones,40.43583535108959,29.75830815709969,662.0,36.508379113942496,40.43583535108959,-6.750070956842805,-10.677527193989896,5,Frozen specification,,,Unavailable,,,Unavailable,5
Slovakia,SVK,2016,2021,Third-generation cephalosporins,29.733009708737864,23.112480739599384,649.0,26.198950268747804,29.733009708737864,-3.0864695291484203,-6.62052896913848,5,Frozen specification,,,Unavailable,,,Unavailable,5
Slovenia,SVN,2016,2021,Aminoglycosides,10.633802816901408,6.603212373587151,1681.0,9.81344797875226,10.633802816901408,-3.210235605165111,-4.030590443314257,5,Frozen specification,,,Unavailable,,,Unavailable,5
Slovenia,SVN,2016,2021,Aminopenicillins,57.11267605633803,50.80309339678762,1681.0,53.44165852709307,57.11267605633803,-2.638565130305452,-6.309582659550415,5,Frozen specification,,,Unavailable,,,Unavailable,5
Slovenia,SVN,2016,2021,Carbapenems,0.0,0.0,1681.0,0.0227266354472936,0.0,-0.0227266354472936,0.0,5,Frozen specification,,,Unavailable,,,Unavailable,5
Slovenia,SVN,2016,2021,Fluoroquinolones,25.56338028169014,16.65675193337299,1681.0,19.54382942432964,25.56338028169014,-2.887077490956642,-8.906628348317149,5,Frozen specification,,,Unavailable,,,Unavailable,5
Slovenia,SVN,2016,2021,Third-generation cephalosporins,12.535211267605634,9.28019036287924,1681.0,12.013893578457338,12.535211267605634,-2.733703215578098,-3.2550209047263934,5,Frozen specification,,,Unavailable,,,Unavailable,5
Sweden,SWE,2016,2021,Aminoglycosides,7.224061015973521,5.981163219730071,10299.0,6.272115223371992,7.224061015973521,-0.2909520036419213,-1.24289779624345,5,Frozen specification,,,Unavailable,,,Unavailable,5
Sweden,SWE,2016,2021,Carbapenems,0.0866175833694239,0.0564652738565782,10626.0,0.0604259237562345,0.0866175833694239,-0.0039606498996563,-0.0301523095128457,5,Frozen specification,,,Unavailable,,,Unavailable,5
Sweden,SWE,2016,2021,Fluoroquinolones,13.660572909169426,13.661305581835384,10570.0,13.99131468245124,13.660572909169426,-0.3300091006158574,0.0007326726659577,5,Frozen specification,,,Unavailable,,,Unavailable,5
Sweden,SWE,2016,2021,Third-generation cephalosporins,8.263868927852831,7.119345434026145,10633.0,8.707472674130994,8.263868927852831,-1.588127240104849,-1.1445234938266866,5,Frozen specification,,,Unavailable,,,Unavailable,5
Austria,AUT,2017,2022,Aminoglycosides,7.709665287702144,5.48033526756931,4653.0,6.0072081421781,7.709665287702144,-0.5268728746087898,-2.229330020132834,5,Frozen specification,2.905792680191012,9.108623604165189,Pooled earlier origins,0.299943360542577,11.714472923813624,Pooled earlier origins,5
Austria,AUT,2017,2022,Aminopenicillins,49.53739398612182,45.94131505675733,4669.0,45.20725959252156,49.53739398612182,0.7340554642357731,-3.596078929364488,5,Frozen specification,42.10584413053447,48.30867505450865,Pooled earlier origins,39.49999481088604,50.91452437415708,Pooled earlier origins,5
Austria,AUT,2017,2022,Carbapenems,0.0191314329443275,0.1206515181982706,4973.0,0.0375455743233248,0.0191314329443275,0.0831059438749457,0.1015200852539431,5,Frozen specification,0.0,3.1389610363104126,Pooled earlier origins,0.0,5.7448103559588475,Pooled earlier origins,5
Austria,AUT,2017,2022,Fluoroquinolones,20.458356623812183,13.930659983291562,4788.0,16.126806267554816,20.458356623812183,-2.196146284263253,-6.52769664052062,5,Frozen specification,13.025390805567728,19.228221729541904,Pooled earlier origins,10.419541485919293,21.83407104919034,Pooled earlier origins,5
Austria,AUT,2017,2022,Third-generation cephalosporins,9.63150711639696,8.320251177394034,5096.0,8.621041065543595,9.63150711639696,-0.300789888149561,-1.311255939002926,5,Frozen specification,5.519625603556507,11.722456527530683,Pooled earlier origins,2.9137762839080725,14.328305847179118,Pooled earlier origins,5
Belgium,BEL,2017,2022,Aminoglycosides,8.092332183603078,6.402357353335119,3733.0,7.111526568671378,8.092332183603078,-0.7091692153362592,-1.6899748302679596,5,Frozen specification,4.01011110668429,10.212942030658466,Pooled earlier origins,1.4042617870358551,12.8187913503069,Pooled earlier origins,5
Belgium,BEL,2017,2022,Aminopenicillins,57.46412508031698,56.575505350772886,4205.0,54.64640708993987,57.46412508031698,1.929098260833016,-0.8886197295440965,5,Frozen specification,51.54499162795278,57.74782255192696,Pooled earlier origins,48.93914230830435,60.35367187157539,Pooled earlier origins,5
Belgium,BEL,2017,2022,Carbapenems,0.021404109589041,0.0698324022346368,4296.0,0.0355889366065135,0.021404109589041,0.0342434656281232,0.0484282926455958,5,Frozen specification,0.0,3.1370043985936014,Pooled earlier origins,0.0,5.742853718242037,Pooled earlier origins,5
Belgium,BEL,2017,2022,Fluoroquinolones,23.80191693290735,17.548500881834215,4536.0,19.933667115541365,23.80191693290735,-2.385166233707149,-6.253416051073135,5,Frozen specification,16.832251653554277,23.035082577528453,Pooled earlier origins,14.226402333905842,25.640931897176888,Pooled earlier origins,5
Belgium,BEL,2017,2022,Third-generation cephalosporins,9.7388698630137,8.755555555555556,4500.0,8.698303381565658,9.7388698630137,0.0572521739898981,-0.9833143074581444,5,Frozen specification,5.59688791957857,11.799718843552746,Pooled earlier origins,2.9910385999301354,14.405568163201181,Pooled earlier origins,5
Bulgaria,BGR,2017,2022,Aminoglycosides,36.24454148471616,24.267782426778243,239.0,31.142476584569128,36.24454148471616,-6.874694157790884,-11.976759057937915,5,Frozen specification,28.04106112258204,34.24389204655621,Pooled earlier origins,25.435211802933605,36.849741366204654,Pooled earlier origins,5
Bulgaria,BGR,2017,2022,Aminopenicillins,73.89162561576354,68.61924686192468,239.0,62.65089372030207,73.89162561576354,5.968353141622607,-5.272378753838865,5,Frozen specification,59.549478258314984,65.75230918228917,Pooled earlier origins,56.94362893866655,68.3581585019376,Pooled earlier origins,5
Bulgaria,BGR,2017,2022,Carbapenems,0.0,0.0,239.0,0.3428150465857917,0.0,-0.3428150465857917,0.0,5,Frozen specification,0.0,3.4442305085728795,Pooled earlier origins,0.0,6.050079828221315,Pooled earlier origins,5
Bulgaria,BGR,2017,2022,Fluoroquinolones,42.10526315789474,40.58577405857741,239.0,35.39337967718321,42.10526315789474,5.192394381394195,-1.5194890993173331,5,Frozen specification,32.291964215196124,38.4947951391703,Pooled earlier origins,29.68611489554769,41.100644458818735,Pooled earlier origins,5
Bulgaria,BGR,2017,2022,Third-generation cephalosporins,41.29554655870445,40.1673640167364,239.0,36.48452158611151,41.29554655870445,3.682842430624895,-1.1281825419680516,5,Frozen specification,33.383106124124424,39.5859370480986,Pooled earlier origins,30.77725680447599,42.191786367747035,Pooled earlier origins,5
Cyprus,CYP,2017,2022,Aminoglycosides,21.7948717948718,15.178571428571429,224.0,17.491866757621555,21.7948717948718,-2.313295329050126,-6.61630036630037,5,Frozen specification,14.390451295634467,20.593282219608643,Pooled earlier origins,11.784601975986032,23.199131539257078,Pooled earlier origins,5
Cyprus,CYP,2017,2022,Aminopenicillins,65.38461538461539,63.22869955156951,223.0,68.56290586624537,65.38461538461539,-5.3342063146758605,-2.1559158330458743,5,Frozen specification,65.46149040425829,71.66432132823246,Pooled earlier origins,62.85564108460985,74.27017064788089,Pooled earlier origins,5
Cyprus,CYP,2017,2022,Carbapenems,1.2820512820512822,0.9433962264150944,212.0,0.6669746240174939,1.2820512820512822,0.2764216023976005,-0.3386550556361878,5,Frozen specification,0.0,3.768390086004582,Pooled earlier origins,0.0,6.374239405653016,Pooled earlier origins,5
Cyprus,CYP,2017,2022,Fluoroquinolones,42.94871794871795,46.36363636363637,220.0,47.11682690805917,42.94871794871795,-0.7531905444228002,3.414918414918418,5,Frozen specification,44.01541144607208,50.218242370046255,Pooled earlier origins,41.409562126423644,52.82409168969469,Pooled earlier origins,5
Cyprus,CYP,2017,2022,Third-generation cephalosporins,30.76923076923077,32.44444444444444,225.0,27.37434918527008,30.76923076923077,5.070095259174366,1.6752136752136728,5,Frozen specification,24.272933723282993,30.47576464725717,Pooled earlier origins,21.667084403634558,33.08161396690561,Pooled earlier origins,5
Czechia,CZE,2017,2022,Aminoglycosides,10.69084088777743,9.419680403700587,3567.0,10.213250608666202,10.69084088777743,-0.793570204965615,-1.271160484076843,5,Frozen specification,7.111835146679114,13.31466607065329,Pooled earlier origins,4.505985827030679,15.920515390301725,Pooled earlier origins,5
Czechia,CZE,2017,2022,Aminopenicillins,53.00187617260788,51.627384960718295,3564.0,52.34621139911067,53.00187617260788,-0.7188264383923766,-1.374491211889584,5,Frozen specification,49.244795937123584,55.44762686109776,Pooled earlier origins,46.63894661747515,58.053476180746195,Pooled earlier origins,5
Czechia,CZE,2017,2022,Carbapenems,0.0,0.1780415430267062,1685.0,0.0163647665923564,0.0,0.1616767764343497,0.1780415430267062,5,Frozen specification,0.0,3.1177802285794445,Pooled earlier origins,0.0,5.723629548227879,Pooled earlier origins,5
Czechia,CZE,2017,2022,Fluoroquinolones,24.47639887464833,18.23793490460157,3564.0,21.130589062368188,24.47639887464833,-2.892654157766618,-6.238463970046759,5,Frozen specification,18.0291736003811,24.232004524355276,Pooled earlier origins,15.423324280732665,26.83785384400371,Pooled earlier origins,5
Czechia,CZE,2017,2022,Third-generation cephalosporins,14.223194748358862,14.750420639371844,3566.0,14.50302588869297,14.223194748358862,0.2473947506788736,0.5272258910129821,5,Frozen specification,11.401610426705883,17.60444135068006,Pooled earlier origins,8.795761107057448,20.210290670328494,Pooled earlier origins,5
Germany,DEU,2017,2022,Aminoglycosides,7.002402348963431,5.142999719302623,32063.0,6.099256256409918,7.002402348963431,-0.9562565371072944,-1.8594026296608075,5,Frozen specification,2.99784079442283,9.200671718397006,Pooled earlier origins,0.3919914747743949,11.80652103804544,Pooled earlier origins,5
Germany,DEU,2017,2022,Aminopenicillins,48.93744802734916,45.90717299578059,33180.0,45.31734497760544,48.93744802734916,0.5898280181751474,-3.030275031568572,5,Frozen specification,42.21592951561835,48.418760439592525,Pooled earlier origins,39.610080195969914,51.02460975924096,Pooled earlier origins,5
Germany,DEU,2017,2022,Carbapenems,0.013077593722755,0.0355218755550293,33782.0,0.0417522465665549,0.013077593722755,-0.0062303710115256,0.0224442818322743,5,Frozen specification,0.0,3.143167708553643,Pooled earlier origins,0.0,5.749017028202077,Pooled earlier origins,5
Germany,DEU,2017,2022,Fluoroquinolones,20.74978204010462,15.193885712592945,33757.0,15.97031321809173,20.74978204010462,-0.7764275054987859,-5.555896327511675,5,Frozen specification,12.868897756104642,19.07172868007882,Pooled earlier origins,10.263048436456208,21.677577999727255,Pooled earlier origins,5
Germany,DEU,2017,2022,Third-generation cephalosporins,12.281390378996033,9.44178061919138,33786.0,11.035868948635969,12.281390378996033,-1.5940883294445864,-2.8396097598046524,5,Frozen specification,7.934453486648881,14.137284410623057,Pooled earlier origins,5.328604167000446,16.74313373027149,Pooled earlier origins,5
Denmark,DNK,2017,2022,Aminoglycosides,5.993752440452948,4.755457776273481,5909.0,5.202694515081478,5.993752440452948,-0.4472367388079972,-1.2382946641794668,5,Frozen specification,2.10127905309439,8.304109977068567,Pooled earlier origins,0.0,10.909959296717002,Pooled earlier origins,5
Denmark,DNK,2017,2022,Aminopenicillins,45.62947799385875,42.172361040285566,5883.0,41.2193640427796,45.62947799385875,0.95299699750597,-3.457116953573184,5,Frozen specification,38.117948580792515,44.32077950476669,Pooled earlier origins,35.51209926114408,46.926628824415126,Pooled earlier origins,5
Denmark,DNK,2017,2022,Carbapenems,0.0195427008012507,0.017921146953405,5580.0,0.1139995775641879,0.0195427008012507,-0.0960784306107829,-0.0016215538478457,5,Frozen specification,0.0,3.2154150395512757,Pooled earlier origins,0.0,5.821264359199711,Pooled earlier origins,5
Denmark,DNK,2017,2022,Fluoroquinolones,12.78547725941831,10.709436524100475,5892.0,11.014697927832987,12.78547725941831,-0.3052614037325121,-2.076040735317834,5,Frozen specification,7.913282465845899,14.116113389820075,Pooled earlier origins,5.307433146197464,16.72196270946851,Pooled earlier origins,5
Denmark,DNK,2017,2022,Third-generation cephalosporins,6.901494982592668,6.627863312054075,5326.0,6.571792355007173,6.901494982592668,0.0560709570469013,-0.2736316705385935,5,Frozen specification,3.4703768930200853,9.67320781699426,Pooled earlier origins,0.8645275733716504,12.279057136642695,Pooled earlier origins,5
Spain,ESP,2017,2022,Aminoglycosides,13.700447835461937,12.47998291875734,9367.0,13.141185866065763,13.700447835461937,-0.6612029473084231,-1.2204649167045964,5,Frozen specification,10.039770404078675,16.24260132805285,Pooled earlier origins,7.43392108443024,18.848450647701284,Pooled earlier origins,5
Spain,ESP,2017,2022,Aminopenicillins,62.38439549352615,57.2280701754386,8550.0,57.03263658310823,62.38439549352615,0.1954335923303745,-5.156325318087546,5,Frozen specification,53.93122112112114,60.134052045095316,Pooled earlier origins,51.325371801472706,62.73990136474375,Pooled earlier origins,5
Spain,ESP,2017,2022,Carbapenems,0.0165947560570859,0.5655042412818096,9549.0,0.3153984291068212,0.0165947560570859,0.2501058121749884,0.5489094852247237,5,Frozen specification,0.0,3.416813891093909,Pooled earlier origins,0.0,6.022663210742344,Pooled earlier origins,5
Spain,ESP,2017,2022,Fluoroquinolones,32.50302715793115,28.609654286631702,9343.0,28.232815958350844,32.50302715793115,0.3768383282808578,-3.893372871299448,5,Frozen specification,25.131400496363757,31.334231420337932,Pooled earlier origins,22.52555117671532,33.94008073998637,Pooled earlier origins,5
Spain,ESP,2017,2022,Third-generation cephalosporins,12.809026049444167,14.877412623891496,9585.0,13.74737209496684,12.809026049444167,1.1300405289246562,2.068386574447329,5,Frozen specification,10.645956632979752,16.84878755695393,Pooled earlier origins,8.040107313331317,19.454636876602365,Pooled earlier origins,5
Estonia,EST,2017,2022,Aminoglycosides,5.7251908396946565,5.594405594405594,1001.0,7.004480519421144,5.7251908396946565,-1.410074925015549,-0.1307852452890623,5,Frozen specification,3.9030650574340564,10.105895981408231,Pooled earlier origins,1.2972157377856215,12.711745301056666,Pooled earlier origins,5
Estonia,EST,2017,2022,Aminopenicillins,47.83599088838269,43.43065693430657,274.0,42.05696559541841,47.83599088838269,1.3736913388881575,-4.40533395407612,5,Frozen specification,38.95555013343132,45.1583810574055,Pooled earlier origins,36.34970081378289,47.764230377053934,Pooled earlier origins,5
Estonia,EST,2017,2022,Carbapenems,0.0,0.117096018735363,854.0,0.0046075010553335,0.0,0.1124885176800294,0.117096018735363,5,Frozen specification,0.0,3.1060229630424216,Pooled earlier origins,0.0,5.711872282690856,Pooled earlier origins,5
Estonia,EST,2017,2022,Fluoroquinolones,17.41357234314981,16.31205673758865,987.0,15.028654833527964,17.41357234314981,1.2834019040606872,-1.1015156055611577,5,Frozen specification,11.927239371540876,18.130070295515054,Pooled earlier origins,9.321390051892442,20.73591961516349,Pooled earlier origins,5
Estonia,EST,2017,2022,Third-generation cephalosporins,8.756345177664974,11.764705882352942,1003.0,9.753694903851702,8.756345177664974,2.01101097850124,3.008360704687968,5,Frozen specification,6.652279441864614,12.85511036583879,Pooled earlier origins,4.046430122216179,15.460959685487225,Pooled earlier origins,5
Finland,FIN,2017,2022,Aminoglycosides,4.957848253713368,4.442408976414014,4367.0,4.677035804869009,4.957848253713368,-0.2346268284549948,-0.5154392772993539,5,Frozen specification,1.5756203428819209,7.778451266856097,Pooled earlier origins,0.0,10.384300586504532,Pooled earlier origins,5
Finland,FIN,2017,2022,Aminopenicillins,35.21224773834377,32.50478011472276,2615.0,32.942822172134974,35.21224773834377,-0.4380420574122112,-2.7074676236210067,5,Frozen specification,29.841406710147886,36.04423763412206,Pooled earlier origins,27.23555739049945,38.6500869537705,Pooled earlier origins,5
Finland,FIN,2017,2022,Carbapenems,0.0,0.0,4575.0,0.0133203202296317,0.0,-0.0133203202296317,0.0,5,Frozen specification,0.0,3.1147357822167194,Pooled earlier origins,0.0,5.720585101865154,Pooled earlier origins,5
Finland,FIN,2017,2022,Fluoroquinolones,12.007540056550424,9.908136482939632,4572.0,10.419944282816491,12.007540056550424,-0.5118077998768591,-2.0994035736107914,5,Frozen specification,7.318528820829403,13.52135974480358,Pooled earlier origins,4.712679501180968,16.127209064452014,Pooled earlier origins,5
Finland,FIN,2017,2022,Third-generation cephalosporins,6.854298295998468,6.107705779334501,4568.0,6.874077957155723,6.854298295998468,-0.7663721778212222,-0.7465925166639673,5,Frozen specification,3.7726624951686354,9.975493419142811,Pooled earlier origins,1.1668131755202005,12.581342738791246,Pooled earlier origins,5
France,FRA,2017,2022,Aminoglycosides,7.044188353812104,6.150943396226415,15900.0,6.2444921241832025,7.044188353812104,-0.0935487279567874,-0.8932449575856891,5,Frozen specification,3.1430766621961146,9.345907586170291,Pooled earlier origins,0.5372273425476797,11.951756905818726,Pooled earlier origins,5
France,FRA,2017,2022,Aminopenicillins,55.593169337245165,52.81833517538247,17191.0,53.41594472284121,55.593169337245165,-0.5976095474587382,-2.7748341618626924,5,Frozen specification,50.31452926085412,56.5173601848283,Pooled earlier origins,47.70867994120569,59.12320950447673,Pooled earlier origins,5
France,FRA,2017,2022,Carbapenems,0.0155726855096161,0.1059509094119724,16989.0,0.0353625163848333,0.0155726855096161,0.070588393027139,0.0903782239023563,5,Frozen specification,0.0,3.136777978371921,Pooled earlier origins,0.0,5.7426272980203565,Pooled earlier origins,5
France,FRA,2017,2022,Fluoroquinolones,15.021008403361344,14.705714448821146,17517.0,15.01621261148622,15.021008403361344,-0.3104981626650733,-0.3152939545401985,5,Frozen specification,11.914797149499131,18.117628073473306,Pooled earlier origins,9.308947829850696,20.72347739312174,Pooled earlier origins,5
France,FRA,2017,2022,Third-generation cephalosporins,10.223187537447574,8.441485159688522,17722.0,9.464591699716337,10.223187537447574,-1.023106540027813,-1.7817023777590515,5,Frozen specification,6.363176237729249,12.566007161703425,Pooled earlier origins,3.757326918080814,15.17185648135186,Pooled earlier origins,5
Greece,GRC,2017,2022,Aminoglycosides,16.973415132924334,19.047619047619047,1239.0,16.482972391830742,16.973415132924334,2.564646655788305,2.074203914694713,5,Frozen specification,13.381556929843654,19.58438785381783,Pooled earlier origins,10.77570761019522,22.190237173466265,Pooled earlier origins,5
Greece,GRC,2017,2022,Aminopenicillins,57.503828483920365,57.053941908713696,964.0,57.16457553552323,57.503828483920365,-0.1106336268095304,-0.4498865752066692,5,Frozen specification,54.06316007353614,60.265990997510315,Pooled earlier origins,51.457310753887704,62.87184031715875,Pooled earlier origins,5
Greece,GRC,2017,2022,Carbapenems,1.5678254942058625,1.532258064516129,1240.0,0.8676156526621454,1.5678254942058625,0.6646424118539837,-0.0355674296897334,5,Frozen specification,0.0,3.9690311146492334,Pooled earlier origins,0.0,6.574880434297668,Pooled earlier origins,5
Greece,GRC,2017,2022,Fluoroquinolones,32.923497267759565,37.77239709443099,1239.0,31.49222625533855,32.923497267759565,6.280170839092442,4.848899826671428,5,Frozen specification,28.390810793351463,34.59364171732564,Pooled earlier origins,25.784961473703028,37.199491036974074,Pooled earlier origins,5
Greece,GRC,2017,2022,Third-generation cephalosporins,18.29931972789116,23.31983805668016,1235.0,20.52020320060289,18.29931972789116,2.799634856077276,5.020518328789002,5,Frozen specification,17.4187877386158,23.621618662589977,Pooled earlier origins,14.812938418967367,26.227467982238412,Pooled earlier origins,5
Croatia,HRV,2017,2022,Aminoglycosides,16.63778162911612,16.04060913705584,985.0,15.52298926999392,16.63778162911612,0.517619867061919,-0.597172492060281,5,Frozen specification,12.421573808006832,18.62440473198101,Pooled earlier origins,9.815724488358397,21.230254051629444,Pooled earlier origins,5
Croatia,HRV,2017,2022,Aminopenicillins,58.76651982378855,55.759429153924565,981.0,55.98786589057188,58.76651982378855,-0.2284367366473105,-3.0070906698639845,5,Frozen specification,52.886450428584794,59.08928135255897,Pooled earlier origins,50.28060110893636,61.695130672207405,Pooled earlier origins,5
Croatia,HRV,2017,2022,Carbapenems,0.0,0.1020408163265306,980.0,0.0343301755941856,0.0,0.0677106407323449,0.1020408163265306,5,Frozen specification,0.0,3.1357456375812736,Pooled earlier origins,0.0,5.741594957229708,Pooled earlier origins,5
Croatia,HRV,2017,2022,Fluoroquinolones,28.17391304347826,30.25641025641025,975.0,26.41142767683068,28.17391304347826,3.844982579579568,2.0824972129319868,5,Frozen specification,23.310012214843592,29.512843138817768,Pooled earlier origins,20.704162895195157,32.1186924584662,Pooled earlier origins,5
Croatia,HRV,2017,2022,Third-generation cephalosporins,16.463414634146343,17.426545086119553,987.0,18.118928614891303,16.463414634146343,-0.692383528771753,0.9631304519732105,5,Frozen specification,15.017513152904215,21.22034407687839,Pooled earlier origins,12.41166383325578,23.826193396526826,Pooled earlier origins,5
Hungary,HUN,2017,2022,Aminoglycosides,15.097087378640778,16.321749316673174,2561.0,15.33048124816246,15.097087378640778,0.9912680685107134,1.224661938032396,5,Frozen specification,12.229065786175372,18.431896710149548,Pooled earlier origins,9.623216466526937,21.037746029797983,Pooled earlier origins,5
Hungary,HUN,2017,2022,Aminopenicillins,60.26719445818902,58.41541755888651,2335.0,57.11679926590112,60.26719445818902,1.298618292985395,-1.8517768993025072,5,Frozen specification,54.015383803914034,60.21821472788821,Pooled earlier origins,51.4095344842656,62.824064047536645,Pooled earlier origins,5
Hungary,HUN,2017,2022,Carbapenems,0.050327126321087,0.1988071570576541,2515.0,0.0103746049454519,0.050327126321087,0.1884325521122021,0.1484800307365671,5,Frozen specification,0.0,3.11179006693254,Pooled earlier origins,0.0,5.7176393865809745,Pooled earlier origins,5
Hungary,HUN,2017,2022,Fluoroquinolones,30.61921014139444,29.27696562623469,2531.0,27.36838399766592,30.61921014139444,1.908581628568772,-1.3422445151597486,5,Frozen specification,24.26696853567883,30.469799459653007,Pooled earlier origins,21.661119216030396,33.075648779301446,Pooled earlier origins,5
Hungary,HUN,2017,2022,Third-generation cephalosporins,20.11661807580175,22.57309941520468,2565.0,19.90826506165521,20.11661807580175,2.664834353549466,2.456481339402931,5,Frozen specification,16.806849599668123,23.0096805236423,Pooled earlier origins,14.201000280019688,25.615529843290734,Pooled earlier origins,5
Ireland,IRL,2017,2022,Aminoglycosides,11.943643932116554,8.655126498002662,3004.0,10.414608790286929,11.943643932116554,-1.7594822922842663,-3.288517434113892,5,Frozen specification,7.313193328299841,13.516024252274017,Pooled earlier origins,4.707344008651406,16.12187357192245,Pooled earlier origins,5
Ireland,IRL,2017,2022,Aminopenicillins,69.80942828485456,61.77156177156177,3003.0,62.79820736131828,69.80942828485456,-1.0266455897565123,-8.03786651329279,5,Frozen specification,59.696791899331195,65.89962282330538,Pooled earlier origins,57.09094257968276,68.5054721429538,Pooled earlier origins,5
Ireland,IRL,2017,2022,Carbapenems,0.0320924261874197,0.0,2996.0,0.0125713207254981,0.0320924261874197,-0.0125713207254981,-0.0320924261874197,5,Frozen specification,0.0,3.113986782712586,Pooled earlier origins,0.0,5.719836102361021,Pooled earlier origins,5
Ireland,IRL,2017,2022,Fluoroquinolones,23.597306829111893,15.6,3000.0,17.023414403735202,23.597306829111893,-1.4234144037352028,-7.997306829111894,5,Frozen specification,13.921998941748114,20.12482986572229,Pooled earlier origins,11.31614962209968,22.730679185370725,Pooled earlier origins,5
Ireland,IRL,2017,2022,Third-generation cephalosporins,11.983338673502082,9.67741935483871,3007.0,10.3364304843972,11.983338673502082,-0.6590111295584915,-2.3059193186633724,5,Frozen specification,7.235015022410112,13.437845946384288,Pooled earlier origins,4.629165702761677,16.04369526603272,Pooled earlier origins,5
Iceland,ISL,2017,2022,Aminoglycosides,5.633802816901408,7.659574468085107,235.0,6.557460166253838,5.633802816901408,1.102114301831269,2.0257716511836987,5,Frozen specification,3.45604470426675,9.658875628240926,Pooled earlier origins,0.8501953846183152,12.264724947889361,Pooled earlier origins,5
Iceland,ISL,2017,2022,Aminopenicillins,41.31455399061033,46.80851063829788,235.0,46.65548657350174,41.31455399061033,0.153024064796142,5.493956647687554,5,Frozen specification,43.55407111151465,49.75690203548883,Pooled earlier origins,40.94822179186622,52.36275135513726,Pooled earlier origins,5
Iceland,ISL,2017,2022,Carbapenems,0.0,0.0,235.0,0.0018801142263427,0.0,-0.0018801142263427,0.0,5,Frozen specification,0.0,3.1032955762134304,Pooled earlier origins,0.0,5.709144895861866,Pooled earlier origins,5
Iceland,ISL,2017,2022,Fluoroquinolones,11.55778894472362,10.212765957446807,235.0,11.470604316274889,11.55778894472362,-1.2578383588280797,-1.3450229872768134,5,Frozen specification,8.3691888542878,14.572019778261977,Pooled earlier origins,5.763339534639366,17.17786909791041,Pooled earlier origins,5
Iceland,ISL,2017,2022,Third-generation cephalosporins,6.103286384976526,9.787234042553193,235.0,9.486635369673222,6.103286384976526,0.3005986728799712,3.6839476575766654,5,Frozen specification,6.385219907686134,12.58805083166031,Pooled earlier origins,3.7793705880376987,15.193900151308744,Pooled earlier origins,5
Italy,ITA,2017,2022,Aminoglycosides,18.4188393608074,14.197579377554227,25448.0,14.480538581656198,18.4188393608074,-0.2829592041019708,-4.221259983253173,5,Frozen specification,11.37912311966911,17.581954043643286,Pooled earlier origins,8.773273800020675,20.18780336329172,Pooled earlier origins,5
Italy,ITA,2017,2022,Aminopenicillins,67.11623344776851,61.55467720685112,7590.0,61.5696957790194,67.11623344776851,-0.0150185721682802,-5.56155624091739,5,Frozen specification,58.46828031703231,64.67111124100649,Pooled earlier origins,55.862430997383875,67.27696056065491,Pooled earlier origins,5
Italy,ITA,2017,2022,Carbapenems,0.2884615384615384,0.2703602029781216,24042.0,0.3348599941956321,0.2884615384615384,-0.0644997912175105,-0.0181013354834168,5,Frozen specification,0.0,3.4362754561827202,Pooled earlier origins,0.0,6.042124775831155,Pooled earlier origins,5
Italy,ITA,2017,2022,Fluoroquinolones,44.93880489560835,31.627172195892577,25320.0,34.37922977748771,44.93880489560835,-2.752057581595132,-13.311632699715773,5,Frozen specification,31.27781431550062,37.480645239474796,Pooled earlier origins,28.671964995852186,40.08649455912323,Pooled earlier origins,5
Italy,ITA,2017,2022,Third-generation cephalosporins,29.489896848947293,24.24384159650764,25656.0,24.860443365910907,29.489896848947293,-0.6166017694032675,-5.246055252439653,5,Frozen specification,21.75902790392382,27.961858827897995,Pooled earlier origins,19.153178584275384,30.56770814754643,Pooled earlier origins,5
Lithuania,LTU,2017,2022,Aminoglycosides,8.254716981132075,8.333333333333334,1308.0,9.379262208601052,8.254716981132075,-1.0459288752677178,0.0786163522012586,5,Frozen specification,6.277846746613964,12.48067767058814,Pooled earlier origins,3.671997426965529,15.086526990236575,Pooled earlier origins,5
Lithuania,LTU,2017,2022,Aminopenicillins,57.751479289940825,58.86415963161934,1303.0,56.23110282616897,57.751479289940825,2.633056805450366,1.1126803416785125,5,Frozen specification,53.12968736418188,59.33251828815606,Pooled earlier origins,50.52383804453345,61.938367607804494,Pooled earlier origins,5
Lithuania,LTU,2017,2022,Carbapenems,0.0,0.2291825821237585,1309.0,0.063207447074065,0.0,0.1659751350496934,0.2291825821237585,5,Frozen specification,0.0,3.164622909061153,Pooled earlier origins,0.0,5.770472228709588,Pooled earlier origins,5
Lithuania,LTU,2017,2022,Fluoroquinolones,25.206124852767964,19.02552204176334,1293.0,18.936204834928485,25.206124852767964,0.0893172068348562,-6.180602811004622,5,Frozen specification,15.834789372941398,22.037620296915573,Pooled earlier origins,13.228940053292963,24.64346961656401,Pooled earlier origins,5
Lithuania,LTU,2017,2022,Third-generation cephalosporins,16.784037558685448,15.431627196333078,1309.0,16.673519539471883,16.784037558685448,-1.2418923431388045,-1.352410362352369,5,Frozen specification,13.572104077484795,19.77493500145897,Pooled earlier origins,10.96625475783636,22.380784321107406,Pooled earlier origins,5
Luxembourg,LUX,2017,2022,Aminoglycosides,10.392609699769054,7.249466950959488,469.0,9.629009798138522,10.392609699769054,-2.3795428471790343,-3.1431427488095656,5,Frozen specification,6.527594336151434,12.73042526012561,Pooled earlier origins,3.9217450165029994,15.336274579774045,Pooled earlier origins,5
Luxembourg,LUX,2017,2022,Aminopenicillins,55.8891454965358,49.68017057569296,469.0,54.00683565398391,55.8891454965358,-4.326665078290944,-6.208974920842834,5,Frozen specification,50.905420191996825,57.108251115971,Pooled earlier origins,48.29957087234839,59.714100435619436,Pooled earlier origins,5
Luxembourg,LUX,2017,2022,Carbapenems,0.0,0.0,469.0,0.0553419736878819,0.0,-0.0553419736878819,0.0,5,Frozen specification,0.0,3.1567574356749697,Pooled earlier origins,0.0,5.762606755323405,Pooled earlier origins,5
Luxembourg,LUX,2017,2022,Fluoroquinolones,22.86374133949192,16.844349680170577,469.0,21.23903728966617,22.86374133949192,-4.394687609495595,-6.019391659321343,5,Frozen specification,18.137621827679084,24.34045275165326,Pooled earlier origins,15.531772508030649,26.946302071301695,Pooled earlier origins,5
Luxembourg,LUX,2017,2022,Third-generation cephalosporins,9.699769053117782,10.447761194029852,469.0,11.643566541579856,9.699769053117782,-1.195805347550003,0.7479921409120696,5,Frozen specification,8.542151079592768,14.744982003566944,Pooled earlier origins,5.9363017599443335,17.35083132321538,Pooled earlier origins,5
Latvia,LVA,2017,2022,Aminoglycosides,13.432835820895525,11.801242236024844,483.0,14.355028194492752,13.432835820895525,-2.5537859584679072,-1.6315935848706804,5,Frozen specification,11.253612732505664,17.45644365647984,Pooled earlier origins,8.647763412857229,20.062292976128276,Pooled earlier origins,5
Latvia,LVA,2017,2022,Aminopenicillins,60.3960396039604,51.851851851851855,432.0,54.79348849711041,60.3960396039604,-2.941636645258555,-8.544187752108549,5,Frozen specification,51.69207303512332,57.8949039590975,Pooled earlier origins,49.08622371547489,60.50075327874593,Pooled earlier origins,5
Latvia,LVA,2017,2022,Carbapenems,0.0,0.0,481.0,0.0004313188207236,0.0,-0.0004313188207236,0.0,5,Frozen specification,0.0,3.1018467808078114,Pooled earlier origins,0.0,5.707696100456246,Pooled earlier origins,5
Latvia,LVA,2017,2022,Fluoroquinolones,30.34825870646766,21.82952182952183,481.0,26.75592066897105,30.34825870646766,-4.92639883944922,-8.51873687694583,5,Frozen specification,23.654505206983963,29.85733613095814,Pooled earlier origins,21.048655887335528,32.463185450606574,Pooled earlier origins,5
Latvia,LVA,2017,2022,Third-generation cephalosporins,21.951219512195124,20.041322314049587,484.0,20.91905174999693,21.951219512195124,-0.877729435947348,-1.9098971981455364,5,Frozen specification,17.817636288009844,24.02046721198402,Pooled earlier origins,15.211786968361409,26.626316531632455,Pooled earlier origins,5
Malta,MLT,2017,2022,Aminoglycosides,10.828025477707008,11.96319018404908,326.0,11.114242277485085,10.828025477707008,0.848947906563998,1.1351647063420724,5,Frozen specification,8.012826815497997,14.215657739472173,Pooled earlier origins,5.406977495849562,16.821507059120606,Pooled earlier origins,5
Malta,MLT,2017,2022,Aminopenicillins,59.554140127388536,62.88343558282209,326.0,60.23273550053741,59.554140127388536,2.650700082284679,3.3292954554335523,5,Frozen specification,57.13132003855032,63.3341509625245,Pooled earlier origins,54.525470718901886,65.94000028217293,Pooled earlier origins,5
Malta,MLT,2017,2022,Carbapenems,0.0,0.0,326.0,0.0003592604023055,0.0,-0.0003592604023055,0.0,5,Frozen specification,0.0,3.1017747223893934,Pooled earlier origins,0.0,5.707624042037828,Pooled earlier origins,5
Malta,MLT,2017,2022,Fluoroquinolones,43.31210191082803,26.380368098159508,326.0,33.751599697798504,43.31210191082803,-7.371231599638996,-16.93173381266852,5,Frozen specification,30.650184235811416,36.85301515978559,Pooled earlier origins,28.04433491616298,39.45886447943403,Pooled earlier origins,5
Malta,MLT,2017,2022,Third-generation cephalosporins,15.605095541401274,11.349693251533742,326.0,13.915772059482316,15.605095541401274,-2.566078807948573,-4.255402289867533,5,Frozen specification,10.814356597495228,17.017187521469403,Pooled earlier origins,8.208507277846794,19.623036841117838,Pooled earlier origins,5
Netherlands,NLD,2017,2022,Aminoglycosides,5.897231096911608,6.166851441241685,7216.0,5.960315669691417,5.897231096911608,0.2065357715502687,0.2696203443300771,5,Frozen specification,2.8589002077043286,9.061731131678505,Pooled earlier origins,0.2530508880558937,11.66758045132694,Pooled earlier origins,5
Netherlands,NLD,2017,2022,Aminopenicillins,45.97976570820021,40.92926490984743,7210.0,41.61917242854772,45.97976570820021,-0.6899075187002879,-5.050500798352779,5,Frozen specification,38.51775696656063,44.72058789053481,Pooled earlier origins,35.9119076469122,47.326437210183244,Pooled earlier origins,5
Netherlands,NLD,2017,2022,Carbapenems,0.0133226751931787,0.0416088765603328,7210.0,0.0391423808989727,0.0133226751931787,0.00246649566136,0.028286201367154,5,Frozen specification,0.0,3.1405578428860608,Pooled earlier origins,0.0,5.746407162534496,Pooled earlier origins,5
Netherlands,NLD,2017,2022,Fluoroquinolones,14.418852349886834,13.142936364896714,7213.0,13.48898487477229,14.418852349886834,-0.3460485098755761,-1.2759159849901192,5,Frozen specification,10.387569412785203,16.59040033675938,Pooled earlier origins,7.781720093136768,19.196249656407815,Pooled earlier origins,5
Netherlands,NLD,2017,2022,Third-generation cephalosporins,6.365694499933413,7.747747747747748,7215.0,6.5702320589805545,6.365694499933413,1.1775156887671931,1.3820532478143344,5,Frozen specification,3.4688165969934666,9.671647520967642,Pooled earlier origins,0.8629672773450316,12.277496840616077,Pooled earlier origins,5
Norway,NOR,2017,2022,Aminoglycosides,7.181136120042872,5.403288958496476,3831.0,5.656237480451395,7.181136120042872,-0.2529485219549192,-1.7778471615463962,5,Frozen specification,2.554822018464307,8.757652942438483,Pooled earlier origins,0.0,11.363502262086918,Pooled earlier origins,5
Norway,NOR,2017,2022,Aminopenicillins,42.1602787456446,37.78431897243778,3737.0,38.81537569116615,42.1602787456446,-1.0310567187283723,-4.375959773206816,5,Frozen specification,35.713960229179065,41.91679115315324,Pooled earlier origins,33.10811090953063,44.522640472801676,Pooled earlier origins,5
Norway,NOR,2017,2022,Carbapenems,0.0803643182427002,0.0267522739432851,3738.0,0.0471935352437463,0.0803643182427002,-0.0204412613004612,-0.0536120442994151,5,Frozen specification,0.0,3.148608997230834,Pooled earlier origins,0.0,5.754458316879269,Pooled earlier origins,5
Norway,NOR,2017,2022,Fluoroquinolones,13.562047708389173,10.520665593129362,3726.0,11.744001842489585,13.562047708389173,-1.223336249360223,-3.041382115259811,5,Frozen specification,8.642586380502497,14.845417304476673,Pooled earlier origins,6.036737060854062,17.451266624125108,Pooled earlier origins,5
Norway,NOR,2017,2022,Third-generation cephalosporins,5.865024102838778,5.830435945439957,3739.0,5.774388574925098,5.865024102838778,0.0560473705148591,-0.0345881573988213,5,Frozen specification,2.67297311293801,8.875804036912186,Pooled earlier origins,0.06712379328957496,11.48165335656062,Pooled earlier origins,5
Poland,POL,2017,2022,Aminoglycosides,14.012504597278411,12.325783972125436,2296.0,13.611380976094388,14.012504597278411,-1.2855970039689524,-1.6867206251529758,5,Frozen specification,10.5099655141073,16.712796438081476,Pooled earlier origins,7.904116194458865,19.31864575772991,Pooled earlier origins,5
Poland,POL,2017,2022,Aminopenicillins,69.44140197152245,57.17619603267211,857.0,59.58377138360854,69.44140197152245,-2.4075753509364333,-12.265205938850343,5,Frozen specification,56.482355921621455,62.68518684559563,Pooled earlier origins,53.87650660197302,65.29103616524407,Pooled earlier origins,5
Poland,POL,2017,2022,Carbapenems,0.0364830353885443,0.0815993472052223,2451.0,0.1044828100414403,0.0364830353885443,-0.022883462836218,0.045116311816678,5,Frozen specification,0.0,3.205898272028528,Pooled earlier origins,0.0,5.811747591676963,Pooled earlier origins,5
Poland,POL,2017,2022,Fluoroquinolones,35.86244541484716,30.81103678929766,2392.0,32.737576356687015,35.86244541484716,-1.926539567389355,-5.051408625549499,5,Frozen specification,29.636160894699927,35.8389918186741,Pooled earlier origins,27.030311575051492,38.44484113832254,Pooled earlier origins,5
Poland,POL,2017,2022,Third-generation cephalosporins,16.678297278436848,18.688265507704465,2531.0,17.47412482312441,16.678297278436848,1.2141406845800553,2.009968229267617,5,Frozen specification,14.372709361137321,20.575540285111497,Pooled earlier origins,11.766860041488886,23.181389604759932,Pooled earlier origins,5
Portugal,PRT,2017,2022,Aminoglycosides,11.930483795209016,11.706349206349206,5544.0,10.70145143831876,11.930483795209016,1.004897768030446,-0.22413458885981,5,Frozen specification,7.600035976331672,13.802866900305848,Pooled earlier origins,4.994186656683237,16.408716219954282,Pooled earlier origins,5
Portugal,PRT,2017,2022,Aminopenicillins,56.22097678142514,52.187386073642,5486.0,53.67190941891717,56.22097678142514,-1.4845233452751714,-4.033590707783141,5,Frozen specification,50.57049395693008,56.773324880904255,Pooled earlier origins,47.964644637281644,59.37917420055269,Pooled earlier origins,5
Portugal,PRT,2017,2022,Carbapenems,0.3289473684210526,0.3170458784035807,5362.0,0.356043753342352,0.3289473684210526,-0.0389978749387712,-0.0119014900174718,5,Frozen specification,0.0,3.45745921532944,Pooled earlier origins,0.0,6.063308534977875,Pooled earlier origins,5
Portugal,PRT,2017,2022,Fluoroquinolones,27.27272727272728,21.44665461121157,5530.0,24.79961222559494,27.27272727272728,-3.352957614383371,-5.82607266151571,5,Frozen specification,21.698196763607854,27.90102768758203,Pooled earlier origins,19.09234744395942,30.506877007230464,Pooled earlier origins,5
Portugal,PRT,2017,2022,Third-generation cephalosporins,15.587641670548052,14.096996018820125,5526.0,13.816740581718577,15.587641670548052,0.2802554371015482,-1.4906456517279274,5,Frozen specification,10.715325119731489,16.918156043705665,Pooled earlier origins,8.109475800083054,19.5240053633541,Pooled earlier origins,5
Romania,ROU,2017,2022,Aminoglycosides,15.2046783625731,11.960132890365449,602.0,12.62321266697013,15.2046783625731,-0.6630797766046808,-3.244545472207651,5,Frozen specification,9.521797204983041,15.724628128957217,Pooled earlier origins,6.915947885334607,18.330477448605652,Pooled earlier origins,5
Romania,ROU,2017,2022,Aminopenicillins,68.21862348178138,62.361623616236166,542.0,64.16114877264911,68.21862348178138,-1.7995251564129475,-5.8569998655452125,5,Frozen specification,61.059733310662025,67.2625642346362,Pooled earlier origins,58.45388399101359,69.86841355428464,Pooled earlier origins,5
Romania,ROU,2017,2022,Carbapenems,0.392156862745098,0.5738880918220947,697.0,0.5124749254377625,0.392156862745098,0.0614131663843321,0.1817312290769966,5,Frozen specification,0.0,3.6138903874248505,Pooled earlier origins,0.0,6.219739707073286,Pooled earlier origins,5
Romania,ROU,2017,2022,Fluoroquinolones,26.44787644787645,23.768115942028984,690.0,25.47469445525023,26.44787644787645,-1.7065785132212454,-2.679760505847465,5,Frozen specification,22.373278993263142,28.576109917237318,Pooled earlier origins,19.767429673614707,31.181959236885753,Pooled earlier origins,5
Romania,ROU,2017,2022,Third-generation cephalosporins,18.725868725868725,17.82608695652174,690.0,21.948323505790487,18.725868725868725,-4.122236549268749,-0.899781769346987,5,Frozen specification,18.8469080438034,25.049738967777575,Pooled earlier origins,16.241058724154964,27.65558828742601,Pooled earlier origins,5
Slovakia,SVK,2017,2022,Aminoglycosides,22.51428571428572,13.79310344827586,783.0,17.295669370620594,22.51428571428572,-3.5025659223447345,-8.72118226600986,5,Frozen specification,14.194253908633506,20.397084832607682,Pooled earlier origins,11.588404588985071,23.002934152256117,Pooled earlier origins,5
Slovakia,SVK,2017,2022,Aminopenicillins,64.94724501758499,54.23728813559322,767.0,56.78583896761418,64.94724501758499,-2.5485508320209647,-10.709956881991772,5,Frozen specification,53.684423505627095,59.88725442960127,Pooled earlier origins,51.07857418597866,62.493103749249705,Pooled earlier origins,5
Slovakia,SVK,2017,2022,Carbapenems,0.0,0.0,738.0,0.0090782799617158,0.0,-0.0090782799617158,0.0,5,Frozen specification,0.0,3.1104937419488037,Pooled earlier origins,0.0,5.716343061597239,Pooled earlier origins,5
Slovakia,SVK,2017,2022,Fluoroquinolones,43.197278911564624,32.35294117647059,782.0,32.90172755172405,43.197278911564624,-0.5487863752534636,-10.844337735094037,5,Frozen specification,29.800312089736963,36.00314301371114,Pooled earlier origins,27.194462770088528,38.60899233335957,Pooled earlier origins,5
Slovakia,SVK,2017,2022,Third-generation cephalosporins,30.91954022988505,23.697916666666668,768.0,24.97943965163829,30.91954022988505,-1.2815229849716303,-7.221623563218383,5,Frozen specification,21.878024189651203,28.08085511362538,Pooled earlier origins,19.272174870002768,30.686704433273814,Pooled earlier origins,5
Slovenia,SVN,2017,2022,Aminoglycosides,11.428571428571429,7.951807228915663,1660.0,8.845559161078763,11.428571428571429,-0.8937519321630996,-3.476764199655766,5,Frozen specification,5.7441436990916745,11.94697462306585,Pooled earlier origins,3.1382943794432396,14.552823942714285,Pooled earlier origins,5
Slovenia,SVN,2017,2022,Aminopenicillins,51.56794425087108,49.00542495479204,1659.0,51.7850847050115,51.56794425087108,-2.7796597502194587,-2.5625192960790386,5,Frozen specification,48.68366924302441,54.88650016699859,Pooled earlier origins,46.077819923375976,57.49234948664702,Pooled earlier origins,5
Slovenia,SVN,2017,2022,Carbapenems,0.0,0.0,1660.0,0.0014878650078872,0.0,-0.0014878650078872,0.0,5,Frozen specification,0.0,3.102903326994975,Pooled earlier origins,0.0,5.70875264664341,Pooled earlier origins,5
Slovenia,SVN,2017,2022,Fluoroquinolones,24.87346348517715,16.566265060240966,1660.0,17.920168677682923,24.87346348517715,-1.353903617441958,-8.307198424936185,5,Frozen specification,14.818753215695835,21.02158413967001,Pooled earlier origins,12.2129038960474,23.627433459318446,Pooled earlier origins,5
Slovenia,SVN,2017,2022,Third-generation cephalosporins,12.473867595818817,9.337349397590362,1660.0,10.829559413967042,12.473867595818817,-1.4922100163766796,-3.1365181982284547,5,Frozen specification,7.728143951979954,13.93097487595413,Pooled earlier origins,5.122294632331519,16.536824195602563,Pooled earlier origins,5
Sweden,SWE,2017,2022,Aminoglycosides,6.495310871830497,5.659304199450185,10549.0,5.884253776330552,6.495310871830497,-0.2249495768803671,-0.8360066723803117,5,Frozen specification,2.782838314343464,8.98566923831764,Pooled earlier origins,0.17698899469502916,11.591518557966076,Pooled earlier origins,5
Sweden,SWE,2017,2022,Carbapenems,0.0173340266944011,0.0378859632506156,10558.0,0.0341218260615015,0.0173340266944011,0.003764137189114,0.0205519365562144,5,Frozen specification,0.0,3.1355372880485897,Pooled earlier origins,0.0,5.741386607697025,Pooled earlier origins,5
Sweden,SWE,2017,2022,Fluoroquinolones,15.793127386324192,13.820983544183392,10513.0,14.029774971860435,15.793127386324192,-0.2087914276770455,-1.9721438421408009,5,Frozen specification,10.928359509873347,17.13119043384752,Pooled earlier origins,8.322510190224913,19.737039753495957,Pooled earlier origins,5
Sweden,SWE,2017,2022,Third-generation cephalosporins,7.357512953367876,7.507336930796176,10563.0,7.745056172034359,7.357512953367876,-0.2377192412381834,0.1498239774282996,5,Frozen specification,4.643640710047271,10.846471634021448,Pooled earlier origins,2.0377913903988363,13.452320953669883,Pooled earlier origins,5
Austria,AUT,2018,2023,Aminoglycosides,8.226495726495726,5.3560042507970245,4705.0,5.97635749363579,8.226495726495726,-0.6203532428387657,-2.870491475698701,5,Frozen specification,3.411710837847485,8.541004149424095,Antibiotic-specific earlier origins,0.0,12.851051651426674,Antibiotic-specific earlier origins,5
Austria,AUT,2018,2023,Aminopenicillins,50.65982404692082,46.42784032753327,4885.0,45.77102560536875,50.65982404692082,0.6568147221645191,-4.23198371938755,5,Frozen specification,42.44632541835729,49.09572579238021,Antibiotic-specific earlier origins,39.80267246374614,51.739378746991356,Antibiotic-specific earlier origins,5
Austria,AUT,2018,2023,Carbapenems,0.0718907260963335,0.1308166697813493,5351.0,0.0878891379112331,0.0718907260963335,0.042927531870116,0.0589259436850157,5,Frozen specification,0.0,0.2763216900234352,Antibiotic-specific earlier origins,0.0,0.7525315497652167,Antibiotic-specific earlier origins,5
Austria,AUT,2018,2023,Fluoroquinolones,21.852438809649588,15.030504714364948,5409.0,15.262282856925111,21.852438809649588,-0.2317781425601648,-6.82193409528464,5,Frozen specification,10.867595247429517,19.656970466420706,Antibiotic-specific earlier origins,7.891051257286115,22.633514456564107,Antibiotic-specific earlier origins,5
Austria,AUT,2018,2023,Third-generation cephalosporins,10.208039492242596,9.852485885995264,5491.0,8.601658786333385,10.208039492242596,1.2508270996618798,-0.3555536062473319,5,Frozen specification,5.818247275068533,11.385070297598237,Antibiotic-specific earlier origins,3.531563527159019,13.67175404550775,Antibiotic-specific earlier origins,5
Belgium,BEL,2018,2023,Aminoglycosides,7.404500261643118,7.576132706115375,4039.0,6.404412177659494,7.404500261643118,1.1717205284558814,0.171632444472257,5,Frozen specification,3.839765521871189,8.9690588334478,Antibiotic-specific earlier origins,0.0,13.279106335450379,Antibiotic-specific earlier origins,5
Belgium,BEL,2018,2023,Aminopenicillins,55.79302587176603,55.658347676419965,4648.0,55.38246478091322,55.79302587176603,0.2758828955067471,-0.134678195346062,5,Frozen specification,52.05776459390175,58.70716496792468,Antibiotic-specific earlier origins,49.41411163929061,61.350817922535825,Antibiotic-specific earlier origins,5
Belgium,BEL,2018,2023,Carbapenems,0.0646412411118293,0.0806776926179911,4958.0,0.0730787975991913,0.0646412411118293,0.0075988950187997,0.0160364515061618,5,Frozen specification,0.0,0.2615113497113934,Antibiotic-specific earlier origins,0.0,0.737721209453175,Antibiotic-specific earlier origins,5
Belgium,BEL,2018,2023,Fluoroquinolones,21.80004749465685,18.236836796449467,4957.0,17.96496920747863,21.80004749465685,0.2718675889708351,-3.563210698207385,5,Frozen specification,13.570281597983037,22.359656816974226,Antibiotic-specific earlier origins,10.593737607839635,25.336200807117628,Antibiotic-specific earlier origins,5
Belgium,BEL,2018,2023,Third-generation cephalosporins,9.022394487510766,10.088781275221953,4956.0,8.994726661064592,9.022394487510766,1.0940546141573613,1.0663867877111866,5,Frozen specification,6.21131514979974,11.778138172329443,Antibiotic-specific earlier origins,3.9246314018902257,14.064821920238957,Antibiotic-specific earlier origins,5
Bulgaria,BGR,2018,2023,Aminoglycosides,28.363636363636363,28.431372549019606,306.0,29.203951530409054,28.363636363636363,-0.7725789813894473,0.067736185383243,5,Frozen specification,26.63930487462075,31.76859818619736,Antibiotic-specific earlier origins,22.32925737261817,36.07864568819994,Antibiotic-specific earlier origins,5
Bulgaria,BGR,2018,2023,Aminopenicillins,66.55052264808363,66.99346405228758,306.0,63.90567832278289,66.55052264808363,3.087785729504688,0.4429414042039497,5,Frozen specification,60.58097813577143,67.23037850979435,Antibiotic-specific earlier origins,57.93732518116028,69.8740314644055,Antibiotic-specific earlier origins,5
Bulgaria,BGR,2018,2023,Carbapenems,1.36986301369863,0.326797385620915,306.0,0.526342489777297,1.36986301369863,-0.199545104156382,-1.043065628077715,5,Frozen specification,0.3379099376650949,0.7147750418894991,Antibiotic-specific earlier origins,0.0,1.1909849016312806,Antibiotic-specific earlier origins,5
Bulgaria,BGR,2018,2023,Fluoroquinolones,41.78082191780822,39.869281045751634,306.0,36.83157274956024,41.78082191780822,3.037708296191397,-1.911540872056584,5,Frozen specification,32.436885140064646,41.22626035905583,Antibiotic-specific earlier origins,29.46034114992124,44.20280434919923,Antibiotic-specific earlier origins,5
Bulgaria,BGR,2018,2023,Third-generation cephalosporins,38.6986301369863,37.25490196078432,306.0,38.04898898100739,38.6986301369863,-0.794087020223067,-1.4437281762019794,5,Frozen specification,35.26557746974254,40.83240049227224,Antibiotic-specific earlier origins,32.978893721833025,43.119084240181756,Antibiotic-specific earlier origins,5
Cyprus,CYP,2018,2023,Aminoglycosides,19.86754966887417,18.484848484848484,330.0,16.54304871465273,19.86754966887417,1.941799770195754,-1.3827011840256844,5,Frozen specification,13.978402058864425,19.107695370441036,Antibiotic-specific earlier origins,9.668354556861846,23.417742872443615,Antibiotic-specific earlier origins,5
Cyprus,CYP,2018,2023,Aminopenicillins,64.90066225165563,68.90243902439025,328.0,64.41440120219389,64.90066225165563,4.488037822196361,4.001776772734615,5,Frozen specification,61.08970101518243,67.73910138920535,Antibiotic-specific earlier origins,58.44604806057128,70.38275434381649,Antibiotic-specific earlier origins,5
Cyprus,CYP,2018,2023,Carbapenems,2.0,0.9063444108761328,331.0,0.9348563663788734,2.0,-0.0285119555027405,-1.093655589123867,5,Frozen specification,0.7464238142666713,1.1232889184910755,Antibiotic-specific earlier origins,0.2702139545248897,1.599498778232857,Antibiotic-specific earlier origins,5
Cyprus,CYP,2018,2023,Fluoroquinolones,42.3841059602649,42.90030211480362,331.0,46.49571694878532,42.3841059602649,-3.5954148339816925,0.5161961545387257,5,Frozen specification,42.101029339289724,50.89040455828092,Antibiotic-specific earlier origins,39.124485349146326,53.86694854842432,Antibiotic-specific earlier origins,5
Cyprus,CYP,2018,2023,Third-generation cephalosporins,37.086092715231786,34.74320241691843,331.0,34.15832077061046,37.086092715231786,0.58488164630797,-2.342890298313357,5,Frozen specification,31.374909259345607,36.94173228187531,Antibiotic-specific earlier origins,29.088225511436093,39.228416029784825,Antibiotic-specific earlier origins,5
Czechia,CZE,2018,2023,Aminoglycosides,9.470216854241013,9.763617677286742,3892.0,9.846980299399323,9.470216854241013,-0.0833626221125829,0.2934008230457294,5,Frozen specification,7.282333643611018,12.411626955187629,Antibiotic-specific earlier origins,2.972286141608439,16.721674457190208,Antibiotic-specific earlier origins,5
Czechia,CZE,2018,2023,Aminopenicillins,54.2032967032967,51.56731757451182,3892.0,52.04489402456077,54.2032967032967,-0.4775764500489501,-2.635979128784882,5,Frozen specification,48.7201938375493,55.369594211572235,Antibiotic-specific earlier origins,46.07654088293816,58.013247166183376,Antibiotic-specific earlier origins,5
Czechia,CZE,2018,2023,Carbapenems,0.0570776255707762,0.0,1846.0,0.0928791979075284,0.0570776255707762,-0.0928791979075284,-0.0570776255707762,5,Frozen specification,0.0,0.2813117500197305,Antibiotic-specific earlier origins,0.0,0.7575216097615121,Antibiotic-specific earlier origins,5
Czechia,CZE,2018,2023,Fluoroquinolones,24.271577789994502,17.17665209565441,3889.0,19.807659488970938,24.271577789994502,-2.6310073933165263,-7.094925694340091,5,Frozen specification,15.412971879475343,24.202347098466532,Antibiotic-specific earlier origins,12.436427889331942,27.178891088609934,Antibiotic-specific earlier origins,5
Czechia,CZE,2018,2023,Third-generation cephalosporins,15.21560010985993,15.878725590955806,3892.0,14.584273911372795,15.21560010985993,1.2944516795830108,0.6631254810958769,5,Frozen specification,11.800862400107944,17.36768542263765,Antibiotic-specific earlier origins,9.51417865219843,19.654369170547163,Antibiotic-specific earlier origins,5
Germany,DEU,2018,2023,Aminoglycosides,6.87806230932791,5.346322917904241,33668.0,5.731992146829798,6.87806230932791,-0.3856692289255568,-1.5317393914236686,5,Frozen specification,3.167345491041493,8.296638802618103,Antibiotic-specific earlier origins,0.0,12.606686304620682,Antibiotic-specific earlier origins,5
Germany,DEU,2018,2023,Aminopenicillins,49.22988340290773,46.33612513496951,34267.0,45.23026507652462,49.22988340290773,1.1058600584448897,-2.8937582679382245,5,Frozen specification,41.90556488951316,48.554965263536076,Antibiotic-specific earlier origins,39.26191193490201,51.198618218147224,Antibiotic-specific earlier origins,5
Germany,DEU,2018,2023,Carbapenems,0.0182174249669809,0.0449148022345114,35623.0,0.0982420385238492,0.0182174249669809,-0.0533272362893378,0.0266973772675305,5,Frozen specification,0.0,0.28667459063605133,Antibiotic-specific earlier origins,0.0,0.7628844503778328,Antibiotic-specific earlier origins,5
Germany,DEU,2018,2023,Fluoroquinolones,19.82876400400765,16.589278176445756,35535.0,15.325344965293867,19.82876400400765,1.2639332111518886,-3.239485827561893,5,Frozen specification,10.930657355798273,19.720032574789464,Antibiotic-specific earlier origins,7.954113365654871,22.69657656493286,Antibiotic-specific earlier origins,5
Germany,DEU,2018,2023,Third-generation cephalosporins,12.197007594706443,9.688649316376091,35619.0,11.020180256705808,12.197007594706443,-1.3315309403297153,-2.508358278330352,5,Frozen specification,8.236768745440957,13.80359176797066,Antibiotic-specific earlier origins,5.950084997531443,16.090275515880172,Antibiotic-specific earlier origins,5
Denmark,DNK,2018,2023,Aminoglycosides,5.7481921008715,4.48706970371639,5839.0,4.773298594888719,5.7481921008715,-0.2862288911723292,-1.26112239715511,5,Frozen specification,2.208651939100414,7.337945250677024,Antibiotic-specific earlier origins,0.0,11.647992752679603,Antibiotic-specific earlier origins,5
Denmark,DNK,2018,2023,Aminopenicillins,45.95950213635519,40.455250905328505,5799.0,42.13157996728339,45.95950213635519,-1.6763290619548885,-5.504251231026686,5,Frozen specification,38.80687978027193,45.45628015429486,Antibiotic-specific earlier origins,36.163226825660786,48.099933108906,Antibiotic-specific earlier origins,5
Denmark,DNK,2018,2023,Carbapenems,0.0,0.0368324125230202,5430.0,0.0434835447032252,0.0,-0.006651132180205,0.0368324125230202,5,Frozen specification,0.0,0.2319160968154273,Antibiotic-specific earlier origins,0.0,0.7081259565572089,Antibiotic-specific earlier origins,5
Denmark,DNK,2018,2023,Fluoroquinolones,13.256591162272558,10.466712422786548,5828.0,11.18906717645455,13.256591162272558,-0.722354753668002,-2.78987873948601,5,Frozen specification,6.7943795669589555,15.583754785950145,Antibiotic-specific earlier origins,3.817835576815554,18.560298776093546,Antibiotic-specific earlier origins,5
Denmark,DNK,2018,2023,Third-generation cephalosporins,7.65570039313056,6.316388467374811,5272.0,6.745255478661456,7.65570039313056,-0.4288670112866448,-1.3393119257557489,5,Frozen specification,3.9618439673966037,9.528666989926307,Antibiotic-specific earlier origins,1.6751602194870898,11.815350737835821,Antibiotic-specific earlier origins,5
Spain,ESP,2018,2023,Aminoglycosides,14.12165572942958,12.300967842647518,9609.0,13.017597582883484,14.12165572942958,-0.716629740235966,-1.8206878867820624,5,Frozen specification,10.452950927095179,15.58224423867179,Antibiotic-specific earlier origins,6.1429034250926,19.892291740674366,Antibiotic-specific earlier origins,5
Spain,ESP,2018,2023,Aminopenicillins,62.92933280694828,57.42067553735927,8793.0,56.29874759006176,62.92933280694828,1.1219279472975143,-5.508657269589008,5,Frozen specification,52.97404740305029,59.623447777073224,Antibiotic-specific earlier origins,50.33039444843915,62.267100731684366,Antibiotic-specific earlier origins,5
Spain,ESP,2018,2023,Carbapenems,0.0378596668349318,0.0545077946146298,9173.0,0.3267607531250269,0.0378596668349318,-0.2722529585103971,0.016648127779698,5,Frozen specification,0.13832820101282478,0.5151933052372291,Antibiotic-specific earlier origins,0.0,0.9914031649790105,Antibiotic-specific earlier origins,5
Spain,ESP,2018,2023,Fluoroquinolones,32.11659663865546,27.555370697722783,9617.0,28.164289780196366,32.11659663865546,-0.6089190824735837,-4.561225940932676,5,Frozen specification,23.76960217070077,32.55897738969196,Antibiotic-specific earlier origins,20.79305818055737,35.53552137983536,Antibiotic-specific earlier origins,5
Spain,ESP,2018,2023,Third-generation cephalosporins,13.757415120535152,16.215341460783257,9269.0,14.54096696663507,13.757415120535152,1.6743744941481875,2.4579263402481057,5,Frozen specification,11.757555455370218,17.32437847789992,Antibiotic-specific earlier origins,9.470871707460704,19.611062225809434,Antibiotic-specific earlier origins,5
Estonia,EST,2018,2023,Aminoglycosides,6.24263839811543,4.934823091247672,1074.0,6.991005003719918,6.24263839811543,-2.056181912472246,-1.3078153068677576,5,Frozen specification,4.426358347931613,9.555651659508223,Antibiotic-specific earlier origins,0.11631084592903385,13.865699161510802,Antibiotic-specific earlier origins,5
Estonia,EST,2018,2023,Aminopenicillins,43.54485776805252,38.07692307692308,520.0,42.773297154894095,43.54485776805252,-4.696374077971015,-5.467934691129443,5,Frozen specification,39.44859696788264,46.097997341905554,Antibiotic-specific earlier origins,36.80494401327149,48.7416502965167,Antibiotic-specific earlier origins,5
Estonia,EST,2018,2023,Carbapenems,0.0,0.0,894.0,0.0718513437691689,0.0,-0.0718513437691689,0.0,5,Frozen specification,0.0,0.260283895881371,Antibiotic-specific earlier origins,0.0,0.7364937556231526,Antibiotic-specific earlier origins,5
Estonia,EST,2018,2023,Fluoroquinolones,17.61158021712907,13.282732447817835,1054.0,15.87505639441702,17.61158021712907,-2.5923239465991834,-4.328847769311235,5,Frozen specification,11.480368784921426,20.269744003912614,Antibiotic-specific earlier origins,8.503824794778025,23.24628799405602,Antibiotic-specific earlier origins,5
Estonia,EST,2018,2023,Third-generation cephalosporins,9.764705882352942,11.439114391143912,1084.0,10.10980424635593,9.764705882352942,1.329310144787982,1.67440850879097,5,Frozen specification,7.326392735091078,12.893215757620782,Antibiotic-specific earlier origins,5.039708987181564,15.179899505530296,Antibiotic-specific earlier origins,5
Finland,FIN,2018,2023,Aminoglycosides,4.257528556593977,4.833765621315727,4241.0,4.615439260726879,4.257528556593977,0.2183263605888488,0.5762370647217505,5,Frozen specification,2.0507926049385734,7.180085916515184,Antibiotic-specific earlier origins,0.0,11.490133418517763,Antibiotic-specific earlier origins,5
Finland,FIN,2018,2023,Aminopenicillins,35.34675615212528,32.549019607843135,2550.0,32.370067855873586,35.34675615212528,0.1789517519695493,-2.797736544282145,5,Frozen specification,29.045367668862124,35.694768042885045,Antibiotic-specific earlier origins,26.40171471425098,38.33842099749619,Antibiotic-specific earlier origins,5
Finland,FIN,2018,2023,Carbapenems,0.0197745699031046,0.0234301780693533,4268.0,0.024024589428692,0.0197745699031046,-0.0005944113593387,0.0036556081662487,5,Frozen specification,0.0,0.21245714154089412,Antibiotic-specific earlier origins,0.0,0.6886670012826757,Antibiotic-specific earlier origins,5
Finland,FIN,2018,2023,Fluoroquinolones,11.481261154074955,10.302745834311194,4261.0,10.197276624396125,11.481261154074955,0.1054692099150695,-1.1785153197637612,5,Frozen specification,5.80258901490053,14.59196423389172,Antibiotic-specific earlier origins,2.8260450247571285,17.56850822403512,Antibiotic-specific earlier origins,5
Finland,FIN,2018,2023,Third-generation cephalosporins,7.609561752988048,7.0858751759737215,4262.0,6.897470635084013,7.609561752988048,0.1884045408897083,-0.5236865770143266,5,Frozen specification,4.114059123819161,9.680882146348864,Antibiotic-specific earlier origins,1.8273753759096474,11.967565894258378,Antibiotic-specific earlier origins,5
Greece,GRC,2018,2023,Aminoglycosides,15.492957746478874,20.62363238512035,1828.0,16.288343188324188,15.492957746478874,4.335289196796161,5.130674638641475,5,Frozen specification,13.723696532535882,18.852989844112493,Antibiotic-specific earlier origins,9.413649030533303,23.163037346115072,Antibiotic-specific earlier origins,5
Greece,GRC,2018,2023,Aminopenicillins,57.54847645429363,57.82140595313489,1579.0,57.32890578455341,57.54847645429363,0.4925001685814791,0.2729294988412647,5,Frozen specification,54.004205597541954,60.65360597156487,Antibiotic-specific earlier origins,51.360552642930806,63.29725892617602,Antibiotic-specific earlier origins,5
Greece,GRC,2018,2023,Carbapenems,1.0365853658536586,1.553294054633101,1867.0,1.199349534582776,1.0365853658536586,0.353944520050325,0.5167086887794425,5,Frozen specification,1.010916982470574,1.3877820866949782,Antibiotic-specific earlier origins,0.5347071227287924,1.8639919464367596,Antibiotic-specific earlier origins,5
Greece,GRC,2018,2023,Fluoroquinolones,30.778663396689147,37.77538957549704,1861.0,33.23934685136854,30.778663396689147,4.5360427241285,6.99672617880789,5,Frozen specification,28.844659241872943,37.63403446086413,Antibiotic-specific earlier origins,25.86811525172954,40.610578451007534,Antibiotic-specific earlier origins,5
Greece,GRC,2018,2023,Third-generation cephalosporins,19.32926829268293,22.82921219091432,1739.0,21.73737768984889,19.32926829268293,1.0918345010654242,3.4999438982313897,5,Frozen specification,18.95396617858404,24.520789201113743,Antibiotic-specific earlier origins,16.667282430674526,26.807472949023257,Antibiotic-specific earlier origins,5
Croatia,HRV,2018,2023,Aminoglycosides,14.87603305785124,17.755572636433513,1301.0,15.519069496739965,14.87603305785124,2.23650313969355,2.879539578582273,5,Frozen specification,12.95442284095166,18.083716152528268,Antibiotic-specific earlier origins,8.64437533894908,22.39376365453085,Antibiotic-specific earlier origins,5
Croatia,HRV,2018,2023,Aminopenicillins,57.74299835255354,57.19844357976654,1285.0,56.15563288244488,57.74299835255354,1.0428106973216629,-0.5445547727870022,5,Frozen specification,52.83093269543342,59.480333069456336,Antibiotic-specific earlier origins,50.18727974082227,62.123986024067484,Antibiotic-specific earlier origins,5
Croatia,HRV,2018,2023,Carbapenems,0.0,0.1536098310291858,1302.0,0.0798894567602036,0.0,0.0737203742689821,0.1536098310291858,5,Frozen specification,0.0,0.2683220088724057,Antibiotic-specific earlier origins,0.0,0.7445318686141873,Antibiotic-specific earlier origins,5
Croatia,HRV,2018,2023,Fluoroquinolones,30.025020850708923,29.638183217859893,1299.0,26.52654279313051,30.025020850708923,3.111640424729384,-0.3868376328490299,5,Frozen specification,22.131855183634915,30.921230402626104,Antibiotic-specific earlier origins,19.155311193491514,33.897774392769506,Antibiotic-specific earlier origins,5
Croatia,HRV,2018,2023,Third-generation cephalosporins,14.811643835616438,20.0,1310.0,18.28758114769921,14.811643835616438,1.7124188523007895,5.188356164383562,5,Frozen specification,15.504169636434359,21.070992658964062,Antibiotic-specific earlier origins,13.217485888524845,23.357676406873576,Antibiotic-specific earlier origins,5
Hungary,HUN,2018,2023,Aminoglycosides,17.402826855123674,14.778503994190269,2754.0,16.127831539471767,17.402826855123674,-1.3493275452814988,-2.6243228609334057,5,Frozen specification,13.563184883683462,18.692478195260072,Antibiotic-specific earlier origins,9.253137381680883,23.00252569726265,Antibiotic-specific earlier origins,5
Hungary,HUN,2018,2023,Aminopenicillins,62.71626297577855,57.364033346566096,2519.0,58.07326980958061,62.71626297577855,-0.7092364630145127,-5.352229629212452,5,Frozen specification,54.74856962256915,61.39796999659207,Antibiotic-specific earlier origins,52.104916667958,64.04162295120321,Antibiotic-specific earlier origins,5
Hungary,HUN,2018,2023,Carbapenems,0.0,0.2232142857142857,2688.0,0.0650497369831417,0.0,0.158164548731144,0.2232142857142857,5,Frozen specification,0.0,0.2534822890953438,Antibiotic-specific earlier origins,0.0,0.7296921488371253,Antibiotic-specific earlier origins,5
Hungary,HUN,2018,2023,Fluoroquinolones,33.24873096446701,25.98828696925329,2732.0,28.63571401686319,33.24873096446701,-2.6474270476098987,-7.260443995213716,5,Frozen specification,24.241026407367595,33.03040162635878,Antibiotic-specific earlier origins,21.264482417224194,36.006945616502186,Antibiotic-specific earlier origins,5
Hungary,HUN,2018,2023,Third-generation cephalosporins,22.616033755274263,21.335268505079824,2756.0,20.377294643653222,22.616033755274263,0.9579738614265983,-1.2807652501944382,5,Frozen specification,17.59388313238837,23.160706154918074,Antibiotic-specific earlier origins,15.307199384478857,25.447389902827588,Antibiotic-specific earlier origins,5
Ireland,IRL,2018,2023,Aminoglycosides,11.735639283508338,8.743169398907105,3111.0,9.488508072548449,11.735639283508338,-0.7453386736413421,-2.992469884601233,5,Frozen specification,6.923861416760143,12.053154728336754,Antibiotic-specific earlier origins,2.6138139147575643,16.363202230339333,Antibiotic-specific earlier origins,5
Ireland,IRL,2018,2023,Aminopenicillins,67.62434352795799,62.985553772070624,3115.0,62.33917607961521,67.62434352795799,0.6463776924554168,-4.638789755887366,5,Frozen specification,59.01447589260374,65.66387626662667,Antibiotic-specific earlier origins,56.3708229379926,68.30752922123781,Antibiotic-specific earlier origins,5
Ireland,IRL,2018,2023,Carbapenems,0.0,0.0651678071032909,3069.0,0.0224600104960991,0.0,0.0427077966071917,0.0651678071032909,5,Frozen specification,0.0,0.21089256260830122,Antibiotic-specific earlier origins,0.0,0.6871024223500828,Antibiotic-specific earlier origins,5
Ireland,IRL,2018,2023,Fluoroquinolones,23.903644224830146,15.96995427824951,3062.0,16.426215074927793,23.903644224830146,-0.4562607966782828,-7.933689946580635,5,Frozen specification,12.031527465432198,20.820902684423388,Antibiotic-specific earlier origins,9.054983475288797,23.79744667456679,Antibiotic-specific earlier origins,5
Ireland,IRL,2018,2023,Third-generation cephalosporins,12.882298424467098,10.423348300192432,3118.0,10.694762988457075,12.882298424467098,-0.2714146882646435,-2.4589501242746667,5,Frozen specification,7.911351477192223,13.478174499721927,Antibiotic-specific earlier origins,5.624667729282709,15.764858247631441,Antibiotic-specific earlier origins,5
Iceland,ISL,2018,2023,Aminoglycosides,6.091370558375634,5.426356589147287,258.0,7.377792429317968,6.091370558375634,-1.9514358401706813,-0.6650139692283474,5,Frozen specification,4.813145773529663,9.942439085106273,Antibiotic-specific earlier origins,0.503098271527084,14.252486587108852,Antibiotic-specific earlier origins,5
Iceland,ISL,2018,2023,Aminopenicillins,48.98989898989899,52.713178294573645,258.0,45.45248510842514,48.98989898989899,7.260693186148501,3.723279304674655,5,Frozen specification,42.12778492141368,48.777185295436595,Antibiotic-specific earlier origins,39.48413196680253,51.420838250047744,Antibiotic-specific earlier origins,5
Iceland,ISL,2018,2023,Carbapenems,0.0,0.0,258.0,0.0279598718302998,0.0,-0.0279598718302998,0.0,5,Frozen specification,0.0,0.2163924239425019,Antibiotic-specific earlier origins,0.0,0.6926022836842834,Antibiotic-specific earlier origins,5
Iceland,ISL,2018,2023,Fluoroquinolones,17.1875,12.790697674418604,258.0,14.146474205162493,17.1875,-1.3557765307438867,-4.396802325581396,5,Frozen specification,9.751786595666898,18.54116181465809,Antibiotic-specific earlier origins,6.775242605523497,21.517705804801487,Antibiotic-specific earlier origins,5
Iceland,ISL,2018,2023,Third-generation cephalosporins,8.080808080808081,12.015503875968992,258.0,10.092870542608232,8.080808080808081,1.9226333333607588,3.934695795160911,5,Frozen specification,7.30945903134338,12.876282053873084,Antibiotic-specific earlier origins,5.022775283433866,15.162965801782597,Antibiotic-specific earlier origins,5
Italy,ITA,2018,2023,Aminoglycosides,16.043016162505502,16.01035182206057,28594.0,14.472087935795392,16.043016162505502,1.5382638862651792,-0.0326643404449313,5,Frozen specification,11.907441280007086,17.036734591583695,Antibiotic-specific earlier origins,7.597393778004507,21.346782093586278,Antibiotic-specific earlier origins,5
Italy,ITA,2018,2023,Aminopenicillins,64.4763042612505,63.22198637023797,8951.0,61.558894814260746,64.4763042612505,1.6630915559772248,-1.2543178910125334,5,Frozen specification,58.23419462724928,64.88359500127221,Antibiotic-specific earlier origins,55.59054167263814,67.52724795588335,Antibiotic-specific earlier origins,5
Italy,ITA,2018,2023,Carbapenems,0.3688842868237121,0.4308004199399051,27623.0,0.3174686665128315,0.3688842868237121,0.1133317534270735,0.0619161331161929,5,Frozen specification,0.1290361144006294,0.5059012186250336,Antibiotic-specific earlier origins,0.0,0.9821110783668152,Antibiotic-specific earlier origins,5
Italy,ITA,2018,2023,Fluoroquinolones,41.6630306052484,34.14425034830136,27993.0,32.98960701169329,41.6630306052484,1.1546433366080748,-7.518780256947039,5,Frozen specification,28.594919402197693,37.384294621188886,Antibiotic-specific earlier origins,25.61837541205429,40.360838611332284,Antibiotic-specific earlier origins,5
Italy,ITA,2018,2023,Third-generation cephalosporins,28.69624069402572,26.676471618167174,28557.0,24.40784469361859,28.69624069402572,2.2686269245485846,-2.019769075858548,5,Frozen specification,21.624433182353737,27.19125620488344,Antibiotic-specific earlier origins,19.337749434444223,29.477939952792955,Antibiotic-specific earlier origins,5
Lithuania,LTU,2018,2023,Aminoglycosides,7.887579329102448,11.337406653088934,1473.0,8.241690883986424,7.887579329102448,3.09571576910251,3.4498273239864856,5,Frozen specification,5.677044228198119,10.806337539774729,Antibiotic-specific earlier origins,1.3669967261955396,15.116385041777308,Antibiotic-specific earlier origins,5
Lithuania,LTU,2018,2023,Aminopenicillins,58.95117540687161,61.34055517941774,1477.0,56.94556746412242,58.95117540687161,4.394987715295322,2.3893797725461283,5,Frozen specification,53.62086727711096,60.27026765113388,Antibiotic-specific earlier origins,50.97721432249981,62.91392060574503,Antibiotic-specific earlier origins,5
Lithuania,LTU,2018,2023,Carbapenems,0.0,0.06765899864682,1478.0,0.2290954636837185,0.0,-0.1614364650368985,0.06765899864682,5,Frozen specification,0.040662911571516386,0.4175280157959206,Antibiotic-specific earlier origins,0.0,0.8937378755377021,Antibiotic-specific earlier origins,5
Lithuania,LTU,2018,2023,Fluoroquinolones,19.65579710144928,20.54982817869416,1455.0,17.217261208452534,19.65579710144928,3.3325669702416256,0.894031077244879,5,Frozen specification,12.82257359895694,21.61194881794813,Antibiotic-specific earlier origins,9.846029608813538,24.58849280809153,Antibiotic-specific earlier origins,5
Lithuania,LTU,2018,2023,Third-generation cephalosporins,15.32912533814247,16.95945945945946,1480.0,15.25166317382362,15.32912533814247,1.7077962856358386,1.6303341213169895,5,Frozen specification,12.468251662558767,18.03507468508847,Antibiotic-specific earlier origins,10.181567914649253,20.321758432997985,Antibiotic-specific earlier origins,5
Luxembourg,LUX,2018,2023,Aminoglycosides,7.328605200945627,9.97830802603037,461.0,8.220670866870483,7.328605200945627,1.757637159159886,2.6497028250847423,5,Frozen specification,5.656024211082178,10.785317522658788,Antibiotic-specific earlier origins,1.3459767090795989,15.095365024661367,Antibiotic-specific earlier origins,5
Luxembourg,LUX,2018,2023,Aminopenicillins,55.23809523809524,51.62689804772234,461.0,52.09202102756442,55.23809523809524,-0.4651229798420786,-3.6111971903728985,5,Frozen specification,48.767320840552955,55.41672121457589,Antibiotic-specific earlier origins,46.12366788594181,58.06037416918703,Antibiotic-specific earlier origins,5
Luxembourg,LUX,2018,2023,Carbapenems,0.0,0.2169197396963123,461.0,0.0061438789934311,0.0,0.2107758607028811,0.2169197396963123,5,Frozen specification,0.0,0.19457643110563322,Antibiotic-specific earlier origins,0.0,0.6707862908474147,Antibiotic-specific earlier origins,5
Luxembourg,LUX,2018,2023,Fluoroquinolones,21.770334928229666,15.61822125813449,461.0,19.28761726842129,21.770334928229666,-3.669396010286796,-6.152113670095176,5,Frozen specification,14.892929658925695,23.682304877916884,Antibiotic-specific earlier origins,11.916385668782294,26.658848868060286,Antibiotic-specific earlier origins,5
Luxembourg,LUX,2018,2023,Third-generation cephalosporins,12.5,11.713665943600867,461.0,11.684705261376171,12.5,0.0289606822246941,-0.7863340563991326,5,Frozen specification,8.90129375011132,14.468116772641023,Antibiotic-specific earlier origins,6.614610002201806,16.75480052055054,Antibiotic-specific earlier origins,5
Latvia,LVA,2018,2023,Aminoglycosides,8.908045977011493,14.879649890590809,457.0,12.16055739062967,8.908045977011493,2.719092499961139,5.971603913579315,5,Frozen specification,9.595910734841365,14.725204046417975,Antibiotic-specific earlier origins,5.285863232838786,19.035251548420554,Antibiotic-specific earlier origins,5
Latvia,LVA,2018,2023,Aminopenicillins,56.19596541786744,50.0,208.0,54.73389755370648,56.19596541786744,-4.733897553706484,-6.195965417867441,5,Frozen specification,51.40919736669501,58.05859774071794,Antibiotic-specific earlier origins,48.76554441208387,60.702250695329084,Antibiotic-specific earlier origins,5
Latvia,LVA,2018,2023,Carbapenems,0.0,0.0,455.0,0.0286390095748459,0.0,-0.0286390095748459,0.0,5,Frozen specification,0.0,0.217071561687048,Antibiotic-specific earlier origins,0.0,0.6932814214288295,Antibiotic-specific earlier origins,5
Latvia,LVA,2018,2023,Fluoroquinolones,24.127906976744185,28.35164835164835,455.0,21.94764870254169,24.127906976744185,6.403999649106659,4.223741374904165,5,Frozen specification,17.552961093046097,26.342336312037286,Antibiotic-specific earlier origins,14.576417102902695,29.318880302180688,Antibiotic-specific earlier origins,5
Latvia,LVA,2018,2023,Third-generation cephalosporins,20.40229885057472,25.379609544468547,461.0,19.490658002891955,20.40229885057472,5.888951541576592,4.977310693893827,5,Frozen specification,16.707246491627103,22.274069514156807,Antibiotic-specific earlier origins,14.42056274371759,24.56075326206632,Antibiotic-specific earlier origins,5
Malta,MLT,2018,2023,Aminoglycosides,9.939759036144578,10.336538461538462,416.0,11.352665671496707,9.939759036144578,-1.0161272099582472,0.3967794253938841,5,Frozen specification,8.788019015708402,13.917312327285012,Antibiotic-specific earlier origins,4.477971513705823,18.227359829287593,Antibiotic-specific earlier origins,5
Malta,MLT,2018,2023,Aminopenicillins,59.63855421686747,62.5,416.0,61.3714484906333,59.63855421686747,1.1285515093667016,2.861445783132531,5,Frozen specification,58.04674830362184,64.69614867764476,Antibiotic-specific earlier origins,55.40309534901069,67.3398016322559,Antibiotic-specific earlier origins,5
Malta,MLT,2018,2023,Carbapenems,0.0,0.0,416.0,0.0075333658440967,0.0,-0.0075333658440967,0.0,5,Frozen specification,0.0,0.1959659179562988,Antibiotic-specific earlier origins,0.0,0.6721757776980803,Antibiotic-specific earlier origins,5
Malta,MLT,2018,2023,Fluoroquinolones,41.86746987951807,27.884615384615383,416.0,31.414248668572,41.86746987951807,-3.52963328395661,-13.982854494902686,5,Frozen specification,27.019561059076405,35.80893627806759,Antibiotic-specific earlier origins,24.043017068933004,38.785480268210996,Antibiotic-specific earlier origins,5
Malta,MLT,2018,2023,Third-generation cephalosporins,15.36144578313253,11.298076923076923,416.0,13.758867650696727,15.36144578313253,-2.460790727619804,-4.063368860055606,5,Frozen specification,10.975456139431875,16.54227916196158,Antibiotic-specific earlier origins,8.688772391522361,18.828962909871095,Antibiotic-specific earlier origins,5
Netherlands,NLD,2018,2023,Aminoglycosides,6.308157099697885,5.190664456064278,7841.0,6.042360923974765,6.308157099697885,-0.8516964679104868,-1.1174926436336072,5,Frozen specification,3.4777142681864595,8.60700757976307,Antibiotic-specific earlier origins,0.0,12.91705508176565,Antibiotic-specific earlier origins,5
Netherlands,NLD,2018,2023,Aminopenicillins,45.95019342359768,40.98800102118969,7834.0,41.65377538811446,45.95019342359768,-0.6657743669247722,-4.962192402407993,5,Frozen specification,38.329075201102995,44.97847557512593,Antibiotic-specific earlier origins,35.685422246491854,47.62212852973707,Antibiotic-specific earlier origins,5
Netherlands,NLD,2018,2023,Carbapenems,0.0120889748549323,0.0899742930591259,7780.0,0.0564225381905661,0.0120889748549323,0.0335517548685597,0.0778853182041936,5,Frozen specification,0.0,0.2448550903027682,Antibiotic-specific earlier origins,0.0,0.7210649500445497,Antibiotic-specific earlier origins,5
Netherlands,NLD,2018,2023,Fluoroquinolones,14.708726130045926,12.946428571428571,7840.0,13.29720492763152,14.708726130045926,-0.3507763562029495,-1.7622975586173553,5,Frozen specification,8.902517318135926,17.691892537127117,Antibiotic-specific earlier origins,5.925973327992525,20.668436527270515,Antibiotic-specific earlier origins,5
Netherlands,NLD,2018,2023,Third-generation cephalosporins,7.315598548972188,7.971938775510204,7840.0,7.123592795033924,7.315598548972188,0.8483459804762807,0.656340226538016,5,Frozen specification,4.3401812837690725,9.907004306298777,Antibiotic-specific earlier origins,2.0534975358595586,12.193688054208291,Antibiotic-specific earlier origins,5
Norway,NOR,2018,2023,Aminoglycosides,5.747422680412371,5.523474767762993,3983.0,5.457912193277745,5.747422680412371,0.0655625744852477,-0.2239479126493782,5,Frozen specification,2.89326553748944,8.022558849066051,Antibiotic-specific earlier origins,0.0,12.33260635106863,Antibiotic-specific earlier origins,5
Norway,NOR,2018,2023,Aminopenicillins,42.29381443298969,36.85664072307306,3983.0,37.49588768819397,42.29381443298969,-0.6392469651209112,-5.437173709916628,5,Frozen specification,34.1711875011825,40.82058787520543,Antibiotic-specific earlier origins,31.52753454657136,43.464240829816575,Antibiotic-specific earlier origins,5
Norway,NOR,2018,2023,Carbapenems,0.0257798401649909,0.0502008032128514,3984.0,0.0367387730397034,0.0257798401649909,0.0134620301731479,0.0244209630478604,5,Frozen specification,0.0,0.22517132515190552,Antibiotic-specific earlier origins,0.0,0.7013811848936871,Antibiotic-specific earlier origins,5
Norway,NOR,2018,2023,Fluoroquinolones,12.870776373484652,10.123394610929235,3971.0,11.254669663937262,12.870776373484652,-1.1312750530080269,-2.747381762555417,5,Frozen specification,6.859982054441668,15.649357273432857,Antibiotic-specific earlier origins,3.883438064298266,18.62590126357626,Antibiotic-specific earlier origins,5
Norway,NOR,2018,2023,Third-generation cephalosporins,6.754318123227636,5.622489959839357,3984.0,5.856894943420346,6.754318123227636,-0.2344049835809887,-1.1318281633882783,5,Frozen specification,3.073483432155494,8.640306454685199,Antibiotic-specific earlier origins,0.7867996842459801,10.926990202594713,Antibiotic-specific earlier origins,5
Poland,POL,2018,2023,Aminoglycosides,15.108207431604736,14.136690647482014,2780.0,13.087116594668506,15.108207431604736,1.049574052813508,-0.9715167841227216,5,Frozen specification,10.522469938880201,15.651763250456812,Antibiotic-specific earlier origins,6.212422436877622,19.961810752459392,Antibiotic-specific earlier origins,5
Poland,POL,2018,2023,Aminopenicillins,64.26966292134831,65.5857740585774,956.0,60.161703082166,64.26966292134831,5.4240709764114,1.316111137229086,5,Frozen specification,56.83700289515454,63.48640326917746,Antibiotic-specific earlier origins,54.19334994054339,66.13005622378861,Antibiotic-specific earlier origins,5
Poland,POL,2018,2023,Carbapenems,0.12,0.2022926500337154,2966.0,0.0903532127407121,0.12,0.1119394372930032,0.0822926500337154,5,Frozen specification,0.0,0.27878576485291423,Antibiotic-specific earlier origins,0.0,0.7549956245946957,Antibiotic-specific earlier origins,5
Poland,POL,2018,2023,Fluoroquinolones,34.67082197117257,32.203947368421055,3040.0,31.426863768607856,34.67082197117257,0.7770835998131993,-2.466874602751517,5,Frozen specification,27.03217615911226,35.82155137810345,Antibiotic-specific earlier origins,24.05563216896886,38.79809536824685,Antibiotic-specific earlier origins,5
Poland,POL,2018,2023,Third-generation cephalosporins,17.595419847328245,19.563090968373004,3067.0,18.9570912131866,17.595419847328245,0.60599975518641,1.9676711210447595,5,Frozen specification,16.17367970192175,21.740502724451453,Antibiotic-specific earlier origins,13.886995954012235,24.027186472360967,Antibiotic-specific earlier origins,5
Portugal,PRT,2018,2023,Aminoglycosides,12.15450643776824,13.173091930700796,6407.0,10.780021752022169,12.15450643776824,2.393070178678628,1.018585492932555,5,Frozen specification,8.215375096233863,13.344668407810474,Antibiotic-specific earlier origins,3.9053275942312844,17.654715909813053,Antibiotic-specific earlier origins,5
Portugal,PRT,2018,2023,Aminopenicillins,55.06361323155216,54.36434239405707,5923.0,52.543710761176975,55.06361323155216,1.8206316328800936,-0.6992708374950922,5,Frozen specification,49.21901057416551,55.86841094818844,Antibiotic-specific earlier origins,46.57535761955437,58.51206390279958,Antibiotic-specific earlier origins,5
Portugal,PRT,2018,2023,Carbapenems,0.5347593582887701,0.5337214944201844,6183.0,0.4667960315981297,0.5347593582887701,0.0669254628220545,-0.0010378638685857,5,Frozen specification,0.2783634794859276,0.6552285837103318,Antibiotic-specific earlier origins,0.0,1.1314384434521134,Antibiotic-specific earlier origins,5
Portugal,PRT,2018,2023,Fluoroquinolones,25.460122699386503,24.33192686357244,6399.0,21.51094486209939,25.460122699386503,2.820982001473052,-1.1281958358140614,5,Frozen specification,17.116257252603795,25.905632471594984,Antibiotic-specific earlier origins,14.139713262460393,28.882176461738386,Antibiotic-specific earlier origins,5
Portugal,PRT,2018,2023,Third-generation cephalosporins,14.708382928073457,17.195064813368734,6403.0,13.557730401809495,14.708382928073457,3.637334411559237,2.486681885295278,5,Frozen specification,10.774318890544643,16.341141913074345,Antibiotic-specific earlier origins,8.48763514263513,18.62782566098386,Antibiotic-specific earlier origins,5
Romania,ROU,2018,2023,Aminoglycosides,12.788906009244991,12.716763005780347,865.0,12.05057279007286,12.788906009244991,0.6661902157074859,-0.0721430034646442,5,Frozen specification,9.485926134284554,14.615219445861165,Antibiotic-specific earlier origins,5.175878632281975,18.925266947863744,Antibiotic-specific earlier origins,5
Romania,ROU,2018,2023,Aminopenicillins,62.17712177121771,61.71052631578947,760.0,63.05010754893729,62.17712177121771,-1.3395812331478183,-0.4665954554282407,5,Frozen specification,59.72540736192583,66.37480773594875,Antibiotic-specific earlier origins,57.08175440731468,69.01846069055989,Antibiotic-specific earlier origins,5
Romania,ROU,2018,2023,Carbapenems,0.0,1.8274111675126905,985.0,0.503728580457883,0.0,1.3236825870548077,1.8274111675126905,5,Frozen specification,0.31529602834568093,0.6921611325700852,Antibiotic-specific earlier origins,0.0,1.1683709923118668,Antibiotic-specific earlier origins,5
Romania,ROU,2018,2023,Fluoroquinolones,29.102167182662537,25.40816326530612,980.0,24.72662235811238,29.102167182662537,0.6815409071937388,-3.6940039173564174,5,Frozen specification,20.331934748616785,29.121309967607974,Antibiotic-specific earlier origins,17.355390758473384,32.097853957751376,Antibiotic-specific earlier origins,5
Romania,ROU,2018,2023,Third-generation cephalosporins,20.18348623853211,19.09090909090909,990.0,18.946786789611416,20.18348623853211,0.1441223012976742,-1.0925771476230215,5,Frozen specification,16.163375278346564,21.730198300876268,Antibiotic-specific earlier origins,13.87669153043705,24.01688204878578,Antibiotic-specific earlier origins,5
Slovakia,SVK,2018,2023,Aminoglycosides,21.5686274509804,13.81294964028777,695.0,14.879014548173496,21.5686274509804,-1.0660649078857285,-7.755677810692632,5,Frozen specification,12.31436789238519,17.443661203961803,Antibiotic-specific earlier origins,8.004320390382611,21.753708705964378,Antibiotic-specific earlier origins,5
Slovakia,SVK,2018,2023,Aminopenicillins,61.73733195449845,58.47953216374269,684.0,56.92639366538423,61.73733195449845,1.5531384983584644,-3.2577997907557616,5,Frozen specification,53.601693478372766,60.2510938523957,Antibiotic-specific earlier origins,50.958040523761625,62.89474680700684,Antibiotic-specific earlier origins,5
Slovakia,SVK,2018,2023,Carbapenems,0.0,0.1436781609195402,696.0,0.0381970199528896,0.0,0.1054811409666506,0.1436781609195402,5,Frozen specification,0.0,0.2266295720650917,Antibiotic-specific earlier origins,0.0,0.7028394318068732,Antibiotic-specific earlier origins,5
Slovakia,SVK,2018,2023,Fluoroquinolones,42.10526315789474,31.16883116883117,693.0,32.20228505976926,42.10526315789474,-1.033453890938091,-10.936431989063571,5,Frozen specification,27.807597450273665,36.59697266926486,Antibiotic-specific earlier origins,24.831053460130263,39.573516659408256,Antibiotic-specific earlier origins,5
Slovakia,SVK,2018,2023,Third-generation cephalosporins,30.11305241521069,21.55172413793104,696.0,24.312728922735733,30.11305241521069,-2.761004784804694,-8.56132827727965,5,Frozen specification,21.52931741147088,27.096140434000585,Antibiotic-specific earlier origins,19.242633663561367,29.3828241819101,Antibiotic-specific earlier origins,5
Slovenia,SVN,2018,2023,Aminoglycosides,9.412470023980816,6.955460646735815,1639.0,8.355848740419104,9.412470023980816,-1.400388093683289,-2.4570093772450017,5,Frozen specification,5.7912020846307986,10.920495396207409,Antibiotic-specific earlier origins,1.4811545826282195,15.230542898209988,Antibiotic-specific earlier origins,5
Slovenia,SVN,2018,2023,Aminopenicillins,53.47721822541966,48.99328859060402,1639.0,50.97581287493799,53.47721822541966,-1.9825242843339688,-4.483929634815645,5,Frozen specification,47.65111268792653,54.30051306194946,Antibiotic-specific earlier origins,45.007459733315386,56.9441660165606,Antibiotic-specific earlier origins,5
Slovenia,SVN,2018,2023,Carbapenems,0.0,0.061012812690665,1639.0,0.0106518200903563,0.0,0.0503609926003086,0.061012812690665,5,Frozen specification,0.0,0.19908437220255842,Antibiotic-specific earlier origins,0.0,0.6752942319443399,Antibiotic-specific earlier origins,5
Slovenia,SVN,2018,2023,Fluoroquinolones,22.78177458033573,15.924344112263576,1639.0,17.30616891035689,22.78177458033573,-1.3818247980933158,-6.8574304680721525,5,Frozen specification,12.911481300861297,21.700856519852486,Antibiotic-specific earlier origins,9.934937310717896,24.677400509995888,Antibiotic-specific earlier origins,5
Slovenia,SVN,2018,2023,Third-generation cephalosporins,11.33093525179856,8.663819402074436,1639.0,10.086458367340558,11.33093525179856,-1.4226389652661222,-2.6671158497241247,5,Frozen specification,7.3030468560757065,12.86986987860541,Antibiotic-specific earlier origins,5.016363108166193,15.156553626514924,Antibiotic-specific earlier origins,5
Sweden,SWE,2018,2023,Aminoglycosides,7.735217552993678,6.160164271047228,10714.0,5.843452597117368,7.735217552993678,0.3167116739298601,-1.5750532819464498,5,Frozen specification,3.278805941329063,8.408099252905673,Antibiotic-specific earlier origins,0.0,12.718146754908252,Antibiotic-specific earlier origins,5
Sweden,SWE,2018,2023,Carbapenems,0.0185597624350408,0.0373343289154377,10714.0,0.0576533949121748,0.0185597624350408,-0.0203190659967371,0.0187745664803969,5,Frozen specification,0.0,0.24608594702437692,Antibiotic-specific earlier origins,0.0,0.7222958067661585,Antibiotic-specific earlier origins,5
Sweden,SWE,2018,2023,Fluoroquinolones,18.055039047973224,14.746112047967022,10674.0,15.188233926440784,18.055039047973224,-0.4421218784737615,-3.308927000006202,5,Frozen specification,10.79354631694519,19.58292153593638,Antibiotic-specific earlier origins,7.817002326801788,22.55946552607978,Antibiotic-specific earlier origins,5
Sweden,SWE,2018,2023,Third-generation cephalosporins,8.330241187384045,7.925407925407925,10725.0,7.797298021521453,8.330241187384045,0.1281099038864726,-0.4048332619761199,5,Frozen specification,5.013886510256601,10.580709532786305,Antibiotic-specific earlier origins,2.727202762347087,12.867393280695818,Antibiotic-specific earlier origins,5
