Repetition,Feature,NullImprovementPct,NullMaximumImprovementPct,Horizon
0,family_consumption_lag1,-0.0481038706594114,0.6465789616999356,1
0,family_consumption_lag2,-0.0040960795312151,0.6465789616999356,1
0,family_consumption_lag3,-0.1774613971235858,0.6465789616999356,1
0,family_consumption_mean3,-0.0138322527971729,0.6465789616999356,1
0,family_consumption_sum3,-0.080358041338046,0.6465789616999356,1
0,family_consumption_volatility3,0.0009557934778639,0.6465789616999356,1
0,family_consumption_change1,-0.1597992926073493,0.6465789616999356,1
0,family_consumption_trend3,-0.3466102214284691,0.6465789616999356,1
0,consumption_community_lag1,-0.0621753959830038,0.6465789616999356,1
0,consumption_hospital_lag1,-0.1084509891676729,0.6465789616999356,1
0,hospital_community_ratio_lag1,-0.1996695459999801,0.6465789616999356,1
0,reserve_pct_lag1,-0.0888426894492041,0.6465789616999356,1
0,reserve_pct_lag2,-0.0521887109240934,0.6465789616999356,1
0,reserve_pct_lag3,-0.4007199228182952,0.6465789616999356,1
0,reserve_mean3,-0.0567851294630152,0.6465789616999356,1
0,reserve_change1,-0.0023055911754882,0.6465789616999356,1
0,ast_tested_per_100k,-0.3336333591964683,0.6465789616999356,1
0,reported_resistant_per_100k,-0.2555690806872112,0.6465789616999356,1
0,tested_growth1,-0.2607523194963849,0.6465789616999356,1
0,testing_volatility4,-0.1920195500230701,0.6465789616999356,1
0,population,-0.1817820436083851,0.6465789616999356,1
0,age65_pct,0.344214143225559,0.6465789616999356,1
0,urban_pct,-0.0767355626800409,0.6465789616999356,1
0,gdp_per_capita,0.0689967091561516,0.6465789616999356,1
0,health_expenditure_pct_gdp,-0.1303569155821236,0.6465789616999356,1
0,log_population,-0.2277693115686667,0.6465789616999356,1
0,population_growth1,-0.0144184939142864,0.6465789616999356,1
0,population_growth3,-0.3074002564466667,0.6465789616999356,1
0,age65_change1,-0.1048373514862777,0.6465789616999356,1
0,urban_change1,-0.1951951337458093,0.6465789616999356,1
0,log_gdp_per_capita,0.1312406906621512,0.6465789616999356,1
0,gdp_growth1,-0.1214663260874847,0.6465789616999356,1
0,health_expenditure_change1,0.1702803754050749,0.6465789616999356,1
0,eu_resistance_excl_country,-0.5797080805192016,0.6465789616999356,1
0,resistance_gap_to_eu,0.4693727739625704,0.6465789616999356,1
0,eu_resistance_change1,-0.3160602973460771,0.6465789616999356,1
0,other_antibiotic_mean,-0.0440627591028933,0.6465789616999356,1
0,other_antibiotic_sd,-0.1036056740171745,0.6465789616999356,1
0,other_high_resistance_count,-0.0015596339546412,0.6465789616999356,1
0,country_profile_gap,-0.2079986265012203,0.6465789616999356,1
0,trend_x_volatility,0.6465789616999356,0.6465789616999356,1
0,resistance_x_consumption,0.026918524391936,0.6465789616999356,1
0,trend_x_consumption,-0.9159503736580455,0.6465789616999356,1
0,resistance_x_eu_gap,0.272860956543261,0.6465789616999356,1
0,origin_year_index,-0.753086933507424,0.6465789616999356,1
1,family_consumption_lag1,-0.6086507480181483,0.7111877015697698,1
1,family_consumption_lag2,-1.0264326199986271,0.7111877015697698,1
1,family_consumption_lag3,-0.0740336507882662,0.7111877015697698,1
1,family_consumption_mean3,-0.8986021021222864,0.7111877015697698,1
1,family_consumption_sum3,-0.9048694776506084,0.7111877015697698,1
1,family_consumption_volatility3,-0.1669656184426803,0.7111877015697698,1
1,family_consumption_change1,-1.216984414668069,0.7111877015697698,1
1,family_consumption_trend3,-1.6974647606268436,0.7111877015697698,1
1,consumption_community_lag1,-0.1753297916342326,0.7111877015697698,1
1,consumption_hospital_lag1,-0.2567634376882471,0.7111877015697698,1
1,hospital_community_ratio_lag1,-0.3057996400439404,0.7111877015697698,1
1,reserve_pct_lag1,-0.696536367804312,0.7111877015697698,1
1,reserve_pct_lag2,-0.6905558669475703,0.7111877015697698,1
1,reserve_pct_lag3,-0.4586672711758187,0.7111877015697698,1
1,reserve_mean3,-0.704845884631192,0.7111877015697698,1
1,reserve_change1,-0.825392268712156,0.7111877015697698,1
1,ast_tested_per_100k,0.0723351782522481,0.7111877015697698,1
1,reported_resistant_per_100k,-0.0915280195762611,0.7111877015697698,1
1,tested_growth1,-0.4094804319431705,0.7111877015697698,1
1,testing_volatility4,-0.220790256837132,0.7111877015697698,1
1,population,-0.1076140181619296,0.7111877015697698,1
1,age65_pct,-0.2632587237208358,0.7111877015697698,1
1,urban_pct,-0.1585079511496811,0.7111877015697698,1
1,gdp_per_capita,0.4772073968651573,0.7111877015697698,1
1,health_expenditure_pct_gdp,-0.1436632546890883,0.7111877015697698,1
1,log_population,0.0188980647383326,0.7111877015697698,1
1,population_growth1,-0.0206576017400727,0.7111877015697698,1
1,population_growth3,0.1506821783214936,0.7111877015697698,1
1,age65_change1,-0.0169763476832068,0.7111877015697698,1
1,urban_change1,-0.1084698173402686,0.7111877015697698,1
1,log_gdp_per_capita,0.5385370458303862,0.7111877015697698,1
1,gdp_growth1,-0.6633877536799467,0.7111877015697698,1
1,health_expenditure_change1,0.0561889460492065,0.7111877015697698,1
1,eu_resistance_excl_country,-0.2658622963217337,0.7111877015697698,1
1,resistance_gap_to_eu,-0.2232070008746967,0.7111877015697698,1
1,eu_resistance_change1,0.7111877015697698,0.7111877015697698,1
1,other_antibiotic_mean,-0.0548207718062341,0.7111877015697698,1
1,other_antibiotic_sd,-0.1097635990261671,0.7111877015697698,1
1,other_high_resistance_count,-0.113241740146901,0.7111877015697698,1
1,country_profile_gap,-0.6126034703169578,0.7111877015697698,1
1,trend_x_volatility,-0.0070530078413191,0.7111877015697698,1
1,resistance_x_consumption,-1.041664358071876,0.7111877015697698,1
1,trend_x_consumption,0.53253942522455,0.7111877015697698,1
1,resistance_x_eu_gap,-0.1778778568706576,0.7111877015697698,1
1,origin_year_index,-0.6888756409984633,0.7111877015697698,1
2,family_consumption_lag1,-0.4480582204678183,0.4277341166864635,1
2,family_consumption_lag2,-0.2001147164599325,0.4277341166864635,1
2,family_consumption_lag3,-0.3169526334490294,0.4277341166864635,1
2,family_consumption_mean3,-0.1877129130376107,0.4277341166864635,1
2,family_consumption_sum3,-0.2168155515101718,0.4277341166864635,1
2,family_consumption_volatility3,-0.1377623493145585,0.4277341166864635,1
2,family_consumption_change1,-0.1947570793907919,0.4277341166864635,1
2,family_consumption_trend3,-0.1923733061186223,0.4277341166864635,1
2,consumption_community_lag1,-0.6104040587078647,0.4277341166864635,1
2,consumption_hospital_lag1,-0.5738277160323314,0.4277341166864635,1
2,hospital_community_ratio_lag1,-1.3241584973931155,0.4277341166864635,1
2,reserve_pct_lag1,-0.5632858255072226,0.4277341166864635,1
2,reserve_pct_lag2,-0.2818742870504905,0.4277341166864635,1
2,reserve_pct_lag3,-0.2425878806328907,0.4277341166864635,1
2,reserve_mean3,-0.2803650090318418,0.4277341166864635,1
2,reserve_change1,-0.1778315067124812,0.4277341166864635,1
2,ast_tested_per_100k,0.262340917217746,0.4277341166864635,1
2,reported_resistant_per_100k,-0.0529062403371031,0.4277341166864635,1
2,tested_growth1,-0.211097091904224,0.4277341166864635,1
2,testing_volatility4,-0.1118966380062045,0.4277341166864635,1
2,population,-0.0284140757865537,0.4277341166864635,1
2,age65_pct,-0.729790526236605,0.4277341166864635,1
2,urban_pct,-0.1983739786271289,0.4277341166864635,1
2,gdp_per_capita,0.1993525829799135,0.4277341166864635,1
2,health_expenditure_pct_gdp,-0.1672952283427972,0.4277341166864635,1
2,log_population,-0.043912165656937,0.4277341166864635,1
2,population_growth1,0.2327232530135307,0.4277341166864635,1
2,population_growth3,0.2307145597486517,0.4277341166864635,1
2,age65_change1,-0.0749236112169945,0.4277341166864635,1
2,urban_change1,-0.1382732682639441,0.4277341166864635,1
2,log_gdp_per_capita,0.1991490111997825,0.4277341166864635,1
2,gdp_growth1,0.2003656553493543,0.4277341166864635,1
2,health_expenditure_change1,-0.7914234238045522,0.4277341166864635,1
2,eu_resistance_excl_country,0.1534640865288824,0.4277341166864635,1
2,resistance_gap_to_eu,-0.4725129354120677,0.4277341166864635,1
2,eu_resistance_change1,0.0155665834416729,0.4277341166864635,1
2,other_antibiotic_mean,-0.0205841394242664,0.4277341166864635,1
2,other_antibiotic_sd,-0.03022093060759,0.4277341166864635,1
2,other_high_resistance_count,-0.0494528479196142,0.4277341166864635,1
2,country_profile_gap,-0.0836366013604731,0.4277341166864635,1
2,trend_x_volatility,0.3070731763911391,0.4277341166864635,1
2,resistance_x_consumption,-0.1460757823667953,0.4277341166864635,1
2,trend_x_consumption,0.4277341166864635,0.4277341166864635,1
2,resistance_x_eu_gap,-0.7801558651611253,0.4277341166864635,1
2,origin_year_index,-0.1737829312714575,0.4277341166864635,1
3,family_consumption_lag1,-0.1095307620996832,0.141469957723973,1
3,family_consumption_lag2,-0.0330217276191495,0.141469957723973,1
3,family_consumption_lag3,-0.1721623975606172,0.141469957723973,1
3,family_consumption_mean3,-0.0428206337919885,0.141469957723973,1
3,family_consumption_sum3,-0.0526301325796939,0.141469957723973,1
3,family_consumption_volatility3,-0.1313999405729192,0.141469957723973,1
3,family_consumption_change1,-0.2728974886877054,0.141469957723973,1
3,family_consumption_trend3,-0.2948835484757458,0.141469957723973,1
3,consumption_community_lag1,-0.3790936558845768,0.141469957723973,1
3,consumption_hospital_lag1,-0.4623101419907817,0.141469957723973,1
3,hospital_community_ratio_lag1,-0.4863082718103213,0.141469957723973,1
3,reserve_pct_lag1,-0.6002023258567206,0.141469957723973,1
3,reserve_pct_lag2,-0.6447475178701698,0.141469957723973,1
3,reserve_pct_lag3,-0.5201422064954645,0.141469957723973,1
3,reserve_mean3,-0.653858966505496,0.141469957723973,1
3,reserve_change1,-0.4944576310436935,0.141469957723973,1
3,ast_tested_per_100k,-0.0967525221712512,0.141469957723973,1
3,reported_resistant_per_100k,-0.1466917375308289,0.141469957723973,1
3,tested_growth1,-0.018964881496208,0.141469957723973,1
3,testing_volatility4,-0.0605230835838544,0.141469957723973,1
3,population,-0.0464616353597135,0.141469957723973,1
3,age65_pct,-0.6547894259423416,0.141469957723973,1
3,urban_pct,-0.0722415837190139,0.141469957723973,1
3,gdp_per_capita,0.0585740931386221,0.141469957723973,1
3,health_expenditure_pct_gdp,-0.1029204378776707,0.141469957723973,1
3,log_population,-0.3465486070120118,0.141469957723973,1
3,population_growth1,-0.4453267019087988,0.141469957723973,1
3,population_growth3,-0.5432151374242544,0.141469957723973,1
3,age65_change1,-0.1394681536638537,0.141469957723973,1
3,urban_change1,-0.0784379668835205,0.141469957723973,1
3,log_gdp_per_capita,-0.2023696413699267,0.141469957723973,1
3,gdp_growth1,0.141469957723973,0.141469957723973,1
3,health_expenditure_change1,-0.6178061720871545,0.141469957723973,1
3,eu_resistance_excl_country,-0.0622614752099108,0.141469957723973,1
3,resistance_gap_to_eu,-0.1000551808224587,0.141469957723973,1
3,eu_resistance_change1,-0.2662469330366065,0.141469957723973,1
3,other_antibiotic_mean,-0.0068286692237088,0.141469957723973,1
3,other_antibiotic_sd,-0.0809797412676739,0.141469957723973,1
3,other_high_resistance_count,-0.0256775722646017,0.141469957723973,1
3,country_profile_gap,-0.3446517028470565,0.141469957723973,1
3,trend_x_volatility,-0.0684322957038578,0.141469957723973,1
3,resistance_x_consumption,0.0164724989085958,0.141469957723973,1
3,trend_x_consumption,-0.8512541625748032,0.141469957723973,1
3,resistance_x_eu_gap,-0.2317759351789373,0.141469957723973,1
3,origin_year_index,-1.3904229978275855,0.141469957723973,1
4,family_consumption_lag1,0.050058370634977,1.171449576347518,1
4,family_consumption_lag2,0.2451135062421153,1.171449576347518,1
4,family_consumption_lag3,0.2230375851560053,1.171449576347518,1
4,family_consumption_mean3,0.241515677061727,1.171449576347518,1
4,family_consumption_sum3,0.2046847090941037,1.171449576347518,1
4,family_consumption_volatility3,-0.1421520422017341,1.171449576347518,1
4,family_consumption_change1,-0.2819030955254841,1.171449576347518,1
4,family_consumption_trend3,-0.0786426814000967,1.171449576347518,1
4,consumption_community_lag1,-0.0488380490601207,1.171449576347518,1
4,consumption_hospital_lag1,-0.1700896092590535,1.171449576347518,1
4,hospital_community_ratio_lag1,-0.0805875397821376,1.171449576347518,1
4,reserve_pct_lag1,-0.3997570664126516,1.171449576347518,1
4,reserve_pct_lag2,-0.2911545478832788,1.171449576347518,1
4,reserve_pct_lag3,-0.4408445271700819,1.171449576347518,1
4,reserve_mean3,-0.2859981917200157,1.171449576347518,1
4,reserve_change1,-0.3201503206452271,1.171449576347518,1
4,ast_tested_per_100k,-0.0107439077834691,1.171449576347518,1
4,reported_resistant_per_100k,-0.0432597292423811,1.171449576347518,1
4,tested_growth1,-0.2761412788923396,1.171449576347518,1
4,testing_volatility4,-0.5063078348404035,1.171449576347518,1
4,population,-0.0093267389381033,1.171449576347518,1
4,age65_pct,-0.1406216913884905,1.171449576347518,1
4,urban_pct,-0.1342657448908815,1.171449576347518,1
4,gdp_per_capita,0.1049063864115243,1.171449576347518,1
4,health_expenditure_pct_gdp,0.2795182426240332,1.171449576347518,1
4,log_population,-0.0662381552717238,1.171449576347518,1
4,population_growth1,0.1247256578186542,1.171449576347518,1
4,population_growth3,-0.2338544090403538,1.171449576347518,1
4,age65_change1,-0.1091963072213349,1.171449576347518,1
4,urban_change1,-0.150335450836208,1.171449576347518,1
4,log_gdp_per_capita,0.1250593102085512,1.171449576347518,1
4,gdp_growth1,-0.0510597814069502,1.171449576347518,1
4,health_expenditure_change1,-0.1801071442180461,1.171449576347518,1
4,eu_resistance_excl_country,-0.2246126857904128,1.171449576347518,1
4,resistance_gap_to_eu,0.288058527765082,1.171449576347518,1
4,eu_resistance_change1,-1.296746769163257,1.171449576347518,1
4,other_antibiotic_mean,-0.0328764102010433,1.171449576347518,1
4,other_antibiotic_sd,-0.0373851274779735,1.171449576347518,1
4,other_high_resistance_count,-0.0439066840464885,1.171449576347518,1
4,country_profile_gap,-0.1395743575188591,1.171449576347518,1
4,trend_x_volatility,0.7359377728665626,1.171449576347518,1
4,resistance_x_consumption,0.3641503947571896,1.171449576347518,1
4,trend_x_consumption,1.171449576347518,1.171449576347518,1
4,resistance_x_eu_gap,0.1035261447059044,1.171449576347518,1
4,origin_year_index,-0.7545804995803831,1.171449576347518,1
5,family_consumption_lag1,0.053335592987175,0.3236577473944959,1
5,family_consumption_lag2,-0.2500241008023011,0.3236577473944959,1
5,family_consumption_lag3,-0.3739255088151426,0.3236577473944959,1
5,family_consumption_mean3,-0.2454515841119937,0.3236577473944959,1
5,family_consumption_sum3,-0.2236352826878195,0.3236577473944959,1
5,family_consumption_volatility3,-0.4775087711000211,0.3236577473944959,1
5,family_consumption_change1,-0.4411391038441132,0.3236577473944959,1
5,family_consumption_trend3,-0.3940321928203215,0.3236577473944959,1
5,consumption_community_lag1,-0.0524759053766952,0.3236577473944959,1
5,consumption_hospital_lag1,-0.320745618477224,0.3236577473944959,1
5,hospital_community_ratio_lag1,-0.1661890705339274,0.3236577473944959,1
5,reserve_pct_lag1,-0.781626697191388,0.3236577473944959,1
5,reserve_pct_lag2,-0.5697939983681135,0.3236577473944959,1
5,reserve_pct_lag3,-0.4603505439892757,0.3236577473944959,1
5,reserve_mean3,-0.5317322946916181,0.3236577473944959,1
5,reserve_change1,-0.6228416391089657,0.3236577473944959,1
5,ast_tested_per_100k,-0.0520844875066858,0.3236577473944959,1
5,reported_resistant_per_100k,-0.175013675943931,0.3236577473944959,1
5,tested_growth1,-0.0566507229871584,0.3236577473944959,1
5,testing_volatility4,-0.1604461712340775,0.3236577473944959,1
5,population,-0.0187469215977809,0.3236577473944959,1
5,age65_pct,0.1170301771951108,0.3236577473944959,1
5,urban_pct,-0.0463258237000585,0.3236577473944959,1
5,gdp_per_capita,0.29087613795435,0.3236577473944959,1
5,health_expenditure_pct_gdp,0.0273355816261993,0.3236577473944959,1
5,log_population,-0.0689977627633775,0.3236577473944959,1
5,population_growth1,-0.1775552423046573,0.3236577473944959,1
5,population_growth3,-0.2757329156601525,0.3236577473944959,1
5,age65_change1,-0.1352529051347465,0.3236577473944959,1
5,urban_change1,-0.0653035221703178,0.3236577473944959,1
5,log_gdp_per_capita,0.3236577473944959,0.3236577473944959,1
5,gdp_growth1,-0.181549726196566,0.3236577473944959,1
5,health_expenditure_change1,-0.1678942443899632,0.3236577473944959,1
5,eu_resistance_excl_country,-0.8113747959756828,0.3236577473944959,1
5,resistance_gap_to_eu,0.2553157641243052,0.3236577473944959,1
5,eu_resistance_change1,-1.2656258139968242,0.3236577473944959,1
5,other_antibiotic_mean,-0.1005767064291181,0.3236577473944959,1
5,other_antibiotic_sd,-0.0348497531902168,0.3236577473944959,1
5,other_high_resistance_count,-0.1664676414925104,0.3236577473944959,1
5,country_profile_gap,-0.4496542360577982,0.3236577473944959,1
5,trend_x_volatility,-0.1727552573591101,0.3236577473944959,1
5,resistance_x_consumption,-0.1948282408336747,0.3236577473944959,1
5,trend_x_consumption,-0.7877405285291964,0.3236577473944959,1
5,resistance_x_eu_gap,0.1231279082321162,0.3236577473944959,1
5,origin_year_index,-0.8985083249468614,0.3236577473944959,1
6,family_consumption_lag1,-0.27341686540737,0.5913866318517559,1
6,family_consumption_lag2,-0.103798638143273,0.5913866318517559,1
6,family_consumption_lag3,-0.2399049553582252,0.5913866318517559,1
6,family_consumption_mean3,-0.1043788249141084,0.5913866318517559,1
6,family_consumption_sum3,-0.1375605183105714,0.5913866318517559,1
6,family_consumption_volatility3,-0.8267966660851274,0.5913866318517559,1
6,family_consumption_change1,-0.1482390601871516,0.5913866318517559,1
6,family_consumption_trend3,-0.6617057946626701,0.5913866318517559,1
6,consumption_community_lag1,-0.2019410774260102,0.5913866318517559,1
6,consumption_hospital_lag1,0.0178879522272202,0.5913866318517559,1
6,hospital_community_ratio_lag1,-0.3012996064004101,0.5913866318517559,1
6,reserve_pct_lag1,-0.2419444845406791,0.5913866318517559,1
6,reserve_pct_lag2,-0.1338957609880525,0.5913866318517559,1
6,reserve_pct_lag3,-0.197157629178959,0.5913866318517559,1
6,reserve_mean3,-0.1441544709202374,0.5913866318517559,1
6,reserve_change1,-0.1177231208947195,0.5913866318517559,1
6,ast_tested_per_100k,0.0231087552869221,0.5913866318517559,1
6,reported_resistant_per_100k,-0.1000842252895095,0.5913866318517559,1
6,tested_growth1,-0.1208759533967925,0.5913866318517559,1
6,testing_volatility4,-0.0729201383159641,0.5913866318517559,1
6,population,0.0027861780398013,0.5913866318517559,1
6,age65_pct,0.185215816997545,0.5913866318517559,1
6,urban_pct,-0.0692307506908608,0.5913866318517559,1
6,gdp_per_capita,0.1272501915484062,0.5913866318517559,1
6,health_expenditure_pct_gdp,0.0277870514497903,0.5913866318517559,1
6,log_population,-0.1060035413995979,0.5913866318517559,1
6,population_growth1,-0.0329413038823557,0.5913866318517559,1
6,population_growth3,-0.2190491463089512,0.5913866318517559,1
6,age65_change1,-0.3133337848906529,0.5913866318517559,1
6,urban_change1,-0.1717018968564923,0.5913866318517559,1
6,log_gdp_per_capita,0.176676950931401,0.5913866318517559,1
6,gdp_growth1,0.0628406719514105,0.5913866318517559,1
6,health_expenditure_change1,-0.5131578840363805,0.5913866318517559,1
6,eu_resistance_excl_country,-0.2244724469133207,0.5913866318517559,1
6,resistance_gap_to_eu,0.1619226635171777,0.5913866318517559,1
6,eu_resistance_change1,-0.1533737183170918,0.5913866318517559,1
6,other_antibiotic_mean,-0.0186842974208143,0.5913866318517559,1
6,other_antibiotic_sd,-0.1100066020060728,0.5913866318517559,1
6,other_high_resistance_count,-0.0433839910924704,0.5913866318517559,1
6,country_profile_gap,-0.1485271873283875,0.5913866318517559,1
6,trend_x_volatility,-0.2874909058920659,0.5913866318517559,1
6,resistance_x_consumption,-0.0365230803188941,0.5913866318517559,1
6,trend_x_consumption,0.5913866318517559,0.5913866318517559,1
6,resistance_x_eu_gap,-0.0047171431460726,0.5913866318517559,1
6,origin_year_index,-0.0234638254975642,0.5913866318517559,1
7,family_consumption_lag1,-0.1234718732939756,0.5906936324991162,1
7,family_consumption_lag2,0.067962540467531,0.5906936324991162,1
7,family_consumption_lag3,0.0365921230210697,0.5906936324991162,1
7,family_consumption_mean3,0.1017105840205502,0.5906936324991162,1
7,family_consumption_sum3,0.0923543078132148,0.5906936324991162,1
7,family_consumption_volatility3,-0.4163994984923856,0.5906936324991162,1
7,family_consumption_change1,-0.0534783482888911,0.5906936324991162,1
7,family_consumption_trend3,-0.0877847328389334,0.5906936324991162,1
7,consumption_community_lag1,-0.3337659944188054,0.5906936324991162,1
7,consumption_hospital_lag1,-0.1063400623196538,0.5906936324991162,1
7,hospital_community_ratio_lag1,-0.3765559479415735,0.5906936324991162,1
7,reserve_pct_lag1,-0.4235862102800187,0.5906936324991162,1
7,reserve_pct_lag2,-0.1945985441954894,0.5906936324991162,1
7,reserve_pct_lag3,-0.4955625152444208,0.5906936324991162,1
7,reserve_mean3,-0.1983383374644106,0.5906936324991162,1
7,reserve_change1,-0.2152331248537138,0.5906936324991162,1
7,ast_tested_per_100k,-0.3379061431653107,0.5906936324991162,1
7,reported_resistant_per_100k,-0.1952503664055017,0.5906936324991162,1
7,tested_growth1,0.1377680084843948,0.5906936324991162,1
7,testing_volatility4,0.1297741403163573,0.5906936324991162,1
7,population,-0.047145898582314,0.5906936324991162,1
7,age65_pct,0.039466456722583,0.5906936324991162,1
7,urban_pct,-0.4564367454749612,0.5906936324991162,1
7,gdp_per_capita,-0.2387066405102495,0.5906936324991162,1
7,health_expenditure_pct_gdp,0.0374403121154751,0.5906936324991162,1
7,log_population,-0.1794397601937317,0.5906936324991162,1
7,population_growth1,-0.299350048342634,0.5906936324991162,1
7,population_growth3,-0.1674347484718779,0.5906936324991162,1
7,age65_change1,-0.0911121948827819,0.5906936324991162,1
7,urban_change1,0.0152300100107274,0.5906936324991162,1
7,log_gdp_per_capita,0.0251797501164404,0.5906936324991162,1
7,gdp_growth1,-0.5738260141561559,0.5906936324991162,1
7,health_expenditure_change1,0.264825520273671,0.5906936324991162,1
7,eu_resistance_excl_country,-0.4289067678484873,0.5906936324991162,1
7,resistance_gap_to_eu,0.1723350365935239,0.5906936324991162,1
7,eu_resistance_change1,0.5906936324991162,0.5906936324991162,1
7,other_antibiotic_mean,-0.1066637652142378,0.5906936324991162,1
7,other_antibiotic_sd,-0.1000982682259736,0.5906936324991162,1
7,other_high_resistance_count,-0.2245725549883416,0.5906936324991162,1
7,country_profile_gap,-0.7680445979921465,0.5906936324991162,1
7,trend_x_volatility,0.0826351821288342,0.5906936324991162,1
7,resistance_x_consumption,0.1835934917565368,0.5906936324991162,1
7,trend_x_consumption,-0.0076008878111645,0.5906936324991162,1
7,resistance_x_eu_gap,0.0835444731799488,0.5906936324991162,1
7,origin_year_index,-0.0994020352363018,0.5906936324991162,1
8,family_consumption_lag1,-0.2592791027929301,0.396309529434623,1
8,family_consumption_lag2,-0.0742978458164782,0.396309529434623,1
8,family_consumption_lag3,-0.1435504589163291,0.396309529434623,1
8,family_consumption_mean3,-0.0671897362820539,0.396309529434623,1
8,family_consumption_sum3,-0.0927176588824178,0.396309529434623,1
8,family_consumption_volatility3,-0.1450196707894797,0.396309529434623,1
8,family_consumption_change1,-0.4175683783755537,0.396309529434623,1
8,family_consumption_trend3,-0.3176452726694957,0.396309529434623,1
8,consumption_community_lag1,-0.434050041131468,0.396309529434623,1
8,consumption_hospital_lag1,-0.1360072880492298,0.396309529434623,1
8,hospital_community_ratio_lag1,-0.5705705834238751,0.396309529434623,1
8,reserve_pct_lag1,-0.6105716146578997,0.396309529434623,1
8,reserve_pct_lag2,-0.3848567846648307,0.396309529434623,1
8,reserve_pct_lag3,-0.1743357895721676,0.396309529434623,1
8,reserve_mean3,-0.3790371554072952,0.396309529434623,1
8,reserve_change1,-0.128891993262607,0.396309529434623,1
8,ast_tested_per_100k,-0.2002858193944453,0.396309529434623,1
8,reported_resistant_per_100k,-0.2425364398827108,0.396309529434623,1
8,tested_growth1,-0.2452358015340078,0.396309529434623,1
8,testing_volatility4,-0.2165943830125014,0.396309529434623,1
8,population,-0.0207419836091651,0.396309529434623,1
8,age65_pct,0.1997769437914717,0.396309529434623,1
8,urban_pct,-0.0734513121528771,0.396309529434623,1
8,gdp_per_capita,0.2988895543286455,0.396309529434623,1
8,health_expenditure_pct_gdp,0.0906273320453849,0.396309529434623,1
8,log_population,-0.1747753252956508,0.396309529434623,1
8,population_growth1,-0.0207402172371377,0.396309529434623,1
8,population_growth3,-0.180934398132685,0.396309529434623,1
8,age65_change1,-0.2256083939581316,0.396309529434623,1
8,urban_change1,-0.3050033099181781,0.396309529434623,1
8,log_gdp_per_capita,0.396309529434623,0.396309529434623,1
8,gdp_growth1,-0.1191333554461252,0.396309529434623,1
8,health_expenditure_change1,-1.0704493647361577,0.396309529434623,1
8,eu_resistance_excl_country,-0.1021756293893295,0.396309529434623,1
8,resistance_gap_to_eu,-0.3355048371478024,0.396309529434623,1
8,eu_resistance_change1,-0.520557334794978,0.396309529434623,1
8,other_antibiotic_mean,-0.1528456545942008,0.396309529434623,1
8,other_antibiotic_sd,-0.0597398666234237,0.396309529434623,1
8,other_high_resistance_count,-0.2529032040649314,0.396309529434623,1
8,country_profile_gap,0.1211232346114118,0.396309529434623,1
8,trend_x_volatility,-0.2049364274036204,0.396309529434623,1
8,resistance_x_consumption,-0.0292471266786329,0.396309529434623,1
8,trend_x_consumption,-0.1663151439361951,0.396309529434623,1
8,resistance_x_eu_gap,-0.8818952266642501,0.396309529434623,1
8,origin_year_index,-1.2600941155846446,0.396309529434623,1
9,family_consumption_lag1,0.0667080293290911,1.4691045171227373,1
9,family_consumption_lag2,-0.0374079308642791,1.4691045171227373,1
9,family_consumption_lag3,0.1506010665506703,1.4691045171227373,1
9,family_consumption_mean3,-0.0191962643293394,1.4691045171227373,1
9,family_consumption_sum3,-0.0362353412452631,1.4691045171227373,1
9,family_consumption_volatility3,-0.6334513951562757,1.4691045171227373,1
9,family_consumption_change1,-0.2022647968912707,1.4691045171227373,1
9,family_consumption_trend3,0.194424649119167,1.4691045171227373,1
9,consumption_community_lag1,-0.231751875316884,1.4691045171227373,1
9,consumption_hospital_lag1,-0.224594868930976,1.4691045171227373,1
9,hospital_community_ratio_lag1,-0.5185711991746157,1.4691045171227373,1
9,reserve_pct_lag1,-0.4757771166783929,1.4691045171227373,1
9,reserve_pct_lag2,-0.3811804667388423,1.4691045171227373,1
9,reserve_pct_lag3,-0.0494588402807207,1.4691045171227373,1
9,reserve_mean3,-0.3758856563933462,1.4691045171227373,1
9,reserve_change1,-0.1134627909084409,1.4691045171227373,1
9,ast_tested_per_100k,-0.043453303096426,1.4691045171227373,1
9,reported_resistant_per_100k,-0.130284580202268,1.4691045171227373,1
9,tested_growth1,-0.0830714916011548,1.4691045171227373,1
9,testing_volatility4,-0.0701154744127362,1.4691045171227373,1
9,population,-0.0389339773793388,1.4691045171227373,1
9,age65_pct,-0.2030956947511042,1.4691045171227373,1
9,urban_pct,-0.1336428369720456,1.4691045171227373,1
9,gdp_per_capita,0.2513497643191763,1.4691045171227373,1
9,health_expenditure_pct_gdp,0.0551568742004431,1.4691045171227373,1
9,log_population,-0.088546558190573,1.4691045171227373,1
9,population_growth1,0.4515701369293422,1.4691045171227373,1
9,population_growth3,0.8830306132031198,1.4691045171227373,1
9,age65_change1,0.6638096478932796,1.4691045171227373,1
9,urban_change1,-0.0404998316407733,1.4691045171227373,1
9,log_gdp_per_capita,0.5029617482791117,1.4691045171227373,1
9,gdp_growth1,-0.0398340369967046,1.4691045171227373,1
9,health_expenditure_change1,-0.3403178171070946,1.4691045171227373,1
9,eu_resistance_excl_country,0.1367262836316393,1.4691045171227373,1
9,resistance_gap_to_eu,-0.5853630304606502,1.4691045171227373,1
9,eu_resistance_change1,1.4691045171227373,1.4691045171227373,1
9,other_antibiotic_mean,-0.0044103819873383,1.4691045171227373,1
9,other_antibiotic_sd,0.0097077140225482,1.4691045171227373,1
9,other_high_resistance_count,-0.0731371514708756,1.4691045171227373,1
9,country_profile_gap,-0.0825997945725968,1.4691045171227373,1
9,trend_x_volatility,0.2108297086528809,1.4691045171227373,1
9,resistance_x_consumption,-0.0275278702872078,1.4691045171227373,1
9,trend_x_consumption,-0.1303886283238567,1.4691045171227373,1
9,resistance_x_eu_gap,-0.4834653660457944,1.4691045171227373,1
9,origin_year_index,1.0041022554449857,1.4691045171227373,1
10,family_consumption_lag1,-0.6398506040585074,0.6983343974827019,1
10,family_consumption_lag2,-0.873070860877884,0.6983343974827019,1
10,family_consumption_lag3,-0.383795538614888,0.6983343974827019,1
10,family_consumption_mean3,-0.7856985442639289,0.6983343974827019,1
10,family_consumption_sum3,-0.8671629591117883,0.6983343974827019,1
10,family_consumption_volatility3,-0.641230263168507,0.6983343974827019,1
10,family_consumption_change1,-0.1668765806314556,0.6983343974827019,1
10,family_consumption_trend3,-0.0991946368404341,0.6983343974827019,1
10,consumption_community_lag1,-0.1432313433289924,0.6983343974827019,1
10,consumption_hospital_lag1,-0.055576021289766,0.6983343974827019,1
10,hospital_community_ratio_lag1,-0.1273188692288461,0.6983343974827019,1
10,reserve_pct_lag1,-0.7080333464066063,0.6983343974827019,1
10,reserve_pct_lag2,-0.6377209843978076,0.6983343974827019,1
10,reserve_pct_lag3,-0.440047553502384,0.6983343974827019,1
10,reserve_mean3,-0.6346362953166454,0.6983343974827019,1
10,reserve_change1,-0.4388579717536628,0.6983343974827019,1
10,ast_tested_per_100k,0.222176877644351,0.6983343974827019,1
10,reported_resistant_per_100k,-0.3289466766349886,0.6983343974827019,1
10,tested_growth1,-0.1522037926787278,0.6983343974827019,1
10,testing_volatility4,-0.3187797527432898,0.6983343974827019,1
10,population,-0.1432491999029209,0.6983343974827019,1
10,age65_pct,0.0783278872858325,0.6983343974827019,1
10,urban_pct,-0.0559652098740435,0.6983343974827019,1
10,gdp_per_capita,0.4394401442444799,0.6983343974827019,1
10,health_expenditure_pct_gdp,-0.014071029949683,0.6983343974827019,1
10,log_population,0.0545297473550876,0.6983343974827019,1
10,population_growth1,0.2767897739947413,0.6983343974827019,1
10,population_growth3,-0.0604807719616709,0.6983343974827019,1
10,age65_change1,-0.0952100982441419,0.6983343974827019,1
10,urban_change1,-0.0691285677275022,0.6983343974827019,1
10,log_gdp_per_capita,0.4310698891757779,0.6983343974827019,1
10,gdp_growth1,-0.3190627431283986,0.6983343974827019,1
10,health_expenditure_change1,-0.0245252223813404,0.6983343974827019,1
10,eu_resistance_excl_country,-0.6520492842485089,0.6983343974827019,1
10,resistance_gap_to_eu,0.4033325640221358,0.6983343974827019,1
10,eu_resistance_change1,0.6983343974827019,0.6983343974827019,1
10,other_antibiotic_mean,-0.2282640969599274,0.6983343974827019,1
10,other_antibiotic_sd,-0.0766053164930898,0.6983343974827019,1
10,other_high_resistance_count,-0.3079031421046824,0.6983343974827019,1
10,country_profile_gap,-0.7596568597490332,0.6983343974827019,1
10,trend_x_volatility,0.0988022557198262,0.6983343974827019,1
10,resistance_x_consumption,-0.8362197177157547,0.6983343974827019,1
10,trend_x_consumption,0.0791620939130838,0.6983343974827019,1
10,resistance_x_eu_gap,0.0773645193839348,0.6983343974827019,1
10,origin_year_index,-0.9248094273868076,0.6983343974827019,1
11,family_consumption_lag1,-0.3647119561700332,0.4627892517075542,1
11,family_consumption_lag2,-0.2700018529733008,0.4627892517075542,1
11,family_consumption_lag3,-0.1568779938365027,0.4627892517075542,1
11,family_consumption_mean3,-0.215765924012666,0.4627892517075542,1
11,family_consumption_sum3,-0.2364555099210832,0.4627892517075542,1
11,family_consumption_volatility3,-0.7914867965644411,0.4627892517075542,1
11,family_consumption_change1,0.0051737873522333,0.4627892517075542,1
11,family_consumption_trend3,0.1916342081856846,0.4627892517075542,1
11,consumption_community_lag1,-0.1287906741057282,0.4627892517075542,1
11,consumption_hospital_lag1,-0.1768705154191124,0.4627892517075542,1
11,hospital_community_ratio_lag1,-0.1177381766493171,0.4627892517075542,1
11,reserve_pct_lag1,-0.217789081633572,0.4627892517075542,1
11,reserve_pct_lag2,-0.1108855263925085,0.4627892517075542,1
11,reserve_pct_lag3,-0.1302311550685846,0.4627892517075542,1
11,reserve_mean3,-0.1167436437590695,0.4627892517075542,1
11,reserve_change1,-0.3610437403526639,0.4627892517075542,1
11,ast_tested_per_100k,0.1117147409673643,0.4627892517075542,1
11,reported_resistant_per_100k,-0.1202104110822791,0.4627892517075542,1
11,tested_growth1,0.0364100144334514,0.4627892517075542,1
11,testing_volatility4,0.0202981293087379,0.4627892517075542,1
11,population,-0.0267662756600876,0.4627892517075542,1
11,age65_pct,-0.0568921150314553,0.4627892517075542,1
11,urban_pct,-0.0623413817388309,0.4627892517075542,1
11,gdp_per_capita,0.2045412378130799,0.4627892517075542,1
11,health_expenditure_pct_gdp,0.1530429365177207,0.4627892517075542,1
11,log_population,0.0032791325686529,0.4627892517075542,1
11,population_growth1,0.4627892517075542,0.4627892517075542,1
11,population_growth3,0.0459787585954147,0.4627892517075542,1
11,age65_change1,0.1816030819365195,0.4627892517075542,1
11,urban_change1,-0.0098238528085309,0.4627892517075542,1
11,log_gdp_per_capita,0.3233268496746374,0.4627892517075542,1
11,gdp_growth1,0.0710822343764778,0.4627892517075542,1
11,health_expenditure_change1,-1.4415593736218049,0.4627892517075542,1
11,eu_resistance_excl_country,-0.0228728068854658,0.4627892517075542,1
11,resistance_gap_to_eu,-0.1689409765753262,0.4627892517075542,1
11,eu_resistance_change1,-0.416931567324825,0.4627892517075542,1
11,other_antibiotic_mean,-0.0151490712196002,0.4627892517075542,1
11,other_antibiotic_sd,-0.0294719429464727,0.4627892517075542,1
11,other_high_resistance_count,-0.0092801953001689,0.4627892517075542,1
11,country_profile_gap,0.0087324269419539,0.4627892517075542,1
11,trend_x_volatility,0.4094989855710718,0.4627892517075542,1
11,resistance_x_consumption,-0.2751663076913216,0.4627892517075542,1
11,trend_x_consumption,0.0254794985659015,0.4627892517075542,1
11,resistance_x_eu_gap,-0.3067990438723549,0.4627892517075542,1
11,origin_year_index,-0.4471038602985993,0.4627892517075542,1
12,family_consumption_lag1,-0.3994178014631698,0.8953152328696143,1
12,family_consumption_lag2,-0.0013432278058636,0.8953152328696143,1
12,family_consumption_lag3,0.0488444240596554,0.8953152328696143,1
12,family_consumption_mean3,-0.010567347054859,0.8953152328696143,1
12,family_consumption_sum3,-0.0094658148288747,0.8953152328696143,1
12,family_consumption_volatility3,-0.6142629169855651,0.8953152328696143,1
12,family_consumption_change1,-1.2048604202196838,0.8953152328696143,1
12,family_consumption_trend3,-0.1952746446500752,0.8953152328696143,1
12,consumption_community_lag1,-0.2902059435183197,0.8953152328696143,1
12,consumption_hospital_lag1,-0.3515109740656908,0.8953152328696143,1
12,hospital_community_ratio_lag1,-0.3628733309661693,0.8953152328696143,1
12,reserve_pct_lag1,-0.6101486301626825,0.8953152328696143,1
12,reserve_pct_lag2,-0.4576534472970722,0.8953152328696143,1
12,reserve_pct_lag3,-0.4104852060425617,0.8953152328696143,1
12,reserve_mean3,-0.4532523396182927,0.8953152328696143,1
12,reserve_change1,-0.2256047089470485,0.8953152328696143,1
12,ast_tested_per_100k,0.3259425226892101,0.8953152328696143,1
12,reported_resistant_per_100k,-0.1414420289880625,0.8953152328696143,1
12,tested_growth1,-0.0011098963892417,0.8953152328696143,1
12,testing_volatility4,0.0013795854110982,0.8953152328696143,1
12,population,-0.0349745569604372,0.8953152328696143,1
12,age65_pct,-0.6184260447768379,0.8953152328696143,1
12,urban_pct,-0.462964742401259,0.8953152328696143,1
12,gdp_per_capita,0.0148762790448416,0.8953152328696143,1
12,health_expenditure_pct_gdp,-0.071823046864783,0.8953152328696143,1
12,log_population,0.0804274205499333,0.8953152328696143,1
12,population_growth1,0.8953152328696143,0.8953152328696143,1
12,population_growth3,0.2494614613937152,0.8953152328696143,1
12,age65_change1,0.1482257257247193,0.8953152328696143,1
12,urban_change1,-0.0230399184326113,0.8953152328696143,1
12,log_gdp_per_capita,0.243770781754361,0.8953152328696143,1
12,gdp_growth1,0.08134633356552,0.8953152328696143,1
12,health_expenditure_change1,-2.573136682128258,0.8953152328696143,1
12,eu_resistance_excl_country,-0.6402017671150158,0.8953152328696143,1
12,resistance_gap_to_eu,0.7572770682164327,0.8953152328696143,1
12,eu_resistance_change1,-1.3801202894008997,0.8953152328696143,1
12,other_antibiotic_mean,-0.2539425244361459,0.8953152328696143,1
12,other_antibiotic_sd,-0.2119551804017923,0.8953152328696143,1
12,other_high_resistance_count,-0.2456865432700098,0.8953152328696143,1
12,country_profile_gap,-0.7440085651906077,0.8953152328696143,1
12,trend_x_volatility,-0.0881906207918178,0.8953152328696143,1
12,resistance_x_consumption,0.0674807375459647,0.8953152328696143,1
12,trend_x_consumption,-0.4017710402235065,0.8953152328696143,1
12,resistance_x_eu_gap,0.4089362148022237,0.8953152328696143,1
12,origin_year_index,-0.0182509570662335,0.8953152328696143,1
13,family_consumption_lag1,0.1513531142818094,0.1861151029719376,1
13,family_consumption_lag2,-0.0496962976857355,0.1861151029719376,1
13,family_consumption_lag3,0.184928375621492,0.1861151029719376,1
13,family_consumption_mean3,-0.0385006210463271,0.1861151029719376,1
13,family_consumption_sum3,-0.0581752303504797,0.1861151029719376,1
13,family_consumption_volatility3,-0.4291241305575274,0.1861151029719376,1
13,family_consumption_change1,-0.2000846928229122,0.1861151029719376,1
13,family_consumption_trend3,-0.24664527429931,0.1861151029719376,1
13,consumption_community_lag1,0.0476464019555881,0.1861151029719376,1
13,consumption_hospital_lag1,-0.1459568822026573,0.1861151029719376,1
13,hospital_community_ratio_lag1,-0.0098036235270707,0.1861151029719376,1
13,reserve_pct_lag1,-0.4564986904994939,0.1861151029719376,1
13,reserve_pct_lag2,-0.3855363802486236,0.1861151029719376,1
13,reserve_pct_lag3,-0.3914427567474879,0.1861151029719376,1
13,reserve_mean3,-0.3856244546395589,0.1861151029719376,1
13,reserve_change1,-0.346602801116766,0.1861151029719376,1
13,ast_tested_per_100k,-0.1036032290576813,0.1861151029719376,1
13,reported_resistant_per_100k,-0.2779622375978333,0.1861151029719376,1
13,tested_growth1,-0.1242187381310343,0.1861151029719376,1
13,testing_volatility4,-0.0452170227310647,0.1861151029719376,1
13,population,-0.0517254502382817,0.1861151029719376,1
13,age65_pct,0.1861151029719376,0.1861151029719376,1
13,urban_pct,-0.0426684886115796,0.1861151029719376,1
13,gdp_per_capita,0.0324764089461586,0.1861151029719376,1
13,health_expenditure_pct_gdp,0.079004843378669,0.1861151029719376,1
13,log_population,-0.078080465489476,0.1861151029719376,1
13,population_growth1,-0.4814060590554397,0.1861151029719376,1
13,population_growth3,-1.5358703876195745,0.1861151029719376,1
13,age65_change1,-0.2621130545454582,0.1861151029719376,1
13,urban_change1,-0.1062978412313848,0.1861151029719376,1
13,log_gdp_per_capita,-0.0090185382336287,0.1861151029719376,1
13,gdp_growth1,-0.4863898524825166,0.1861151029719376,1
13,health_expenditure_change1,-1.638535192592968,0.1861151029719376,1
13,eu_resistance_excl_country,-0.3540068953670352,0.1861151029719376,1
13,resistance_gap_to_eu,0.1834320701587617,0.1861151029719376,1
13,eu_resistance_change1,-1.7523236148203167,0.1861151029719376,1
13,other_antibiotic_mean,-0.0432445219483084,0.1861151029719376,1
13,other_antibiotic_sd,-0.034577659218003,0.1861151029719376,1
13,other_high_resistance_count,-0.1001818815801335,0.1861151029719376,1
13,country_profile_gap,-0.0489201139564925,0.1861151029719376,1
13,trend_x_volatility,-0.2371845506885657,0.1861151029719376,1
13,resistance_x_consumption,0.0253825399947529,0.1861151029719376,1
13,trend_x_consumption,-0.3652225110790629,0.1861151029719376,1
13,resistance_x_eu_gap,-0.4532237371194855,0.1861151029719376,1
13,origin_year_index,-1.279203843245801,0.1861151029719376,1
14,family_consumption_lag1,-0.292277819200069,0.4153873045587026,1
14,family_consumption_lag2,-0.0017156837601126,0.4153873045587026,1
14,family_consumption_lag3,0.0345036855417894,0.4153873045587026,1
14,family_consumption_mean3,0.0296249474552085,0.4153873045587026,1
14,family_consumption_sum3,-0.0110268694271539,0.4153873045587026,1
14,family_consumption_volatility3,-0.1295790167601924,0.4153873045587026,1
14,family_consumption_change1,-0.250393938072702,0.4153873045587026,1
14,family_consumption_trend3,0.4153873045587026,0.4153873045587026,1
14,consumption_community_lag1,-0.1109658927456033,0.4153873045587026,1
14,consumption_hospital_lag1,-0.3186505874554562,0.4153873045587026,1
14,hospital_community_ratio_lag1,-0.1408555735552688,0.4153873045587026,1
14,reserve_pct_lag1,-0.5126531708824018,0.4153873045587026,1
14,reserve_pct_lag2,-0.2750283881543485,0.4153873045587026,1
14,reserve_pct_lag3,-0.55851709418495,0.4153873045587026,1
14,reserve_mean3,-0.2949103042003396,0.4153873045587026,1
14,reserve_change1,-0.238757348738058,0.4153873045587026,1
14,ast_tested_per_100k,0.2503365113781757,0.4153873045587026,1
14,reported_resistant_per_100k,-0.0195335409052621,0.4153873045587026,1
14,tested_growth1,-0.0871746030041868,0.4153873045587026,1
14,testing_volatility4,-0.0436178922073777,0.4153873045587026,1
14,population,-0.0407119483544901,0.4153873045587026,1
14,age65_pct,-0.4162134644755768,0.4153873045587026,1
14,urban_pct,-0.0747095847928525,0.4153873045587026,1
14,gdp_per_capita,0.1339978380765412,0.4153873045587026,1
14,health_expenditure_pct_gdp,0.0490131937927636,0.4153873045587026,1
14,log_population,-0.0677238977682929,0.4153873045587026,1
14,population_growth1,-0.0588610463402027,0.4153873045587026,1
14,population_growth3,-0.2751276573736987,0.4153873045587026,1
14,age65_change1,-0.0750403009485275,0.4153873045587026,1
14,urban_change1,-0.1243353956507508,0.4153873045587026,1
14,log_gdp_per_capita,0.1751117705191978,0.4153873045587026,1
14,gdp_growth1,-0.2102071040695264,0.4153873045587026,1
14,health_expenditure_change1,-1.1070174497216505,0.4153873045587026,1
14,eu_resistance_excl_country,-0.301864859731922,0.4153873045587026,1
14,resistance_gap_to_eu,-0.0035362483685494,0.4153873045587026,1
14,eu_resistance_change1,0.2427777935998398,0.4153873045587026,1
14,other_antibiotic_mean,-0.1300947625354398,0.4153873045587026,1
14,other_antibiotic_sd,-0.0707227165824357,0.4153873045587026,1
14,other_high_resistance_count,-0.327825482795703,0.4153873045587026,1
14,country_profile_gap,-0.8328136352978843,0.4153873045587026,1
14,trend_x_volatility,0.3697478573829847,0.4153873045587026,1
14,resistance_x_consumption,-0.0072382129304523,0.4153873045587026,1
14,trend_x_consumption,0.0524701736082319,0.4153873045587026,1
14,resistance_x_eu_gap,-0.0672016185320724,0.4153873045587026,1
14,origin_year_index,-0.1993763634354501,0.4153873045587026,1
15,family_consumption_lag1,0.0259125956829699,0.5317054655173014,1
15,family_consumption_lag2,-0.1455150489272791,0.5317054655173014,1
15,family_consumption_lag3,-0.2451033686940932,0.5317054655173014,1
15,family_consumption_mean3,-0.1474414901566084,0.5317054655173014,1
15,family_consumption_sum3,-0.2237907162361209,0.5317054655173014,1
15,family_consumption_volatility3,-0.5968280620594664,0.5317054655173014,1
15,family_consumption_change1,-0.3454884635804841,0.5317054655173014,1
15,family_consumption_trend3,-0.2946076695926738,0.5317054655173014,1
15,consumption_community_lag1,-0.059574843450295,0.5317054655173014,1
15,consumption_hospital_lag1,-0.2099250031862944,0.5317054655173014,1
15,hospital_community_ratio_lag1,-0.15002438508068,0.5317054655173014,1
15,reserve_pct_lag1,-0.3298078185210049,0.5317054655173014,1
15,reserve_pct_lag2,-0.2244088059853773,0.5317054655173014,1
15,reserve_pct_lag3,-0.3646520123096167,0.5317054655173014,1
15,reserve_mean3,-0.2418036047375739,0.5317054655173014,1
15,reserve_change1,-0.2581251797688653,0.5317054655173014,1
15,ast_tested_per_100k,-0.3071878706514783,0.5317054655173014,1
15,reported_resistant_per_100k,-0.4656219460751534,0.5317054655173014,1
15,tested_growth1,-0.1349751510462709,0.5317054655173014,1
15,testing_volatility4,-0.1656789445356682,0.5317054655173014,1
15,population,-0.0284786618051712,0.5317054655173014,1
15,age65_pct,0.1233419923977288,0.5317054655173014,1
15,urban_pct,-0.0581193847697172,0.5317054655173014,1
15,gdp_per_capita,0.2779584813098481,0.5317054655173014,1
15,health_expenditure_pct_gdp,0.0345865441092832,0.5317054655173014,1
15,log_population,-0.2785255728103283,0.5317054655173014,1
15,population_growth1,-0.1732038629709992,0.5317054655173014,1
15,population_growth3,-0.2177640473211296,0.5317054655173014,1
15,age65_change1,-0.3015339245644488,0.5317054655173014,1
15,urban_change1,-0.2248190837050073,0.5317054655173014,1
15,log_gdp_per_capita,0.3571726535273449,0.5317054655173014,1
15,gdp_growth1,-0.0740922607104837,0.5317054655173014,1
15,health_expenditure_change1,0.5317054655173014,0.5317054655173014,1
15,eu_resistance_excl_country,-0.123965795980463,0.5317054655173014,1
15,resistance_gap_to_eu,-0.3304969228143474,0.5317054655173014,1
15,eu_resistance_change1,0.1878983075930008,0.5317054655173014,1
15,other_antibiotic_mean,-0.0520001489787865,0.5317054655173014,1
15,other_antibiotic_sd,-0.0038431298667688,0.5317054655173014,1
15,other_high_resistance_count,-0.0620984872398962,0.5317054655173014,1
15,country_profile_gap,-0.2587107731913491,0.5317054655173014,1
15,trend_x_volatility,-0.0770255819130913,0.5317054655173014,1
15,resistance_x_consumption,-0.2126506964227289,0.5317054655173014,1
15,trend_x_consumption,-0.0484875156208997,0.5317054655173014,1
15,resistance_x_eu_gap,-1.1206025007486191,0.5317054655173014,1
15,origin_year_index,-0.4822635935170993,0.5317054655173014,1
16,family_consumption_lag1,-0.540525340413378,0.545953850573972,1
16,family_consumption_lag2,-0.4915486561914603,0.545953850573972,1
16,family_consumption_lag3,-0.111592372782601,0.545953850573972,1
16,family_consumption_mean3,-0.4117978846633078,0.545953850573972,1
16,family_consumption_sum3,-0.4097325823033412,0.545953850573972,1
16,family_consumption_volatility3,-0.2350836128644545,0.545953850573972,1
16,family_consumption_change1,-1.1034860755452365,0.545953850573972,1
16,family_consumption_trend3,-0.1607158763044981,0.545953850573972,1
16,consumption_community_lag1,-0.501299979459287,0.545953850573972,1
16,consumption_hospital_lag1,-0.1875526405722322,0.545953850573972,1
16,hospital_community_ratio_lag1,-0.5540191103433524,0.545953850573972,1
16,reserve_pct_lag1,-0.5384393425329502,0.545953850573972,1
16,reserve_pct_lag2,-0.579071031069758,0.545953850573972,1
16,reserve_pct_lag3,-0.1690895918033587,0.545953850573972,1
16,reserve_mean3,-0.5484800006174779,0.545953850573972,1
16,reserve_change1,-0.449885617604129,0.545953850573972,1
16,ast_tested_per_100k,0.1309238045659197,0.545953850573972,1
16,reported_resistant_per_100k,-0.0303995352232644,0.545953850573972,1
16,tested_growth1,-0.1987821282029813,0.545953850573972,1
16,testing_volatility4,-0.2574310814743373,0.545953850573972,1
16,population,-0.0428362588486956,0.545953850573972,1
16,age65_pct,-0.326244882886062,0.545953850573972,1
16,urban_pct,-0.2005643868677896,0.545953850573972,1
16,gdp_per_capita,0.2786671689295698,0.545953850573972,1
16,health_expenditure_pct_gdp,0.0758136779819751,0.545953850573972,1
16,log_population,0.0018515462482955,0.545953850573972,1
16,population_growth1,0.1855979585570473,0.545953850573972,1
16,population_growth3,0.4885330962794675,0.545953850573972,1
16,age65_change1,0.030186866948658,0.545953850573972,1
16,urban_change1,-0.1270206799904212,0.545953850573972,1
16,log_gdp_per_capita,0.3150324704059297,0.545953850573972,1
16,gdp_growth1,-0.4052222582703988,0.545953850573972,1
16,health_expenditure_change1,-0.8895532033274731,0.545953850573972,1
16,eu_resistance_excl_country,-0.1353994386590954,0.545953850573972,1
16,resistance_gap_to_eu,0.1583374397320626,0.545953850573972,1
16,eu_resistance_change1,-0.0993240863667286,0.545953850573972,1
16,other_antibiotic_mean,0.0006897968933976,0.545953850573972,1
16,other_antibiotic_sd,0.0041772032425195,0.545953850573972,1
16,other_high_resistance_count,-0.047835474493271,0.545953850573972,1
16,country_profile_gap,0.0792572073472478,0.545953850573972,1
16,trend_x_volatility,0.3040780468467094,0.545953850573972,1
16,resistance_x_consumption,-0.4151261726643874,0.545953850573972,1
16,trend_x_consumption,0.545953850573972,0.545953850573972,1
16,resistance_x_eu_gap,-0.2024623587745114,0.545953850573972,1
16,origin_year_index,-0.2168935153764872,0.545953850573972,1
17,family_consumption_lag1,-0.0095411604702245,0.4903733799443261,1
17,family_consumption_lag2,0.0789178324145132,0.4903733799443261,1
17,family_consumption_lag3,-0.1415143518545786,0.4903733799443261,1
17,family_consumption_mean3,0.0693696940106383,0.4903733799443261,1
17,family_consumption_sum3,0.0549588627338768,0.4903733799443261,1
17,family_consumption_volatility3,-0.8364139117741162,0.4903733799443261,1
17,family_consumption_change1,-0.5169840786449792,0.4903733799443261,1
17,family_consumption_trend3,-0.589661769733224,0.4903733799443261,1
17,consumption_community_lag1,0.050822671196848,0.4903733799443261,1
17,consumption_hospital_lag1,-0.2416041952261136,0.4903733799443261,1
17,hospital_community_ratio_lag1,-0.394037089446713,0.4903733799443261,1
17,reserve_pct_lag1,-0.2677756342308858,0.4903733799443261,1
17,reserve_pct_lag2,-0.2746203402795634,0.4903733799443261,1
17,reserve_pct_lag3,-0.7442319283069544,0.4903733799443261,1
17,reserve_mean3,-0.2816990240646009,0.4903733799443261,1
17,reserve_change1,-0.252661886285572,0.4903733799443261,1
17,ast_tested_per_100k,0.2248362873344734,0.4903733799443261,1
17,reported_resistant_per_100k,-0.1402667751431348,0.4903733799443261,1
17,tested_growth1,-0.2058696408839742,0.4903733799443261,1
17,testing_volatility4,-0.0167796859033773,0.4903733799443261,1
17,population,-0.0505242029092228,0.4903733799443261,1
17,age65_pct,-0.4725822263307229,0.4903733799443261,1
17,urban_pct,-0.2289136130516673,0.4903733799443261,1
17,gdp_per_capita,0.1894649835412916,0.4903733799443261,1
17,health_expenditure_pct_gdp,-0.1172065170150242,0.4903733799443261,1
17,log_population,0.116118299303984,0.4903733799443261,1
17,population_growth1,0.2343532695027704,0.4903733799443261,1
17,population_growth3,0.2821867705754783,0.4903733799443261,1
17,age65_change1,0.3826241954413136,0.4903733799443261,1
17,urban_change1,-0.029659359837525,0.4903733799443261,1
17,log_gdp_per_capita,0.4903733799443261,0.4903733799443261,1
17,gdp_growth1,-0.1105300311545596,0.4903733799443261,1
17,health_expenditure_change1,-1.8162975679194968,0.4903733799443261,1
17,eu_resistance_excl_country,-0.1093495358099424,0.4903733799443261,1
17,resistance_gap_to_eu,-0.2070149911133787,0.4903733799443261,1
17,eu_resistance_change1,-0.5786642025136596,0.4903733799443261,1
17,other_antibiotic_mean,-0.0484017645972174,0.4903733799443261,1
17,other_antibiotic_sd,-0.0737108333452738,0.4903733799443261,1
17,other_high_resistance_count,0.0276940747937753,0.4903733799443261,1
17,country_profile_gap,-0.4292112111287918,0.4903733799443261,1
17,trend_x_volatility,-0.0120144627744336,0.4903733799443261,1
17,resistance_x_consumption,0.0244855946166395,0.4903733799443261,1
17,trend_x_consumption,-0.4159381739605635,0.4903733799443261,1
17,resistance_x_eu_gap,-0.0141569629051644,0.4903733799443261,1
17,origin_year_index,-0.9567376944410886,0.4903733799443261,1
18,family_consumption_lag1,-0.028404615332138,0.4613598278399495,1
18,family_consumption_lag2,0.039568249551172,0.4613598278399495,1
18,family_consumption_lag3,-0.0759901011585399,0.4613598278399495,1
18,family_consumption_mean3,0.0152468584574091,0.4613598278399495,1
18,family_consumption_sum3,0.0337175361334281,0.4613598278399495,1
18,family_consumption_volatility3,-0.5164503969536329,0.4613598278399495,1
18,family_consumption_change1,-0.2473328854237169,0.4613598278399495,1
18,family_consumption_trend3,-0.2849036591066233,0.4613598278399495,1
18,consumption_community_lag1,-0.0457883581562618,0.4613598278399495,1
18,consumption_hospital_lag1,-0.0331870811752976,0.4613598278399495,1
18,hospital_community_ratio_lag1,-0.2000264837688971,0.4613598278399495,1
18,reserve_pct_lag1,-0.229139251980037,0.4613598278399495,1
18,reserve_pct_lag2,-0.3328088920528523,0.4613598278399495,1
18,reserve_pct_lag3,-0.2486169015813747,0.4613598278399495,1
18,reserve_mean3,-0.3564713774509898,0.4613598278399495,1
18,reserve_change1,-0.394420979604943,0.4613598278399495,1
18,ast_tested_per_100k,0.1503865065752936,0.4613598278399495,1
18,reported_resistant_per_100k,-0.0387593467486727,0.4613598278399495,1
18,tested_growth1,-0.2359147038608598,0.4613598278399495,1
18,testing_volatility4,0.0336535080749436,0.4613598278399495,1
18,population,-0.0139863689993254,0.4613598278399495,1
18,age65_pct,0.2877102394062023,0.4613598278399495,1
18,urban_pct,-0.0467715479660884,0.4613598278399495,1
18,gdp_per_capita,0.3882854630251663,0.4613598278399495,1
18,health_expenditure_pct_gdp,-0.0947385395770478,0.4613598278399495,1
18,log_population,0.0109736437161316,0.4613598278399495,1
18,population_growth1,0.2267639122358143,0.4613598278399495,1
18,population_growth3,0.0500854558377838,0.4613598278399495,1
18,age65_change1,-0.1591764681483882,0.4613598278399495,1
18,urban_change1,-0.0407328085264137,0.4613598278399495,1
18,log_gdp_per_capita,0.4613598278399495,0.4613598278399495,1
18,gdp_growth1,-0.1790831862353204,0.4613598278399495,1
18,health_expenditure_change1,-1.5563742371531506,0.4613598278399495,1
18,eu_resistance_excl_country,-0.4842101443847238,0.4613598278399495,1
18,resistance_gap_to_eu,0.4498804645467412,0.4613598278399495,1
18,eu_resistance_change1,-0.6708916498909702,0.4613598278399495,1
18,other_antibiotic_mean,-0.0396283888322295,0.4613598278399495,1
18,other_antibiotic_sd,-0.0702448416834819,0.4613598278399495,1
18,other_high_resistance_count,-0.0539276192691736,0.4613598278399495,1
18,country_profile_gap,-0.3602712801438111,0.4613598278399495,1
18,trend_x_volatility,-0.0732969998487759,0.4613598278399495,1
18,resistance_x_consumption,0.0386633261067854,0.4613598278399495,1
18,trend_x_consumption,-1.430818606027488,0.4613598278399495,1
18,resistance_x_eu_gap,-0.0487682792428698,0.4613598278399495,1
18,origin_year_index,-0.26742327603208,0.4613598278399495,1
19,family_consumption_lag1,0.0929067735580134,0.6738155330508726,1
19,family_consumption_lag2,-0.2142679480992635,0.6738155330508726,1
19,family_consumption_lag3,-0.2399582382787148,0.6738155330508726,1
19,family_consumption_mean3,-0.1508672231021682,0.6738155330508726,1
19,family_consumption_sum3,-0.2203865331917157,0.6738155330508726,1
19,family_consumption_volatility3,-0.3817424370919646,0.6738155330508726,1
19,family_consumption_change1,0.0662547471487788,0.6738155330508726,1
19,family_consumption_trend3,-1.0054007306831856,0.6738155330508726,1
19,consumption_community_lag1,-0.0010067096126759,0.6738155330508726,1
19,consumption_hospital_lag1,-0.1717823430399492,0.6738155330508726,1
19,hospital_community_ratio_lag1,-0.2610509923024994,0.6738155330508726,1
19,reserve_pct_lag1,-0.3597480633230762,0.6738155330508726,1
19,reserve_pct_lag2,-0.1705943793902734,0.6738155330508726,1
19,reserve_pct_lag3,-0.3328470015689897,0.6738155330508726,1
19,reserve_mean3,-0.1740000312891337,0.6738155330508726,1
19,reserve_change1,-0.2287146321640273,0.6738155330508726,1
19,ast_tested_per_100k,0.2363948642755627,0.6738155330508726,1
19,reported_resistant_per_100k,0.0082919153411694,0.6738155330508726,1
19,tested_growth1,0.0011053039478681,0.6738155330508726,1
19,testing_volatility4,-0.2623411895043528,0.6738155330508726,1
19,population,0.0207937425638006,0.6738155330508726,1
19,age65_pct,-0.1809963668502735,0.6738155330508726,1
19,urban_pct,-0.091041143966016,0.6738155330508726,1
19,gdp_per_capita,0.0610929572722456,0.6738155330508726,1
19,health_expenditure_pct_gdp,0.0710465589214392,0.6738155330508726,1
19,log_population,0.0889489047138266,0.6738155330508726,1
19,population_growth1,0.0421466423730372,0.6738155330508726,1
19,population_growth3,0.1877401367704388,0.6738155330508726,1
19,age65_change1,-0.1353773589639914,0.6738155330508726,1
19,urban_change1,0.1411453221395469,0.6738155330508726,1
19,log_gdp_per_capita,0.1782540204790449,0.6738155330508726,1
19,gdp_growth1,-0.1089186724424321,0.6738155330508726,1
19,health_expenditure_change1,-1.5007966239582151,0.6738155330508726,1
19,eu_resistance_excl_country,-0.0990613876739595,0.6738155330508726,1
19,resistance_gap_to_eu,-0.1219285971158732,0.6738155330508726,1
19,eu_resistance_change1,-1.4541182918399949,0.6738155330508726,1
19,other_antibiotic_mean,-0.0560920975276832,0.6738155330508726,1
19,other_antibiotic_sd,-0.0450962379148893,0.6738155330508726,1
19,other_high_resistance_count,0.0805062513437499,0.6738155330508726,1
19,country_profile_gap,0.0885986022069792,0.6738155330508726,1
19,trend_x_volatility,0.3586159605916231,0.6738155330508726,1
19,resistance_x_consumption,0.0237788378719148,0.6738155330508726,1
19,trend_x_consumption,-0.6769442844357372,0.6738155330508726,1
19,resistance_x_eu_gap,0.1267491110770468,0.6738155330508726,1
19,origin_year_index,0.6738155330508726,0.6738155330508726,1
0,family_consumption_lag1,2.4711357299470853,6.627526091293827,3
0,family_consumption_lag2,3.775112879803781,6.627526091293827,3
0,family_consumption_lag3,5.570914397345301,6.627526091293827,3
0,family_consumption_mean3,3.2880859173813217,6.627526091293827,3
0,family_consumption_sum3,3.788159233836932,6.627526091293827,3
0,family_consumption_volatility3,2.511908179130062,6.627526091293827,3
0,family_consumption_change1,2.9431380844257604,6.627526091293827,3
0,family_consumption_trend3,4.975792752114747,6.627526091293827,3
0,consumption_community_lag1,1.9703027677675944,6.627526091293827,3
0,consumption_hospital_lag1,2.8502430520973423,6.627526091293827,3
0,hospital_community_ratio_lag1,3.0308540750543385,6.627526091293827,3
0,reserve_pct_lag1,2.612747359414757,6.627526091293827,3
0,reserve_pct_lag2,3.440095033736532,6.627526091293827,3
0,reserve_pct_lag3,4.356629492593446,6.627526091293827,3
0,reserve_mean3,2.9423357458121058,6.627526091293827,3
0,reserve_change1,2.4568655997745634,6.627526091293827,3
0,ast_tested_per_100k,2.656122329528505,6.627526091293827,3
0,reported_resistant_per_100k,1.892496280134404,6.627526091293827,3
0,tested_growth1,1.4396060552099297,6.627526091293827,3
0,testing_volatility4,2.19260929000044,6.627526091293827,3
0,population,2.4758945063317985,6.627526091293827,3
0,age65_pct,1.4168274748204717,6.627526091293827,3
0,urban_pct,2.3744241870499674,6.627526091293827,3
0,gdp_per_capita,2.1431782922901186,6.627526091293827,3
0,health_expenditure_pct_gdp,2.4956734662949938,6.627526091293827,3
0,log_population,2.4047097357357607,6.627526091293827,3
0,population_growth1,2.0661324098527465,6.627526091293827,3
0,population_growth3,6.627526091293827,6.627526091293827,3
0,age65_change1,0.911429682495293,6.627526091293827,3
0,urban_change1,2.1869891624473485,6.627526091293827,3
0,log_gdp_per_capita,3.721118518429035,6.627526091293827,3
0,gdp_growth1,-0.0885051409748843,6.627526091293827,3
0,health_expenditure_change1,-0.5915740557591999,6.627526091293827,3
0,eu_resistance_excl_country,2.9483503601439733,6.627526091293827,3
0,resistance_gap_to_eu,1.5499165219967137,6.627526091293827,3
0,eu_resistance_change1,-1.0404976682554763,6.627526091293827,3
0,other_antibiotic_mean,1.320408358810642,6.627526091293827,3
0,other_antibiotic_sd,1.7661873712428076,6.627526091293827,3
0,other_high_resistance_count,0.9799815721631554,6.627526091293827,3
0,country_profile_gap,0.2853313328638296,6.627526091293827,3
0,trend_x_volatility,0.8113673073224856,6.627526091293827,3
0,resistance_x_consumption,3.0925781026807684,6.627526091293827,3
0,trend_x_consumption,2.4147977818984505,6.627526091293827,3
0,resistance_x_eu_gap,1.208520729150728,6.627526091293827,3
0,origin_year_index,6.379595250053264,6.627526091293827,3
1,family_consumption_lag1,0.8537339773933273,3.115780882183476,3
1,family_consumption_lag2,0.9165909919099786,3.115780882183476,3
1,family_consumption_lag3,2.4316708899268837,3.115780882183476,3
1,family_consumption_mean3,1.0854507683335377,3.115780882183476,3
1,family_consumption_sum3,1.072996171183502,3.115780882183476,3
1,family_consumption_volatility3,0.2528254799001274,3.115780882183476,3
1,family_consumption_change1,1.2512941692359647,3.115780882183476,3
1,family_consumption_trend3,1.956128555804877,3.115780882183476,3
1,consumption_community_lag1,0.968939497228216,3.115780882183476,3
1,consumption_hospital_lag1,0.617415010277346,3.115780882183476,3
1,hospital_community_ratio_lag1,1.4983561351624708,3.115780882183476,3
1,reserve_pct_lag1,1.3606369055076724,3.115780882183476,3
1,reserve_pct_lag2,1.6853995665251251,3.115780882183476,3
1,reserve_pct_lag3,1.6292627185006263,3.115780882183476,3
1,reserve_mean3,2.0209353901242424,3.115780882183476,3
1,reserve_change1,1.1831192127580252,3.115780882183476,3
1,ast_tested_per_100k,2.387750304688685,3.115780882183476,3
1,reported_resistant_per_100k,1.8342719043131008,3.115780882183476,3
1,tested_growth1,-0.606608855652544,3.115780882183476,3
1,testing_volatility4,0.2878173785568782,3.115780882183476,3
1,population,1.5932742802531608,3.115780882183476,3
1,age65_pct,0.8410361414421025,3.115780882183476,3
1,urban_pct,1.2989184875168889,3.115780882183476,3
1,gdp_per_capita,2.423615632372661,3.115780882183476,3
1,health_expenditure_pct_gdp,1.6834367819411575,3.115780882183476,3
1,log_population,1.4725746324150402,3.115780882183476,3
1,population_growth1,1.4697770768385985,3.115780882183476,3
1,population_growth3,2.522043342556909,3.115780882183476,3
1,age65_change1,0.494483624682148,3.115780882183476,3
1,urban_change1,0.8399299815047503,3.115780882183476,3
1,log_gdp_per_capita,2.7773934626714065,3.115780882183476,3
1,gdp_growth1,-1.5605809471237235,3.115780882183476,3
1,health_expenditure_change1,-0.9263532348751912,3.115780882183476,3
1,eu_resistance_excl_country,1.307798595772734,3.115780882183476,3
1,resistance_gap_to_eu,-0.5166765183942911,3.115780882183476,3
1,eu_resistance_change1,-0.7007345224513047,3.115780882183476,3
1,other_antibiotic_mean,0.914630377575348,3.115780882183476,3
1,other_antibiotic_sd,1.061720234616114,3.115780882183476,3
1,other_high_resistance_count,0.7265127778603944,3.115780882183476,3
1,country_profile_gap,-0.0791350521224701,3.115780882183476,3
1,trend_x_volatility,-0.2653895394951379,3.115780882183476,3
1,resistance_x_consumption,1.4849543736022035,3.115780882183476,3
1,trend_x_consumption,0.4766028480165908,3.115780882183476,3
1,resistance_x_eu_gap,-1.030829307032926,3.115780882183476,3
1,origin_year_index,3.115780882183476,3.115780882183476,3
2,family_consumption_lag1,1.346107494619516,5.351067756101311,3
2,family_consumption_lag2,1.4093922520790032,5.351067756101311,3
2,family_consumption_lag3,3.725571134721825,5.351067756101311,3
2,family_consumption_mean3,1.1896329949072726,5.351067756101311,3
2,family_consumption_sum3,1.225639479357034,5.351067756101311,3
2,family_consumption_volatility3,0.9124800887648468,5.351067756101311,3
2,family_consumption_change1,1.3427450692560845,5.351067756101311,3
2,family_consumption_trend3,4.255395122987533,5.351067756101311,3
2,consumption_community_lag1,1.8551209881037176,5.351067756101311,3
2,consumption_hospital_lag1,0.3453378171468124,5.351067756101311,3
2,hospital_community_ratio_lag1,0.9206189175294784,5.351067756101311,3
2,reserve_pct_lag1,1.6180741949340731,5.351067756101311,3
2,reserve_pct_lag2,1.7190739828516244,5.351067756101311,3
2,reserve_pct_lag3,2.9739877495252816,5.351067756101311,3
2,reserve_mean3,1.8348095085313976,5.351067756101311,3
2,reserve_change1,0.9078647557456722,5.351067756101311,3
2,ast_tested_per_100k,3.7639756058688794,5.351067756101311,3
2,reported_resistant_per_100k,2.150173817905348,5.351067756101311,3
2,tested_growth1,0.2851146713069884,5.351067756101311,3
2,testing_volatility4,1.3492013548812187,5.351067756101311,3
2,population,1.0713099732086877,5.351067756101311,3
2,age65_pct,0.9156678100364842,5.351067756101311,3
2,urban_pct,2.912060933532673,5.351067756101311,3
2,gdp_per_capita,2.7837935853804483,5.351067756101311,3
2,health_expenditure_pct_gdp,2.542084170411949,5.351067756101311,3
2,log_population,1.2341079417695875,5.351067756101311,3
2,population_growth1,3.014685105004681,5.351067756101311,3
2,population_growth3,4.846738667162036,5.351067756101311,3
2,age65_change1,1.9414130459590315,5.351067756101311,3
2,urban_change1,2.9111112051193326,5.351067756101311,3
2,log_gdp_per_capita,4.104413032142644,5.351067756101311,3
2,gdp_growth1,-0.3832899545375209,5.351067756101311,3
2,health_expenditure_change1,-0.7236084123003104,5.351067756101311,3
2,eu_resistance_excl_country,1.3270321470361033,5.351067756101311,3
2,resistance_gap_to_eu,1.423481439977418,5.351067756101311,3
2,eu_resistance_change1,-0.8390727559485243,5.351067756101311,3
2,other_antibiotic_mean,1.9993755592259883,5.351067756101311,3
2,other_antibiotic_sd,1.9731185764568304,5.351067756101311,3
2,other_high_resistance_count,1.0644805922898577,5.351067756101311,3
2,country_profile_gap,1.157337914324062,5.351067756101311,3
2,trend_x_volatility,0.0173543196249335,5.351067756101311,3
2,resistance_x_consumption,2.055610704883034,5.351067756101311,3
2,trend_x_consumption,1.604370433341714,5.351067756101311,3
2,resistance_x_eu_gap,1.2201817923216327,5.351067756101311,3
2,origin_year_index,5.351067756101311,5.351067756101311,3
3,family_consumption_lag1,2.4467610013157697,4.952543560585903,3
3,family_consumption_lag2,3.056491467297655,4.952543560585903,3
3,family_consumption_lag3,4.051953167318009,4.952543560585903,3
3,family_consumption_mean3,3.57071855660292,4.952543560585903,3
3,family_consumption_sum3,2.9800836962834025,4.952543560585903,3
3,family_consumption_volatility3,2.4861947057402403,4.952543560585903,3
3,family_consumption_change1,3.878955633380272,4.952543560585903,3
3,family_consumption_trend3,4.6650642529912405,4.952543560585903,3
3,consumption_community_lag1,2.8315108305852594,4.952543560585903,3
3,consumption_hospital_lag1,3.4470772142161024,4.952543560585903,3
3,hospital_community_ratio_lag1,3.05412745804806,4.952543560585903,3
3,reserve_pct_lag1,3.2039100260817728,4.952543560585903,3
3,reserve_pct_lag2,3.216469429725126,4.952543560585903,3
3,reserve_pct_lag3,3.5073059090735783,4.952543560585903,3
3,reserve_mean3,3.4121298063212304,4.952543560585903,3
3,reserve_change1,2.89942844093036,4.952543560585903,3
3,ast_tested_per_100k,2.7182108022673392,4.952543560585903,3
3,reported_resistant_per_100k,2.8427248304139017,4.952543560585903,3
3,tested_growth1,1.696462102523529,4.952543560585903,3
3,testing_volatility4,3.01331547403436,4.952543560585903,3
3,population,1.963009852493041,4.952543560585903,3
3,age65_pct,1.2683035969037748,4.952543560585903,3
3,urban_pct,2.7785412521106707,4.952543560585903,3
3,gdp_per_capita,3.226903839960114,4.952543560585903,3
3,health_expenditure_pct_gdp,3.5377991126248967,4.952543560585903,3
3,log_population,2.52892686126287,4.952543560585903,3
3,population_growth1,3.361998183346048,4.952543560585903,3
3,population_growth3,4.952543560585903,4.952543560585903,3
3,age65_change1,2.0813979015361697,4.952543560585903,3
3,urban_change1,3.170391271024983,4.952543560585903,3
3,log_gdp_per_capita,3.648563970170389,4.952543560585903,3
3,gdp_growth1,1.0703076693318658,4.952543560585903,3
3,health_expenditure_change1,0.2631538155448081,4.952543560585903,3
3,eu_resistance_excl_country,2.096978940571028,4.952543560585903,3
3,resistance_gap_to_eu,1.4517780241164864,4.952543560585903,3
3,eu_resistance_change1,0.9682926553668272,4.952543560585903,3
3,other_antibiotic_mean,2.957540798135646,4.952543560585903,3
3,other_antibiotic_sd,2.535306172472827,4.952543560585903,3
3,other_high_resistance_count,1.3262685487693386,4.952543560585903,3
3,country_profile_gap,1.2343976954768563,4.952543560585903,3
3,trend_x_volatility,-0.3862637700076442,4.952543560585903,3
3,resistance_x_consumption,3.539130458932305,4.952543560585903,3
3,trend_x_consumption,2.803710901681747,4.952543560585903,3
3,resistance_x_eu_gap,1.876388160463937,4.952543560585903,3
3,origin_year_index,4.904556104115966,4.952543560585903,3
4,family_consumption_lag1,0.2065010312236151,3.6614976530691368,3
4,family_consumption_lag2,1.3727309846452078,3.6614976530691368,3
4,family_consumption_lag3,3.6614976530691368,3.6614976530691368,3
4,family_consumption_mean3,1.816358572158013,3.6614976530691368,3
4,family_consumption_sum3,0.968658586370392,3.6614976530691368,3
4,family_consumption_volatility3,0.4648589267174734,3.6614976530691368,3
4,family_consumption_change1,1.1670121303319714,3.6614976530691368,3
4,family_consumption_trend3,3.1180332425358297,3.6614976530691368,3
4,consumption_community_lag1,0.8686402670396819,3.6614976530691368,3
4,consumption_hospital_lag1,0.5330980843355089,3.6614976530691368,3
4,hospital_community_ratio_lag1,0.5829045143193298,3.6614976530691368,3
4,reserve_pct_lag1,1.4525347230999968,3.6614976530691368,3
4,reserve_pct_lag2,2.182906251225884,3.6614976530691368,3
4,reserve_pct_lag3,2.535349507296609,3.6614976530691368,3
4,reserve_mean3,1.972216059054405,3.6614976530691368,3
4,reserve_change1,1.4108856990335232,3.6614976530691368,3
4,ast_tested_per_100k,2.7646473674668037,3.6614976530691368,3
4,reported_resistant_per_100k,1.7023834688755963,3.6614976530691368,3
4,tested_growth1,-1.234351437646667,3.6614976530691368,3
4,testing_volatility4,0.4343587678176822,3.6614976530691368,3
4,population,1.978984400376696,3.6614976530691368,3
4,age65_pct,0.5716858281736047,3.6614976530691368,3
4,urban_pct,2.034277990799592,3.6614976530691368,3
4,gdp_per_capita,2.490297468780445,3.6614976530691368,3
4,health_expenditure_pct_gdp,2.052367809107672,3.6614976530691368,3
4,log_population,1.381130021494585,3.6614976530691368,3
4,population_growth1,1.3303259001388164,3.6614976530691368,3
4,population_growth3,3.5046026703003967,3.6614976530691368,3
4,age65_change1,0.3158826741711784,3.6614976530691368,3
4,urban_change1,1.4698682607782112,3.6614976530691368,3
4,log_gdp_per_capita,2.963313133683216,3.6614976530691368,3
4,gdp_growth1,-1.4201653411422115,3.6614976530691368,3
4,health_expenditure_change1,-0.858141238566857,3.6614976530691368,3
4,eu_resistance_excl_country,1.1450648660739835,3.6614976530691368,3
4,resistance_gap_to_eu,-0.3748539876603337,3.6614976530691368,3
4,eu_resistance_change1,-2.245961656966806,3.6614976530691368,3
4,other_antibiotic_mean,0.2865986343798526,3.6614976530691368,3
4,other_antibiotic_sd,1.4200033396505725,3.6614976530691368,3
4,other_high_resistance_count,0.0208524538056174,3.6614976530691368,3
4,country_profile_gap,0.4250477144435431,3.6614976530691368,3
4,trend_x_volatility,0.4905999970324886,3.6614976530691368,3
4,resistance_x_consumption,1.8272000837596265,3.6614976530691368,3
4,trend_x_consumption,1.38812790557794,3.6614976530691368,3
4,resistance_x_eu_gap,0.3157391644043686,3.6614976530691368,3
4,origin_year_index,3.34423821151936,3.6614976530691368,3
5,family_consumption_lag1,2.0335787399468668,4.367966026868861,3
5,family_consumption_lag2,2.212398367941653,4.367966026868861,3
5,family_consumption_lag3,2.468636678134269,4.367966026868861,3
5,family_consumption_mean3,2.1774964090864484,4.367966026868861,3
5,family_consumption_sum3,2.197325577903385,4.367966026868861,3
5,family_consumption_volatility3,1.5432192631824952,4.367966026868861,3
5,family_consumption_change1,1.860980371788612,4.367966026868861,3
5,family_consumption_trend3,3.612780955711964,4.367966026868861,3
5,consumption_community_lag1,2.0876151975230863,4.367966026868861,3
5,consumption_hospital_lag1,2.514958159009602,4.367966026868861,3
5,hospital_community_ratio_lag1,2.3841643200560485,4.367966026868861,3
5,reserve_pct_lag1,1.7496741490125498,4.367966026868861,3
5,reserve_pct_lag2,2.80351000200156,4.367966026868861,3
5,reserve_pct_lag3,1.8672432820588172,4.367966026868861,3
5,reserve_mean3,2.2878849702312936,4.367966026868861,3
5,reserve_change1,2.047430371203597,4.367966026868861,3
5,ast_tested_per_100k,4.367966026868861,4.367966026868861,3
5,reported_resistant_per_100k,3.624775738044616,4.367966026868861,3
5,tested_growth1,0.6896213216535538,4.367966026868861,3
5,testing_volatility4,0.9293102651792576,4.367966026868861,3
5,population,3.0657125561008005,4.367966026868861,3
5,age65_pct,1.6826151027394467,4.367966026868861,3
5,urban_pct,3.3501148768742315,4.367966026868861,3
5,gdp_per_capita,3.709827182191776,4.367966026868861,3
5,health_expenditure_pct_gdp,2.3005003323369944,4.367966026868861,3
5,log_population,3.892952271412287,4.367966026868861,3
5,population_growth1,1.487816701603037,4.367966026868861,3
5,population_growth3,4.242692689858052,4.367966026868861,3
5,age65_change1,1.5654579128580075,4.367966026868861,3
5,urban_change1,2.5916072554625487,4.367966026868861,3
5,log_gdp_per_capita,4.2379414961925015,4.367966026868861,3
5,gdp_growth1,-0.2928618915830932,4.367966026868861,3
5,health_expenditure_change1,0.3977335546622045,4.367966026868861,3
5,eu_resistance_excl_country,1.6196254234093053,4.367966026868861,3
5,resistance_gap_to_eu,1.8775956502977669,4.367966026868861,3
5,eu_resistance_change1,-0.53838722303475,4.367966026868861,3
5,other_antibiotic_mean,1.903758278454682,4.367966026868861,3
5,other_antibiotic_sd,1.4745941096165422,4.367966026868861,3
5,other_high_resistance_count,0.2821176778740029,4.367966026868861,3
5,country_profile_gap,1.2425958492916402,4.367966026868861,3
5,trend_x_volatility,1.216348083086738,4.367966026868861,3
5,resistance_x_consumption,2.1187659636744467,4.367966026868861,3
5,trend_x_consumption,1.453553303846945,4.367966026868861,3
5,resistance_x_eu_gap,1.2951972267984193,4.367966026868861,3
5,origin_year_index,3.40753491375448,4.367966026868861,3
6,family_consumption_lag1,2.056052936655105,4.108339682257291,3
6,family_consumption_lag2,3.255943357053601,4.108339682257291,3
6,family_consumption_lag3,3.044152738590041,4.108339682257291,3
6,family_consumption_mean3,3.342433050707067,4.108339682257291,3
6,family_consumption_sum3,3.399646415316904,4.108339682257291,3
6,family_consumption_volatility3,1.904766091575138,4.108339682257291,3
6,family_consumption_change1,2.5539204988287505,4.108339682257291,3
6,family_consumption_trend3,2.9283679343140943,4.108339682257291,3
6,consumption_community_lag1,2.593514047101013,4.108339682257291,3
6,consumption_hospital_lag1,3.238228310439416,4.108339682257291,3
6,hospital_community_ratio_lag1,2.601997065337041,4.108339682257291,3
6,reserve_pct_lag1,2.2084303509497665,4.108339682257291,3
6,reserve_pct_lag2,4.002988889629176,4.108339682257291,3
6,reserve_pct_lag3,3.498470020331543,4.108339682257291,3
6,reserve_mean3,3.7900887933765386,4.108339682257291,3
6,reserve_change1,2.8950159984405346,4.108339682257291,3
6,ast_tested_per_100k,2.00311209093334,4.108339682257291,3
6,reported_resistant_per_100k,2.054718987803315,4.108339682257291,3
6,tested_growth1,0.4126097590840478,4.108339682257291,3
6,testing_volatility4,2.105123935992612,4.108339682257291,3
6,population,1.6589840888047485,4.108339682257291,3
6,age65_pct,1.0286235264652956,4.108339682257291,3
6,urban_pct,2.1644351533269464,4.108339682257291,3
6,gdp_per_capita,1.829485561516576,4.108339682257291,3
6,health_expenditure_pct_gdp,2.5815827795975084,4.108339682257291,3
6,log_population,1.9910748561257705,4.108339682257291,3
6,population_growth1,3.5013187204091003,4.108339682257291,3
6,population_growth3,4.108339682257291,4.108339682257291,3
6,age65_change1,1.615768937160442,4.108339682257291,3
6,urban_change1,1.7960512213055473,4.108339682257291,3
6,log_gdp_per_capita,3.3695354390614334,4.108339682257291,3
6,gdp_growth1,-0.020601248304182,4.108339682257291,3
6,health_expenditure_change1,0.7926422249156981,4.108339682257291,3
6,eu_resistance_excl_country,1.2705673123640315,4.108339682257291,3
6,resistance_gap_to_eu,0.9646921299373696,4.108339682257291,3
6,eu_resistance_change1,-0.401706016411488,4.108339682257291,3
6,other_antibiotic_mean,0.5946062471781737,4.108339682257291,3
6,other_antibiotic_sd,1.5592766995037055,4.108339682257291,3
6,other_high_resistance_count,1.0150369706158284,4.108339682257291,3
6,country_profile_gap,1.2224379457717784,4.108339682257291,3
6,trend_x_volatility,0.2966463385355138,4.108339682257291,3
6,resistance_x_consumption,3.295042512983737,4.108339682257291,3
6,trend_x_consumption,1.6125953047003785,4.108339682257291,3
6,resistance_x_eu_gap,-0.1234969328325271,4.108339682257291,3
6,origin_year_index,4.091362932142368,4.108339682257291,3
7,family_consumption_lag1,1.115433729542037,3.18921365972455,3
7,family_consumption_lag2,1.799030881372736,3.18921365972455,3
7,family_consumption_lag3,2.256145650924044,3.18921365972455,3
7,family_consumption_mean3,1.7537494684234192,3.18921365972455,3
7,family_consumption_sum3,2.044577904321619,3.18921365972455,3
7,family_consumption_volatility3,0.3383141110255979,3.18921365972455,3
7,family_consumption_change1,1.5270441835809887,3.18921365972455,3
7,family_consumption_trend3,2.3802842121484824,3.18921365972455,3
7,consumption_community_lag1,1.2213564423770176,3.18921365972455,3
7,consumption_hospital_lag1,1.9171562671687088,3.18921365972455,3
7,hospital_community_ratio_lag1,1.9059665146141656,3.18921365972455,3
7,reserve_pct_lag1,1.23138990357264,3.18921365972455,3
7,reserve_pct_lag2,1.6548964947454718,3.18921365972455,3
7,reserve_pct_lag3,2.513091294713763,3.18921365972455,3
7,reserve_mean3,2.5433324219408493,3.18921365972455,3
7,reserve_change1,2.3409296439457457,3.18921365972455,3
7,ast_tested_per_100k,1.754811037368609,3.18921365972455,3
7,reported_resistant_per_100k,1.4948102512178032,3.18921365972455,3
7,tested_growth1,-0.0259889440450972,3.18921365972455,3
7,testing_volatility4,-0.9106037940766664,3.18921365972455,3
7,population,1.7223876696510252,3.18921365972455,3
7,age65_pct,1.1259583239186093,3.18921365972455,3
7,urban_pct,1.5455880899065213,3.18921365972455,3
7,gdp_per_capita,3.1363915786807968,3.18921365972455,3
7,health_expenditure_pct_gdp,2.467224961149469,3.18921365972455,3
7,log_population,1.0627108825556482,3.18921365972455,3
7,population_growth1,0.9598377778014902,3.18921365972455,3
7,population_growth3,3.18921365972455,3.18921365972455,3
7,age65_change1,0.3805780097503881,3.18921365972455,3
7,urban_change1,1.7202568121080075,3.18921365972455,3
7,log_gdp_per_capita,2.752967478347579,3.18921365972455,3
7,gdp_growth1,-0.5041951737297105,3.18921365972455,3
7,health_expenditure_change1,0.1668609405431618,3.18921365972455,3
7,eu_resistance_excl_country,0.2664845884740836,3.18921365972455,3
7,resistance_gap_to_eu,0.465980320376525,3.18921365972455,3
7,eu_resistance_change1,-1.2984563128633675,3.18921365972455,3
7,other_antibiotic_mean,1.0022569484225734,3.18921365972455,3
7,other_antibiotic_sd,1.083887747183518,3.18921365972455,3
7,other_high_resistance_count,0.8411015867790215,3.18921365972455,3
7,country_profile_gap,-1.0989850308592788,3.18921365972455,3
7,trend_x_volatility,0.3396009039773737,3.18921365972455,3
7,resistance_x_consumption,1.5177343120542264,3.18921365972455,3
7,trend_x_consumption,1.0669204886260983,3.18921365972455,3
7,resistance_x_eu_gap,-0.2482427762544833,3.18921365972455,3
7,origin_year_index,2.27609213113928,3.18921365972455,3
8,family_consumption_lag1,1.644758716462545,3.676055977996089,3
8,family_consumption_lag2,2.4013847755630464,3.676055977996089,3
8,family_consumption_lag3,2.548237135824814,3.676055977996089,3
8,family_consumption_mean3,2.4175737008474547,3.676055977996089,3
8,family_consumption_sum3,2.2045867965194264,3.676055977996089,3
8,family_consumption_volatility3,1.4820342868515437,3.676055977996089,3
8,family_consumption_change1,2.0255603906065667,3.676055977996089,3
8,family_consumption_trend3,2.395575202020927,3.676055977996089,3
8,consumption_community_lag1,1.8656290143259384,3.676055977996089,3
8,consumption_hospital_lag1,3.3157545710747005,3.676055977996089,3
8,hospital_community_ratio_lag1,2.9347722632859914,3.676055977996089,3
8,reserve_pct_lag1,2.318196485109162,3.676055977996089,3
8,reserve_pct_lag2,2.5699338174282347,3.676055977996089,3
8,reserve_pct_lag3,2.6416681018971078,3.676055977996089,3
8,reserve_mean3,3.238316320054872,3.676055977996089,3
8,reserve_change1,2.0370085405687246,3.676055977996089,3
8,ast_tested_per_100k,3.212084920862178,3.676055977996089,3
8,reported_resistant_per_100k,3.1838839910336776,3.676055977996089,3
8,tested_growth1,0.932455246122668,3.676055977996089,3
8,testing_volatility4,1.5630936026205695,3.676055977996089,3
8,population,2.014976299567087,3.676055977996089,3
8,age65_pct,0.8355843974140778,3.676055977996089,3
8,urban_pct,1.937755946693756,3.676055977996089,3
8,gdp_per_capita,2.347533535289514,3.676055977996089,3
8,health_expenditure_pct_gdp,2.169416996202157,3.676055977996089,3
8,log_population,1.884756135089568,3.676055977996089,3
8,population_growth1,2.364986472649493,3.676055977996089,3
8,population_growth3,3.530885108268735,3.676055977996089,3
8,age65_change1,1.727430811239948,3.676055977996089,3
8,urban_change1,2.530790793057826,3.676055977996089,3
8,log_gdp_per_capita,3.377411624608896,3.676055977996089,3
8,gdp_growth1,0.7982279713622843,3.676055977996089,3
8,health_expenditure_change1,-0.2959219520505126,3.676055977996089,3
8,eu_resistance_excl_country,1.136762872611235,3.676055977996089,3
8,resistance_gap_to_eu,1.1761388948040203,3.676055977996089,3
8,eu_resistance_change1,-0.2727049587530382,3.676055977996089,3
8,other_antibiotic_mean,1.2678100878187608,3.676055977996089,3
8,other_antibiotic_sd,0.9625898352347796,3.676055977996089,3
8,other_high_resistance_count,0.8022011919754282,3.676055977996089,3
8,country_profile_gap,1.0101766710708209,3.676055977996089,3
8,trend_x_volatility,-0.5282073649728238,3.676055977996089,3
8,resistance_x_consumption,2.370501183955706,3.676055977996089,3
8,trend_x_consumption,2.393023111426676,3.676055977996089,3
8,resistance_x_eu_gap,0.1611223835617231,3.676055977996089,3
8,origin_year_index,3.676055977996089,3.676055977996089,3
9,family_consumption_lag1,3.270502408616516,5.12639875359888,3
9,family_consumption_lag2,3.5481021601363176,5.12639875359888,3
9,family_consumption_lag3,5.045254762020592,5.12639875359888,3
9,family_consumption_mean3,4.216634169690931,5.12639875359888,3
9,family_consumption_sum3,3.469973786004502,5.12639875359888,3
9,family_consumption_volatility3,1.928705993685543,5.12639875359888,3
9,family_consumption_change1,3.136990226520797,5.12639875359888,3
9,family_consumption_trend3,5.12639875359888,5.12639875359888,3
9,consumption_community_lag1,2.223279059707457,5.12639875359888,3
9,consumption_hospital_lag1,2.808112557983404,5.12639875359888,3
9,hospital_community_ratio_lag1,2.394013334798393,5.12639875359888,3
9,reserve_pct_lag1,2.809185999009405,5.12639875359888,3
9,reserve_pct_lag2,4.048024583884245,5.12639875359888,3
9,reserve_pct_lag3,4.552751394708747,5.12639875359888,3
9,reserve_mean3,4.439231693340173,5.12639875359888,3
9,reserve_change1,3.988039377219318,5.12639875359888,3
9,ast_tested_per_100k,1.9470256580569985,5.12639875359888,3
9,reported_resistant_per_100k,0.7250124033149988,5.12639875359888,3
9,tested_growth1,-0.5303201139053665,5.12639875359888,3
9,testing_volatility4,0.3912319333988709,5.12639875359888,3
9,population,1.5890555630589234,5.12639875359888,3
9,age65_pct,1.289666297241217,5.12639875359888,3
9,urban_pct,2.356987209944254,5.12639875359888,3
9,gdp_per_capita,1.8290891432957728,5.12639875359888,3
9,health_expenditure_pct_gdp,0.9047687747452272,5.12639875359888,3
9,log_population,1.4681718446336132,5.12639875359888,3
9,population_growth1,1.310374026289423,5.12639875359888,3
9,population_growth3,3.777880716942352,5.12639875359888,3
9,age65_change1,-0.0238512727713856,5.12639875359888,3
9,urban_change1,1.9506740526245407,5.12639875359888,3
9,log_gdp_per_capita,1.927592609784148,5.12639875359888,3
9,gdp_growth1,-1.263475110587541,5.12639875359888,3
9,health_expenditure_change1,0.3079445961797805,5.12639875359888,3
9,eu_resistance_excl_country,0.4787191532550616,5.12639875359888,3
9,resistance_gap_to_eu,1.042832468081484,5.12639875359888,3
9,eu_resistance_change1,-1.40762775659044,5.12639875359888,3
9,other_antibiotic_mean,0.0890290718816741,5.12639875359888,3
9,other_antibiotic_sd,0.4723408680232469,5.12639875359888,3
9,other_high_resistance_count,0.3485520185841705,5.12639875359888,3
9,country_profile_gap,1.0193360188406009,5.12639875359888,3
9,trend_x_volatility,0.2892311477500625,5.12639875359888,3
9,resistance_x_consumption,4.198095751518675,5.12639875359888,3
9,trend_x_consumption,3.489605549493562,5.12639875359888,3
9,resistance_x_eu_gap,0.4941872353880177,5.12639875359888,3
9,origin_year_index,4.236473515054053,5.12639875359888,3
10,family_consumption_lag1,2.1135126755273865,4.725953620025315,3
10,family_consumption_lag2,2.222764101687273,4.725953620025315,3
10,family_consumption_lag3,3.896345725689922,4.725953620025315,3
10,family_consumption_mean3,2.09802317945646,4.725953620025315,3
10,family_consumption_sum3,1.9291783478202973,4.725953620025315,3
10,family_consumption_volatility3,1.0967106333248515,4.725953620025315,3
10,family_consumption_change1,1.3944164170432654,4.725953620025315,3
10,family_consumption_trend3,3.845612631476676,4.725953620025315,3
10,consumption_community_lag1,1.502777089012162,4.725953620025315,3
10,consumption_hospital_lag1,2.0838931397452445,4.725953620025315,3
10,hospital_community_ratio_lag1,3.716573173974805,4.725953620025315,3
10,reserve_pct_lag1,2.1123156724069974,4.725953620025315,3
10,reserve_pct_lag2,3.44151909840704,4.725953620025315,3
10,reserve_pct_lag3,3.905499846879551,4.725953620025315,3
10,reserve_mean3,3.701738505488397,4.725953620025315,3
10,reserve_change1,2.837635351265612,4.725953620025315,3
10,ast_tested_per_100k,2.771212181348116,4.725953620025315,3
10,reported_resistant_per_100k,1.6875719381516578,4.725953620025315,3
10,tested_growth1,-0.4559578112240404,4.725953620025315,3
10,testing_volatility4,1.4161480503733026,4.725953620025315,3
10,population,1.3968859850587287,4.725953620025315,3
10,age65_pct,0.9087860391052036,4.725953620025315,3
10,urban_pct,1.7702193891242315,4.725953620025315,3
10,gdp_per_capita,2.1166274684090127,4.725953620025315,3
10,health_expenditure_pct_gdp,2.018781829027369,4.725953620025315,3
10,log_population,0.632535965489151,4.725953620025315,3
10,population_growth1,1.5700856067154627,4.725953620025315,3
10,population_growth3,4.725953620025315,4.725953620025315,3
10,age65_change1,0.7717380002229105,4.725953620025315,3
10,urban_change1,1.4075027546006158,4.725953620025315,3
10,log_gdp_per_capita,2.4225838327595253,4.725953620025315,3
10,gdp_growth1,-0.7637396640949983,4.725953620025315,3
10,health_expenditure_change1,-0.6492097076686295,4.725953620025315,3
10,eu_resistance_excl_country,2.105446972470804,4.725953620025315,3
10,resistance_gap_to_eu,1.1283956781256606,4.725953620025315,3
10,eu_resistance_change1,0.0220177162406408,4.725953620025315,3
10,other_antibiotic_mean,0.6499650609878787,4.725953620025315,3
10,other_antibiotic_sd,0.6164481342224448,4.725953620025315,3
10,other_high_resistance_count,1.4362152324486266,4.725953620025315,3
10,country_profile_gap,1.2411777163974589,4.725953620025315,3
10,trend_x_volatility,0.3906511772403459,4.725953620025315,3
10,resistance_x_consumption,2.321456695892254,4.725953620025315,3
10,trend_x_consumption,2.0894516361691067,4.725953620025315,3
10,resistance_x_eu_gap,0.3335039101275407,4.725953620025315,3
10,origin_year_index,4.361226160869817,4.725953620025315,3
11,family_consumption_lag1,1.795330590110218,4.830209913547354,3
11,family_consumption_lag2,2.435375000370093,4.830209913547354,3
11,family_consumption_lag3,3.6267576192312623,4.830209913547354,3
11,family_consumption_mean3,2.841011048544573,4.830209913547354,3
11,family_consumption_sum3,2.5684655400152487,4.830209913547354,3
11,family_consumption_volatility3,2.710048411221984,4.830209913547354,3
11,family_consumption_change1,2.397629015874289,4.830209913547354,3
11,family_consumption_trend3,4.732625800151779,4.830209913547354,3
11,consumption_community_lag1,1.9305597093171187,4.830209913547354,3
11,consumption_hospital_lag1,2.962897670161864,4.830209913547354,3
11,hospital_community_ratio_lag1,2.4644202512495723,4.830209913547354,3
11,reserve_pct_lag1,2.5481584909930866,4.830209913547354,3
11,reserve_pct_lag2,2.781686721560604,4.830209913547354,3
11,reserve_pct_lag3,3.593748981473481,4.830209913547354,3
11,reserve_mean3,3.118619980910795,4.830209913547354,3
11,reserve_change1,2.6551549394350693,4.830209913547354,3
11,ast_tested_per_100k,3.0747425804638,4.830209913547354,3
11,reported_resistant_per_100k,1.290051647970826,4.830209913547354,3
11,tested_growth1,0.1430450724466917,4.830209913547354,3
11,testing_volatility4,1.9566124670337728,4.830209913547354,3
11,population,2.24610364220455,4.830209913547354,3
11,age65_pct,1.280588316691229,4.830209913547354,3
11,urban_pct,1.659388443927977,4.830209913547354,3
11,gdp_per_capita,3.017864389230383,4.830209913547354,3
11,health_expenditure_pct_gdp,2.7297173414512,4.830209913547354,3
11,log_population,1.6402360053421132,4.830209913547354,3
11,population_growth1,2.287630789279536,4.830209913547354,3
11,population_growth3,4.830209913547354,4.830209913547354,3
11,age65_change1,1.7534489246854714,4.830209913547354,3
11,urban_change1,2.1719582527735493,4.830209913547354,3
11,log_gdp_per_capita,2.9793329215435507,4.830209913547354,3
11,gdp_growth1,-0.1080065595843965,4.830209913547354,3
11,health_expenditure_change1,0.3936315334947788,4.830209913547354,3
11,eu_resistance_excl_country,0.4578840292542694,4.830209913547354,3
11,resistance_gap_to_eu,0.0544117463085538,4.830209913547354,3
11,eu_resistance_change1,0.1631177252317286,4.830209913547354,3
11,other_antibiotic_mean,2.124407301246313,4.830209913547354,3
11,other_antibiotic_sd,1.637485142683598,4.830209913547354,3
11,other_high_resistance_count,1.7230667326716385,4.830209913547354,3
11,country_profile_gap,0.8222646819974568,4.830209913547354,3
11,trend_x_volatility,-0.1901900255706224,4.830209913547354,3
11,resistance_x_consumption,2.8967430041668347,4.830209913547354,3
11,trend_x_consumption,1.685228786511638,4.830209913547354,3
11,resistance_x_eu_gap,0.5480595604368323,4.830209913547354,3
11,origin_year_index,4.756127000715803,4.830209913547354,3
12,family_consumption_lag1,3.4164303413354795,4.70875596612655,3
12,family_consumption_lag2,4.077094338105156,4.70875596612655,3
12,family_consumption_lag3,3.8685468957787457,4.70875596612655,3
12,family_consumption_mean3,3.254201881687324,4.70875596612655,3
12,family_consumption_sum3,3.585586038818928,4.70875596612655,3
12,family_consumption_volatility3,2.6669062271458523,4.70875596612655,3
12,family_consumption_change1,3.1603107339542404,4.70875596612655,3
12,family_consumption_trend3,4.502372732100483,4.70875596612655,3
12,consumption_community_lag1,3.1321366964206026,4.70875596612655,3
12,consumption_hospital_lag1,2.0950519520976028,4.70875596612655,3
12,hospital_community_ratio_lag1,2.7849818473757124,4.70875596612655,3
12,reserve_pct_lag1,3.050112068337379,4.70875596612655,3
12,reserve_pct_lag2,3.1271994189758794,4.70875596612655,3
12,reserve_pct_lag3,4.70875596612655,4.70875596612655,3
12,reserve_mean3,3.241601626690888,4.70875596612655,3
12,reserve_change1,3.6833627973118994,4.70875596612655,3
12,ast_tested_per_100k,4.065657099558531,4.70875596612655,3
12,reported_resistant_per_100k,3.0267307305117117,4.70875596612655,3
12,tested_growth1,0.4580582207165249,4.70875596612655,3
12,testing_volatility4,0.9442319303591726,4.70875596612655,3
12,population,2.6747195462314703,4.70875596612655,3
12,age65_pct,0.5904147070851932,4.70875596612655,3
12,urban_pct,2.4286558621043626,4.70875596612655,3
12,gdp_per_capita,2.938307329050136,4.70875596612655,3
12,health_expenditure_pct_gdp,2.297027765428361,4.70875596612655,3
12,log_population,2.183890532317233,4.70875596612655,3
12,population_growth1,1.9120340196702357,4.70875596612655,3
12,population_growth3,4.172864296054037,4.70875596612655,3
12,age65_change1,1.2365743399601743,4.70875596612655,3
12,urban_change1,2.2784027733534624,4.70875596612655,3
12,log_gdp_per_capita,3.465689385274305,4.70875596612655,3
12,gdp_growth1,0.3844493666172429,4.70875596612655,3
12,health_expenditure_change1,0.9567456114574528,4.70875596612655,3
12,eu_resistance_excl_country,1.8848577349288769,4.70875596612655,3
12,resistance_gap_to_eu,-0.1971577942233569,4.70875596612655,3
12,eu_resistance_change1,0.3275873768222273,4.70875596612655,3
12,other_antibiotic_mean,0.9451079475022778,4.70875596612655,3
12,other_antibiotic_sd,1.526472072665511,4.70875596612655,3
12,other_high_resistance_count,0.9669462740231864,4.70875596612655,3
12,country_profile_gap,0.9260150606559818,4.70875596612655,3
12,trend_x_volatility,0.7037651087123092,4.70875596612655,3
12,resistance_x_consumption,4.011028121975119,4.70875596612655,3
12,trend_x_consumption,2.874072749120232,4.70875596612655,3
12,resistance_x_eu_gap,0.1982827308239282,4.70875596612655,3
12,origin_year_index,3.878725825004581,4.70875596612655,3
13,family_consumption_lag1,1.6066003626451248,3.678300967784325,3
13,family_consumption_lag2,1.359975364334025,3.678300967784325,3
13,family_consumption_lag3,3.163086314364118,3.678300967784325,3
13,family_consumption_mean3,1.3825540517177253,3.678300967784325,3
13,family_consumption_sum3,1.7585031554989663,3.678300967784325,3
13,family_consumption_volatility3,0.2383221431504719,3.678300967784325,3
13,family_consumption_change1,0.4007135197068094,3.678300967784325,3
13,family_consumption_trend3,3.678300967784325,3.678300967784325,3
13,consumption_community_lag1,1.2266464421573682,3.678300967784325,3
13,consumption_hospital_lag1,-0.3549541666351284,3.678300967784325,3
13,hospital_community_ratio_lag1,1.242440378322558,3.678300967784325,3
13,reserve_pct_lag1,0.9307333711777358,3.678300967784325,3
13,reserve_pct_lag2,2.4060030671680748,3.678300967784325,3
13,reserve_pct_lag3,3.105930217122953,3.678300967784325,3
13,reserve_mean3,1.776797559699378,3.678300967784325,3
13,reserve_change1,2.024767367115576,3.678300967784325,3
13,ast_tested_per_100k,0.882981995773781,3.678300967784325,3
13,reported_resistant_per_100k,0.3932889879233551,3.678300967784325,3
13,tested_growth1,-0.6362520759398793,3.678300967784325,3
13,testing_volatility4,0.1844122775753656,3.678300967784325,3
13,population,1.5156313003267083,3.678300967784325,3
13,age65_pct,1.0952826054257734,3.678300967784325,3
13,urban_pct,1.3860249697826112,3.678300967784325,3
13,gdp_per_capita,1.9614377728260295,3.678300967784325,3
13,health_expenditure_pct_gdp,1.4464601959441683,3.678300967784325,3
13,log_population,1.367794756684629,3.678300967784325,3
13,population_growth1,0.5486437037497376,3.678300967784325,3
13,population_growth3,3.4023664279281878,3.678300967784325,3
13,age65_change1,-0.2717297705049308,3.678300967784325,3
13,urban_change1,1.0030782031149346,3.678300967784325,3
13,log_gdp_per_capita,2.194179661976702,3.678300967784325,3
13,gdp_growth1,-1.5680354424815195,3.678300967784325,3
13,health_expenditure_change1,-1.5572971404243836,3.678300967784325,3
13,eu_resistance_excl_country,0.168931610628829,3.678300967784325,3
13,resistance_gap_to_eu,0.8248313954199338,3.678300967784325,3
13,eu_resistance_change1,-2.631561475265044,3.678300967784325,3
13,other_antibiotic_mean,0.4602514387127611,3.678300967784325,3
13,other_antibiotic_sd,0.2715233424693818,3.678300967784325,3
13,other_high_resistance_count,-0.9347978562862256,3.678300967784325,3
13,country_profile_gap,0.330316908087845,3.678300967784325,3
13,trend_x_volatility,-0.5212592408014816,3.678300967784325,3
13,resistance_x_consumption,1.6805845892838895,3.678300967784325,3
13,trend_x_consumption,0.8976724333285971,3.678300967784325,3
13,resistance_x_eu_gap,0.1604821059358663,3.678300967784325,3
13,origin_year_index,3.087154970523103,3.678300967784325,3
14,family_consumption_lag1,1.939667230380128,6.16769692844345,3
14,family_consumption_lag2,3.135728721952508,6.16769692844345,3
14,family_consumption_lag3,4.176934922064555,6.16769692844345,3
14,family_consumption_mean3,3.4270376610441557,6.16769692844345,3
14,family_consumption_sum3,2.15196337524407,6.16769692844345,3
14,family_consumption_volatility3,2.448662291656285,6.16769692844345,3
14,family_consumption_change1,2.082437242235022,6.16769692844345,3
14,family_consumption_trend3,4.11051920227714,6.16769692844345,3
14,consumption_community_lag1,2.621269142687315,6.16769692844345,3
14,consumption_hospital_lag1,2.774203232040501,6.16769692844345,3
14,hospital_community_ratio_lag1,2.346031421004879,6.16769692844345,3
14,reserve_pct_lag1,1.7277418917996454,6.16769692844345,3
14,reserve_pct_lag2,4.396746551777653,6.16769692844345,3
14,reserve_pct_lag3,4.784702390159247,6.16769692844345,3
14,reserve_mean3,4.305737454079605,6.16769692844345,3
14,reserve_change1,2.521096698251448,6.16769692844345,3
14,ast_tested_per_100k,3.457775844474519,6.16769692844345,3
14,reported_resistant_per_100k,2.3729819425087064,6.16769692844345,3
14,tested_growth1,0.58323898742693,6.16769692844345,3
14,testing_volatility4,2.274006946986008,6.16769692844345,3
14,population,3.4119761116014984,6.16769692844345,3
14,age65_pct,2.121337182923389,6.16769692844345,3
14,urban_pct,2.7446661289191705,6.16769692844345,3
14,gdp_per_capita,3.452885455223268,6.16769692844345,3
14,health_expenditure_pct_gdp,3.3714813420926704,6.16769692844345,3
14,log_population,3.0783877944472797,6.16769692844345,3
14,population_growth1,2.9268422657468736,6.16769692844345,3
14,population_growth3,4.555715805070245,6.16769692844345,3
14,age65_change1,2.26806001248567,6.16769692844345,3
14,urban_change1,2.9985276778482164,6.16769692844345,3
14,log_gdp_per_capita,4.738219489992387,6.16769692844345,3
14,gdp_growth1,0.6223246252958725,6.16769692844345,3
14,health_expenditure_change1,0.7420446821533354,6.16769692844345,3
14,eu_resistance_excl_country,3.033907041915739,6.16769692844345,3
14,resistance_gap_to_eu,1.4910792224236582,6.16769692844345,3
14,eu_resistance_change1,0.4956439117655581,6.16769692844345,3
14,other_antibiotic_mean,1.3967525580724685,6.16769692844345,3
14,other_antibiotic_sd,2.0705306347098,6.16769692844345,3
14,other_high_resistance_count,2.0408131863007792,6.16769692844345,3
14,country_profile_gap,1.6016944130617046,6.16769692844345,3
14,trend_x_volatility,0.3729606847252367,6.16769692844345,3
14,resistance_x_consumption,2.652388149270368,6.16769692844345,3
14,trend_x_consumption,2.023267773267706,6.16769692844345,3
14,resistance_x_eu_gap,1.050491832331737,6.16769692844345,3
14,origin_year_index,6.16769692844345,6.16769692844345,3
15,family_consumption_lag1,1.5357883361118485,5.771872912225141,3
15,family_consumption_lag2,2.782589694239788,5.771872912225141,3
15,family_consumption_lag3,4.218277920825128,5.771872912225141,3
15,family_consumption_mean3,3.228850811297548,5.771872912225141,3
15,family_consumption_sum3,2.830800442336609,5.771872912225141,3
15,family_consumption_volatility3,2.052501620728634,5.771872912225141,3
15,family_consumption_change1,2.0413351526531973,5.771872912225141,3
15,family_consumption_trend3,4.123204786330836,5.771872912225141,3
15,consumption_community_lag1,3.352363687763781,5.771872912225141,3
15,consumption_hospital_lag1,2.5471864758037497,5.771872912225141,3
15,hospital_community_ratio_lag1,1.9025417912209008,5.771872912225141,3
15,reserve_pct_lag1,2.5525043844881736,5.771872912225141,3
15,reserve_pct_lag2,2.092351349425795,5.771872912225141,3
15,reserve_pct_lag3,2.5033663081957207,5.771872912225141,3
15,reserve_mean3,1.4526559067799245,5.771872912225141,3
15,reserve_change1,1.7906641481953276,5.771872912225141,3
15,ast_tested_per_100k,3.7653509314745817,5.771872912225141,3
15,reported_resistant_per_100k,2.245838010975467,5.771872912225141,3
15,tested_growth1,0.9434203307408894,5.771872912225141,3
15,testing_volatility4,0.7739885460703574,5.771872912225141,3
15,population,2.139583286057923,5.771872912225141,3
15,age65_pct,1.1105894558325629,5.771872912225141,3
15,urban_pct,3.837977298844405,5.771872912225141,3
15,gdp_per_capita,3.386602481814481,5.771872912225141,3
15,health_expenditure_pct_gdp,1.8636551401765475,5.771872912225141,3
15,log_population,2.8834130534982485,5.771872912225141,3
15,population_growth1,1.8166364286043493,5.771872912225141,3
15,population_growth3,4.683116374207393,5.771872912225141,3
15,age65_change1,0.8109399263833235,5.771872912225141,3
15,urban_change1,2.52402703542536,5.771872912225141,3
15,log_gdp_per_capita,3.8884442561738135,5.771872912225141,3
15,gdp_growth1,-1.1972275591767907,5.771872912225141,3
15,health_expenditure_change1,0.3933692776318969,5.771872912225141,3
15,eu_resistance_excl_country,1.4436868600440138,5.771872912225141,3
15,resistance_gap_to_eu,1.875977897404144,5.771872912225141,3
15,eu_resistance_change1,-0.1776760646888389,5.771872912225141,3
15,other_antibiotic_mean,1.6042011348434038,5.771872912225141,3
15,other_antibiotic_sd,1.5979990831329338,5.771872912225141,3
15,other_high_resistance_count,1.392469245689483,5.771872912225141,3
15,country_profile_gap,1.5574767832574234,5.771872912225141,3
15,trend_x_volatility,-0.5194151234105895,5.771872912225141,3
15,resistance_x_consumption,3.0205195813952805,5.771872912225141,3
15,trend_x_consumption,2.240036326594966,5.771872912225141,3
15,resistance_x_eu_gap,1.732819201010566,5.771872912225141,3
15,origin_year_index,5.771872912225141,5.771872912225141,3
16,family_consumption_lag1,1.6040221086611512,4.487815718953765,3
16,family_consumption_lag2,2.5486915398638663,4.487815718953765,3
16,family_consumption_lag3,4.487815718953765,4.487815718953765,3
16,family_consumption_mean3,1.917602007010878,4.487815718953765,3
16,family_consumption_sum3,2.4745100199976853,4.487815718953765,3
16,family_consumption_volatility3,1.6081331506085104,4.487815718953765,3
16,family_consumption_change1,1.1260223243870022,4.487815718953765,3
16,family_consumption_trend3,4.202863561819888,4.487815718953765,3
16,consumption_community_lag1,1.0621603734361178,4.487815718953765,3
16,consumption_hospital_lag1,2.398918237755899,4.487815718953765,3
16,hospital_community_ratio_lag1,1.91554016471554,4.487815718953765,3
16,reserve_pct_lag1,1.624447178323035,4.487815718953765,3
16,reserve_pct_lag2,2.351748197575791,4.487815718953765,3
16,reserve_pct_lag3,3.00862585026288,4.487815718953765,3
16,reserve_mean3,2.504297067816596,4.487815718953765,3
16,reserve_change1,2.130125650868094,4.487815718953765,3
16,ast_tested_per_100k,2.2151579018629097,4.487815718953765,3
16,reported_resistant_per_100k,0.7624392542341477,4.487815718953765,3
16,tested_growth1,0.3657728738455519,4.487815718953765,3
16,testing_volatility4,1.4247494212003382,4.487815718953765,3
16,population,1.7240006560865155,4.487815718953765,3
16,age65_pct,2.1952951002083028,4.487815718953765,3
16,urban_pct,1.8068379646259665,4.487815718953765,3
16,gdp_per_capita,2.545518362079364,4.487815718953765,3
16,health_expenditure_pct_gdp,2.613296385222803,4.487815718953765,3
16,log_population,2.1236780227477365,4.487815718953765,3
16,population_growth1,2.020181703347487,4.487815718953765,3
16,population_growth3,3.9342522113152447,4.487815718953765,3
16,age65_change1,1.236193808222919,4.487815718953765,3
16,urban_change1,1.1586996541249115,4.487815718953765,3
16,log_gdp_per_capita,2.3608641414283564,4.487815718953765,3
16,gdp_growth1,-0.1892230707895421,4.487815718953765,3
16,health_expenditure_change1,-0.6935975296218813,4.487815718953765,3
16,eu_resistance_excl_country,1.5630009680068029,4.487815718953765,3
16,resistance_gap_to_eu,1.422332515603093,4.487815718953765,3
16,eu_resistance_change1,-0.873420504701564,4.487815718953765,3
16,other_antibiotic_mean,0.4672541082092902,4.487815718953765,3
16,other_antibiotic_sd,1.0337434646168722,4.487815718953765,3
16,other_high_resistance_count,1.2521776215220384,4.487815718953765,3
16,country_profile_gap,0.6525104396341206,4.487815718953765,3
16,trend_x_volatility,0.390111077822783,4.487815718953765,3
16,resistance_x_consumption,2.389554234904555,4.487815718953765,3
16,trend_x_consumption,1.696815681030436,4.487815718953765,3
16,resistance_x_eu_gap,0.7074564110158366,4.487815718953765,3
16,origin_year_index,3.9853551316225984,4.487815718953765,3
17,family_consumption_lag1,2.024670850444969,3.8669693084985854,3
17,family_consumption_lag2,2.2247627560506564,3.8669693084985854,3
17,family_consumption_lag3,1.1344436918350531,3.8669693084985854,3
17,family_consumption_mean3,2.4072469841795328,3.8669693084985854,3
17,family_consumption_sum3,2.1490441965287514,3.8669693084985854,3
17,family_consumption_volatility3,1.1642139501720663,3.8669693084985854,3
17,family_consumption_change1,1.0941342466994433,3.8669693084985854,3
17,family_consumption_trend3,1.9018389148406645,3.8669693084985854,3
17,consumption_community_lag1,1.1814399810791307,3.8669693084985854,3
17,consumption_hospital_lag1,1.3786044658685666,3.8669693084985854,3
17,hospital_community_ratio_lag1,2.696699011170361,3.8669693084985854,3
17,reserve_pct_lag1,0.9582436755405586,3.8669693084985854,3
17,reserve_pct_lag2,1.9776061836555123,3.8669693084985854,3
17,reserve_pct_lag3,0.842082667697977,3.8669693084985854,3
17,reserve_mean3,1.965300702173696,3.8669693084985854,3
17,reserve_change1,1.100562044491765,3.8669693084985854,3
17,ast_tested_per_100k,2.449993179399358,3.8669693084985854,3
17,reported_resistant_per_100k,1.8241284515265372,3.8669693084985854,3
17,tested_growth1,-0.2500813632112347,3.8669693084985854,3
17,testing_volatility4,0.4831094890545002,3.8669693084985854,3
17,population,2.7195493639506827,3.8669693084985854,3
17,age65_pct,1.2249442474671677,3.8669693084985854,3
17,urban_pct,2.2176651183586973,3.8669693084985854,3
17,gdp_per_capita,3.586143209903627,3.8669693084985854,3
17,health_expenditure_pct_gdp,2.4098758712363737,3.8669693084985854,3
17,log_population,1.7110272563313245,3.8669693084985854,3
17,population_growth1,1.175614240429366,3.8669693084985854,3
17,population_growth3,2.222331700225939,3.8669693084985854,3
17,age65_change1,-0.0572903970345938,3.8669693084985854,3
17,urban_change1,1.436164157674455,3.8669693084985854,3
17,log_gdp_per_capita,3.8669693084985854,3.8669693084985854,3
17,gdp_growth1,-0.930933260688394,3.8669693084985854,3
17,health_expenditure_change1,-1.2064446508523077,3.8669693084985854,3
17,eu_resistance_excl_country,1.533539501112744,3.8669693084985854,3
17,resistance_gap_to_eu,-0.3028441392801574,3.8669693084985854,3
17,eu_resistance_change1,-1.293961871568218,3.8669693084985854,3
17,other_antibiotic_mean,2.0697751071301997,3.8669693084985854,3
17,other_antibiotic_sd,2.51346458316626,3.8669693084985854,3
17,other_high_resistance_count,0.8821347009834585,3.8669693084985854,3
17,country_profile_gap,0.6040246110608858,3.8669693084985854,3
17,trend_x_volatility,0.3033525052870885,3.8669693084985854,3
17,resistance_x_consumption,2.0296290708981566,3.8669693084985854,3
17,trend_x_consumption,1.2551845887750532,3.8669693084985854,3
17,resistance_x_eu_gap,1.1792645929962666,3.8669693084985854,3
17,origin_year_index,3.425483631801648,3.8669693084985854,3
18,family_consumption_lag1,2.9258569880783405,4.931491101480825,3
18,family_consumption_lag2,4.113132823701226,4.931491101480825,3
18,family_consumption_lag3,3.9864620921353975,4.931491101480825,3
18,family_consumption_mean3,3.428158864088782,4.931491101480825,3
18,family_consumption_sum3,3.4566671845237926,4.931491101480825,3
18,family_consumption_volatility3,2.392097925692723,4.931491101480825,3
18,family_consumption_change1,2.7881287644489805,4.931491101480825,3
18,family_consumption_trend3,3.935201314802004,4.931491101480825,3
18,consumption_community_lag1,2.0582575509814607,4.931491101480825,3
18,consumption_hospital_lag1,2.2821087170499665,4.931491101480825,3
18,hospital_community_ratio_lag1,2.5095893103141607,4.931491101480825,3
18,reserve_pct_lag1,2.628447988431124,4.931491101480825,3
18,reserve_pct_lag2,3.2656532268430487,4.931491101480825,3
18,reserve_pct_lag3,3.5870696295070488,4.931491101480825,3
18,reserve_mean3,3.517574643808256,4.931491101480825,3
18,reserve_change1,2.514481369535976,4.931491101480825,3
18,ast_tested_per_100k,2.1219670682061524,4.931491101480825,3
18,reported_resistant_per_100k,1.512173658472844,4.931491101480825,3
18,tested_growth1,-0.9082998782465544,4.931491101480825,3
18,testing_volatility4,1.069669277492243,4.931491101480825,3
18,population,1.8504720223839484,4.931491101480825,3
18,age65_pct,1.6581370548550525,4.931491101480825,3
18,urban_pct,2.74705541541944,4.931491101480825,3
18,gdp_per_capita,2.714473906188462,4.931491101480825,3
18,health_expenditure_pct_gdp,3.56771434930705,4.931491101480825,3
18,log_population,3.0625108059251063,4.931491101480825,3
18,population_growth1,2.483551373954443,4.931491101480825,3
18,population_growth3,4.931491101480825,4.931491101480825,3
18,age65_change1,0.2467657807802716,4.931491101480825,3
18,urban_change1,2.4287000358346624,4.931491101480825,3
18,log_gdp_per_capita,2.834128838655309,4.931491101480825,3
18,gdp_growth1,-1.0555703163862742,4.931491101480825,3
18,health_expenditure_change1,-0.5642715953456428,4.931491101480825,3
18,eu_resistance_excl_country,1.534523080237987,4.931491101480825,3
18,resistance_gap_to_eu,0.7009940436638094,4.931491101480825,3
18,eu_resistance_change1,-0.3908028988047542,4.931491101480825,3
18,other_antibiotic_mean,0.7254602983028243,4.931491101480825,3
18,other_antibiotic_sd,0.7625553446323343,4.931491101480825,3
18,other_high_resistance_count,0.3064114503345733,4.931491101480825,3
18,country_profile_gap,1.2241269342759504,4.931491101480825,3
18,trend_x_volatility,-0.2207372309119576,4.931491101480825,3
18,resistance_x_consumption,3.6586888517956986,4.931491101480825,3
18,trend_x_consumption,2.732311583887644,4.931491101480825,3
18,resistance_x_eu_gap,1.2570971911759736,4.931491101480825,3
18,origin_year_index,4.498909955408977,4.931491101480825,3
19,family_consumption_lag1,1.4238126275646752,3.3534452447366707,3
19,family_consumption_lag2,1.516339303013418,3.3534452447366707,3
19,family_consumption_lag3,2.725905721552507,3.3534452447366707,3
19,family_consumption_mean3,1.8035601443298253,3.3534452447366707,3
19,family_consumption_sum3,1.0545761471426256,3.3534452447366707,3
19,family_consumption_volatility3,1.0519299510426856,3.3534452447366707,3
19,family_consumption_change1,1.306858740828888,3.3534452447366707,3
19,family_consumption_trend3,3.3534452447366707,3.3534452447366707,3
19,consumption_community_lag1,0.9899318427719532,3.3534452447366707,3
19,consumption_hospital_lag1,1.4421559601323246,3.3534452447366707,3
19,hospital_community_ratio_lag1,1.4028303856637856,3.3534452447366707,3
19,reserve_pct_lag1,1.263138847283834,3.3534452447366707,3
19,reserve_pct_lag2,2.7583267651523173,3.3534452447366707,3
19,reserve_pct_lag3,2.655828701744599,3.3534452447366707,3
19,reserve_mean3,1.8046097853135112,3.3534452447366707,3
19,reserve_change1,1.3625199060375877,3.3534452447366707,3
19,ast_tested_per_100k,2.123137663302983,3.3534452447366707,3
19,reported_resistant_per_100k,0.6059767472256462,3.3534452447366707,3
19,tested_growth1,-0.6790749309762094,3.3534452447366707,3
19,testing_volatility4,0.474086935447999,3.3534452447366707,3
19,population,1.0443151295158528,3.3534452447366707,3
19,age65_pct,0.372209670391058,3.3534452447366707,3
19,urban_pct,1.3289359621738546,3.3534452447366707,3
19,gdp_per_capita,2.0965084791202533,3.3534452447366707,3
19,health_expenditure_pct_gdp,1.1104222530925911,3.3534452447366707,3
19,log_population,1.394042766864153,3.3534452447366707,3
19,population_growth1,1.9707089060498548,3.3534452447366707,3
19,population_growth3,2.9428813072481312,3.3534452447366707,3
19,age65_change1,0.3949124873358137,3.3534452447366707,3
19,urban_change1,1.9406948851423025,3.3534452447366707,3
19,log_gdp_per_capita,2.4576093990821444,3.3534452447366707,3
19,gdp_growth1,-0.9840886605357034,3.3534452447366707,3
19,health_expenditure_change1,-1.321688259109533,3.3534452447366707,3
19,eu_resistance_excl_country,-0.2057897617306165,3.3534452447366707,3
19,resistance_gap_to_eu,-0.4210528461201444,3.3534452447366707,3
19,eu_resistance_change1,-1.8833734562063569,3.3534452447366707,3
19,other_antibiotic_mean,0.2553731093472264,3.3534452447366707,3
19,other_antibiotic_sd,0.953495668490549,3.3534452447366707,3
19,other_high_resistance_count,1.2271222321701234,3.3534452447366707,3
19,country_profile_gap,-0.1593793105795601,3.3534452447366707,3
19,trend_x_volatility,-0.410317273499689,3.3534452447366707,3
19,resistance_x_consumption,2.116281682213083,3.3534452447366707,3
19,trend_x_consumption,0.6854031275600144,3.3534452447366707,3
19,resistance_x_eu_gap,-0.6735232563979605,3.3534452447366707,3
19,origin_year_index,3.2693309174420757,3.3534452447366707,3
0,family_consumption_lag1,2.0489917453188653,5.618416307155827,5
0,family_consumption_lag2,1.8197570904643183,5.618416307155827,5
0,family_consumption_lag3,0.1485093160500085,5.618416307155827,5
0,family_consumption_mean3,2.692972208646569,5.618416307155827,5
0,family_consumption_sum3,1.7709365891324784,5.618416307155827,5
0,family_consumption_volatility3,1.0821792167014157,5.618416307155827,5
0,family_consumption_change1,0.9004758399539726,5.618416307155827,5
0,family_consumption_trend3,0.6235323142518547,5.618416307155827,5
0,consumption_community_lag1,2.810823600911804,5.618416307155827,5
0,consumption_hospital_lag1,2.825311956058067,5.618416307155827,5
0,hospital_community_ratio_lag1,4.252512787560815,5.618416307155827,5
0,reserve_pct_lag1,3.1981917445451717,5.618416307155827,5
0,reserve_pct_lag2,3.0927302705290343,5.618416307155827,5
0,reserve_pct_lag3,0.5435436979330587,5.618416307155827,5
0,reserve_mean3,2.771795672972284,5.618416307155827,5
0,reserve_change1,2.0818279783608133,5.618416307155827,5
0,ast_tested_per_100k,3.76802944744622,5.618416307155827,5
0,reported_resistant_per_100k,4.906803187257494,5.618416307155827,5
0,tested_growth1,-0.3729815218400685,5.618416307155827,5
0,testing_volatility4,2.368688690265329,5.618416307155827,5
0,population,3.84081544901113,5.618416307155827,5
0,age65_pct,0.6891937281701525,5.618416307155827,5
0,urban_pct,4.699456989739674,5.618416307155827,5
0,gdp_per_capita,3.942825441642528,5.618416307155827,5
0,health_expenditure_pct_gdp,5.272993851861191,5.618416307155827,5
0,log_population,4.972256313226842,5.618416307155827,5
0,population_growth1,2.774369221955566,5.618416307155827,5
0,population_growth3,1.5557252806252393,5.618416307155827,5
0,age65_change1,1.3073931532971494,5.618416307155827,5
0,urban_change1,3.4090773039459843,5.618416307155827,5
0,log_gdp_per_capita,5.618416307155827,5.618416307155827,5
0,gdp_growth1,-0.6566879593242626,5.618416307155827,5
0,health_expenditure_change1,1.278762854945646,5.618416307155827,5
0,eu_resistance_excl_country,0.0778805844395848,5.618416307155827,5
0,resistance_gap_to_eu,-0.4622992906718922,5.618416307155827,5
0,eu_resistance_change1,0.1746289166468613,5.618416307155827,5
0,other_antibiotic_mean,1.074669518572556,5.618416307155827,5
0,other_antibiotic_sd,1.1224066220541176,5.618416307155827,5
0,other_high_resistance_count,0.2434073011562412,5.618416307155827,5
0,country_profile_gap,0.1103299126071429,5.618416307155827,5
0,trend_x_volatility,0.5781384721311321,5.618416307155827,5
0,resistance_x_consumption,2.100561490597501,5.618416307155827,5
0,trend_x_consumption,2.248258201770212,5.618416307155827,5
0,resistance_x_eu_gap,-0.4102326606549118,5.618416307155827,5
0,origin_year_index,0.41893491955694,5.618416307155827,5
1,family_consumption_lag1,1.6084068339047326,5.325814977792497,5
1,family_consumption_lag2,2.1929094169457266,5.325814977792497,5
1,family_consumption_lag3,1.3489141476792792,5.325814977792497,5
1,family_consumption_mean3,2.690239585014955,5.325814977792497,5
1,family_consumption_sum3,2.1811157723066867,5.325814977792497,5
1,family_consumption_volatility3,2.902235614203886,5.325814977792497,5
1,family_consumption_change1,1.6682284566781918,5.325814977792497,5
1,family_consumption_trend3,1.9289999413905985,5.325814977792497,5
1,consumption_community_lag1,3.0680909708129844,5.325814977792497,5
1,consumption_hospital_lag1,1.800458071268339,5.325814977792497,5
1,hospital_community_ratio_lag1,4.185607625099316,5.325814977792497,5
1,reserve_pct_lag1,3.021976837386855,5.325814977792497,5
1,reserve_pct_lag2,2.27108853499902,5.325814977792497,5
1,reserve_pct_lag3,1.4558245206344589,5.325814977792497,5
1,reserve_mean3,2.2091181151943613,5.325814977792497,5
1,reserve_change1,1.92366187145195,5.325814977792497,5
1,ast_tested_per_100k,4.287321209413991,5.325814977792497,5
1,reported_resistant_per_100k,3.166483852261484,5.325814977792497,5
1,tested_growth1,0.226993245562302,5.325814977792497,5
1,testing_volatility4,1.3699887541087452,5.325814977792497,5
1,population,3.6990975695103328,5.325814977792497,5
1,age65_pct,1.0820904130067912,5.325814977792497,5
1,urban_pct,5.325814977792497,5.325814977792497,5
1,gdp_per_capita,4.165357752868136,5.325814977792497,5
1,health_expenditure_pct_gdp,4.970705589564792,5.325814977792497,5
1,log_population,4.077421113214606,5.325814977792497,5
1,population_growth1,2.2838666583144733,5.325814977792497,5
1,population_growth3,2.230548609670564,5.325814977792497,5
1,age65_change1,1.78227131950089,5.325814977792497,5
1,urban_change1,3.167174673446433,5.325814977792497,5
1,log_gdp_per_capita,4.488048967021976,5.325814977792497,5
1,gdp_growth1,-0.4214660940849927,5.325814977792497,5
1,health_expenditure_change1,1.1860059508677403,5.325814977792497,5
1,eu_resistance_excl_country,-0.2635966403901479,5.325814977792497,5
1,resistance_gap_to_eu,-0.8855126914125179,5.325814977792497,5
1,eu_resistance_change1,-0.068928100793062,5.325814977792497,5
1,other_antibiotic_mean,0.9267408400000344,5.325814977792497,5
1,other_antibiotic_sd,0.4585584128083992,5.325814977792497,5
1,other_high_resistance_count,0.579470930462757,5.325814977792497,5
1,country_profile_gap,1.460449022917237,5.325814977792497,5
1,trend_x_volatility,-0.1483961953599026,5.325814977792497,5
1,resistance_x_consumption,1.5847228553940569,5.325814977792497,5
1,trend_x_consumption,2.502191762413096,5.325814977792497,5
1,resistance_x_eu_gap,0.0360134044205519,5.325814977792497,5
1,origin_year_index,3.2023633522748334,5.325814977792497,5
2,family_consumption_lag1,2.9733837854059866,5.548526537295346,5
2,family_consumption_lag2,1.0128599927851365,5.548526537295346,5
2,family_consumption_lag3,1.0078899381415796,5.548526537295346,5
2,family_consumption_mean3,1.4006180097654095,5.548526537295346,5
2,family_consumption_sum3,-0.0997604652356353,5.548526537295346,5
2,family_consumption_volatility3,0.4311429037184415,5.548526537295346,5
2,family_consumption_change1,0.5498364544261247,5.548526537295346,5
2,family_consumption_trend3,1.263442887620684,5.548526537295346,5
2,consumption_community_lag1,3.059351579416054,5.548526537295346,5
2,consumption_hospital_lag1,3.2141003462184807,5.548526537295346,5
2,hospital_community_ratio_lag1,3.6217855834485566,5.548526537295346,5
2,reserve_pct_lag1,2.768106574033301,5.548526537295346,5
2,reserve_pct_lag2,1.5694127285581656,5.548526537295346,5
2,reserve_pct_lag3,0.4317290448820545,5.548526537295346,5
2,reserve_mean3,0.7113909597091769,5.548526537295346,5
2,reserve_change1,0.644031657308541,5.548526537295346,5
2,ast_tested_per_100k,3.8477207539446416,5.548526537295346,5
2,reported_resistant_per_100k,2.9522735597730003,5.548526537295346,5
2,tested_growth1,0.8141327892758485,5.548526537295346,5
2,testing_volatility4,2.3899117122926388,5.548526537295346,5
2,population,3.475188748274185,5.548526537295346,5
2,age65_pct,2.8614008600586,5.548526537295346,5
2,urban_pct,4.563774860952514,5.548526537295346,5
2,gdp_per_capita,3.842522460970068,5.548526537295346,5
2,health_expenditure_pct_gdp,4.730719947086897,5.548526537295346,5
2,log_population,3.993438871201053,5.548526537295346,5
2,population_growth1,3.267856146773885,5.548526537295346,5
2,population_growth3,1.982254780874468,5.548526537295346,5
2,age65_change1,2.7708360845144844,5.548526537295346,5
2,urban_change1,3.974571012891503,5.548526537295346,5
2,log_gdp_per_capita,5.548526537295346,5.548526537295346,5
2,gdp_growth1,-0.2009492640166958,5.548526537295346,5
2,health_expenditure_change1,1.8565899533295116,5.548526537295346,5
2,eu_resistance_excl_country,-0.1181369667124665,5.548526537295346,5
2,resistance_gap_to_eu,0.634772607864023,5.548526537295346,5
2,eu_resistance_change1,-0.1478950665538292,5.548526537295346,5
2,other_antibiotic_mean,1.2821147424035515,5.548526537295346,5
2,other_antibiotic_sd,1.404343035831913,5.548526537295346,5
2,other_high_resistance_count,0.3755826359400429,5.548526537295346,5
2,country_profile_gap,1.0764886056980332,5.548526537295346,5
2,trend_x_volatility,1.1124560417267382,5.548526537295346,5
2,resistance_x_consumption,0.8545562726094649,5.548526537295346,5
2,trend_x_consumption,0.8501976764080147,5.548526537295346,5
2,resistance_x_eu_gap,0.2218375261746599,5.548526537295346,5
2,origin_year_index,2.819994501793208,5.548526537295346,5
3,family_consumption_lag1,2.104118086933596,6.063018481569235,5
3,family_consumption_lag2,2.8237066280083805,6.063018481569235,5
3,family_consumption_lag3,1.5311423445054078,6.063018481569235,5
3,family_consumption_mean3,2.305796908567643,6.063018481569235,5
3,family_consumption_sum3,2.2104820281282387,6.063018481569235,5
3,family_consumption_volatility3,2.7087337556003326,6.063018481569235,5
3,family_consumption_change1,2.40526454571077,6.063018481569235,5
3,family_consumption_trend3,1.6623417182001712,6.063018481569235,5
3,consumption_community_lag1,3.715867213376567,6.063018481569235,5
3,consumption_hospital_lag1,3.2548678128901507,6.063018481569235,5
3,hospital_community_ratio_lag1,3.674491704576234,6.063018481569235,5
3,reserve_pct_lag1,4.017499830209942,6.063018481569235,5
3,reserve_pct_lag2,3.9925229280916494,6.063018481569235,5
3,reserve_pct_lag3,1.416039200536017,6.063018481569235,5
3,reserve_mean3,3.7746358580070334,6.063018481569235,5
3,reserve_change1,2.85908787301225,6.063018481569235,5
3,ast_tested_per_100k,5.259277167088789,6.063018481569235,5
3,reported_resistant_per_100k,3.5707788090624017,6.063018481569235,5
3,tested_growth1,1.0653862033598036,6.063018481569235,5
3,testing_volatility4,1.9306585320731264,6.063018481569235,5
3,population,3.3117674791042617,6.063018481569235,5
3,age65_pct,2.095324898645406,6.063018481569235,5
3,urban_pct,4.30975673218856,6.063018481569235,5
3,gdp_per_capita,3.897364573555462,6.063018481569235,5
3,health_expenditure_pct_gdp,6.063018481569235,6.063018481569235,5
3,log_population,5.317941991320642,6.063018481569235,5
3,population_growth1,3.199829408068644,6.063018481569235,5
3,population_growth3,2.1813292257675205,6.063018481569235,5
3,age65_change1,2.6320193896184607,6.063018481569235,5
3,urban_change1,4.214482875116606,6.063018481569235,5
3,log_gdp_per_capita,4.47442130572231,6.063018481569235,5
3,gdp_growth1,0.0280089069530998,6.063018481569235,5
3,health_expenditure_change1,1.3763698879749062,6.063018481569235,5
3,eu_resistance_excl_country,1.0314109337538897,6.063018481569235,5
3,resistance_gap_to_eu,-0.4113702216954202,6.063018481569235,5
3,eu_resistance_change1,-0.176071475327309,6.063018481569235,5
3,other_antibiotic_mean,1.9371672855038955,6.063018481569235,5
3,other_antibiotic_sd,1.5355374483666708,6.063018481569235,5
3,other_high_resistance_count,-0.5015485706980528,6.063018481569235,5
3,country_profile_gap,1.0102662432179024,6.063018481569235,5
3,trend_x_volatility,0.5874803279830727,6.063018481569235,5
3,resistance_x_consumption,3.3498778046187634,6.063018481569235,5
3,trend_x_consumption,3.0997491246084783,6.063018481569235,5
3,resistance_x_eu_gap,0.3359748612933971,6.063018481569235,5
3,origin_year_index,3.525361557810639,6.063018481569235,5
4,family_consumption_lag1,2.2391150548965912,5.967793540720951,5
4,family_consumption_lag2,1.2424055472464477,5.967793540720951,5
4,family_consumption_lag3,0.7362228418825795,5.967793540720951,5
4,family_consumption_mean3,1.7078966997101204,5.967793540720951,5
4,family_consumption_sum3,1.2076332431528682,5.967793540720951,5
4,family_consumption_volatility3,1.5758840480040497,5.967793540720951,5
4,family_consumption_change1,0.625705739469546,5.967793540720951,5
4,family_consumption_trend3,1.2482951275928598,5.967793540720951,5
4,consumption_community_lag1,2.3759321648991825,5.967793540720951,5
4,consumption_hospital_lag1,3.906247020753059,5.967793540720951,5
4,hospital_community_ratio_lag1,3.726394634243534,5.967793540720951,5
4,reserve_pct_lag1,2.230217643067597,5.967793540720951,5
4,reserve_pct_lag2,2.763422455984138,5.967793540720951,5
4,reserve_pct_lag3,0.4112661074574042,5.967793540720951,5
4,reserve_mean3,2.190824227609154,5.967793540720951,5
4,reserve_change1,1.9929505225365796,5.967793540720951,5
4,ast_tested_per_100k,4.507342428145357,5.967793540720951,5
4,reported_resistant_per_100k,4.431137527080483,5.967793540720951,5
4,tested_growth1,1.4373269619676314,5.967793540720951,5
4,testing_volatility4,2.2669724262218947,5.967793540720951,5
4,population,4.800333540601951,5.967793540720951,5
4,age65_pct,2.2517799405922183,5.967793540720951,5
4,urban_pct,5.967793540720951,5.967793540720951,5
4,gdp_per_capita,4.370671641995947,5.967793540720951,5
4,health_expenditure_pct_gdp,5.495288894485036,5.967793540720951,5
4,log_population,5.5960539165986,5.967793540720951,5
4,population_growth1,3.492681629436415,5.967793540720951,5
4,population_growth3,1.7985358603959951,5.967793540720951,5
4,age65_change1,3.1409734223088592,5.967793540720951,5
4,urban_change1,3.5125491791817165,5.967793540720951,5
4,log_gdp_per_capita,5.670242074294725,5.967793540720951,5
4,gdp_growth1,-0.5111126586198269,5.967793540720951,5
4,health_expenditure_change1,1.2638332340792446,5.967793540720951,5
4,eu_resistance_excl_country,1.1749694863686124,5.967793540720951,5
4,resistance_gap_to_eu,0.6826809920980964,5.967793540720951,5
4,eu_resistance_change1,1.0416799983204017,5.967793540720951,5
4,other_antibiotic_mean,1.5752315291650054,5.967793540720951,5
4,other_antibiotic_sd,1.8633481286370817,5.967793540720951,5
4,other_high_resistance_count,0.9523383826654158,5.967793540720951,5
4,country_profile_gap,1.9246043760423468,5.967793540720951,5
4,trend_x_volatility,1.1399769584541752,5.967793540720951,5
4,resistance_x_consumption,1.76338601614951,5.967793540720951,5
4,trend_x_consumption,2.207938673715838,5.967793540720951,5
4,resistance_x_eu_gap,1.006185726680154,5.967793540720951,5
4,origin_year_index,3.380469957241787,5.967793540720951,5
5,family_consumption_lag1,2.551966638367302,5.334433562177132,5
5,family_consumption_lag2,1.8953414499347527,5.334433562177132,5
5,family_consumption_lag3,0.8262518105727709,5.334433562177132,5
5,family_consumption_mean3,1.994515893863985,5.334433562177132,5
5,family_consumption_sum3,0.6348177694534325,5.334433562177132,5
5,family_consumption_volatility3,1.2797376349752794,5.334433562177132,5
5,family_consumption_change1,2.0889398333134803,5.334433562177132,5
5,family_consumption_trend3,1.7188914537682838,5.334433562177132,5
5,consumption_community_lag1,3.500295086078961,5.334433562177132,5
5,consumption_hospital_lag1,2.8169651564943647,5.334433562177132,5
5,hospital_community_ratio_lag1,3.4212598158177228,5.334433562177132,5
5,reserve_pct_lag1,2.5946104777839407,5.334433562177132,5
5,reserve_pct_lag2,2.3013206650604614,5.334433562177132,5
5,reserve_pct_lag3,1.0127393764281063,5.334433562177132,5
5,reserve_mean3,2.363477060407597,5.334433562177132,5
5,reserve_change1,1.877991110594641,5.334433562177132,5
5,ast_tested_per_100k,4.157958727825453,5.334433562177132,5
5,reported_resistant_per_100k,3.034804801507625,5.334433562177132,5
5,tested_growth1,1.0742019491088928,5.334433562177132,5
5,testing_volatility4,1.6292184753401429,5.334433562177132,5
5,population,3.1993972993331643,5.334433562177132,5
5,age65_pct,0.968917522929082,5.334433562177132,5
5,urban_pct,4.239508908667548,5.334433562177132,5
5,gdp_per_capita,4.177383053745323,5.334433562177132,5
5,health_expenditure_pct_gdp,5.116150393166123,5.334433562177132,5
5,log_population,3.927504959673096,5.334433562177132,5
5,population_growth1,3.021315819685983,5.334433562177132,5
5,population_growth3,2.246344175033442,5.334433562177132,5
5,age65_change1,2.938719831275061,5.334433562177132,5
5,urban_change1,3.632955143969383,5.334433562177132,5
5,log_gdp_per_capita,5.334433562177132,5.334433562177132,5
5,gdp_growth1,-0.7157069077441853,5.334433562177132,5
5,health_expenditure_change1,0.1037092332592416,5.334433562177132,5
5,eu_resistance_excl_country,-0.4086529746481369,5.334433562177132,5
5,resistance_gap_to_eu,-0.624258664773176,5.334433562177132,5
5,eu_resistance_change1,0.4096546939835566,5.334433562177132,5
5,other_antibiotic_mean,0.5904675114655031,5.334433562177132,5
5,other_antibiotic_sd,0.943964347074469,5.334433562177132,5
5,other_high_resistance_count,0.642772346326466,5.334433562177132,5
5,country_profile_gap,1.2764993043859387,5.334433562177132,5
5,trend_x_volatility,0.2932737284379897,5.334433562177132,5
5,resistance_x_consumption,2.576443445622161,5.334433562177132,5
5,trend_x_consumption,2.4960543077916504,5.334433562177132,5
5,resistance_x_eu_gap,-0.3920390404676102,5.334433562177132,5
5,origin_year_index,2.8742764948275297,5.334433562177132,5
6,family_consumption_lag1,1.7327070756498315,5.639040697332382,5
6,family_consumption_lag2,2.3299149092251072,5.639040697332382,5
6,family_consumption_lag3,0.4923446458206904,5.639040697332382,5
6,family_consumption_mean3,2.863010345659623,5.639040697332382,5
6,family_consumption_sum3,1.979934459874979,5.639040697332382,5
6,family_consumption_volatility3,0.683832858100174,5.639040697332382,5
6,family_consumption_change1,0.7543866059522375,5.639040697332382,5
6,family_consumption_trend3,0.0340141991509239,5.639040697332382,5
6,consumption_community_lag1,3.1327112375554216,5.639040697332382,5
6,consumption_hospital_lag1,1.5124394795160008,5.639040697332382,5
6,hospital_community_ratio_lag1,2.729330383344056,5.639040697332382,5
6,reserve_pct_lag1,2.2637033455528583,5.639040697332382,5
6,reserve_pct_lag2,2.185708511881028,5.639040697332382,5
6,reserve_pct_lag3,0.72948288026869,5.639040697332382,5
6,reserve_mean3,2.3010061091508542,5.639040697332382,5
6,reserve_change1,1.270103322289151,5.639040697332382,5
6,ast_tested_per_100k,3.4822217236711523,5.639040697332382,5
6,reported_resistant_per_100k,3.107281104130507,5.639040697332382,5
6,tested_growth1,1.0285079324483142,5.639040697332382,5
6,testing_volatility4,1.8866346429885923,5.639040697332382,5
6,population,2.1600790105676784,5.639040697332382,5
6,age65_pct,1.4306589156497065,5.639040697332382,5
6,urban_pct,3.20328057171649,5.639040697332382,5
6,gdp_per_capita,2.9165256649428306,5.639040697332382,5
6,health_expenditure_pct_gdp,4.712063076538668,5.639040697332382,5
6,log_population,3.073258971183139,5.639040697332382,5
6,population_growth1,3.671064878204418,5.639040697332382,5
6,population_growth3,1.2468556244994642,5.639040697332382,5
6,age65_change1,3.3389835825297274,5.639040697332382,5
6,urban_change1,3.081146202909089,5.639040697332382,5
6,log_gdp_per_capita,5.639040697332382,5.639040697332382,5
6,gdp_growth1,-0.4829166750821664,5.639040697332382,5
6,health_expenditure_change1,1.1097747774859663,5.639040697332382,5
6,eu_resistance_excl_country,0.2450418558021931,5.639040697332382,5
6,resistance_gap_to_eu,-0.5159752955327463,5.639040697332382,5
6,eu_resistance_change1,1.2872506529318473,5.639040697332382,5
6,other_antibiotic_mean,1.2663473590067065,5.639040697332382,5
6,other_antibiotic_sd,0.9813125428113152,5.639040697332382,5
6,other_high_resistance_count,-0.9583965904855408,5.639040697332382,5
6,country_profile_gap,0.0780941414241414,5.639040697332382,5
6,trend_x_volatility,-0.2121942984394491,5.639040697332382,5
6,resistance_x_consumption,1.3046312743142776,5.639040697332382,5
6,trend_x_consumption,1.071387778645862,5.639040697332382,5
6,resistance_x_eu_gap,-1.2987405880706309,5.639040697332382,5
6,origin_year_index,3.931892647427071,5.639040697332382,5
7,family_consumption_lag1,2.1851596080373974,6.994520971221572,5
7,family_consumption_lag2,1.99655407014998,6.994520971221572,5
7,family_consumption_lag3,1.1257870383282125,6.994520971221572,5
7,family_consumption_mean3,2.2321824807278285,6.994520971221572,5
7,family_consumption_sum3,1.7963085491667563,6.994520971221572,5
7,family_consumption_volatility3,1.4907738649154372,6.994520971221572,5
7,family_consumption_change1,0.3465236962888088,6.994520971221572,5
7,family_consumption_trend3,0.7320827430550817,6.994520971221572,5
7,consumption_community_lag1,1.7693004629292453,6.994520971221572,5
7,consumption_hospital_lag1,2.375129268724347,6.994520971221572,5
7,hospital_community_ratio_lag1,2.1178621449412125,6.994520971221572,5
7,reserve_pct_lag1,2.91305697789784,6.994520971221572,5
7,reserve_pct_lag2,2.158869330524828,6.994520971221572,5
7,reserve_pct_lag3,0.9634490470642734,6.994520971221572,5
7,reserve_mean3,2.263915338311184,6.994520971221572,5
7,reserve_change1,1.105036630772985,6.994520971221572,5
7,ast_tested_per_100k,4.834416895107784,6.994520971221572,5
7,reported_resistant_per_100k,3.2277004704710315,6.994520971221572,5
7,tested_growth1,0.5250852918356242,6.994520971221572,5
7,testing_volatility4,1.8345562409126703,6.994520971221572,5
7,population,4.113447613162978,6.994520971221572,5
7,age65_pct,2.6111598686181177,6.994520971221572,5
7,urban_pct,5.48120886079345,6.994520971221572,5
7,gdp_per_capita,4.741853184382973,6.994520971221572,5
7,health_expenditure_pct_gdp,5.032984992218531,6.994520971221572,5
7,log_population,4.181261488372197,6.994520971221572,5
7,population_growth1,3.492115364943196,6.994520971221572,5
7,population_growth3,2.9210647193091224,6.994520971221572,5
7,age65_change1,2.6292331540978857,6.994520971221572,5
7,urban_change1,3.5122159047139605,6.994520971221572,5
7,log_gdp_per_capita,6.994520971221572,6.994520971221572,5
7,gdp_growth1,0.1558981332976141,6.994520971221572,5
7,health_expenditure_change1,0.1493473477156958,6.994520971221572,5
7,eu_resistance_excl_country,1.4335383258097067,6.994520971221572,5
7,resistance_gap_to_eu,0.6274967543261225,6.994520971221572,5
7,eu_resistance_change1,0.6996024966089774,6.994520971221572,5
7,other_antibiotic_mean,1.9756545776937189,6.994520971221572,5
7,other_antibiotic_sd,3.257245217339364,6.994520971221572,5
7,other_high_resistance_count,0.5898624860870225,6.994520971221572,5
7,country_profile_gap,0.992715170988349,6.994520971221572,5
7,trend_x_volatility,-0.515207076237733,6.994520971221572,5
7,resistance_x_consumption,2.187786819949837,6.994520971221572,5
7,trend_x_consumption,1.9657196170104447,6.994520971221572,5
7,resistance_x_eu_gap,-0.3852115888417415,6.994520971221572,5
7,origin_year_index,3.171408286501915,6.994520971221572,5
8,family_consumption_lag1,1.914646322271588,5.672635641528415,5
8,family_consumption_lag2,2.6756598275041443,5.672635641528415,5
8,family_consumption_lag3,0.5958102038858315,5.672635641528415,5
8,family_consumption_mean3,1.893438958276956,5.672635641528415,5
8,family_consumption_sum3,1.1693729888601874,5.672635641528415,5
8,family_consumption_volatility3,1.8640514941808963,5.672635641528415,5
8,family_consumption_change1,1.6704358173458114,5.672635641528415,5
8,family_consumption_trend3,0.9087663991290904,5.672635641528415,5
8,consumption_community_lag1,2.225457387148297,5.672635641528415,5
8,consumption_hospital_lag1,3.9078017405074488,5.672635641528415,5
8,hospital_community_ratio_lag1,4.429943746539728,5.672635641528415,5
8,reserve_pct_lag1,3.959671183111622,5.672635641528415,5
8,reserve_pct_lag2,2.15864439435744,5.672635641528415,5
8,reserve_pct_lag3,0.6013295723143849,5.672635641528415,5
8,reserve_mean3,2.653225996810844,5.672635641528415,5
8,reserve_change1,1.9734377610701237,5.672635641528415,5
8,ast_tested_per_100k,4.339867427172521,5.672635641528415,5
8,reported_resistant_per_100k,4.718978391683099,5.672635641528415,5
8,tested_growth1,0.6562597611901003,5.672635641528415,5
8,testing_volatility4,1.8300471035732184,5.672635641528415,5
8,population,3.116003914593049,5.672635641528415,5
8,age65_pct,2.5147722467058986,5.672635641528415,5
8,urban_pct,4.7359817435937615,5.672635641528415,5
8,gdp_per_capita,4.229413732117521,5.672635641528415,5
8,health_expenditure_pct_gdp,5.672635641528415,5.672635641528415,5
8,log_population,4.283016772173396,5.672635641528415,5
8,population_growth1,4.492903296811362,5.672635641528415,5
8,population_growth3,1.4771191911306212,5.672635641528415,5
8,age65_change1,2.7843228178629844,5.672635641528415,5
8,urban_change1,3.1741485328440646,5.672635641528415,5
8,log_gdp_per_capita,5.6008745297981815,5.672635641528415,5
8,gdp_growth1,1.5451135070190494,5.672635641528415,5
8,health_expenditure_change1,2.157460046600929,5.672635641528415,5
8,eu_resistance_excl_country,0.5891785294932572,5.672635641528415,5
8,resistance_gap_to_eu,0.2761336987399763,5.672635641528415,5
8,eu_resistance_change1,0.1766545290242381,5.672635641528415,5
8,other_antibiotic_mean,0.7328307000726265,5.672635641528415,5
8,other_antibiotic_sd,1.0984960394083545,5.672635641528415,5
8,other_high_resistance_count,1.2638092275878583,5.672635641528415,5
8,country_profile_gap,0.3673848444135509,5.672635641528415,5
8,trend_x_volatility,0.2230252813899469,5.672635641528415,5
8,resistance_x_consumption,2.541653240593188,5.672635641528415,5
8,trend_x_consumption,2.2094513449969373,5.672635641528415,5
8,resistance_x_eu_gap,0.329379330477027,5.672635641528415,5
8,origin_year_index,3.886929061276687,5.672635641528415,5
9,family_consumption_lag1,3.282636341380257,6.733547604536711,5
9,family_consumption_lag2,2.5772107355501093,6.733547604536711,5
9,family_consumption_lag3,1.348389083765316,6.733547604536711,5
9,family_consumption_mean3,2.0955357214609927,6.733547604536711,5
9,family_consumption_sum3,1.586602415296264,6.733547604536711,5
9,family_consumption_volatility3,0.7681707479280764,6.733547604536711,5
9,family_consumption_change1,0.216835980025162,6.733547604536711,5
9,family_consumption_trend3,1.036314890608962,6.733547604536711,5
9,consumption_community_lag1,2.7093866190683307,6.733547604536711,5
9,consumption_hospital_lag1,3.05789426072178,6.733547604536711,5
9,hospital_community_ratio_lag1,2.978123300597681,6.733547604536711,5
9,reserve_pct_lag1,2.769122580668251,6.733547604536711,5
9,reserve_pct_lag2,2.2475146456382844,6.733547604536711,5
9,reserve_pct_lag3,1.1622565250378545,6.733547604536711,5
9,reserve_mean3,2.8447139416165146,6.733547604536711,5
9,reserve_change1,1.5145705954879236,6.733547604536711,5
9,ast_tested_per_100k,5.056412757638669,6.733547604536711,5
9,reported_resistant_per_100k,3.100839372872072,6.733547604536711,5
9,tested_growth1,0.0568025512021975,6.733547604536711,5
9,testing_volatility4,3.078901598051555,6.733547604536711,5
9,population,2.522189328454388,6.733547604536711,5
9,age65_pct,2.360191547885841,6.733547604536711,5
9,urban_pct,4.593913046222818,6.733547604536711,5
9,gdp_per_capita,5.065543621655225,6.733547604536711,5
9,health_expenditure_pct_gdp,5.482274998340956,6.733547604536711,5
9,log_population,5.297816616764229,6.733547604536711,5
9,population_growth1,3.4257388361856145,6.733547604536711,5
9,population_growth3,1.5341941898352125,6.733547604536711,5
9,age65_change1,2.1638068196598605,6.733547604536711,5
9,urban_change1,4.166136179203132,6.733547604536711,5
9,log_gdp_per_capita,6.733547604536711,6.733547604536711,5
9,gdp_growth1,-0.1271323398397418,6.733547604536711,5
9,health_expenditure_change1,0.4286835643268148,6.733547604536711,5
9,eu_resistance_excl_country,0.967144711262342,6.733547604536711,5
9,resistance_gap_to_eu,0.2162892790745199,6.733547604536711,5
9,eu_resistance_change1,0.9949224374287076,6.733547604536711,5
9,other_antibiotic_mean,0.6960945567841113,6.733547604536711,5
9,other_antibiotic_sd,1.4487338786649997,6.733547604536711,5
9,other_high_resistance_count,0.4148686765385973,6.733547604536711,5
9,country_profile_gap,0.6672565018349035,6.733547604536711,5
9,trend_x_volatility,0.1262091759624667,6.733547604536711,5
9,resistance_x_consumption,2.497726434813145,6.733547604536711,5
9,trend_x_consumption,1.692124421150693,6.733547604536711,5
9,resistance_x_eu_gap,0.707824199601617,6.733547604536711,5
9,origin_year_index,4.132485170032783,6.733547604536711,5
10,family_consumption_lag1,1.994854434633108,4.018807457888911,5
10,family_consumption_lag2,0.724754235617156,4.018807457888911,5
10,family_consumption_lag3,-0.5013461427295347,4.018807457888911,5
10,family_consumption_mean3,0.8510798979937193,4.018807457888911,5
10,family_consumption_sum3,0.8833774744746414,4.018807457888911,5
10,family_consumption_volatility3,0.5786100593252963,4.018807457888911,5
10,family_consumption_change1,-0.5337226437604942,4.018807457888911,5
10,family_consumption_trend3,-0.1636361869968163,4.018807457888911,5
10,consumption_community_lag1,2.2325292377536696,4.018807457888911,5
10,consumption_hospital_lag1,2.664211721303297,4.018807457888911,5
10,hospital_community_ratio_lag1,1.870962290562062,4.018807457888911,5
10,reserve_pct_lag1,2.0880360013284576,4.018807457888911,5
10,reserve_pct_lag2,1.569238417341094,4.018807457888911,5
10,reserve_pct_lag3,-0.2102947057427886,4.018807457888911,5
10,reserve_mean3,1.1689334490174474,4.018807457888911,5
10,reserve_change1,0.4724167625509868,4.018807457888911,5
10,ast_tested_per_100k,3.900642324624816,4.018807457888911,5
10,reported_resistant_per_100k,1.8814408242471377,4.018807457888911,5
10,tested_growth1,-0.6018633411352458,4.018807457888911,5
10,testing_volatility4,0.7055856607423504,4.018807457888911,5
10,population,3.821160859568212,4.018807457888911,5
10,age65_pct,1.6806282050250494,4.018807457888911,5
10,urban_pct,4.018807457888911,4.018807457888911,5
10,gdp_per_capita,2.514850524722439,4.018807457888911,5
10,health_expenditure_pct_gdp,3.879892346560122,4.018807457888911,5
10,log_population,3.6657544080039233,4.018807457888911,5
10,population_growth1,1.0851843216313335,4.018807457888911,5
10,population_growth3,0.6230956583083883,4.018807457888911,5
10,age65_change1,1.8632961985742036,4.018807457888911,5
10,urban_change1,2.886923393636598,4.018807457888911,5
10,log_gdp_per_capita,3.362445509684645,4.018807457888911,5
10,gdp_growth1,-1.2757189850095183,4.018807457888911,5
10,health_expenditure_change1,0.0440638463571036,4.018807457888911,5
10,eu_resistance_excl_country,-1.3915045495840634,4.018807457888911,5
10,resistance_gap_to_eu,-1.7844178112576643,4.018807457888911,5
10,eu_resistance_change1,0.2922365008505641,4.018807457888911,5
10,other_antibiotic_mean,-0.3613548270020636,4.018807457888911,5
10,other_antibiotic_sd,1.0615729935319953,4.018807457888911,5
10,other_high_resistance_count,0.1676417476244334,4.018807457888911,5
10,country_profile_gap,0.3617440074457299,4.018807457888911,5
10,trend_x_volatility,-0.958447427789393,4.018807457888911,5
10,resistance_x_consumption,0.1321593456565483,4.018807457888911,5
10,trend_x_consumption,0.9123674714909156,4.018807457888911,5
10,resistance_x_eu_gap,-0.7950471458735918,4.018807457888911,5
10,origin_year_index,1.7818315132357585,4.018807457888911,5
11,family_consumption_lag1,1.3033925061605098,5.057673145205509,5
11,family_consumption_lag2,2.324085165217558,5.057673145205509,5
11,family_consumption_lag3,1.0587401623957748,5.057673145205509,5
11,family_consumption_mean3,1.911627210571853,5.057673145205509,5
11,family_consumption_sum3,1.3942756663733562,5.057673145205509,5
11,family_consumption_volatility3,1.9152948218587809,5.057673145205509,5
11,family_consumption_change1,0.6603242415957323,5.057673145205509,5
11,family_consumption_trend3,1.168319836083652,5.057673145205509,5
11,consumption_community_lag1,2.512981607274851,5.057673145205509,5
11,consumption_hospital_lag1,2.6300995588897367,5.057673145205509,5
11,hospital_community_ratio_lag1,1.896568429444184,5.057673145205509,5
11,reserve_pct_lag1,3.242571435126381,5.057673145205509,5
11,reserve_pct_lag2,1.6817323067871912,5.057673145205509,5
11,reserve_pct_lag3,1.752170030670901,5.057673145205509,5
11,reserve_mean3,2.162728769322071,5.057673145205509,5
11,reserve_change1,1.2105260522526071,5.057673145205509,5
11,ast_tested_per_100k,3.4816915115085,5.057673145205509,5
11,reported_resistant_per_100k,2.7558963026227365,5.057673145205509,5
11,tested_growth1,0.3759405032663983,5.057673145205509,5
11,testing_volatility4,1.3323480170122546,5.057673145205509,5
11,population,2.923091272576269,5.057673145205509,5
11,age65_pct,1.2099252803264613,5.057673145205509,5
11,urban_pct,3.9899977395053208,5.057673145205509,5
11,gdp_per_capita,5.057673145205509,5.057673145205509,5
11,health_expenditure_pct_gdp,4.869864580309106,5.057673145205509,5
11,log_population,4.545297439542488,5.057673145205509,5
11,population_growth1,3.7561761132815183,5.057673145205509,5
11,population_growth3,1.755877108385932,5.057673145205509,5
11,age65_change1,2.6580051078313414,5.057673145205509,5
11,urban_change1,3.7067340137463054,5.057673145205509,5
11,log_gdp_per_capita,4.9137800794715325,5.057673145205509,5
11,gdp_growth1,1.20365644535881,5.057673145205509,5
11,health_expenditure_change1,1.5439856904987783,5.057673145205509,5
11,eu_resistance_excl_country,-0.8589470548659348,5.057673145205509,5
11,resistance_gap_to_eu,-0.2656737924316656,5.057673145205509,5
11,eu_resistance_change1,0.7140903151393804,5.057673145205509,5
11,other_antibiotic_mean,1.2988611805409809,5.057673145205509,5
11,other_antibiotic_sd,2.358252375936912,5.057673145205509,5
11,other_high_resistance_count,0.0294135182426318,5.057673145205509,5
11,country_profile_gap,0.906987579001042,5.057673145205509,5
11,trend_x_volatility,-0.358509200291982,5.057673145205509,5
11,resistance_x_consumption,1.4418840933760748,5.057673145205509,5
11,trend_x_consumption,2.222812252589942,5.057673145205509,5
11,resistance_x_eu_gap,-0.928213659419031,5.057673145205509,5
11,origin_year_index,1.9301793180557765,5.057673145205509,5
12,family_consumption_lag1,2.511549600578458,6.192241843081856,5
12,family_consumption_lag2,2.236959757418589,6.192241843081856,5
12,family_consumption_lag3,2.07651442100726,6.192241843081856,5
12,family_consumption_mean3,3.343636282658815,6.192241843081856,5
12,family_consumption_sum3,2.385917546221943,6.192241843081856,5
12,family_consumption_volatility3,1.6720825972805489,6.192241843081856,5
12,family_consumption_change1,1.3046554481071182,6.192241843081856,5
12,family_consumption_trend3,2.306999658821047,6.192241843081856,5
12,consumption_community_lag1,4.0639571179463845,6.192241843081856,5
12,consumption_hospital_lag1,3.4772403768874507,6.192241843081856,5
12,hospital_community_ratio_lag1,3.1348375855856245,6.192241843081856,5
12,reserve_pct_lag1,4.117277271716793,6.192241843081856,5
12,reserve_pct_lag2,3.148012199800258,6.192241843081856,5
12,reserve_pct_lag3,1.8880103207120165,6.192241843081856,5
12,reserve_mean3,3.1840965085559487,6.192241843081856,5
12,reserve_change1,2.061347267275755,6.192241843081856,5
12,ast_tested_per_100k,5.565539778159128,6.192241843081856,5
12,reported_resistant_per_100k,4.430715264549696,6.192241843081856,5
12,tested_growth1,0.7901777722668328,6.192241843081856,5
12,testing_volatility4,1.4816690044053482,6.192241843081856,5
12,population,5.957737913511092,6.192241843081856,5
12,age65_pct,2.649773924186185,6.192241843081856,5
12,urban_pct,4.20604556214149,6.192241843081856,5
12,gdp_per_capita,4.646800651043534,6.192241843081856,5
12,health_expenditure_pct_gdp,6.192241843081856,6.192241843081856,5
12,log_population,5.567525965943455,6.192241843081856,5
12,population_growth1,3.286531383669658,6.192241843081856,5
12,population_growth3,2.2039434448420425,6.192241843081856,5
12,age65_change1,2.3406119885166627,6.192241843081856,5
12,urban_change1,3.516979165484699,6.192241843081856,5
12,log_gdp_per_capita,5.6716954347170745,6.192241843081856,5
12,gdp_growth1,1.094262760748394,6.192241843081856,5
12,health_expenditure_change1,0.5761088658812157,6.192241843081856,5
12,eu_resistance_excl_country,0.7050197484460023,6.192241843081856,5
12,resistance_gap_to_eu,1.376078236212469,6.192241843081856,5
12,eu_resistance_change1,1.375268021089217,6.192241843081856,5
12,other_antibiotic_mean,2.209350269922638,6.192241843081856,5
12,other_antibiotic_sd,3.216952837316345,6.192241843081856,5
12,other_high_resistance_count,0.6746311652927814,6.192241843081856,5
12,country_profile_gap,1.2057516149220184,6.192241843081856,5
12,trend_x_volatility,0.6349047411892992,6.192241843081856,5
12,resistance_x_consumption,3.186895167035928,6.192241843081856,5
12,trend_x_consumption,2.4457085135902044,6.192241843081856,5
12,resistance_x_eu_gap,0.6386188929134693,6.192241843081856,5
12,origin_year_index,4.230603435024103,6.192241843081856,5
13,family_consumption_lag1,3.527580061892013,6.471456899745361,5
13,family_consumption_lag2,1.875344283700804,6.471456899745361,5
13,family_consumption_lag3,1.1374982627554415,6.471456899745361,5
13,family_consumption_mean3,2.251127524998583,6.471456899745361,5
13,family_consumption_sum3,1.3496272844820465,6.471456899745361,5
13,family_consumption_volatility3,1.9904297775616235,6.471456899745361,5
13,family_consumption_change1,1.0511890076567687,6.471456899745361,5
13,family_consumption_trend3,1.1949327679168904,6.471456899745361,5
13,consumption_community_lag1,3.681019576102449,6.471456899745361,5
13,consumption_hospital_lag1,3.100221611981496,6.471456899745361,5
13,hospital_community_ratio_lag1,4.508768349057213,6.471456899745361,5
13,reserve_pct_lag1,3.1005756232484587,6.471456899745361,5
13,reserve_pct_lag2,2.312217422628809,6.471456899745361,5
13,reserve_pct_lag3,2.0570364159056163,6.471456899745361,5
13,reserve_mean3,2.4306366144526903,6.471456899745361,5
13,reserve_change1,1.9709593608132967,6.471456899745361,5
13,ast_tested_per_100k,4.744264985232247,6.471456899745361,5
13,reported_resistant_per_100k,3.576026357360506,6.471456899745361,5
13,tested_growth1,1.4876305152346534,6.471456899745361,5
13,testing_volatility4,2.2386848165095325,6.471456899745361,5
13,population,5.703334728127595,6.471456899745361,5
13,age65_pct,3.0655014023826443,6.471456899745361,5
13,urban_pct,6.250288179390102,6.471456899745361,5
13,gdp_per_capita,4.844639556371607,6.471456899745361,5
13,health_expenditure_pct_gdp,6.4020858471667,6.471456899745361,5
13,log_population,5.166255710904404,6.471456899745361,5
13,population_growth1,4.165268932984756,6.471456899745361,5
13,population_growth3,2.2581387437496203,6.471456899745361,5
13,age65_change1,3.088764845287538,6.471456899745361,5
13,urban_change1,3.827527969413824,6.471456899745361,5
13,log_gdp_per_capita,6.471456899745361,6.471456899745361,5
13,gdp_growth1,1.7156257963367585,6.471456899745361,5
13,health_expenditure_change1,1.3329543253113856,6.471456899745361,5
13,eu_resistance_excl_country,0.8471575349534443,6.471456899745361,5
13,resistance_gap_to_eu,0.1605698967147553,6.471456899745361,5
13,eu_resistance_change1,0.2118207790053649,6.471456899745361,5
13,other_antibiotic_mean,2.219362452685008,6.471456899745361,5
13,other_antibiotic_sd,2.9275012609082123,6.471456899745361,5
13,other_high_resistance_count,0.722089335001021,6.471456899745361,5
13,country_profile_gap,2.4152040500292564,6.471456899745361,5
13,trend_x_volatility,0.8809461081788569,6.471456899745361,5
13,resistance_x_consumption,1.6722743420978117,6.471456899745361,5
13,trend_x_consumption,1.6634172932639588,6.471456899745361,5
13,resistance_x_eu_gap,-0.2116097827401818,6.471456899745361,5
13,origin_year_index,3.2358625979172646,6.471456899745361,5
14,family_consumption_lag1,2.11593096767848,5.88434256141541,5
14,family_consumption_lag2,1.8883442146365443,5.88434256141541,5
14,family_consumption_lag3,1.2522632145926396,5.88434256141541,5
14,family_consumption_mean3,2.4031870758169505,5.88434256141541,5
14,family_consumption_sum3,1.7314524360575765,5.88434256141541,5
14,family_consumption_volatility3,1.3931597093098482,5.88434256141541,5
14,family_consumption_change1,0.8985418985047171,5.88434256141541,5
14,family_consumption_trend3,0.7053068706962349,5.88434256141541,5
14,consumption_community_lag1,3.2759157516260977,5.88434256141541,5
14,consumption_hospital_lag1,3.855490497754921,5.88434256141541,5
14,hospital_community_ratio_lag1,4.306378618808778,5.88434256141541,5
14,reserve_pct_lag1,3.6040633245588456,5.88434256141541,5
14,reserve_pct_lag2,2.064681509728104,5.88434256141541,5
14,reserve_pct_lag3,0.9174184059405516,5.88434256141541,5
14,reserve_mean3,2.009667518660857,5.88434256141541,5
14,reserve_change1,1.7854772698274457,5.88434256141541,5
14,ast_tested_per_100k,5.223575932209307,5.88434256141541,5
14,reported_resistant_per_100k,3.9648845449501833,5.88434256141541,5
14,tested_growth1,0.4698740513115457,5.88434256141541,5
14,testing_volatility4,2.574204331433405,5.88434256141541,5
14,population,3.4385126442429805,5.88434256141541,5
14,age65_pct,1.9242554569562536,5.88434256141541,5
14,urban_pct,4.9408897317937175,5.88434256141541,5
14,gdp_per_capita,5.218459893898278,5.88434256141541,5
14,health_expenditure_pct_gdp,4.604703875538684,5.88434256141541,5
14,log_population,5.423550114102742,5.88434256141541,5
14,population_growth1,4.739557439784002,5.88434256141541,5
14,population_growth3,2.723572823654413,5.88434256141541,5
14,age65_change1,3.770444988620616,5.88434256141541,5
14,urban_change1,3.9958465715440776,5.88434256141541,5
14,log_gdp_per_capita,5.88434256141541,5.88434256141541,5
14,gdp_growth1,-0.5897294125197111,5.88434256141541,5
14,health_expenditure_change1,0.6516931272651372,5.88434256141541,5
14,eu_resistance_excl_country,-0.1752114427814117,5.88434256141541,5
14,resistance_gap_to_eu,0.2708146898379294,5.88434256141541,5
14,eu_resistance_change1,1.174420984010667,5.88434256141541,5
14,other_antibiotic_mean,1.724989564549822,5.88434256141541,5
14,other_antibiotic_sd,1.646125678616058,5.88434256141541,5
14,other_high_resistance_count,0.1299842079171582,5.88434256141541,5
14,country_profile_gap,1.6696345544642035,5.88434256141541,5
14,trend_x_volatility,0.1987129629601174,5.88434256141541,5
14,resistance_x_consumption,1.6762588815507589,5.88434256141541,5
14,trend_x_consumption,1.4304828800055167,5.88434256141541,5
14,resistance_x_eu_gap,1.0615151945126635,5.88434256141541,5
14,origin_year_index,2.978720180231765,5.88434256141541,5
15,family_consumption_lag1,3.284749876908527,5.821396307469943,5
15,family_consumption_lag2,2.8744832806688483,5.821396307469943,5
15,family_consumption_lag3,1.9085712165907591,5.821396307469943,5
15,family_consumption_mean3,2.6660282219977494,5.821396307469943,5
15,family_consumption_sum3,2.6739600428757613,5.821396307469943,5
15,family_consumption_volatility3,2.275362493097776,5.821396307469943,5
15,family_consumption_change1,2.3906167954836937,5.821396307469943,5
15,family_consumption_trend3,2.2235392152485383,5.821396307469943,5
15,consumption_community_lag1,3.605335822443596,5.821396307469943,5
15,consumption_hospital_lag1,4.128903883743671,5.821396307469943,5
15,hospital_community_ratio_lag1,2.610567631308964,5.821396307469943,5
15,reserve_pct_lag1,2.7936601563252106,5.821396307469943,5
15,reserve_pct_lag2,2.7655562303919448,5.821396307469943,5
15,reserve_pct_lag3,1.299545767263907,5.821396307469943,5
15,reserve_mean3,3.179656469453315,5.821396307469943,5
15,reserve_change1,2.68020007418899,5.821396307469943,5
15,ast_tested_per_100k,5.821396307469943,5.821396307469943,5
15,reported_resistant_per_100k,3.52952989840597,5.821396307469943,5
15,tested_growth1,1.773653625205267,5.821396307469943,5
15,testing_volatility4,2.2161378415011868,5.821396307469943,5
15,population,5.375507376407099,5.821396307469943,5
15,age65_pct,2.686826868599965,5.821396307469943,5
15,urban_pct,4.61600100100629,5.821396307469943,5
15,gdp_per_capita,3.527500998172333,5.821396307469943,5
15,health_expenditure_pct_gdp,5.741931986251937,5.821396307469943,5
15,log_population,5.11818736073166,5.821396307469943,5
15,population_growth1,3.248075782014671,5.821396307469943,5
15,population_growth3,2.408640911882916,5.821396307469943,5
15,age65_change1,3.8415522893258585,5.821396307469943,5
15,urban_change1,4.281054892063518,5.821396307469943,5
15,log_gdp_per_capita,5.568125184285347,5.821396307469943,5
15,gdp_growth1,0.4866594499943673,5.821396307469943,5
15,health_expenditure_change1,1.943760273084061,5.821396307469943,5
15,eu_resistance_excl_country,0.7324786679889044,5.821396307469943,5
15,resistance_gap_to_eu,1.1658484122095265,5.821396307469943,5
15,eu_resistance_change1,0.6289431969618381,5.821396307469943,5
15,other_antibiotic_mean,2.9798386303952817,5.821396307469943,5
15,other_antibiotic_sd,3.1433294056256,5.821396307469943,5
15,other_high_resistance_count,0.6621420941350383,5.821396307469943,5
15,country_profile_gap,3.802627931487857,5.821396307469943,5
15,trend_x_volatility,1.100200230797447,5.821396307469943,5
15,resistance_x_consumption,3.352834058083489,5.821396307469943,5
15,trend_x_consumption,3.356237082751074,5.821396307469943,5
15,resistance_x_eu_gap,-0.2466389116503965,5.821396307469943,5
15,origin_year_index,3.967835343526403,5.821396307469943,5
16,family_consumption_lag1,2.638241437357333,5.587228069928922,5
16,family_consumption_lag2,2.134740728771817,5.587228069928922,5
16,family_consumption_lag3,1.807305818334734,5.587228069928922,5
16,family_consumption_mean3,2.0046561151566653,5.587228069928922,5
16,family_consumption_sum3,1.84016269434328,5.587228069928922,5
16,family_consumption_volatility3,1.7017299830145165,5.587228069928922,5
16,family_consumption_change1,2.2010708109291204,5.587228069928922,5
16,family_consumption_trend3,1.591162088117463,5.587228069928922,5
16,consumption_community_lag1,3.63255491094564,5.587228069928922,5
16,consumption_hospital_lag1,3.196993419497007,5.587228069928922,5
16,hospital_community_ratio_lag1,4.471039000245449,5.587228069928922,5
16,reserve_pct_lag1,3.947758415561246,5.587228069928922,5
16,reserve_pct_lag2,2.735269976478263,5.587228069928922,5
16,reserve_pct_lag3,2.751017533016129,5.587228069928922,5
16,reserve_mean3,2.650281352402328,5.587228069928922,5
16,reserve_change1,1.5474980772112985,5.587228069928922,5
16,ast_tested_per_100k,4.979479103766499,5.587228069928922,5
16,reported_resistant_per_100k,4.056682940254422,5.587228069928922,5
16,tested_growth1,1.022380272640465,5.587228069928922,5
16,testing_volatility4,2.704266160062125,5.587228069928922,5
16,population,3.7160980127896255,5.587228069928922,5
16,age65_pct,2.705978298205877,5.587228069928922,5
16,urban_pct,5.587228069928922,5.587228069928922,5
16,gdp_per_capita,4.633259392556202,5.587228069928922,5
16,health_expenditure_pct_gdp,5.136405380327904,5.587228069928922,5
16,log_population,4.825443845762607,5.587228069928922,5
16,population_growth1,3.091426769450929,5.587228069928922,5
16,population_growth3,2.580441922268953,5.587228069928922,5
16,age65_change1,3.813404725448077,5.587228069928922,5
16,urban_change1,3.06667940054468,5.587228069928922,5
16,log_gdp_per_capita,5.552149435382944,5.587228069928922,5
16,gdp_growth1,0.4675912420509699,5.587228069928922,5
16,health_expenditure_change1,0.4841795679580206,5.587228069928922,5
16,eu_resistance_excl_country,0.3582038746839151,5.587228069928922,5
16,resistance_gap_to_eu,-0.0730085375581473,5.587228069928922,5
16,eu_resistance_change1,1.243374578776621,5.587228069928922,5
16,other_antibiotic_mean,2.898976386716427,5.587228069928922,5
16,other_antibiotic_sd,1.9344067932965203,5.587228069928922,5
16,other_high_resistance_count,0.2160609267108411,5.587228069928922,5
16,country_profile_gap,2.474919473499271,5.587228069928922,5
16,trend_x_volatility,1.310918348681972,5.587228069928922,5
16,resistance_x_consumption,2.874385925251129,5.587228069928922,5
16,trend_x_consumption,2.2661984057507363,5.587228069928922,5
16,resistance_x_eu_gap,1.0991492538281786,5.587228069928922,5
16,origin_year_index,4.297702285884709,5.587228069928922,5
17,family_consumption_lag1,3.226378798658197,5.817780723705612,5
17,family_consumption_lag2,1.88562982193776,5.817780723705612,5
17,family_consumption_lag3,0.0582649373778701,5.817780723705612,5
17,family_consumption_mean3,2.2397895311330527,5.817780723705612,5
17,family_consumption_sum3,1.9612361978335868,5.817780723705612,5
17,family_consumption_volatility3,1.547479716522436,5.817780723705612,5
17,family_consumption_change1,1.062210971085373,5.817780723705612,5
17,family_consumption_trend3,0.4852119674874754,5.817780723705612,5
17,consumption_community_lag1,3.438352985596413,5.817780723705612,5
17,consumption_hospital_lag1,1.7811177118995134,5.817780723705612,5
17,hospital_community_ratio_lag1,3.110362562893789,5.817780723705612,5
17,reserve_pct_lag1,2.746521198927492,5.817780723705612,5
17,reserve_pct_lag2,2.7927430263397475,5.817780723705612,5
17,reserve_pct_lag3,0.7989326400942034,5.817780723705612,5
17,reserve_mean3,3.0295026675020647,5.817780723705612,5
17,reserve_change1,0.9218999502537032,5.817780723705612,5
17,ast_tested_per_100k,5.38942581114108,5.817780723705612,5
17,reported_resistant_per_100k,4.502120841170417,5.817780723705612,5
17,tested_growth1,1.9571639976807784,5.817780723705612,5
17,testing_volatility4,1.4791501331453152,5.817780723705612,5
17,population,4.6196760696120815,5.817780723705612,5
17,age65_pct,2.464897598994162,5.817780723705612,5
17,urban_pct,5.0856921543035005,5.817780723705612,5
17,gdp_per_capita,3.6962729667514247,5.817780723705612,5
17,health_expenditure_pct_gdp,5.234812539260824,5.817780723705612,5
17,log_population,5.337860305925405,5.817780723705612,5
17,population_growth1,2.948015293547575,5.817780723705612,5
17,population_growth3,1.3238221346175747,5.817780723705612,5
17,age65_change1,0.6690554211773012,5.817780723705612,5
17,urban_change1,4.538268220257758,5.817780723705612,5
17,log_gdp_per_capita,5.817780723705612,5.817780723705612,5
17,gdp_growth1,0.9817007093190152,5.817780723705612,5
17,health_expenditure_change1,1.2488928846117486,5.817780723705612,5
17,eu_resistance_excl_country,0.1931418700839964,5.817780723705612,5
17,resistance_gap_to_eu,1.5818737625892343,5.817780723705612,5
17,eu_resistance_change1,1.3602155943615624,5.817780723705612,5
17,other_antibiotic_mean,1.6006638353620226,5.817780723705612,5
17,other_antibiotic_sd,2.3139877453907283,5.817780723705612,5
17,other_high_resistance_count,1.1501899197711305,5.817780723705612,5
17,country_profile_gap,0.3872231924742895,5.817780723705612,5
17,trend_x_volatility,0.4422809492401909,5.817780723705612,5
17,resistance_x_consumption,1.9577318499891991,5.817780723705612,5
17,trend_x_consumption,1.6243118866933397,5.817780723705612,5
17,resistance_x_eu_gap,1.121662142065847,5.817780723705612,5
17,origin_year_index,2.8537126161639863,5.817780723705612,5
18,family_consumption_lag1,1.7301424282978175,5.669682389996286,5
18,family_consumption_lag2,2.706346782163586,5.669682389996286,5
18,family_consumption_lag3,0.4619898751864625,5.669682389996286,5
18,family_consumption_mean3,2.3380218304670524,5.669682389996286,5
18,family_consumption_sum3,1.6933488589910242,5.669682389996286,5
18,family_consumption_volatility3,1.7529110033411328,5.669682389996286,5
18,family_consumption_change1,0.6588338054393426,5.669682389996286,5
18,family_consumption_trend3,0.7052215119074361,5.669682389996286,5
18,consumption_community_lag1,3.4850104904517414,5.669682389996286,5
18,consumption_hospital_lag1,2.385496878916017,5.669682389996286,5
18,hospital_community_ratio_lag1,2.646070254997873,5.669682389996286,5
18,reserve_pct_lag1,2.318231071789299,5.669682389996286,5
18,reserve_pct_lag2,2.363240411821621,5.669682389996286,5
18,reserve_pct_lag3,1.7063546216355197,5.669682389996286,5
18,reserve_mean3,3.2842438457438408,5.669682389996286,5
18,reserve_change1,1.153910408533087,5.669682389996286,5
18,ast_tested_per_100k,5.669682389996286,5.669682389996286,5
18,reported_resistant_per_100k,3.7644968241798336,5.669682389996286,5
18,tested_growth1,-0.1977598545328625,5.669682389996286,5
18,testing_volatility4,1.1166687448816268,5.669682389996286,5
18,population,3.505599964844864,5.669682389996286,5
18,age65_pct,1.945052777311508,5.669682389996286,5
18,urban_pct,4.482501622533859,5.669682389996286,5
18,gdp_per_capita,3.901281809885158,5.669682389996286,5
18,health_expenditure_pct_gdp,4.5078610955860094,5.669682389996286,5
18,log_population,3.889315461960936,5.669682389996286,5
18,population_growth1,2.1968552246723645,5.669682389996286,5
18,population_growth3,1.5103541103725164,5.669682389996286,5
18,age65_change1,2.017995904255824,5.669682389996286,5
18,urban_change1,2.714936942270896,5.669682389996286,5
18,log_gdp_per_capita,4.090622985656543,5.669682389996286,5
18,gdp_growth1,-1.1054371708974324,5.669682389996286,5
18,health_expenditure_change1,-0.5656678726524129,5.669682389996286,5
18,eu_resistance_excl_country,1.0732578537464068,5.669682389996286,5
18,resistance_gap_to_eu,-0.7761173129673218,5.669682389996286,5
18,eu_resistance_change1,0.4451277730531362,5.669682389996286,5
18,other_antibiotic_mean,-0.0009904535000335,5.669682389996286,5
18,other_antibiotic_sd,1.9714036012023457,5.669682389996286,5
18,other_high_resistance_count,-0.1738328703337517,5.669682389996286,5
18,country_profile_gap,-0.2072992778712225,5.669682389996286,5
18,trend_x_volatility,-1.1517808560376035,5.669682389996286,5
18,resistance_x_consumption,2.608320340474549,5.669682389996286,5
18,trend_x_consumption,2.6139270299210238,5.669682389996286,5
18,resistance_x_eu_gap,-0.893595095463721,5.669682389996286,5
18,origin_year_index,2.3671344339960387,5.669682389996286,5
19,family_consumption_lag1,3.70516579592951,6.1576611279325135,5
19,family_consumption_lag2,2.847854283426061,6.1576611279325135,5
19,family_consumption_lag3,2.096600515042213,6.1576611279325135,5
19,family_consumption_mean3,3.56205596852085,6.1576611279325135,5
19,family_consumption_sum3,2.7511260217444717,6.1576611279325135,5
19,family_consumption_volatility3,1.8069917820063663,6.1576611279325135,5
19,family_consumption_change1,2.135654975519626,6.1576611279325135,5
19,family_consumption_trend3,1.8279538398683652,6.1576611279325135,5
19,consumption_community_lag1,2.9366185953058888,6.1576611279325135,5
19,consumption_hospital_lag1,3.003335195570492,6.1576611279325135,5
19,hospital_community_ratio_lag1,3.641467419522379,6.1576611279325135,5
19,reserve_pct_lag1,2.5533480328554736,6.1576611279325135,5
19,reserve_pct_lag2,2.384630886194107,6.1576611279325135,5
19,reserve_pct_lag3,1.921418005111579,6.1576611279325135,5
19,reserve_mean3,3.72674284735906,6.1576611279325135,5
19,reserve_change1,2.194607985745226,6.1576611279325135,5
19,ast_tested_per_100k,5.620959069564184,6.1576611279325135,5
19,reported_resistant_per_100k,4.995745127544333,6.1576611279325135,5
19,tested_growth1,1.229725451271079,6.1576611279325135,5
19,testing_volatility4,4.19643585405589,6.1576611279325135,5
19,population,4.290369169395907,6.1576611279325135,5
19,age65_pct,2.5955270276458884,6.1576611279325135,5
19,urban_pct,5.770081736442679,6.1576611279325135,5
19,gdp_per_capita,5.0796728373586495,6.1576611279325135,5
19,health_expenditure_pct_gdp,5.415588219555498,6.1576611279325135,5
19,log_population,4.782467781672233,6.1576611279325135,5
19,population_growth1,3.845477107947234,6.1576611279325135,5
19,population_growth3,2.647062180671784,6.1576611279325135,5
19,age65_change1,2.9027210612924885,6.1576611279325135,5
19,urban_change1,3.0481338304359014,6.1576611279325135,5
19,log_gdp_per_capita,6.1576611279325135,6.1576611279325135,5
19,gdp_growth1,-0.3194277757145503,6.1576611279325135,5
19,health_expenditure_change1,1.819698366883046,6.1576611279325135,5
19,eu_resistance_excl_country,1.5632188586121385,6.1576611279325135,5
19,resistance_gap_to_eu,0.9817276245644024,6.1576611279325135,5
19,eu_resistance_change1,0.0001854818101507,6.1576611279325135,5
19,other_antibiotic_mean,2.167922576836045,6.1576611279325135,5
19,other_antibiotic_sd,2.516885719243252,6.1576611279325135,5
19,other_high_resistance_count,1.8062441230493316,6.1576611279325135,5
19,country_profile_gap,0.9344257973201652,6.1576611279325135,5
19,trend_x_volatility,2.1962268102092883,6.1576611279325135,5
19,resistance_x_consumption,2.208142594890815,6.1576611279325135,5
19,trend_x_consumption,2.244131767165579,6.1576611279325135,5
19,resistance_x_eu_gap,1.416082400176394,6.1576611279325135,5
19,origin_year_index,4.487790225822618,6.1576611279325135,5
