country,iso3,year,target_year,antibiotic,resistance_pct,observed,target_tested,prediction,persistence_prediction,model_error,persistence_error,horizon,evaluation
Austria,AUT,2018,2019,Aminoglycosides,8.226495726495726,6.948541461815798,6102.0,7.5033143240396685,8.226495726495726,-0.5547728622238708,-1.277954264679928,1,Penalized country partial pooling
Austria,AUT,2018,2019,Aminopenicillins,50.65982404692082,46.27606752730884,6042.0,49.97925606020135,50.65982404692082,-3.7031885328925114,-4.383756519611978,1,Penalized country partial pooling
Austria,AUT,2018,2019,Carbapenems,0.0718907260963335,0.0,5935.0,0.0,0.0718907260963335,0.0,-0.0718907260963335,1,Penalized country partial pooling
Austria,AUT,2018,2019,Fluoroquinolones,21.852438809649588,18.213058419243985,6111.0,21.29699995361086,21.852438809649588,-3.0839415343668755,-3.639380390405602,1,Penalized country partial pooling
Austria,AUT,2018,2019,Third-generation cephalosporins,10.208039492242596,9.318702915165412,6106.0,10.185191578470318,10.208039492242596,-0.8664886633049065,-0.8893365770771844,1,Penalized country partial pooling
Belgium,BEL,2018,2019,Aminoglycosides,7.404500261643118,6.909739928607853,3922.0,7.39320398327498,7.404500261643118,-0.4834640546671274,-0.49476033303526545,1,Penalized country partial pooling
Belgium,BEL,2018,2019,Aminopenicillins,55.79302587176603,56.45653985004166,3601.0,55.660502848244086,55.79302587176603,0.796037001797572,0.6635139782756312,1,Penalized country partial pooling
Belgium,BEL,2018,2019,Carbapenems,0.0646412411118293,0.0509424350483953,3926.0,0.0,0.0646412411118293,0.0509424350483953,-0.013698806063433995,1,Penalized country partial pooling
Belgium,BEL,2018,2019,Fluoroquinolones,21.80004749465685,19.05732484076433,3925.0,22.9906256832473,21.80004749465685,-3.933300842482968,-2.742722653892521,1,Penalized country partial pooling
Belgium,BEL,2018,2019,Third-generation cephalosporins,9.022394487510766,9.98221996443993,3937.0,9.626571317771488,9.022394487510766,0.35564864666844187,0.9598254769291632,1,Penalized country partial pooling
Bulgaria,BGR,2018,2019,Aminoglycosides,28.363636363636363,24.431818181818183,352.0,30.81644410357919,28.363636363636363,-6.384625921761007,-3.93181818181818,1,Penalized country partial pooling
Bulgaria,BGR,2018,2019,Aminopenicillins,66.55052264808363,63.35227272727273,352.0,69.16150758948795,66.55052264808363,-5.809234862215227,-3.198249920810902,1,Penalized country partial pooling
Bulgaria,BGR,2018,2019,Carbapenems,1.36986301369863,0.0,352.0,1.3759983404915208,1.36986301369863,-1.3759983404915208,-1.36986301369863,1,Penalized country partial pooling
Bulgaria,BGR,2018,2019,Fluoroquinolones,41.78082191780822,38.63636363636363,352.0,41.47175221616949,41.78082191780822,-2.8353885798058585,-3.144458281444585,1,Penalized country partial pooling
Bulgaria,BGR,2018,2019,Third-generation cephalosporins,38.6986301369863,38.63636363636363,352.0,38.94334594059333,38.6986301369863,-0.30698230422969885,-0.062266500622669696,1,Penalized country partial pooling
Cyprus,CYP,2018,2019,Aminoglycosides,19.86754966887417,10.869565217391305,92.0,19.295945615367,19.86754966887417,-8.426380397975695,-8.997984451482864,1,Penalized country partial pooling
Cyprus,CYP,2018,2019,Aminopenicillins,64.90066225165563,71.73913043478261,92.0,64.22540829450541,64.90066225165563,7.513722140277196,6.838468183126977,1,Penalized country partial pooling
Cyprus,CYP,2018,2019,Carbapenems,2.0,0.0,92.0,1.3822094802971945,2.0,-1.3822094802971945,-2.0,1,Penalized country partial pooling
Cyprus,CYP,2018,2019,Fluoroquinolones,42.3841059602649,43.47826086956522,92.0,42.13161358437517,42.3841059602649,1.346647285190052,1.0941549093003218,1,Penalized country partial pooling
Cyprus,CYP,2018,2019,Third-generation cephalosporins,37.086092715231786,20.65217391304348,92.0,33.66493756396201,37.086092715231786,-13.012763650918533,-16.433918802188305,1,Penalized country partial pooling
Czechia,CZE,2018,2019,Aminoglycosides,9.470216854241013,11.407698791795449,3559.0,10.02653456363137,9.470216854241013,1.381164228164078,1.9374819375544359,1,Penalized country partial pooling
Czechia,CZE,2018,2019,Aminopenicillins,54.2032967032967,54.61192350956131,3556.0,53.49124611739408,54.2032967032967,1.1206773921672308,0.408626806264607,1,Penalized country partial pooling
Czechia,CZE,2018,2019,Carbapenems,0.0570776255707762,0.0,1689.0,0.15787712364776724,0.0570776255707762,-0.15787712364776724,-0.0570776255707762,1,Penalized country partial pooling
Czechia,CZE,2018,2019,Fluoroquinolones,24.271577789994502,23.04445694991559,3554.0,24.970218373682705,24.271577789994502,-1.925761423767117,-1.2271208400789142,1,Penalized country partial pooling
Czechia,CZE,2018,2019,Third-generation cephalosporins,15.21560010985993,15.912285633961202,3557.0,15.149159971490594,15.21560010985993,0.7631256624706086,0.696685524101273,1,Penalized country partial pooling
Germany,DEU,2018,2019,Aminoglycosides,6.87806230932791,8.316659417137886,22990.0,6.046568020640181,6.87806230932791,2.2700913964977056,1.4385971078099766,1,Penalized country partial pooling
Germany,DEU,2018,2019,Aminopenicillins,49.22988340290773,48.66232207168581,23324.0,47.950607289925465,49.22988340290773,0.7117147817603424,-0.5675613312219241,1,Penalized country partial pooling
Germany,DEU,2018,2019,Carbapenems,0.0182174249669809,0.0128254456842375,23391.0,0.0,0.0182174249669809,0.0128254456842375,-0.0053919792827434015,1,Penalized country partial pooling
Germany,DEU,2018,2019,Fluoroquinolones,19.82876400400765,17.532300847095062,23374.0,19.608246830900352,19.82876400400765,-2.0759459838052905,-2.296463156912587,1,Penalized country partial pooling
Germany,DEU,2018,2019,Third-generation cephalosporins,12.197007594706443,11.506428052791184,23413.0,11.71926479822171,12.197007594706443,-0.21283674543052555,-0.6905795419152589,1,Penalized country partial pooling
Denmark,DNK,2018,2019,Aminoglycosides,5.7481921008715,5.4652616538667615,5599.0,5.14120114600527,5.7481921008715,0.32406050786149176,-0.28293044700473846,1,Penalized country partial pooling
Denmark,DNK,2018,2019,Aminopenicillins,45.95950213635519,46.30788485607009,5593.0,45.64236627853954,45.95950213635519,0.6655185775305483,0.3483827197148983,1,Penalized country partial pooling
Denmark,DNK,2018,2019,Carbapenems,0.0,0.0717231486462255,5577.0,0.0,0.0,0.0717231486462255,0.0717231486462255,1,Penalized country partial pooling
Denmark,DNK,2018,2019,Fluoroquinolones,13.256591162272558,11.471900089206066,5605.0,13.118893611394038,13.256591162272558,-1.6469935221879712,-1.784691073066492,1,Penalized country partial pooling
Denmark,DNK,2018,2019,Third-generation cephalosporins,7.65570039313056,7.542722451384797,5091.0,7.416209749804527,7.65570039313056,0.1265127015802694,-0.11297794174576303,1,Penalized country partial pooling
Spain,ESP,2018,2019,Aminoglycosides,14.12165572942958,13.559730250481696,8304.0,13.613645535755238,14.12165572942958,-0.05391528527354161,-0.5619254789478845,1,Penalized country partial pooling
Spain,ESP,2018,2019,Aminopenicillins,62.92933280694828,61.20546545779594,7831.0,61.670693467948176,62.92933280694828,-0.4652280101522379,-1.7238673491523429,1,Penalized country partial pooling
Spain,ESP,2018,2019,Carbapenems,0.0378596668349318,1.9410496046010064,8346.0,0.0,0.0378596668349318,1.9410496046010064,1.9031899377660746,1,Penalized country partial pooling
Spain,ESP,2018,2019,Fluoroquinolones,32.11659663865546,29.52880859375,8192.0,31.852804940448483,32.11659663865546,-2.3239963466984825,-2.5877880449054587,1,Penalized country partial pooling
Spain,ESP,2018,2019,Third-generation cephalosporins,13.757415120535152,14.116237267825046,8345.0,14.048012493019398,13.757415120535152,0.06822477480564793,0.35882214728989403,1,Penalized country partial pooling
Estonia,EST,2018,2019,Aminoglycosides,6.24263839811543,5.2921719955898565,907.0,5.728808631399097,6.24263839811543,-0.43663663580924084,-0.9504664025255734,1,Penalized country partial pooling
Estonia,EST,2018,2019,Aminopenicillins,43.54485776805252,42.08416833667334,499.0,45.0979108153622,43.54485776805252,-3.0137424786888545,-1.4606894313791798,1,Penalized country partial pooling
Estonia,EST,2018,2019,Carbapenems,0.0,0.0,800.0,0.0,0.0,0.0,0.0,1,Penalized country partial pooling
Estonia,EST,2018,2019,Fluoroquinolones,17.61158021712907,17.05685618729097,897.0,17.14594381549271,17.61158021712907,-0.08908762820174232,-0.554724029838102,1,Penalized country partial pooling
Estonia,EST,2018,2019,Third-generation cephalosporins,9.764705882352942,11.538461538461538,910.0,9.381970246534966,9.764705882352942,2.1564912919265726,1.7737556561085963,1,Penalized country partial pooling
Finland,FIN,2018,2019,Aminoglycosides,4.257528556593977,4.787749563868966,5159.0,3.7652702080780887,4.257528556593977,1.0224793557908778,0.5302210072749896,1,Penalized country partial pooling
Finland,FIN,2018,2019,Aminopenicillins,35.34675615212528,35.5,3000.0,35.70547917826481,35.34675615212528,-0.20547917826480955,0.15324384787471956,1,Penalized country partial pooling
Finland,FIN,2018,2019,Carbapenems,0.0197745699031046,0.018758206715438,5331.0,0.0,0.0197745699031046,0.018758206715438,-0.0010163631876666003,1,Penalized country partial pooling
Finland,FIN,2018,2019,Fluoroquinolones,11.481261154074955,11.44177449168207,5410.0,11.655669002453507,11.481261154074955,-0.2138945107714374,-0.03948666239288556,1,Penalized country partial pooling
Finland,FIN,2018,2019,Third-generation cephalosporins,7.609561752988048,7.8514686864954735,5413.0,7.114938209654415,7.609561752988048,0.7365304768410583,0.24190693350742531,1,Penalized country partial pooling
France,FRA,2018,2019,Aminoglycosides,7.39233086379549,7.012868346912359,13133.0,7.085129221868681,7.39233086379549,-0.07226087495632161,-0.37946251688313026,1,Penalized country partial pooling
France,FRA,2018,2019,Aminopenicillins,55.6122042539632,54.468878121505774,13415.0,54.774783487625214,55.6122042539632,-0.30590536611943975,-1.1433261324574246,1,Penalized country partial pooling
France,FRA,2018,2019,Carbapenems,0.048390999274135,0.0474833808167141,12636.0,0.0,0.048390999274135,0.0474833808167141,-0.0009076184574209056,1,Penalized country partial pooling
France,FRA,2018,2019,Fluoroquinolones,16.322430282086312,15.97051597051597,13431.0,16.53134823258364,16.322430282086312,-0.5608322620676685,-0.3519143115703418,1,Penalized country partial pooling
France,FRA,2018,2019,Third-generation cephalosporins,9.592516251783731,8.848605883708426,13019.0,10.335198253021806,9.592516251783731,-1.4865923693133798,-0.743910368075305,1,Penalized country partial pooling
Greece,GRC,2018,2019,Aminoglycosides,15.492957746478874,12.935323383084578,201.0,15.658873708973323,15.492957746478874,-2.723550325888745,-2.557634363394296,1,Penalized country partial pooling
Greece,GRC,2018,2019,Aminopenicillins,57.54847645429363,57.142857142857146,154.0,56.639982556563005,57.54847645429363,0.5028745862941406,-0.40561931143648167,1,Penalized country partial pooling
Greece,GRC,2018,2019,Carbapenems,1.0365853658536586,0.9852216748768472,203.0,1.2032093755929036,1.0365853658536586,-0.21798770071605644,-0.05136369097681137,1,Penalized country partial pooling
Greece,GRC,2018,2019,Fluoroquinolones,30.778663396689147,29.55665024630542,203.0,31.361412253156352,30.778663396689147,-1.8047620068509325,-1.2220131503837273,1,Penalized country partial pooling
Greece,GRC,2018,2019,Third-generation cephalosporins,19.32926829268293,18.94736842105263,190.0,19.154896756203673,19.32926829268293,-0.20752833515104285,-0.38189987163029926,1,Penalized country partial pooling
Croatia,HRV,2018,2019,Aminoglycosides,14.87603305785124,14.838129496402878,1112.0,15.483575360078833,14.87603305785124,-0.6454458636759544,-0.0379035614483616,1,Penalized country partial pooling
Croatia,HRV,2018,2019,Aminopenicillins,57.74299835255354,57.12996389891697,1108.0,57.7420803423653,57.74299835255354,-0.612116443448329,-0.6130344536365726,1,Penalized country partial pooling
Croatia,HRV,2018,2019,Carbapenems,0.0,0.1834862385321101,1090.0,0.36452689571912533,0.0,-0.18104065718701523,0.1834862385321101,1,Penalized country partial pooling
Croatia,HRV,2018,2019,Fluoroquinolones,30.025020850708923,27.25631768953069,1108.0,29.71943996187564,30.025020850708923,-2.4631222723449504,-2.768703161178234,1,Penalized country partial pooling
Croatia,HRV,2018,2019,Third-generation cephalosporins,14.811643835616438,15.944700460829493,1085.0,16.10500566741784,14.811643835616438,-0.16030520658834568,1.1330566252130545,1,Penalized country partial pooling
Hungary,HUN,2018,2019,Aminoglycosides,17.402826855123674,15.719618415595187,2411.0,15.939521841169707,17.402826855123674,-0.21990342557452003,-1.683208439528487,1,Penalized country partial pooling
Hungary,HUN,2018,2019,Aminopenicillins,62.71626297577855,59.289039356749896,2363.0,60.70425508783749,62.71626297577855,-1.4152157310875921,-3.427223619028652,1,Penalized country partial pooling
Hungary,HUN,2018,2019,Carbapenems,0.0,0.0,2326.0,0.0041131182947885606,0.0,-0.0041131182947885606,0.0,1,Penalized country partial pooling
Hungary,HUN,2018,2019,Fluoroquinolones,33.24873096446701,30.316930775646373,2398.0,31.82379205782726,33.24873096446701,-1.5068612821808856,-2.9318001888206346,1,Penalized country partial pooling
Hungary,HUN,2018,2019,Third-generation cephalosporins,22.616033755274263,20.596767509324494,2413.0,21.458897374893304,22.616033755274263,-0.8621298655688108,-2.019266245949769,1,Penalized country partial pooling
Ireland,IRL,2018,2019,Aminoglycosides,11.735639283508338,11.757425742574258,3232.0,11.124273079671012,11.735639283508338,0.633152662903246,0.021786459065920027,1,Penalized country partial pooling
Ireland,IRL,2018,2019,Aminopenicillins,67.62434352795799,67.54139331458919,3201.0,67.22257379415066,67.62434352795799,0.3188195204385238,-0.08295021336880382,1,Penalized country partial pooling
Ireland,IRL,2018,2019,Carbapenems,0.0,0.0,3229.0,0.0,0.0,0.0,0.0,1,Penalized country partial pooling
Ireland,IRL,2018,2019,Fluoroquinolones,23.903644224830146,20.35370772572137,3223.0,23.701698335795346,23.903644224830146,-3.3479906100739747,-3.5499364991087745,1,Penalized country partial pooling
Ireland,IRL,2018,2019,Third-generation cephalosporins,12.882298424467098,12.070566388115134,3231.0,12.62042430796645,12.882298424467098,-0.5498579198513163,-0.8117320363519642,1,Penalized country partial pooling
Iceland,ISL,2018,2019,Aminoglycosides,6.091370558375634,4.6875,256.0,5.535137580628848,6.091370558375634,-0.8476375806288479,-1.4038705583756341,1,Penalized country partial pooling
Iceland,ISL,2018,2019,Aminopenicillins,48.98989898989899,52.52918287937743,257.0,46.606505348288344,48.98989898989899,5.922677531089086,3.5392838894784404,1,Penalized country partial pooling
Iceland,ISL,2018,2019,Carbapenems,0.0,0.0,2.0,0.6626460448762307,0.0,-0.6626460448762307,0.0,1,Penalized country partial pooling
Iceland,ISL,2018,2019,Fluoroquinolones,17.1875,13.095238095238097,252.0,15.66286668279516,17.1875,-2.5676285875570635,-4.092261904761903,1,Penalized country partial pooling
Iceland,ISL,2018,2019,Third-generation cephalosporins,8.080808080808081,7.003891050583658,257.0,7.736393846366949,8.080808080808081,-0.732502795783291,-1.0769170302244238,1,Penalized country partial pooling
Italy,ITA,2018,2019,Aminoglycosides,16.043016162505502,15.906865411815907,18382.0,17.07489418804657,16.043016162505502,-1.1680287762306634,-0.1361507506895947,1,Penalized country partial pooling
Italy,ITA,2018,2019,Aminopenicillins,64.4763042612505,68.11756787076509,4457.0,64.52389940777637,64.4763042612505,3.593668462988717,3.6412636095145814,1,Penalized country partial pooling
Italy,ITA,2018,2019,Carbapenems,0.3688842868237121,0.3804284209294159,17086.0,0.48185020920666677,0.3688842868237121,-0.10142178827725085,0.011544134105703818,1,Penalized country partial pooling
Italy,ITA,2018,2019,Fluoroquinolones,41.6630306052484,40.63093880653744,18417.0,42.328767658282544,41.6630306052484,-1.6978288517451006,-1.0320917987109581,1,Penalized country partial pooling
Italy,ITA,2018,2019,Third-generation cephalosporins,28.69624069402572,30.865337606605465,18409.0,28.844849479215103,28.69624069402572,2.0204881273903617,2.169096912579743,1,Penalized country partial pooling
Lithuania,LTU,2018,2019,Aminoglycosides,7.887579329102448,7.617360496014172,1129.0,8.240028080921292,7.887579329102448,-0.6226675849071199,-0.27021883308827643,1,Penalized country partial pooling
Lithuania,LTU,2018,2019,Aminopenicillins,58.95117540687161,59.07883082373783,1129.0,58.13821758642622,58.95117540687161,0.9406132373116094,0.12765541686621873,1,Penalized country partial pooling
Lithuania,LTU,2018,2019,Carbapenems,0.0,0.17825311942959,1122.0,0.0,0.0,0.17825311942959,0.17825311942959,1,Penalized country partial pooling
Lithuania,LTU,2018,2019,Fluoroquinolones,19.65579710144928,17.980513728963686,1129.0,22.049669840150816,19.65579710144928,-4.06915611118713,-1.6752833724855947,1,Penalized country partial pooling
Lithuania,LTU,2018,2019,Third-generation cephalosporins,15.32912533814247,13.869257950530036,1132.0,16.12088438722075,15.32912533814247,-2.2516264366907155,-1.4598673876124337,1,Penalized country partial pooling
Luxembourg,LUX,2018,2019,Aminoglycosides,7.328605200945627,10.16260162601626,492.0,8.062507940171452,7.328605200945627,2.100093685844808,2.833996425070633,1,Penalized country partial pooling
Luxembourg,LUX,2018,2019,Aminopenicillins,55.23809523809524,57.52032520325204,492.0,55.36825722417268,55.23809523809524,2.152067979079362,2.2822299651568017,1,Penalized country partial pooling
Luxembourg,LUX,2018,2019,Carbapenems,0.0,0.6097560975609756,492.0,0.0,0.0,0.6097560975609756,0.6097560975609756,1,Penalized country partial pooling
Luxembourg,LUX,2018,2019,Fluoroquinolones,21.770334928229666,20.528455284552845,492.0,23.377051422005657,21.770334928229666,-2.8485961374528124,-1.2418796436768211,1,Penalized country partial pooling
Luxembourg,LUX,2018,2019,Third-generation cephalosporins,12.5,12.601626016260164,492.0,12.230938311622452,12.5,0.37068770463771195,0.10162601626016432,1,Penalized country partial pooling
Latvia,LVA,2018,2019,Aminoglycosides,8.908045977011493,11.590909090909092,440.0,11.598986351983484,8.908045977011493,-0.008077261074392439,2.6828631138975982,1,Penalized country partial pooling
Latvia,LVA,2018,2019,Aminopenicillins,56.19596541786744,57.76255707762557,438.0,57.34525402249961,56.19596541786744,0.4173030551259629,1.5665916597581315,1,Penalized country partial pooling
Latvia,LVA,2018,2019,Carbapenems,0.0,0.0,439.0,0.6390693118701346,0.0,-0.6390693118701346,0.0,1,Penalized country partial pooling
Latvia,LVA,2018,2019,Fluoroquinolones,24.127906976744185,24.8868778280543,442.0,27.426776240452543,24.127906976744185,-2.5398984123982444,0.7589708513101137,1,Penalized country partial pooling
Latvia,LVA,2018,2019,Third-generation cephalosporins,20.40229885057472,19.68325791855204,442.0,22.053732321075596,20.40229885057472,-2.3704744025235556,-0.7190409320226792,1,Penalized country partial pooling
Malta,MLT,2018,2019,Aminoglycosides,9.939759036144578,9.939759036144578,332.0,10.334831787945854,9.939759036144578,-0.3950727518012762,0.0,1,Penalized country partial pooling
Malta,MLT,2018,2019,Aminopenicillins,59.63855421686747,64.75903614457832,332.0,59.5280467064715,59.63855421686747,5.230989438106818,5.120481927710848,1,Penalized country partial pooling
Malta,MLT,2018,2019,Carbapenems,0.0,0.0,332.0,0.0,0.0,0.0,0.0,1,Penalized country partial pooling
Malta,MLT,2018,2019,Fluoroquinolones,41.86746987951807,40.06024096385542,332.0,41.86213208689193,41.86746987951807,-1.801891123036512,-1.8072289156626482,1,Penalized country partial pooling
Malta,MLT,2018,2019,Third-generation cephalosporins,15.36144578313253,17.46987951807229,332.0,15.862522167097033,15.36144578313253,1.6073573509752563,2.1084337349397604,1,Penalized country partial pooling
Netherlands,NLD,2018,2019,Aminoglycosides,6.308157099697885,6.985344473359814,7301.0,5.708259902684942,6.308157099697885,1.2770845706748721,0.6771873736619289,1,Penalized country partial pooling
Netherlands,NLD,2018,2019,Aminopenicillins,45.95019342359768,45.391042322969454,7301.0,45.81186075374708,45.95019342359768,-0.42081843077762215,-0.5591511006282275,1,Penalized country partial pooling
Netherlands,NLD,2018,2019,Carbapenems,0.0120889748549323,0.0,7299.0,0.0,0.0120889748549323,0.0,-0.0120889748549323,1,Penalized country partial pooling
Netherlands,NLD,2018,2019,Fluoroquinolones,14.708726130045926,14.565634420389149,7298.0,14.800911728917052,14.708726130045926,-0.23527730852790363,-0.14309170965677787,1,Penalized country partial pooling
Netherlands,NLD,2018,2019,Third-generation cephalosporins,7.315598548972188,7.52054794520548,7300.0,7.266513494226485,7.315598548972188,0.25403445097899446,0.20494939623329156,1,Penalized country partial pooling
Norway,NOR,2018,2019,Aminoglycosides,5.747422680412371,5.596465390279823,4074.0,5.659737289873452,5.747422680412371,-0.06327189959362922,-0.15095729013254822,1,Penalized country partial pooling
Norway,NOR,2018,2019,Aminopenicillins,42.29381443298969,40.96267190569745,4072.0,42.759372648302886,42.29381443298969,-1.796700742605438,-1.3311425272922435,1,Penalized country partial pooling
Norway,NOR,2018,2019,Carbapenems,0.0257798401649909,0.0495049504950495,4040.0,0.0,0.0257798401649909,0.0495049504950495,0.0237251103300586,1,Penalized country partial pooling
Norway,NOR,2018,2019,Fluoroquinolones,12.870776373484652,11.258603736479843,4068.0,13.33318972031423,12.870776373484652,-2.074585983834387,-1.612172637004809,1,Penalized country partial pooling
Norway,NOR,2018,2019,Third-generation cephalosporins,6.754318123227636,6.184049079754601,4075.0,6.645995814770475,6.754318123227636,-0.46194673501587413,-0.5702690434730346,1,Penalized country partial pooling
Poland,POL,2018,2019,Aminoglycosides,15.108207431604736,12.62433052792655,2614.0,14.299545244906561,15.108207431604736,-1.6752147169800118,-2.483876903678187,1,Penalized country partial pooling
Poland,POL,2018,2019,Aminopenicillins,64.26966292134831,61.60287081339713,836.0,64.40844152911954,64.26966292134831,-2.8055707157224106,-2.6667921079511814,1,Penalized country partial pooling
Poland,POL,2018,2019,Carbapenems,0.12,0.0,2683.0,0.14312394864746103,0.12,-0.14312394864746103,-0.12,1,Penalized country partial pooling
Poland,POL,2018,2019,Fluoroquinolones,34.67082197117257,33.01852524518707,2753.0,34.84132528617464,34.67082197117257,-1.8228000409875662,-1.6522967259855008,1,Penalized country partial pooling
Poland,POL,2018,2019,Third-generation cephalosporins,17.595419847328245,17.12450945415626,2803.0,17.310163580372688,17.595419847328245,-0.18565412621642707,-0.4709103931719838,1,Penalized country partial pooling
Portugal,PRT,2018,2019,Aminoglycosides,12.15450643776824,12.056627255756068,6428.0,11.427708873477664,12.15450643776824,0.6289183822784032,-0.09787918201217316,1,Penalized country partial pooling
Portugal,PRT,2018,2019,Aminopenicillins,55.06361323155216,58.53699646047531,5933.0,55.23584523423384,55.06361323155216,3.3011512262414655,3.473383228923147,1,Penalized country partial pooling
Portugal,PRT,2018,2019,Carbapenems,0.5347593582887701,0.0627746390458254,6372.0,0.0,0.5347593582887701,0.0627746390458254,-0.47198471924294466,1,Penalized country partial pooling
Portugal,PRT,2018,2019,Fluoroquinolones,25.460122699386503,26.46555745607215,6431.0,26.260672247291545,25.460122699386503,0.20488520878060612,1.0054347566856485,1,Penalized country partial pooling
Portugal,PRT,2018,2019,Third-generation cephalosporins,14.708382928073457,16.103286384976524,6390.0,14.876317972988586,14.708382928073457,1.2269684119879383,1.3949034569030676,1,Penalized country partial pooling
Romania,ROU,2018,2019,Aminoglycosides,12.788906009244991,11.616161616161616,594.0,13.764859255998834,12.788906009244991,-2.148697639837218,-1.1727443930833754,1,Penalized country partial pooling
Romania,ROU,2018,2019,Aminopenicillins,62.17712177121771,63.01115241635688,538.0,64.24187793726652,62.17712177121771,-1.230725520909644,0.8340306451391655,1,Penalized country partial pooling
Romania,ROU,2018,2019,Carbapenems,0.0,0.6006006006006006,666.0,0.3510089433521277,0.0,0.24959165724847293,0.6006006006006006,1,Penalized country partial pooling
Romania,ROU,2018,2019,Fluoroquinolones,29.102167182662537,28.287461773700304,654.0,28.607102755387547,29.102167182662537,-0.3196409816872432,-0.814705408962233,1,Penalized country partial pooling
Romania,ROU,2018,2019,Third-generation cephalosporins,20.18348623853211,20.33132530120482,664.0,20.822292770837674,20.18348623853211,-0.490967469632853,0.14783906267270908,1,Penalized country partial pooling
Slovakia,SVK,2018,2019,Aminoglycosides,21.5686274509804,16.646989374262102,847.0,21.32358915348967,21.5686274509804,-4.676599779227569,-4.921638076718299,1,Penalized country partial pooling
Slovakia,SVK,2018,2019,Aminopenicillins,61.73733195449845,57.83274440518257,849.0,61.87365164927168,61.73733195449845,-4.040907244089112,-3.9045875493158846,1,Penalized country partial pooling
Slovakia,SVK,2018,2019,Carbapenems,0.0,0.1273885350318471,785.0,0.1633244797309812,0.0,-0.03593594469913408,0.1273885350318471,1,Penalized country partial pooling
Slovakia,SVK,2018,2019,Fluoroquinolones,42.10526315789474,34.0,850.0,41.695277072430855,42.10526315789474,-7.695277072430855,-8.10526315789474,1,Penalized country partial pooling
Slovakia,SVK,2018,2019,Third-generation cephalosporins,30.11305241521069,23.04964539007092,846.0,29.825052043996685,30.11305241521069,-6.775406653925764,-7.063407025139767,1,Penalized country partial pooling
Slovenia,SVN,2018,2019,Aminoglycosides,9.412470023980816,7.826086956521739,1610.0,9.950787429842737,9.412470023980816,-2.124700473320998,-1.586383067459077,1,Penalized country partial pooling
Slovenia,SVN,2018,2019,Aminopenicillins,53.47721822541966,51.67701863354037,1610.0,53.582789070999794,53.47721822541966,-1.9057704374594238,-1.8001995918792915,1,Penalized country partial pooling
Slovenia,SVN,2018,2019,Carbapenems,0.0,0.0,1610.0,0.0,0.0,0.0,0.0,1,Penalized country partial pooling
Slovenia,SVN,2018,2019,Fluoroquinolones,22.78177458033573,19.006211180124225,1610.0,23.988120914355296,22.78177458033573,-4.9819097342310705,-3.775563400211503,1,Penalized country partial pooling
Slovenia,SVN,2018,2019,Third-generation cephalosporins,11.33093525179856,9.813664596273291,1610.0,12.204383023917103,11.33093525179856,-2.3907184276438116,-1.5172706555252695,1,Penalized country partial pooling
Sweden,SWE,2018,2019,Aminoglycosides,7.735217552993678,6.014877789585547,9410.0,7.0456435371829915,7.735217552993678,-1.030765747597444,-1.7203397634081306,1,Penalized country partial pooling
Sweden,SWE,2018,2019,Carbapenems,0.0185597624350408,0.0212472113035164,9413.0,0.0,0.0185597624350408,0.0212472113035164,0.0026874488684756025,1,Penalized country partial pooling
Sweden,SWE,2018,2019,Fluoroquinolones,18.055039047973224,15.852103697407564,9412.0,17.51261702804538,18.055039047973224,-1.6605133306378157,-2.20293535056566,1,Penalized country partial pooling
Sweden,SWE,2018,2019,Third-generation cephalosporins,8.330241187384045,7.824609831192271,9419.0,8.527660989400378,8.330241187384045,-0.7030511582081065,-0.505631356191774,1,Penalized country partial pooling
Austria,AUT,2019,2020,Aminoglycosides,6.948541461815798,6.246407357731366,5219.0,6.172203446425628,6.948541461815798,0.07420391130573822,-0.7021341040844318,1,Penalized country partial pooling
Austria,AUT,2019,2020,Aminopenicillins,46.27606752730884,45.998332638599415,4798.0,47.42805890437235,46.27606752730884,-1.4297262657729348,-0.27773488870942487,1,Penalized country partial pooling
Austria,AUT,2019,2020,Carbapenems,0.0,0.0972573429293911,5141.0,0.0,0.0,0.0972573429293911,0.0972573429293911,1,Penalized country partial pooling
Austria,AUT,2019,2020,Fluoroquinolones,18.213058419243985,17.345989205285687,5373.0,18.77495113467998,18.213058419243985,-1.4289619293942941,-0.867069213958299,1,Penalized country partial pooling
Austria,AUT,2019,2020,Third-generation cephalosporins,9.318702915165412,9.468005952380953,5376.0,9.048822634565905,9.318702915165412,0.4191833178150475,0.1493030372155406,1,Penalized country partial pooling
Belgium,BEL,2019,2020,Aminoglycosides,6.909739928607853,7.467532467532467,4312.0,6.3965163483423755,6.909739928607853,1.0710161191900918,0.5577925389246143,1,Penalized country partial pooling
Belgium,BEL,2019,2020,Aminopenicillins,56.45653985004166,56.49787977051634,4009.0,55.0558464878139,56.45653985004166,1.4420332827024396,0.04133992047468382,1,Penalized country partial pooling
Belgium,BEL,2019,2020,Carbapenems,0.0509424350483953,0.0242365487154629,4126.0,0.0,0.0509424350483953,0.0242365487154629,-0.026705886332932402,1,Penalized country partial pooling
Belgium,BEL,2019,2020,Fluoroquinolones,19.05732484076433,18.078703703703702,4320.0,20.096797853207335,19.05732484076433,-2.018094149503632,-0.9786211370606281,1,Penalized country partial pooling
Belgium,BEL,2019,2020,Third-generation cephalosporins,9.98221996443993,9.88425925925926,4320.0,9.419812143071171,9.98221996443993,0.4644471161880883,-0.0979607051806699,1,Penalized country partial pooling
Bulgaria,BGR,2019,2020,Aminoglycosides,24.431818181818183,34.24657534246575,219.0,26.073972434043885,24.431818181818183,8.172602908421869,9.81475716064757,1,Penalized country partial pooling
Bulgaria,BGR,2019,2020,Aminopenicillins,63.35227272727273,66.66666666666667,261.0,64.88374307961055,63.35227272727273,1.7829235870561178,3.3143939393939448,1,Penalized country partial pooling
Bulgaria,BGR,2019,2020,Carbapenems,0.0,0.7662835249042146,261.0,0.17680665468913748,0.0,0.5894768702150771,0.7662835249042146,1,Penalized country partial pooling
Bulgaria,BGR,2019,2020,Fluoroquinolones,38.63636363636363,42.911877394636015,261.0,38.49552522887141,38.63636363636363,4.416352165764607,4.275513758272382,1,Penalized country partial pooling
Bulgaria,BGR,2019,2020,Third-generation cephalosporins,38.63636363636363,41.37931034482759,261.0,37.364534399346944,38.63636363636363,4.014775945480643,2.742946708463954,1,Penalized country partial pooling
Cyprus,CYP,2019,2020,Aminoglycosides,10.869565217391305,21.05263157894737,114.0,13.422831286654487,10.869565217391305,7.629800292292883,10.183066361556065,1,Penalized country partial pooling
Cyprus,CYP,2019,2020,Aminopenicillins,71.73913043478261,67.54385964912281,114.0,66.67099296288858,71.73913043478261,0.8728666862342322,-4.195270785659801,1,Penalized country partial pooling
Cyprus,CYP,2019,2020,Carbapenems,0.0,0.0,114.0,0.0,0.0,0.0,0.0,1,Penalized country partial pooling
Cyprus,CYP,2019,2020,Fluoroquinolones,43.47826086956522,48.24561403508772,114.0,40.88620704712596,43.47826086956522,7.359406987961762,4.7673531655225005,1,Penalized country partial pooling
Cyprus,CYP,2019,2020,Third-generation cephalosporins,20.65217391304348,29.82456140350877,114.0,25.419835616372836,20.65217391304348,4.404725787135934,9.17238749046529,1,Penalized country partial pooling
Czechia,CZE,2019,2020,Aminoglycosides,11.407698791795449,10.170056685561851,2999.0,9.948688886575097,11.407698791795449,0.22136779898675485,-1.2376421062335972,1,Penalized country partial pooling
Czechia,CZE,2019,2020,Aminopenicillins,54.61192350956131,52.652652652652655,2997.0,53.29239745736638,54.61192350956131,-0.6397448047137217,-1.9592708569086525,1,Penalized country partial pooling
Czechia,CZE,2019,2020,Carbapenems,0.0,0.1333333333333333,1500.0,0.0,0.0,0.1333333333333333,0.1333333333333333,1,Penalized country partial pooling
Czechia,CZE,2019,2020,Fluoroquinolones,23.04445694991559,20.18685352018685,2997.0,23.170473965191817,23.04445694991559,-2.9836204450049664,-2.857603429728737,1,Penalized country partial pooling
Czechia,CZE,2019,2020,Third-generation cephalosporins,15.912285633961202,13.279946613279948,2997.0,15.018635681608092,15.912285633961202,-1.738689068328144,-2.632339020681254,1,Penalized country partial pooling
Germany,DEU,2019,2020,Aminoglycosides,8.316659417137886,7.50258074030379,27124.0,6.60856450678498,8.316659417137886,0.8940162335188102,-0.8140786768340966,1,Penalized country partial pooling
Germany,DEU,2019,2020,Aminopenicillins,48.66232207168581,47.58210224253374,28227.0,47.65035025249328,48.66232207168581,-0.0682480099595395,-1.080219829152064,1,Penalized country partial pooling
Germany,DEU,2019,2020,Carbapenems,0.0128254456842375,0.0175697519151029,28458.0,0.0,0.0128254456842375,0.0175697519151029,0.004744306230865402,1,Penalized country partial pooling
Germany,DEU,2019,2020,Fluoroquinolones,17.532300847095062,16.536595654925122,28446.0,17.85277141850382,17.532300847095062,-1.3161757635786984,-0.9957051921699396,1,Penalized country partial pooling
Germany,DEU,2019,2020,Third-generation cephalosporins,11.506428052791184,10.358033800639472,28461.0,11.10642557476778,11.506428052791184,-0.7483917741283079,-1.1483942521517125,1,Penalized country partial pooling
Denmark,DNK,2019,2020,Aminoglycosides,5.4652616538667615,5.5366269165247015,5870.0,4.252151318356989,5.4652616538667615,1.2844755981677123,0.07136526265793997,1,Penalized country partial pooling
Denmark,DNK,2019,2020,Aminopenicillins,46.30788485607009,44.06548431105048,5864.0,45.62849250957521,46.30788485607009,-1.5630081985247273,-2.2424005450196063,1,Penalized country partial pooling
Denmark,DNK,2019,2020,Carbapenems,0.0717231486462255,0.1541095890410959,5840.0,0.0,0.0717231486462255,0.1541095890410959,0.08238644039487039,1,Penalized country partial pooling
Denmark,DNK,2019,2020,Fluoroquinolones,11.471900089206066,11.226575809199318,5870.0,11.555645591755415,11.471900089206066,-0.32906978255609687,-0.24532428000674855,1,Penalized country partial pooling
Denmark,DNK,2019,2020,Third-generation cephalosporins,7.542722451384797,6.696935300794552,5286.0,6.925422594244222,7.542722451384797,-0.22848729344967023,-0.8457871505902448,1,Penalized country partial pooling
Spain,ESP,2019,2020,Aminoglycosides,13.559730250481696,13.61604291735854,7829.0,12.439997067393485,13.559730250481696,1.176045849965055,0.056312666876843664,1,Penalized country partial pooling
Spain,ESP,2019,2020,Aminopenicillins,61.20546545779594,57.62406431937899,7214.0,60.04656090247323,61.20546545779594,-2.4224965830942438,-3.5814011384169504,1,Penalized country partial pooling
Spain,ESP,2019,2020,Carbapenems,1.9410496046010064,0.3695208970438328,7848.0,0.37446787895649364,1.9410496046010064,-0.004946981912660853,-1.5715287075571736,1,Penalized country partial pooling
Spain,ESP,2019,2020,Fluoroquinolones,29.52880859375,28.606231568149763,7799.0,29.401837151165296,29.52880859375,-0.7956055830155329,-0.922577025600237,1,Penalized country partial pooling
Spain,ESP,2019,2020,Third-generation cephalosporins,14.116237267825046,14.075413223140496,7744.0,13.468194781957514,14.116237267825046,0.6072184411829813,-0.04082404468455003,1,Penalized country partial pooling
Estonia,EST,2019,2020,Aminoglycosides,5.2921719955898565,5.475206611570248,968.0,4.725382039630543,5.2921719955898565,0.7498245719397048,0.18303461598039128,1,Penalized country partial pooling
Estonia,EST,2019,2020,Aminopenicillins,42.08416833667334,45.7345971563981,422.0,43.194426267465964,42.08416833667334,2.5401708889321384,3.650428819724759,1,Penalized country partial pooling
Estonia,EST,2019,2020,Carbapenems,0.0,0.0,861.0,0.0,0.0,0.0,0.0,1,Penalized country partial pooling
Estonia,EST,2019,2020,Fluoroquinolones,17.05685618729097,14.077163712200209,959.0,16.70197437534396,17.05685618729097,-2.62481066314375,-2.9796924750907596,1,Penalized country partial pooling
Estonia,EST,2019,2020,Third-generation cephalosporins,11.538461538461538,8.273748723186925,979.0,10.30598259766767,11.538461538461538,-2.0322338744807453,-3.2647128152746134,1,Penalized country partial pooling
Finland,FIN,2019,2020,Aminoglycosides,4.787749563868966,5.713753954959985,5373.0,3.3468376777315147,4.787749563868966,2.3669162772284706,0.926004391091019,1,Penalized country partial pooling
Finland,FIN,2019,2020,Aminopenicillins,35.5,34.118852459016395,2928.0,35.31306196750074,35.5,-1.1942095084843416,-1.381147540983605,1,Penalized country partial pooling
Finland,FIN,2019,2020,Carbapenems,0.018758206715438,0.0186046511627906,5375.0,0.0,0.018758206715438,0.0186046511627906,-0.00015355555264739973,1,Penalized country partial pooling
Finland,FIN,2019,2020,Fluoroquinolones,11.44177449168207,10.534180052297348,5354.0,10.921112896018784,11.44177449168207,-0.38693284372143566,-0.907594439384722,1,Penalized country partial pooling
Finland,FIN,2019,2020,Third-generation cephalosporins,7.8514686864954735,7.173467486491522,5367.0,6.96427856218125,7.8514686864954735,0.20918892431027203,-0.6780012000039513,1,Penalized country partial pooling
France,FRA,2019,2020,Aminoglycosides,7.012868346912359,6.662543573597211,17786.0,6.232660424523193,7.012868346912359,0.42988314907401826,-0.35032477331514844,1,Penalized country partial pooling
France,FRA,2019,2020,Aminopenicillins,54.468878121505774,53.89272377503678,17674.0,53.59381898691911,54.468878121505774,0.2989047881176674,-0.5761543464689964,1,Penalized country partial pooling
France,FRA,2019,2020,Carbapenems,0.0474833808167141,0.039242067496356,17838.0,0.0,0.0474833808167141,0.039242067496356,-0.008241313320358094,1,Penalized country partial pooling
France,FRA,2019,2020,Fluoroquinolones,15.97051597051597,15.92439011255318,18569.0,15.598972743887163,15.97051597051597,0.32541736866601667,-0.04612585796279056,1,Penalized country partial pooling
France,FRA,2019,2020,Third-generation cephalosporins,8.848605883708426,9.46598080288487,18857.0,9.092900839475838,8.848605883708426,0.3730799634090314,0.6173749191764433,1,Penalized country partial pooling
Greece,GRC,2019,2020,Aminoglycosides,12.935323383084578,18.683274021352315,562.0,12.687661213353607,12.935323383084578,5.995612807998707,5.747950638267737,1,Penalized country partial pooling
Greece,GRC,2019,2020,Aminopenicillins,57.142857142857146,55.53097345132744,452.0,55.04007669560742,57.142857142857146,0.4908967557200228,-1.6118836915297052,1,Penalized country partial pooling
Greece,GRC,2019,2020,Carbapenems,0.9852216748768472,0.5300353356890459,566.0,0.0,0.9852216748768472,0.5300353356890459,-0.45518633918780127,1,Penalized country partial pooling
Greece,GRC,2019,2020,Fluoroquinolones,29.55665024630542,32.743362831858406,565.0,28.67788127504096,29.55665024630542,4.065481556817446,3.1867125855529856,1,Penalized country partial pooling
Greece,GRC,2019,2020,Third-generation cephalosporins,18.94736842105263,21.8694885361552,567.0,17.68248578177035,18.94736842105263,4.187002754384849,2.922120115102569,1,Penalized country partial pooling
Croatia,HRV,2019,2020,Aminoglycosides,14.838129496402878,14.855072463768115,828.0,14.309950432911856,14.838129496402878,0.545122030856259,0.01694296736523704,1,Penalized country partial pooling
Croatia,HRV,2019,2020,Aminopenicillins,57.12996389891697,57.67835550181378,827.0,56.58090311013973,57.12996389891697,1.0974523916740537,0.5483916028968139,1,Penalized country partial pooling
Croatia,HRV,2019,2020,Carbapenems,0.1834862385321101,0.0,820.0,0.0,0.1834862385321101,0.0,-0.1834862385321101,1,Penalized country partial pooling
Croatia,HRV,2019,2020,Fluoroquinolones,27.25631768953069,29.661016949152543,826.0,27.59077432479497,27.25631768953069,2.0702426243575722,2.4046992596218537,1,Penalized country partial pooling
Croatia,HRV,2019,2020,Third-generation cephalosporins,15.944700460829493,16.56590084643289,827.0,15.668029506818703,15.944700460829493,0.897871339614186,0.6212003856033963,1,Penalized country partial pooling
Hungary,HUN,2019,2020,Aminoglycosides,15.719618415595187,16.68372569089048,1954.0,14.811698480211993,15.719618415595187,1.8720272106784872,0.9641072752952926,1,Penalized country partial pooling
Hungary,HUN,2019,2020,Aminopenicillins,59.289039356749896,58.5920177383592,1804.0,58.783793522975216,59.289039356749896,-0.19177578461601286,-0.6970216183906928,1,Penalized country partial pooling
Hungary,HUN,2019,2020,Carbapenems,0.0,0.0,1917.0,0.0,0.0,0.0,0.0,1,Penalized country partial pooling
Hungary,HUN,2019,2020,Fluoroquinolones,30.316930775646373,30.337078651685392,1958.0,29.934705295313826,30.316930775646373,0.4023733563715659,0.020147876039018797,1,Penalized country partial pooling
Hungary,HUN,2019,2020,Third-generation cephalosporins,20.596767509324494,20.13251783893985,1962.0,20.24707972047908,20.596767509324494,-0.11456188153922753,-0.4642496703846426,1,Penalized country partial pooling
Ireland,IRL,2019,2020,Aminoglycosides,11.757425742574258,10.635310635310637,2849.0,10.483012893650226,11.757425742574258,0.15229774166041032,-1.122115107263621,1,Penalized country partial pooling
Ireland,IRL,2019,2020,Aminopenicillins,67.54139331458919,65.01231960577262,2841.0,66.2648625023557,67.54139331458919,-1.2525428965830798,-2.5290737088165685,1,Penalized country partial pooling
Ireland,IRL,2019,2020,Carbapenems,0.0,0.0709219858156028,2820.0,0.0,0.0,0.0709219858156028,0.0709219858156028,1,Penalized country partial pooling
Ireland,IRL,2019,2020,Fluoroquinolones,20.35370772572137,18.88185654008439,2844.0,21.148856435062683,20.35370772572137,-2.2669998949782943,-1.4718511856369823,1,Penalized country partial pooling
Ireland,IRL,2019,2020,Third-generation cephalosporins,12.070566388115134,11.824561403508772,2850.0,11.782702014967096,12.070566388115134,0.04185938854167581,-0.2460049846063619,1,Penalized country partial pooling
Iceland,ISL,2019,2020,Aminoglycosides,4.6875,7.755102040816326,245.0,4.363687516337638,4.6875,3.391414524478688,3.0676020408163263,1,Penalized country partial pooling
Iceland,ISL,2019,2020,Aminopenicillins,52.52918287937743,55.10204081632653,245.0,50.210945596132085,52.52918287937743,4.891095220194444,2.5728579369490987,1,Penalized country partial pooling
Iceland,ISL,2019,2020,Carbapenems,0.0,0.0,245.0,0.0,0.0,0.0,0.0,1,Penalized country partial pooling
Iceland,ISL,2019,2020,Fluoroquinolones,13.095238095238097,11.83673469387755,245.0,13.970502278647656,13.095238095238097,-2.133767584770105,-1.2585034013605458,1,Penalized country partial pooling
Iceland,ISL,2019,2020,Third-generation cephalosporins,7.003891050583658,11.020408163265309,245.0,7.090049670541983,7.003891050583658,3.9303584927233253,4.016517112681651,1,Penalized country partial pooling
Italy,ITA,2019,2020,Aminoglycosides,15.906865411815907,14.943870178948538,17994.0,15.06702825894829,15.906865411815907,-0.12315807999975092,-0.9629952328673692,1,Penalized country partial pooling
Italy,ITA,2019,2020,Aminopenicillins,68.11756787076509,64.546748932131,4214.0,64.75611840796773,68.11756787076509,-0.2093694758367377,-3.5708189386340905,1,Penalized country partial pooling
Italy,ITA,2019,2020,Carbapenems,0.3804284209294159,0.472195989111716,18001.0,0.0,0.3804284209294159,0.472195989111716,0.09176756818230009,1,Penalized country partial pooling
Italy,ITA,2019,2020,Fluoroquinolones,40.63093880653744,37.59023354564756,18840.0,39.641600908569956,40.63093880653744,-2.0513673629223987,-3.0407052608898866,1,Penalized country partial pooling
Italy,ITA,2019,2020,Third-generation cephalosporins,30.865337606605465,26.410666666666668,18750.0,28.61800077235497,30.865337606605465,-2.207334105688304,-4.454670939938797,1,Penalized country partial pooling
Lithuania,LTU,2019,2020,Aminoglycosides,7.617360496014172,10.254163014899213,1141.0,7.008388169851308,7.617360496014172,3.2457748450479045,2.636802518885041,1,Penalized country partial pooling
Lithuania,LTU,2019,2020,Aminopenicillins,59.07883082373783,56.94200351493849,1138.0,57.72126577676491,59.07883082373783,-0.7792622618264176,-2.13682730879934,1,Penalized country partial pooling
Lithuania,LTU,2019,2020,Carbapenems,0.17825311942959,0.0,1142.0,0.0,0.17825311942959,0.0,-0.17825311942959,1,Penalized country partial pooling
Lithuania,LTU,2019,2020,Fluoroquinolones,17.980513728963686,18.75,1136.0,19.2132639417114,17.980513728963686,-0.46326394171139995,0.769486271036314,1,Penalized country partial pooling
Lithuania,LTU,2019,2020,Third-generation cephalosporins,13.869257950530036,15.936952714535902,1142.0,14.309168935328543,13.869257950530036,1.627783779207359,2.067694764005866,1,Penalized country partial pooling
Luxembourg,LUX,2019,2020,Aminoglycosides,10.16260162601626,8.878504672897197,428.0,8.494553803382408,10.16260162601626,0.3839508695147895,-1.2840969531190627,1,Penalized country partial pooling
Luxembourg,LUX,2019,2020,Aminopenicillins,57.52032520325204,52.459016393442624,427.0,56.0090480695122,57.52032520325204,-3.5500316760695725,-5.061308809809418,1,Penalized country partial pooling
Luxembourg,LUX,2019,2020,Carbapenems,0.6097560975609756,0.0,428.0,0.0,0.6097560975609756,0.0,-0.6097560975609756,1,Penalized country partial pooling
Luxembourg,LUX,2019,2020,Fluoroquinolones,20.528455284552845,21.72897196261682,428.0,21.380031345419454,20.528455284552845,0.3489406171973677,1.2005166780639769,1,Penalized country partial pooling
Luxembourg,LUX,2019,2020,Third-generation cephalosporins,12.601626016260164,11.448598130841122,428.0,12.098380748421336,12.601626016260164,-0.6497826175802146,-1.1530278854190428,1,Penalized country partial pooling
Latvia,LVA,2019,2020,Aminoglycosides,11.590909090909092,11.405835543766578,377.0,10.769847669799546,11.590909090909092,0.6359878739670322,-0.18507354714251356,1,Penalized country partial pooling
Latvia,LVA,2019,2020,Aminopenicillins,57.76255707762557,54.27807486631016,374.0,56.69819028818648,57.76255707762557,-2.420115421876318,-3.4844822113154095,1,Penalized country partial pooling
Latvia,LVA,2019,2020,Carbapenems,0.0,0.0,378.0,0.0,0.0,0.0,0.0,1,Penalized country partial pooling
Latvia,LVA,2019,2020,Fluoroquinolones,24.8868778280543,27.51322751322752,378.0,25.25842567531829,24.8868778280543,2.2548018379092305,2.6263496851732206,1,Penalized country partial pooling
Latvia,LVA,2019,2020,Third-generation cephalosporins,19.68325791855204,24.07407407407408,378.0,20.11634814632316,19.68325791855204,3.9577259277509214,4.390816155522039,1,Penalized country partial pooling
Malta,MLT,2019,2020,Aminoglycosides,9.939759036144578,12.63537906137184,277.0,9.48547684868806,9.939759036144578,3.149902212683779,2.695620025227262,1,Penalized country partial pooling
Malta,MLT,2019,2020,Aminopenicillins,64.75903614457832,58.48375451263538,277.0,62.26488654303407,64.75903614457832,-3.7811320303986946,-6.2752816319429385,1,Penalized country partial pooling
Malta,MLT,2019,2020,Carbapenems,0.0,0.0,277.0,0.0,0.0,0.0,0.0,1,Penalized country partial pooling
Malta,MLT,2019,2020,Fluoroquinolones,40.06024096385542,35.37906137184115,277.0,39.85514602392117,40.06024096385542,-4.476084652080019,-4.681179592014267,1,Penalized country partial pooling
Malta,MLT,2019,2020,Third-generation cephalosporins,17.46987951807229,12.274368231046932,277.0,16.59121098266996,17.46987951807229,-4.316842751623028,-5.195511287025358,1,Penalized country partial pooling
Netherlands,NLD,2019,2020,Aminoglycosides,6.985344473359814,6.417611741160774,7495.0,5.52345795421198,6.985344473359814,0.8941537869487934,-0.5677327321990404,1,Penalized country partial pooling
Netherlands,NLD,2019,2020,Aminopenicillins,45.391042322969454,42.67413931144916,7494.0,44.77115079318606,45.391042322969454,-2.0970114817368994,-2.7169030115202943,1,Penalized country partial pooling
Netherlands,NLD,2019,2020,Carbapenems,0.0,0.0400694537197809,7487.0,0.0,0.0,0.0400694537197809,0.0400694537197809,1,Penalized country partial pooling
Netherlands,NLD,2019,2020,Fluoroquinolones,14.565634420389149,13.337783711615486,7490.0,14.015090760765462,14.565634420389149,-0.6773070491499755,-1.227850708773662,1,Penalized country partial pooling
Netherlands,NLD,2019,2020,Third-generation cephalosporins,7.52054794520548,6.645316253002402,7494.0,6.938548101094317,7.52054794520548,-0.2932318480919145,-0.8752316922030774,1,Penalized country partial pooling
Norway,NOR,2019,2020,Aminoglycosides,5.596465390279823,5.660377358490566,3763.0,4.674493672931436,5.596465390279823,0.9858836855591298,0.06391196821074274,1,Penalized country partial pooling
Norway,NOR,2019,2020,Aminopenicillins,40.96267190569745,39.78179882916445,3758.0,41.27862791742024,40.96267190569745,-1.4968290882557866,-1.180873076532997,1,Penalized country partial pooling
Norway,NOR,2019,2020,Carbapenems,0.0495049504950495,0.0274273176083379,3646.0,0.0,0.0495049504950495,0.0274273176083379,-0.0220776328867116,1,Penalized country partial pooling
Norway,NOR,2019,2020,Fluoroquinolones,11.258603736479843,9.959839357429718,3735.0,11.600820909552546,11.258603736479843,-1.6409815521228275,-1.2987643790501249,1,Penalized country partial pooling
Norway,NOR,2019,2020,Third-generation cephalosporins,6.184049079754601,5.7947900053163215,3762.0,5.890690684795197,6.184049079754601,-0.09590067947887526,-0.38925907443827956,1,Penalized country partial pooling
Poland,POL,2019,2020,Aminoglycosides,12.62433052792655,14.510575504181013,2033.0,12.686759021319379,12.62433052792655,1.8238164828616341,1.8862449762544635,1,Penalized country partial pooling
Poland,POL,2019,2020,Aminopenicillins,61.60287081339713,56.17529880478088,502.0,61.82972966697812,61.60287081339713,-5.654430862197238,-5.427572008616252,1,Penalized country partial pooling
Poland,POL,2019,2020,Carbapenems,0.0,0.048076923076923,2080.0,0.0,0.0,0.048076923076923,0.048076923076923,1,Penalized country partial pooling
Poland,POL,2019,2020,Fluoroquinolones,33.01852524518707,32.99208934388088,2149.0,32.580963885417326,33.01852524518707,0.41112545846355175,-0.026435901306193443,1,Penalized country partial pooling
Poland,POL,2019,2020,Third-generation cephalosporins,17.12450945415626,17.449355432780848,2172.0,16.897461436688186,17.12450945415626,0.5518939960926623,0.3248459786245874,1,Penalized country partial pooling
Portugal,PRT,2019,2020,Aminoglycosides,12.056627255756068,11.679336558396685,5788.0,10.739037320673884,12.056627255756068,0.940299237722801,-0.37729069735938303,1,Penalized country partial pooling
Portugal,PRT,2019,2020,Aminopenicillins,58.53699646047531,54.35117114036588,5849.0,56.39186637507903,58.53699646047531,-2.040695234713155,-4.18582532010943,1,Penalized country partial pooling
Portugal,PRT,2019,2020,Carbapenems,0.0627746390458254,0.1542945311160637,5833.0,0.0,0.0627746390458254,0.1542945311160637,0.09151989207023829,1,Penalized country partial pooling
Portugal,PRT,2019,2020,Fluoroquinolones,26.46555745607215,23.934987168520102,5845.0,25.460239609413353,26.46555745607215,-1.5252524408932508,-2.530570287552049,1,Penalized country partial pooling
Portugal,PRT,2019,2020,Third-generation cephalosporins,16.103286384976524,14.44847229414811,5793.0,14.927107303477882,16.103286384976524,-0.4786350093297731,-1.654814090828415,1,Penalized country partial pooling
Romania,ROU,2019,2020,Aminoglycosides,11.616161616161616,10.8991825613079,367.0,11.400428798318874,11.616161616161616,-0.5012462370109745,-0.7169790548537165,1,Penalized country partial pooling
Romania,ROU,2019,2020,Aminopenicillins,63.01115241635688,62.65822784810127,316.0,62.152707058245305,63.01115241635688,0.5055207898559644,-0.35292456825560947,1,Penalized country partial pooling
Romania,ROU,2019,2020,Carbapenems,0.6006006006006006,0.6607929515418502,454.0,0.0,0.6006006006006006,0.6607929515418502,0.06019235094124964,1,Penalized country partial pooling
Romania,ROU,2019,2020,Fluoroquinolones,28.287461773700304,26.0,450.0,27.3251893750292,28.287461773700304,-1.3251893750292005,-2.2874617737003042,1,Penalized country partial pooling
Romania,ROU,2019,2020,Third-generation cephalosporins,20.33132530120482,19.690265486725664,452.0,19.531689071552663,20.33132530120482,0.1585764151730018,-0.6410598144791564,1,Penalized country partial pooling
Slovakia,SVK,2019,2020,Aminoglycosides,16.646989374262102,18.467852257181946,731.0,17.332594649387936,16.646989374262102,1.13525760779401,1.8208628829198439,1,Penalized country partial pooling
Slovakia,SVK,2019,2020,Aminopenicillins,57.83274440518257,57.142857142857146,728.0,58.32248649810149,57.83274440518257,-1.1796293552443444,-0.6898872623254206,1,Penalized country partial pooling
Slovakia,SVK,2019,2020,Carbapenems,0.1273885350318471,0.1418439716312056,705.0,0.0,0.1273885350318471,0.1418439716312056,0.014455436599358495,1,Penalized country partial pooling
Slovakia,SVK,2019,2020,Fluoroquinolones,34.0,34.15637860082305,729.0,35.965476288061055,34.0,-1.8090976872380082,0.15637860082304655,1,Penalized country partial pooling
Slovakia,SVK,2019,2020,Third-generation cephalosporins,23.04964539007092,27.097661623108667,727.0,25.070002116365913,23.04964539007092,2.0276595067427543,4.048016233037746,1,Penalized country partial pooling
Slovenia,SVN,2019,2020,Aminoglycosides,7.826086956521739,6.806930693069307,1616.0,7.6891658083525645,7.826086956521739,-0.8822351152832573,-1.019156263452432,1,Penalized country partial pooling
Slovenia,SVN,2019,2020,Aminopenicillins,51.67701863354037,51.26777983920841,1617.0,51.977308697492305,51.67701863354037,-0.7095288582838961,-0.4092387943319622,1,Penalized country partial pooling
Slovenia,SVN,2019,2020,Carbapenems,0.0,0.0,1617.0,0.0,0.0,0.0,0.0,1,Penalized country partial pooling
Slovenia,SVN,2019,2020,Fluoroquinolones,19.006211180124225,18.119975262832405,1617.0,20.482636633183407,19.006211180124225,-2.3626613703510024,-0.8862359172918204,1,Penalized country partial pooling
Slovenia,SVN,2019,2020,Third-generation cephalosporins,9.813664596273291,10.575139146567718,1617.0,10.230991211377244,9.813664596273291,0.34414793519047393,0.7614745502944267,1,Penalized country partial pooling
Sweden,SWE,2019,2020,Aminoglycosides,6.014877789585547,5.884146341463414,9840.0,5.764806606648478,6.014877789585547,0.1193397348149361,-0.1307314481221331,1,Penalized country partial pooling
Sweden,SWE,2019,2020,Carbapenems,0.0212472113035164,0.0101564086938858,9846.0,0.0,0.0212472113035164,0.0101564086938858,-0.011090802609630602,1,Penalized country partial pooling
Sweden,SWE,2019,2020,Fluoroquinolones,15.852103697407564,14.084507042253522,9798.0,16.258874412207796,15.852103697407564,-2.1743673699542736,-1.7675966551540423,1,Penalized country partial pooling
Sweden,SWE,2019,2020,Third-generation cephalosporins,7.824609831192271,7.866423061307349,9852.0,7.841060866862574,7.824609831192271,0.02536219444477439,0.04181323011507754,1,Penalized country partial pooling
Austria,AUT,2020,2021,Aminoglycosides,6.246407357731366,5.7518796992481205,5320.0,5.644180889021121,6.246407357731366,0.10769881022699934,-0.4945276584832454,1,Penalized country partial pooling
Austria,AUT,2020,2021,Aminopenicillins,45.998332638599415,45.09885535900104,4805.0,45.968804324648026,45.998332638599415,-0.8699489656469837,-0.8994772795983721,1,Penalized country partial pooling
Austria,AUT,2020,2021,Carbapenems,0.0972573429293911,0.0192086054552439,5206.0,0.0,0.0972573429293911,0.0192086054552439,-0.0780487374741472,1,Penalized country partial pooling
Austria,AUT,2020,2021,Fluoroquinolones,17.345989205285687,15.074923271348618,5539.0,17.48385529929364,17.345989205285687,-2.4089320279450224,-2.2710659339370682,1,Penalized country partial pooling
Austria,AUT,2020,2021,Third-generation cephalosporins,9.468005952380953,8.289687556438505,5537.0,8.840377898594083,9.468005952380953,-0.550690342155578,-1.1783183959424477,1,Penalized country partial pooling
Belgium,BEL,2020,2021,Aminoglycosides,7.467532467532467,6.06983829388329,4267.0,6.428526264064083,7.467532467532467,-0.35868797018079324,-1.3976941736491773,1,Penalized country partial pooling
Belgium,BEL,2020,2021,Aminopenicillins,56.49787977051634,55.20619731146047,4389.0,54.824851577393716,56.49787977051634,0.3813457340667554,-1.2916824590558704,1,Penalized country partial pooling
Belgium,BEL,2020,2021,Carbapenems,0.0242365487154629,0.0423549343498517,4722.0,0.0,0.0242365487154629,0.0423549343498517,0.0181183856343888,1,Penalized country partial pooling
Belgium,BEL,2020,2021,Fluoroquinolones,18.078703703703702,18.534208854056345,4721.0,18.606847154347516,18.078703703703702,-0.07263830029117102,0.45550515035264283,1,Penalized country partial pooling
Belgium,BEL,2020,2021,Third-generation cephalosporins,9.88425925925926,8.260961660665114,4721.0,9.38031182261667,9.88425925925926,-1.119350161951557,-1.6232975985941458,1,Penalized country partial pooling
Bulgaria,BGR,2020,2021,Aminoglycosides,34.24657534246575,26.99619771863118,263.0,30.31558919659218,34.24657534246575,-3.319391477961002,-7.250377623834574,1,Penalized country partial pooling
Bulgaria,BGR,2020,2021,Aminopenicillins,66.66666666666667,61.21673003802282,263.0,65.13052006669503,66.66666666666667,-3.91379002867221,-5.449936628643854,1,Penalized country partial pooling
Bulgaria,BGR,2020,2021,Carbapenems,0.7662835249042146,0.3802281368821292,263.0,0.507770531273226,0.7662835249042146,-0.12754239439109682,-0.3860553880220854,1,Penalized country partial pooling
Bulgaria,BGR,2020,2021,Fluoroquinolones,42.911877394636015,33.460076045627375,263.0,40.14105870320178,42.911877394636015,-6.680982657574404,-9.45180134900864,1,Penalized country partial pooling
Bulgaria,BGR,2020,2021,Third-generation cephalosporins,41.37931034482759,37.26235741444867,263.0,38.74665851408656,41.37931034482759,-1.4843010996378894,-4.116952930378915,1,Penalized country partial pooling
Cyprus,CYP,2020,2021,Aminoglycosides,21.05263157894737,19.791666666666668,192.0,17.919376080435487,21.05263157894737,1.8722905862311805,-1.260964912280702,1,Penalized country partial pooling
Cyprus,CYP,2020,2021,Aminopenicillins,67.54385964912281,70.15706806282722,191.0,66.20586760367343,67.54385964912281,3.951200459153796,2.613208413704413,1,Penalized country partial pooling
Cyprus,CYP,2020,2021,Carbapenems,0.0,1.0416666666666667,192.0,0.0,0.0,1.0416666666666667,1.0416666666666667,1,Penalized country partial pooling
Cyprus,CYP,2020,2021,Fluoroquinolones,48.24561403508772,51.5625,192.0,43.9761249520718,48.24561403508772,7.5863750479282,3.316885964912281,1,Penalized country partial pooling
Cyprus,CYP,2020,2021,Third-generation cephalosporins,29.82456140350877,32.8125,192.0,28.104539580123543,29.82456140350877,4.707960419876457,2.9879385964912295,1,Penalized country partial pooling
Czechia,CZE,2020,2021,Aminoglycosides,10.170056685561851,9.608177172061328,2935.0,9.516410475003731,10.170056685561851,0.09176669705759721,-0.5618795135005232,1,Penalized country partial pooling
Czechia,CZE,2020,2021,Aminopenicillins,52.652652652652655,51.43149284253579,2934.0,51.97392194331175,52.652652652652655,-0.5424291007759621,-1.2211598101168661,1,Penalized country partial pooling
Czechia,CZE,2020,2021,Carbapenems,0.1333333333333333,0.0,1342.0,0.0,0.1333333333333333,0.0,-0.1333333333333333,1,Penalized country partial pooling
Czechia,CZE,2020,2021,Fluoroquinolones,20.18685352018685,19.700068166325835,2934.0,20.99779247696359,20.18685352018685,-1.2977243106377543,-0.4867853538610163,1,Penalized country partial pooling
Czechia,CZE,2020,2021,Third-generation cephalosporins,13.279946613279948,14.417177914110429,2934.0,13.760406798073785,13.279946613279948,0.6567711160366443,1.1372313008304804,1,Penalized country partial pooling
Germany,DEU,2020,2021,Aminoglycosides,7.50258074030379,5.596240026232375,27447.0,6.336801115373995,7.50258074030379,-0.7405610891416199,-1.9063407140714146,1,Penalized country partial pooling
Germany,DEU,2020,2021,Aminopenicillins,47.58210224253374,45.61052631578947,28500.0,46.638880063440325,47.58210224253374,-1.0283537476508542,-1.971575926744272,1,Penalized country partial pooling
Germany,DEU,2020,2021,Carbapenems,0.0175697519151029,0.0413579183181113,29015.0,0.0,0.0175697519151029,0.0413579183181113,0.0237881664030084,1,Penalized country partial pooling
Germany,DEU,2020,2021,Fluoroquinolones,16.536595654925122,14.660137255578164,28997.0,16.577493984668877,16.536595654925122,-1.917356729090713,-1.8764583993469586,1,Penalized country partial pooling
Germany,DEU,2020,2021,Third-generation cephalosporins,10.358033800639472,9.096860893835498,29021.0,10.20033276291267,10.358033800639472,-1.1034718690771719,-1.2611729068039743,1,Penalized country partial pooling
Denmark,DNK,2020,2021,Aminoglycosides,5.5366269165247015,4.354329400033239,6017.0,4.145776785111194,5.5366269165247015,0.2085526149220449,-1.1822975164914622,1,Penalized country partial pooling
Denmark,DNK,2020,2021,Aminopenicillins,44.06548431105048,41.50974837527079,6001.0,43.99933470982868,44.06548431105048,-2.4895863345578917,-2.555735935779694,1,Penalized country partial pooling
Denmark,DNK,2020,2021,Carbapenems,0.1541095890410959,0.1026518391787852,5845.0,0.0,0.1541095890410959,0.1026518391787852,-0.05145774986231069,1,Penalized country partial pooling
Denmark,DNK,2020,2021,Fluoroquinolones,11.226575809199318,10.472074468085106,6016.0,10.82946591718079,11.226575809199318,-0.3573914490956849,-0.7545013411142119,1,Penalized country partial pooling
Denmark,DNK,2020,2021,Third-generation cephalosporins,6.696935300794552,6.166912850812408,5416.0,6.304782420339202,6.696935300794552,-0.13786956952679397,-0.5300224499821438,1,Penalized country partial pooling
Spain,ESP,2020,2021,Aminoglycosides,13.61604291735854,12.395929694727103,7567.0,12.326154388411679,13.61604291735854,0.0697753063154245,-1.2201132226314364,1,Penalized country partial pooling
Spain,ESP,2020,2021,Aminopenicillins,57.62406431937899,56.21201413427562,7075.0,57.69205349489597,57.62406431937899,-1.4800393606203528,-1.412050185103368,1,Penalized country partial pooling
Spain,ESP,2020,2021,Carbapenems,0.3695208970438328,0.1445318773084952,6227.0,0.0,0.3695208970438328,0.1445318773084952,-0.22498901973533758,1,Penalized country partial pooling
Spain,ESP,2020,2021,Fluoroquinolones,28.606231568149763,26.614714040417383,7571.0,28.173210017867092,28.606231568149763,-1.5584959774497094,-1.9915175277323804,1,Penalized country partial pooling
Spain,ESP,2020,2021,Third-generation cephalosporins,14.075413223140496,13.158249158249156,7425.0,13.333817223893197,14.075413223140496,-0.17556806564404148,-0.91716406489134,1,Penalized country partial pooling
Estonia,EST,2020,2021,Aminoglycosides,5.475206611570248,5.50755939524838,926.0,4.453838466001961,5.475206611570248,1.0537209292464196,0.032352783678132546,1,Penalized country partial pooling
Estonia,EST,2020,2021,Aminopenicillins,45.7345971563981,41.124260355029584,338.0,44.223228111138624,45.7345971563981,-3.0989677561090403,-4.610336801368518,1,Penalized country partial pooling
Estonia,EST,2020,2021,Carbapenems,0.0,0.0,826.0,0.0,0.0,0.0,0.0,1,Penalized country partial pooling
Estonia,EST,2020,2021,Fluoroquinolones,14.077163712200209,13.449023861171366,922.0,14.824692856486495,14.077163712200209,-1.375668995315129,-0.628139851028843,1,Penalized country partial pooling
Estonia,EST,2020,2021,Third-generation cephalosporins,8.273748723186925,8.073196986006458,929.0,8.81623760843574,8.273748723186925,-0.743040622429282,-0.20055173718046682,1,Penalized country partial pooling
Finland,FIN,2020,2021,Aminoglycosides,5.713753954959985,4.136504653567736,5802.0,3.893356703272039,5.713753954959985,0.24314795029569725,-1.577249301392249,1,Penalized country partial pooling
Finland,FIN,2020,2021,Aminopenicillins,34.118852459016395,31.72804532577904,3177.0,34.31535004333824,34.118852459016395,-2.5873047175592028,-2.390807133237356,1,Penalized country partial pooling
Finland,FIN,2020,2021,Carbapenems,0.0186046511627906,0.0,5801.0,0.0,0.0186046511627906,0.0,-0.0186046511627906,1,Penalized country partial pooling
Finland,FIN,2020,2021,Fluoroquinolones,10.534180052297348,9.565667011375387,5802.0,10.104637810760204,10.534180052297348,-0.538970799384817,-0.9685130409219607,1,Penalized country partial pooling
Finland,FIN,2020,2021,Third-generation cephalosporins,7.173467486491522,6.6045869977582345,5799.0,6.501781198355202,7.173467486491522,0.1028057994030327,-0.5688804887332877,1,Penalized country partial pooling
France,FRA,2020,2021,Aminoglycosides,6.662543573597211,5.8233727978247325,17653.0,5.913419381759736,6.662543573597211,-0.09004658393500353,-0.8391707757724784,1,Penalized country partial pooling
France,FRA,2020,2021,Aminopenicillins,53.89272377503678,52.26476900485711,17706.0,52.69800462607152,53.89272377503678,-0.43323562121441483,-1.6279547701796702,1,Penalized country partial pooling
France,FRA,2020,2021,Carbapenems,0.039242067496356,0.051293742163456,17546.0,0.0,0.039242067496356,0.051293742163456,0.012051674667099999,1,Penalized country partial pooling
France,FRA,2020,2021,Fluoroquinolones,15.92439011255318,14.756586793884852,18446.0,15.232477384981522,15.92439011255318,-0.47589059109667,-1.1678033186683283,1,Penalized country partial pooling
France,FRA,2020,2021,Third-generation cephalosporins,9.46598080288487,8.342674139311448,18735.0,8.98952404575539,9.46598080288487,-0.6468499064439417,-1.1233066635734215,1,Penalized country partial pooling
Greece,GRC,2020,2021,Aminoglycosides,18.683274021352315,18.636995827538247,719.0,16.900227764897355,18.683274021352315,1.7367680626408912,-0.04627819381406795,1,Penalized country partial pooling
Greece,GRC,2020,2021,Aminopenicillins,55.53097345132744,59.78456014362657,557.0,55.86788995695926,55.53097345132744,3.916670186667311,4.25358669229913,1,Penalized country partial pooling
Greece,GRC,2020,2021,Carbapenems,0.5300353356890459,1.098901098901099,728.0,1.216136567209835,0.5300353356890459,-0.11723546830873599,0.5688657632120531,1,Penalized country partial pooling
Greece,GRC,2020,2021,Fluoroquinolones,32.743362831858406,33.92857142857143,728.0,31.48790384153253,32.743362831858406,2.4406675870389023,1.185208596713025,1,Penalized country partial pooling
Greece,GRC,2020,2021,Third-generation cephalosporins,21.8694885361552,21.733149931224208,727.0,21.019845402453132,21.8694885361552,0.7133045287710758,-0.13633860493099093,1,Penalized country partial pooling
Croatia,HRV,2020,2021,Aminoglycosides,14.855072463768115,11.724137931034482,725.0,14.502870850498034,14.855072463768115,-2.778732919463552,-3.130934532733633,1,Penalized country partial pooling
Croatia,HRV,2020,2021,Aminopenicillins,57.67835550181378,55.76923076923077,728.0,56.61597718450119,57.67835550181378,-0.8467464152704238,-1.9091247325830167,1,Penalized country partial pooling
Croatia,HRV,2020,2021,Carbapenems,0.0,0.0,686.0,0.0,0.0,0.0,0.0,1,Penalized country partial pooling
Croatia,HRV,2020,2021,Fluoroquinolones,29.661016949152543,28.9875173370319,721.0,28.440632978073392,29.661016949152543,0.5468843589585077,-0.6734996121206436,1,Penalized country partial pooling
Croatia,HRV,2020,2021,Third-generation cephalosporins,16.56590084643289,18.59504132231405,726.0,16.304005040263256,16.56590084643289,2.2910362820507935,2.02914047588116,1,Penalized country partial pooling
Hungary,HUN,2020,2021,Aminoglycosides,16.68372569089048,17.496962332928312,2469.0,15.209751855863422,16.68372569089048,2.2872104770648907,0.8132366420378325,1,Penalized country partial pooling
Hungary,HUN,2020,2021,Aminopenicillins,58.5920177383592,58.50640742377375,2263.0,57.76200946056471,58.5920177383592,0.744397963209039,-0.08561031458545187,1,Penalized country partial pooling
Hungary,HUN,2020,2021,Carbapenems,0.0,0.0,2391.0,0.0,0.0,0.0,0.0,1,Penalized country partial pooling
Hungary,HUN,2020,2021,Fluoroquinolones,30.337078651685392,28.04878048780488,2460.0,29.390196788911368,30.337078651685392,-1.341416301106488,-2.288298163880512,1,Penalized country partial pooling
Hungary,HUN,2020,2021,Third-generation cephalosporins,20.13251783893985,20.40485829959514,2470.0,19.740538196790897,20.13251783893985,0.6643201028042434,0.2723404606552897,1,Penalized country partial pooling
Ireland,IRL,2020,2021,Aminoglycosides,10.635310635310637,9.573002754820935,2904.0,9.973710567361087,10.635310635310637,-0.4007078125401513,-1.0623078804897013,1,Penalized country partial pooling
Ireland,IRL,2020,2021,Aminopenicillins,65.01231960577262,63.00897170462388,2898.0,64.36656769941807,65.01231960577262,-1.3575959947941882,-2.003347901148736,1,Penalized country partial pooling
Ireland,IRL,2020,2021,Carbapenems,0.0709219858156028,0.0,2891.0,0.0,0.0709219858156028,0.0,-0.0709219858156028,1,Penalized country partial pooling
Ireland,IRL,2020,2021,Fluoroquinolones,18.88185654008439,15.976535541752932,2898.0,19.564139268206848,18.88185654008439,-3.5876037264539153,-2.9053209983314563,1,Penalized country partial pooling
Ireland,IRL,2020,2021,Third-generation cephalosporins,11.824561403508772,9.955218739235274,2903.0,11.4558709488943,11.824561403508772,-1.500652209659025,-1.869342664273498,1,Penalized country partial pooling
Iceland,ISL,2020,2021,Aminoglycosides,7.755102040816326,9.352517985611511,278.0,6.004876438945893,7.755102040816326,3.347641546665618,1.597415944795185,1,Penalized country partial pooling
Iceland,ISL,2020,2021,Aminopenicillins,55.10204081632653,46.57039711191336,277.0,52.6027495982154,55.10204081632653,-6.032352486302038,-8.53164370441317,1,Penalized country partial pooling
Iceland,ISL,2020,2021,Carbapenems,0.0,0.0,276.0,0.7038902416820225,0.0,-0.7038902416820225,0.0,1,Penalized country partial pooling
Iceland,ISL,2020,2021,Fluoroquinolones,11.83673469387755,14.440433212996387,277.0,12.747519455404126,11.83673469387755,1.6929137575922617,2.6036985191188364,1,Penalized country partial pooling
Iceland,ISL,2020,2021,Third-generation cephalosporins,11.020408163265309,10.431654676258994,278.0,9.345988210838149,11.020408163265309,1.0856664654208448,-0.5887534870063149,1,Penalized country partial pooling
Italy,ITA,2020,2021,Aminoglycosides,14.943870178948538,13.498454911508569,21358.0,14.497586247770359,14.943870178948538,-0.9991313362617902,-1.4454152674399694,1,Penalized country partial pooling
Italy,ITA,2020,2021,Aminopenicillins,64.546748932131,59.64102564102564,5850.0,63.703027354253265,64.546748932131,-4.062001713227623,-4.905723291105353,1,Penalized country partial pooling
Italy,ITA,2020,2021,Carbapenems,0.472195989111716,0.4262533301041414,20645.0,0.0,0.472195989111716,0.4262533301041414,-0.045942659007574604,1,Penalized country partial pooling
Italy,ITA,2020,2021,Fluoroquinolones,37.59023354564756,33.361057203585624,21642.0,37.76367279021129,37.59023354564756,-4.402615586625664,-4.229176342061933,1,Penalized country partial pooling
Italy,ITA,2020,2021,Third-generation cephalosporins,26.410666666666668,24.3777686441065,21897.0,26.831272344454213,26.410666666666668,-2.4535037003477136,-2.0328980225601683,1,Penalized country partial pooling
Lithuania,LTU,2020,2021,Aminoglycosides,10.254163014899213,8.326029798422436,1141.0,8.61969711429725,10.254163014899213,-0.29366731587481354,-1.9281332164767768,1,Penalized country partial pooling
Lithuania,LTU,2020,2021,Aminopenicillins,56.94200351493849,57.10549258936356,1147.0,56.42494183215212,56.94200351493849,0.6805507572114351,0.16348907442506544,1,Penalized country partial pooling
Lithuania,LTU,2020,2021,Carbapenems,0.0,0.2610966057441253,1149.0,0.0,0.0,0.2610966057441253,0.2610966057441253,1,Penalized country partial pooling
Lithuania,LTU,2020,2021,Fluoroquinolones,18.75,17.647058823529413,1139.0,19.085501616197824,18.75,-1.4384427926684111,-1.102941176470587,1,Penalized country partial pooling
Lithuania,LTU,2020,2021,Third-generation cephalosporins,15.936952714535902,13.616652211621856,1153.0,15.111389376362023,15.936952714535902,-1.494737164740167,-2.320300502914046,1,Penalized country partial pooling
Luxembourg,LUX,2020,2021,Aminoglycosides,8.878504672897197,8.757062146892656,354.0,8.255294155531232,8.878504672897197,0.5017679913614241,-0.1214425260045413,1,Penalized country partial pooling
Luxembourg,LUX,2020,2021,Aminopenicillins,52.459016393442624,53.40909090909091,352.0,53.24372782862122,52.459016393442624,0.16536308046968884,0.9500745156482822,1,Penalized country partial pooling
Luxembourg,LUX,2020,2021,Carbapenems,0.0,0.0,354.0,0.0,0.0,0.0,0.0,1,Penalized country partial pooling
Luxembourg,LUX,2020,2021,Fluoroquinolones,21.72897196261682,20.90395480225989,354.0,20.65758864249061,21.72897196261682,0.24636615976928056,-0.8250171603569321,1,Penalized country partial pooling
Luxembourg,LUX,2020,2021,Third-generation cephalosporins,11.448598130841122,11.299435028248588,354.0,11.340583137674784,11.448598130841122,-0.041148109426195845,-0.1491631025925333,1,Penalized country partial pooling
Latvia,LVA,2020,2021,Aminoglycosides,11.405835543766578,10.913705583756345,394.0,11.168882643260657,11.405835543766578,-0.25517705950431235,-0.49212996001023335,1,Penalized country partial pooling
Latvia,LVA,2020,2021,Aminopenicillins,54.27807486631016,49.41860465116279,344.0,55.12528662417535,54.27807486631016,-5.706681973012564,-4.859470215147375,1,Penalized country partial pooling
Latvia,LVA,2020,2021,Carbapenems,0.0,0.0,393.0,0.0,0.0,0.0,0.0,1,Penalized country partial pooling
Latvia,LVA,2020,2021,Fluoroquinolones,27.51322751322752,20.663265306122447,392.0,26.463618344904898,27.51322751322752,-5.8003530387824505,-6.849962207105072,1,Penalized country partial pooling
Latvia,LVA,2020,2021,Third-generation cephalosporins,24.07407407407408,18.3206106870229,393.0,22.166820165477596,24.07407407407408,-3.8462094784546963,-5.75346338705118,1,Penalized country partial pooling
Malta,MLT,2020,2021,Aminoglycosides,12.63537906137184,12.709030100334449,299.0,11.065495127508521,12.63537906137184,1.6435349728259272,0.07365103896260905,1,Penalized country partial pooling
Malta,MLT,2020,2021,Aminopenicillins,58.48375451263538,64.54849498327759,299.0,59.41772376293793,58.48375451263538,5.1307712203396605,6.064740470642214,1,Penalized country partial pooling
Malta,MLT,2020,2021,Carbapenems,0.0,0.0,299.0,0.0,0.0,0.0,0.0,1,Penalized country partial pooling
Malta,MLT,2020,2021,Fluoroquinolones,35.37906137184115,30.76923076923077,299.0,36.87851177645965,35.37906137184115,-6.1092810072288835,-4.6098306026103835,1,Penalized country partial pooling
Malta,MLT,2020,2021,Third-generation cephalosporins,12.274368231046932,13.7123745819398,299.0,14.314059362200696,12.274368231046932,-0.6016847802608964,1.4380063508928682,1,Penalized country partial pooling
Netherlands,NLD,2020,2021,Aminoglycosides,6.417611741160774,5.9914841849148415,6576.0,5.413689214125596,6.417611741160774,0.5777949707892454,-0.4261275562459321,1,Penalized country partial pooling
Netherlands,NLD,2020,2021,Aminopenicillins,42.67413931144916,41.40922234058743,6571.0,43.0650889285735,42.67413931144916,-1.6558665879860754,-1.2649169708617336,1,Penalized country partial pooling
Netherlands,NLD,2020,2021,Carbapenems,0.0400694537197809,0.0456690516060283,6569.0,0.0,0.0400694537197809,0.0456690516060283,0.0055995978862474,1,Penalized country partial pooling
Netherlands,NLD,2020,2021,Fluoroquinolones,13.337783711615486,13.32319391634981,6575.0,13.167361107648723,13.337783711615486,0.15583280870108673,-0.014589795265676386,1,Penalized country partial pooling
Netherlands,NLD,2020,2021,Third-generation cephalosporins,6.645316253002402,6.64638783269962,6575.0,6.483378558170457,6.645316253002402,0.16300927452916358,0.0010715796972178282,1,Penalized country partial pooling
Norway,NOR,2020,2021,Aminoglycosides,5.660377358490566,5.392029174264131,3839.0,4.666944634564956,5.660377358490566,0.725084539699175,-0.2683481842264346,1,Penalized country partial pooling
Norway,NOR,2020,2021,Aminopenicillins,39.78179882916445,35.39223351576753,3837.0,39.88191493753149,39.78179882916445,-4.489681421763962,-4.389565313396922,1,Penalized country partial pooling
Norway,NOR,2020,2021,Carbapenems,0.0274273176083379,0.0,3820.0,0.0,0.0274273176083379,0.0,-0.0274273176083379,1,Penalized country partial pooling
Norway,NOR,2020,2021,Fluoroquinolones,9.959839357429718,9.87718839822315,3827.0,10.442019231600279,9.959839357429718,-0.5648308333771279,-0.08265095920656762,1,Penalized country partial pooling
Norway,NOR,2020,2021,Third-generation cephalosporins,5.7947900053163215,5.496222974733003,3839.0,5.508642949393693,5.7947900053163215,-0.012419974660689448,-0.29856703058331835,1,Penalized country partial pooling
Poland,POL,2020,2021,Aminoglycosides,14.510575504181013,13.723696248856358,2186.0,13.243408568956008,14.510575504181013,0.48028767990034993,-0.7868792553246546,1,Penalized country partial pooling
Poland,POL,2020,2021,Aminopenicillins,56.17529880478088,60.568603213844256,809.0,58.72055451460725,56.17529880478088,1.8480486992370047,4.393304409063376,1,Penalized country partial pooling
Poland,POL,2020,2021,Carbapenems,0.048076923076923,0.131004366812227,2290.0,0.0,0.048076923076923,0.131004366812227,0.08292744373530399,1,Penalized country partial pooling
Poland,POL,2020,2021,Fluoroquinolones,32.99208934388088,33.11287477954145,2268.0,32.083247650833414,32.99208934388088,1.0296271287080359,0.1207854356605722,1,Penalized country partial pooling
Poland,POL,2020,2021,Third-generation cephalosporins,17.449355432780848,18.726275832981862,2371.0,16.82166251825487,17.449355432780848,1.9046133147269941,1.2769204002010142,1,Penalized country partial pooling
Portugal,PRT,2020,2021,Aminoglycosides,11.679336558396685,10.615521855486174,5605.0,10.305981959575027,11.679336558396685,0.30953989591114706,-1.063814702910511,1,Penalized country partial pooling
Portugal,PRT,2020,2021,Aminopenicillins,54.35117114036588,52.730441518202944,5164.0,54.065231154344595,54.35117114036588,-1.3347896361416502,-1.6207296221629335,1,Penalized country partial pooling
Portugal,PRT,2020,2021,Carbapenems,0.1542945311160637,0.3293084522502744,5466.0,0.0,0.1542945311160637,0.3293084522502744,0.1750139211342107,1,Penalized country partial pooling
Portugal,PRT,2020,2021,Fluoroquinolones,23.934987168520102,22.499110003559984,5618.0,23.654001482020394,23.934987168520102,-1.15489147846041,-1.435877164960118,1,Penalized country partial pooling
Portugal,PRT,2020,2021,Third-generation cephalosporins,14.44847229414811,13.089937666963491,5615.0,14.004572284459655,14.44847229414811,-0.9146346174961639,-1.3585346271846177,1,Penalized country partial pooling
Romania,ROU,2020,2021,Aminoglycosides,10.8991825613079,10.591133004926109,406.0,10.889070517008783,10.8991825613079,-0.29793751208267416,-0.3080495563817909,1,Penalized country partial pooling
Romania,ROU,2020,2021,Aminopenicillins,62.65822784810127,64.20454545454545,352.0,61.25132082108952,62.65822784810127,2.953224633455932,1.546317606444184,1,Penalized country partial pooling
Romania,ROU,2020,2021,Carbapenems,0.6607929515418502,0.4016064257028112,498.0,0.0,0.6607929515418502,0.4016064257028112,-0.25918652583903906,1,Penalized country partial pooling
Romania,ROU,2020,2021,Fluoroquinolones,26.0,24.698795180722893,498.0,25.818932617773626,26.0,-1.120137437050733,-1.3012048192771068,1,Penalized country partial pooling
Romania,ROU,2020,2021,Third-generation cephalosporins,19.690265486725664,18.78787878787879,495.0,18.940363976132463,19.690265486725664,-0.1524851882536744,-0.9023866988468754,1,Penalized country partial pooling
Slovakia,SVK,2020,2021,Aminoglycosides,18.467852257181946,14.177978883861236,663.0,17.5665779289222,18.467852257181946,-3.388599045060964,-4.2898733733207095,1,Penalized country partial pooling
Slovakia,SVK,2020,2021,Aminopenicillins,57.142857142857146,54.54545454545455,660.0,57.103031141702694,57.142857142857146,-2.557576596248147,-2.597402597402599,1,Penalized country partial pooling
Slovakia,SVK,2020,2021,Carbapenems,0.1418439716312056,0.0,625.0,0.0,0.1418439716312056,0.0,-0.1418439716312056,1,Penalized country partial pooling
Slovakia,SVK,2020,2021,Fluoroquinolones,34.15637860082305,29.75830815709969,662.0,34.566317820963945,34.15637860082305,-4.808009663864254,-4.3980704437233555,1,Penalized country partial pooling
Slovakia,SVK,2020,2021,Third-generation cephalosporins,27.097661623108667,23.112480739599384,649.0,25.854698809605633,27.097661623108667,-2.742218070006249,-3.9851808835092832,1,Penalized country partial pooling
Slovenia,SVN,2020,2021,Aminoglycosides,6.806930693069307,6.603212373587151,1681.0,6.837911919635015,6.806930693069307,-0.2346995460478647,-0.20371831948215657,1,Penalized country partial pooling
Slovenia,SVN,2020,2021,Aminopenicillins,51.26777983920841,50.80309339678762,1681.0,50.5298677944999,51.26777983920841,0.27322560228771664,-0.46468644242079193,1,Penalized country partial pooling
Slovenia,SVN,2020,2021,Carbapenems,0.0,0.0,1681.0,0.0,0.0,0.0,0.0,1,Penalized country partial pooling
Slovenia,SVN,2020,2021,Fluoroquinolones,18.119975262832405,16.65675193337299,1681.0,18.85540663129109,18.119975262832405,-2.198654697918098,-1.4632233294594137,1,Penalized country partial pooling
Slovenia,SVN,2020,2021,Third-generation cephalosporins,10.575139146567718,9.28019036287924,1681.0,10.12912321063835,10.575139146567718,-0.8489328477591087,-1.2949487836884774,1,Penalized country partial pooling
Sweden,SWE,2020,2021,Aminoglycosides,5.884146341463414,5.981163219730071,10299.0,5.123538128374549,5.884146341463414,0.8576250913555219,0.09701687826665673,1,Penalized country partial pooling
Sweden,SWE,2020,2021,Carbapenems,0.0101564086938858,0.0564652738565782,10626.0,0.0,0.0101564086938858,0.0564652738565782,0.0463088651626924,1,Penalized country partial pooling
Sweden,SWE,2020,2021,Fluoroquinolones,14.084507042253522,13.661305581835384,10570.0,14.517016956213231,14.084507042253522,-0.8557113743778473,-0.423201460418138,1,Penalized country partial pooling
Sweden,SWE,2020,2021,Third-generation cephalosporins,7.866423061307349,7.119345434026145,10633.0,7.340849486610986,7.866423061307349,-0.22150405258484085,-0.7470776272812039,1,Penalized country partial pooling
Austria,AUT,2021,2022,Aminoglycosides,5.7518796992481205,5.48033526756931,4653.0,4.850604428957648,5.7518796992481205,0.6297308386116622,-0.2715444316788105,1,Penalized country partial pooling
Austria,AUT,2021,2022,Aminopenicillins,45.09885535900104,45.94131505675733,4669.0,44.43649816539811,45.09885535900104,1.5048168913592193,0.8424596977562899,1,Penalized country partial pooling
Austria,AUT,2021,2022,Carbapenems,0.0192086054552439,0.1206515181982706,4973.0,0.0,0.0192086054552439,0.1206515181982706,0.10144291274302669,1,Penalized country partial pooling
Austria,AUT,2021,2022,Fluoroquinolones,15.074923271348618,13.930659983291562,4788.0,15.187503947405053,15.074923271348618,-1.2568439641134912,-1.144263288057056,1,Penalized country partial pooling
Austria,AUT,2021,2022,Third-generation cephalosporins,8.289687556438505,8.320251177394034,5096.0,7.9003975900183105,8.289687556438505,0.41985358737572387,0.030563620955529558,1,Penalized country partial pooling
Belgium,BEL,2021,2022,Aminoglycosides,6.06983829388329,6.402357353335119,3733.0,5.488816719689079,6.06983829388329,0.9135406336460399,0.3325190594518288,1,Penalized country partial pooling
Belgium,BEL,2021,2022,Aminopenicillins,55.20619731146047,56.575505350772886,4205.0,53.77471793868572,55.20619731146047,2.8007874120871676,1.3693080393124148,1,Penalized country partial pooling
Belgium,BEL,2021,2022,Carbapenems,0.0423549343498517,0.0698324022346368,4296.0,0.0,0.0423549343498517,0.0698324022346368,0.027477467884785098,1,Penalized country partial pooling
Belgium,BEL,2021,2022,Fluoroquinolones,18.534208854056345,17.548500881834215,4536.0,17.519203974016527,18.534208854056345,0.029296907817688123,-0.98570797222213,1,Penalized country partial pooling
Belgium,BEL,2021,2022,Third-generation cephalosporins,8.260961660665114,8.755555555555556,4500.0,8.277130521006338,8.260961660665114,0.47842503454921825,0.4945938948904427,1,Penalized country partial pooling
Bulgaria,BGR,2021,2022,Aminoglycosides,26.99619771863118,24.267782426778243,239.0,27.25097738647369,26.99619771863118,-2.983194959695446,-2.7284152918529365,1,Penalized country partial pooling
Bulgaria,BGR,2021,2022,Aminopenicillins,61.21673003802282,68.61924686192468,239.0,61.441324728847064,61.21673003802282,7.177922133077615,7.402516823901863,1,Penalized country partial pooling
Bulgaria,BGR,2021,2022,Carbapenems,0.3802281368821292,0.0,239.0,0.10159524715594627,0.3802281368821292,-0.10159524715594627,-0.3802281368821292,1,Penalized country partial pooling
Bulgaria,BGR,2021,2022,Fluoroquinolones,33.460076045627375,40.58577405857741,239.0,35.441122870129895,33.460076045627375,5.1446511884475115,7.125698012950032,1,Penalized country partial pooling
Bulgaria,BGR,2021,2022,Third-generation cephalosporins,37.26235741444867,40.1673640167364,239.0,36.729180476213244,37.26235741444867,3.4381835405231556,2.9050066022877274,1,Penalized country partial pooling
Cyprus,CYP,2021,2022,Aminoglycosides,19.791666666666668,15.178571428571429,224.0,18.558202115861942,19.791666666666668,-3.379630687290513,-4.613095238095239,1,Penalized country partial pooling
Cyprus,CYP,2021,2022,Aminopenicillins,70.15706806282722,63.22869955156951,223.0,67.60416153923448,70.15706806282722,-4.37546198766497,-6.928368511257709,1,Penalized country partial pooling
Cyprus,CYP,2021,2022,Carbapenems,1.0416666666666667,0.9433962264150944,212.0,0.5058684829624811,1.0416666666666667,0.43752774345261325,-0.09827044025157239,1,Penalized country partial pooling
Cyprus,CYP,2021,2022,Fluoroquinolones,51.5625,46.36363636363637,220.0,47.420860445901766,51.5625,-1.0572240822653995,-5.198863636363633,1,Penalized country partial pooling
Cyprus,CYP,2021,2022,Third-generation cephalosporins,32.8125,32.44444444444444,225.0,30.30714548442472,32.8125,2.1372989600197236,-0.36805555555555713,1,Penalized country partial pooling
Czechia,CZE,2021,2022,Aminoglycosides,9.608177172061328,9.419680403700587,3567.0,8.863386535754278,9.608177172061328,0.5562938679463088,-0.18849676836074103,1,Penalized country partial pooling
Czechia,CZE,2021,2022,Aminopenicillins,51.43149284253579,51.627384960718295,3564.0,50.71930268197267,51.43149284253579,0.9080822787456242,0.19589211818250618,1,Penalized country partial pooling
Czechia,CZE,2021,2022,Carbapenems,0.0,0.1780415430267062,1685.0,0.0,0.0,0.1780415430267062,0.1780415430267062,1,Penalized country partial pooling
Czechia,CZE,2021,2022,Fluoroquinolones,19.700068166325835,18.23793490460157,3564.0,19.41228639620684,19.700068166325835,-1.1743514916052717,-1.462133261724265,1,Penalized country partial pooling
Czechia,CZE,2021,2022,Third-generation cephalosporins,14.417177914110429,14.750420639371844,3566.0,13.57065104752415,14.417177914110429,1.1797695918476947,0.33324272526141563,1,Penalized country partial pooling
Germany,DEU,2021,2022,Aminoglycosides,5.596240026232375,5.142999719302623,32063.0,4.931979474425192,5.596240026232375,0.21102024487743165,-0.4532403069297519,1,Penalized country partial pooling
Germany,DEU,2021,2022,Aminopenicillins,45.61052631578947,45.90717299578059,33180.0,44.84342958965211,45.61052631578947,1.0637434061284807,0.29664667999112027,1,Penalized country partial pooling
Germany,DEU,2021,2022,Carbapenems,0.0413579183181113,0.0355218755550293,33782.0,0.0,0.0413579183181113,0.0355218755550293,-0.005836042763082,1,Penalized country partial pooling
Germany,DEU,2021,2022,Fluoroquinolones,14.660137255578164,15.193885712592945,33757.0,14.330831326727889,14.660137255578164,0.8630543858650555,0.5337484570147808,1,Penalized country partial pooling
Germany,DEU,2021,2022,Third-generation cephalosporins,9.096860893835498,9.44178061919138,33786.0,8.696335370358655,9.096860893835498,0.7454452488327252,0.3449197253558829,1,Penalized country partial pooling
Denmark,DNK,2021,2022,Aminoglycosides,4.354329400033239,4.755457776273481,5909.0,3.314934785578812,4.354329400033239,1.440522990694669,0.40112837624024156,1,Penalized country partial pooling
Denmark,DNK,2021,2022,Aminopenicillins,41.50974837527079,42.172361040285566,5883.0,41.55535461225932,41.50974837527079,0.6170064280262437,0.6626126650147768,1,Penalized country partial pooling
Denmark,DNK,2021,2022,Carbapenems,0.1026518391787852,0.017921146953405,5580.0,0.0,0.1026518391787852,0.017921146953405,-0.08473069222538021,1,Penalized country partial pooling
Denmark,DNK,2021,2022,Fluoroquinolones,10.472074468085106,10.709436524100475,5892.0,9.750367925905659,10.472074468085106,0.9590685981948166,0.2373620560153693,1,Penalized country partial pooling
Denmark,DNK,2021,2022,Third-generation cephalosporins,6.166912850812408,6.627863312054075,5326.0,5.585799488115269,6.166912850812408,1.0420638239388058,0.4609504612416666,1,Penalized country partial pooling
Spain,ESP,2021,2022,Aminoglycosides,12.395929694727103,12.47998291875734,9367.0,11.368388148280568,12.395929694727103,1.1115947704767724,0.08405322403023696,1,Penalized country partial pooling
Spain,ESP,2021,2022,Aminopenicillins,56.21201413427562,57.2280701754386,8550.0,55.43075828215031,56.21201413427562,1.7973118932882954,1.016056041162983,1,Penalized country partial pooling
Spain,ESP,2021,2022,Carbapenems,0.1445318773084952,0.5655042412818096,9549.0,0.0,0.1445318773084952,0.5655042412818096,0.42097236397331445,1,Penalized country partial pooling
Spain,ESP,2021,2022,Fluoroquinolones,26.614714040417383,28.609654286631702,9343.0,25.95635921528029,26.614714040417383,2.653295071351412,1.9949402462143198,1,Penalized country partial pooling
Spain,ESP,2021,2022,Third-generation cephalosporins,13.158249158249156,14.877412623891496,9585.0,12.525555176197939,13.158249158249156,2.3518574476935576,1.7191634656423407,1,Penalized country partial pooling
Estonia,EST,2021,2022,Aminoglycosides,5.50755939524838,5.594405594405594,1001.0,4.2457133137825345,5.50755939524838,1.3486922806230597,0.08684619915721381,1,Penalized country partial pooling
Estonia,EST,2021,2022,Aminopenicillins,41.124260355029584,43.43065693430657,274.0,41.7542920979544,41.124260355029584,1.676364836352171,2.306396579276985,1,Penalized country partial pooling
Estonia,EST,2021,2022,Carbapenems,0.0,0.117096018735363,854.0,0.0,0.0,0.117096018735363,0.117096018735363,1,Penalized country partial pooling
Estonia,EST,2021,2022,Fluoroquinolones,13.449023861171366,16.31205673758865,987.0,13.207977058948213,13.449023861171366,3.1040796786404385,2.863032876417286,1,Penalized country partial pooling
Estonia,EST,2021,2022,Third-generation cephalosporins,8.073196986006458,11.764705882352942,1003.0,7.8091271886625755,8.073196986006458,3.9555786936903665,3.691508896346484,1,Penalized country partial pooling
Finland,FIN,2021,2022,Aminoglycosides,4.136504653567736,4.442408976414014,4367.0,3.0708388424341617,4.136504653567736,1.3715701339798523,0.30590432284627767,1,Penalized country partial pooling
Finland,FIN,2021,2022,Aminopenicillins,31.72804532577904,32.50478011472276,2615.0,32.40625689493382,31.72804532577904,0.09852321978894452,0.7767347889437239,1,Penalized country partial pooling
Finland,FIN,2021,2022,Carbapenems,0.0,0.0,4575.0,0.0,0.0,0.0,0.0,1,Penalized country partial pooling
Finland,FIN,2021,2022,Fluoroquinolones,9.565667011375387,9.908136482939632,4572.0,8.9245788277089,9.565667011375387,0.9835576552307312,0.3424694715642449,1,Penalized country partial pooling
Finland,FIN,2021,2022,Third-generation cephalosporins,6.6045869977582345,6.107705779334501,4568.0,5.8193254293307,6.6045869977582345,0.28838035000380113,-0.49688121842373345,1,Penalized country partial pooling
France,FRA,2021,2022,Aminoglycosides,5.8233727978247325,6.150943396226415,15900.0,5.060675050197294,5.8233727978247325,1.090268346029121,0.32757059840168257,1,Penalized country partial pooling
France,FRA,2021,2022,Aminopenicillins,52.26476900485711,52.81833517538247,17191.0,51.172563428106294,52.26476900485711,1.6457717472761786,0.5535661705253645,1,Penalized country partial pooling
France,FRA,2021,2022,Carbapenems,0.051293742163456,0.1059509094119724,16989.0,0.0,0.051293742163456,0.1059509094119724,0.054657167248516395,1,Penalized country partial pooling
France,FRA,2021,2022,Fluoroquinolones,14.756586793884852,14.705714448821146,17517.0,14.165127888112158,14.756586793884852,0.5405865607089879,-0.05087234506370564,1,Penalized country partial pooling
France,FRA,2021,2022,Third-generation cephalosporins,8.342674139311448,8.441485159688522,17722.0,7.985142356555509,8.342674139311448,0.4563428031330128,0.09881102037707379,1,Penalized country partial pooling
Greece,GRC,2021,2022,Aminoglycosides,18.636995827538247,19.047619047619047,1239.0,17.487849052816447,18.636995827538247,1.5597699948026005,0.4106232200808009,1,Penalized country partial pooling
Greece,GRC,2021,2022,Aminopenicillins,59.78456014362657,57.053941908713696,964.0,57.45511815422721,59.78456014362657,-0.4011762455135113,-2.7306182349128747,1,Penalized country partial pooling
Greece,GRC,2021,2022,Carbapenems,1.098901098901099,1.532258064516129,1240.0,0.9491072891410497,1.098901098901099,0.5831507753750793,0.43335696561503,1,Penalized country partial pooling
Greece,GRC,2021,2022,Fluoroquinolones,33.92857142857143,37.77239709443099,1239.0,32.18186253140283,33.92857142857143,5.590534563028164,3.843825665859562,1,Penalized country partial pooling
Greece,GRC,2021,2022,Third-generation cephalosporins,21.733149931224208,23.31983805668016,1235.0,21.21708980497546,21.733149931224208,2.1027482517047034,1.5866881254559537,1,Penalized country partial pooling
Croatia,HRV,2021,2022,Aminoglycosides,11.724137931034482,16.04060913705584,985.0,12.57671835874712,11.724137931034482,3.463890778308718,4.316471206021356,1,Penalized country partial pooling
Croatia,HRV,2021,2022,Aminopenicillins,55.76923076923077,55.759429153924565,981.0,55.436389753275996,55.76923076923077,0.3230394006485682,-0.009801615306201938,1,Penalized country partial pooling
Croatia,HRV,2021,2022,Carbapenems,0.0,0.1020408163265306,980.0,0.0,0.0,0.1020408163265306,0.1020408163265306,1,Penalized country partial pooling
Croatia,HRV,2021,2022,Fluoroquinolones,28.9875173370319,30.25641025641025,975.0,28.175470005233535,28.9875173370319,2.080940251176713,1.2688929193783487,1,Penalized country partial pooling
Croatia,HRV,2021,2022,Third-generation cephalosporins,18.59504132231405,17.426545086119553,987.0,17.48669818171057,18.59504132231405,-0.06015309559101567,-1.1684962361944962,1,Penalized country partial pooling
Hungary,HUN,2021,2022,Aminoglycosides,17.496962332928312,16.321749316673174,2561.0,15.726743389425199,17.496962332928312,0.5950059272479749,-1.1752130162551389,1,Penalized country partial pooling
Hungary,HUN,2021,2022,Aminopenicillins,58.50640742377375,58.41541755888651,2335.0,57.12389183526017,58.50640742377375,1.2915257236263429,-0.09098986488724137,1,Penalized country partial pooling
Hungary,HUN,2021,2022,Carbapenems,0.0,0.1988071570576541,2515.0,0.0,0.0,0.1988071570576541,0.1988071570576541,1,Penalized country partial pooling
Hungary,HUN,2021,2022,Fluoroquinolones,28.04878048780488,29.27696562623469,2531.0,27.732531259107482,28.04878048780488,1.5444343671272094,1.2281851384298115,1,Penalized country partial pooling
Hungary,HUN,2021,2022,Third-generation cephalosporins,20.40485829959514,22.57309941520468,2565.0,19.482479277796216,20.40485829959514,3.0906201374084645,2.16824111560954,1,Penalized country partial pooling
Ireland,IRL,2021,2022,Aminoglycosides,9.573002754820935,8.655126498002662,3004.0,8.893774932158324,9.573002754820935,-0.23864843415566206,-0.917876256818273,1,Penalized country partial pooling
Ireland,IRL,2021,2022,Aminopenicillins,63.00897170462388,61.77156177156177,3003.0,61.90945302157356,63.00897170462388,-0.1378912500117906,-1.2374099330621107,1,Penalized country partial pooling
Ireland,IRL,2021,2022,Carbapenems,0.0,0.0,2996.0,0.0,0.0,0.0,0.0,1,Penalized country partial pooling
Ireland,IRL,2021,2022,Fluoroquinolones,15.976535541752932,15.6,3000.0,16.66849415599322,15.976535541752932,-1.0684941559932195,-0.3765355417529328,1,Penalized country partial pooling
Ireland,IRL,2021,2022,Third-generation cephalosporins,9.955218739235274,9.67741935483871,3007.0,10.087798389746972,9.955218739235274,-0.4103790349082619,-0.27779938439656426,1,Penalized country partial pooling
Iceland,ISL,2021,2022,Aminoglycosides,9.352517985611511,7.659574468085107,235.0,7.444683739763058,9.352517985611511,0.21489072832204847,-1.6929435175264045,1,Penalized country partial pooling
Iceland,ISL,2021,2022,Aminopenicillins,46.57039711191336,46.80851063829788,235.0,48.55920024769849,46.57039711191336,-1.7506896094006095,0.23811352638452377,1,Penalized country partial pooling
Iceland,ISL,2021,2022,Carbapenems,0.0,0.0,235.0,0.03962813292191997,0.0,-0.03962813292191997,0.0,1,Penalized country partial pooling
Iceland,ISL,2021,2022,Fluoroquinolones,14.440433212996387,10.212765957446807,235.0,13.266136539479723,14.440433212996387,-3.0533705820329153,-4.22766725554958,1,Penalized country partial pooling
Iceland,ISL,2021,2022,Third-generation cephalosporins,10.431654676258994,9.787234042553193,235.0,9.730386800593411,10.431654676258994,0.056847241959781414,-0.6444206337058009,1,Penalized country partial pooling
Italy,ITA,2021,2022,Aminoglycosides,13.498454911508569,14.197579377554227,25448.0,12.574471610694063,13.498454911508569,1.623107766860164,0.6991244660456584,1,Penalized country partial pooling
Italy,ITA,2021,2022,Aminopenicillins,59.64102564102564,61.55467720685112,7590.0,60.195479164885775,59.64102564102564,1.3591980419653424,1.9136515658254751,1,Penalized country partial pooling
Italy,ITA,2021,2022,Carbapenems,0.4262533301041414,0.2703602029781216,24042.0,0.0,0.4262533301041414,0.2703602029781216,-0.15589312712601983,1,Penalized country partial pooling
Italy,ITA,2021,2022,Fluoroquinolones,33.361057203585624,31.627172195892577,25320.0,33.39267767179372,33.361057203585624,-1.7655054759011435,-1.733885007693047,1,Penalized country partial pooling
Italy,ITA,2021,2022,Third-generation cephalosporins,24.3777686441065,24.24384159650764,25656.0,24.071118652142136,24.3777686441065,0.1727229443655034,-0.13392704759885987,1,Penalized country partial pooling
Lithuania,LTU,2021,2022,Aminoglycosides,8.326029798422436,8.333333333333334,1308.0,7.874130946975987,8.326029798422436,0.45920238635734734,0.00730353491089808,1,Penalized country partial pooling
Lithuania,LTU,2021,2022,Aminopenicillins,57.10549258936356,58.86415963161934,1303.0,55.66098425471045,57.10549258936356,3.203175376908888,1.7586670422557802,1,Penalized country partial pooling
Lithuania,LTU,2021,2022,Carbapenems,0.2610966057441253,0.2291825821237585,1309.0,0.0,0.2610966057441253,0.2291825821237585,-0.0319140236203668,1,Penalized country partial pooling
Lithuania,LTU,2021,2022,Fluoroquinolones,17.647058823529413,19.02552204176334,1293.0,17.253798852588922,17.647058823529413,1.7717231891744198,1.3784632182339287,1,Penalized country partial pooling
Lithuania,LTU,2021,2022,Third-generation cephalosporins,13.616652211621856,15.431627196333078,1309.0,13.684122839681073,13.616652211621856,1.747504356652005,1.8149749847112222,1,Penalized country partial pooling
Luxembourg,LUX,2021,2022,Aminoglycosides,8.757062146892656,7.249466950959488,469.0,7.949635856900666,8.757062146892656,-0.7001689059411778,-1.5075951959331677,1,Penalized country partial pooling
Luxembourg,LUX,2021,2022,Aminopenicillins,53.40909090909091,49.68017057569296,469.0,52.32429512541231,53.40909090909091,-2.6441245497193506,-3.7289203333979444,1,Penalized country partial pooling
Luxembourg,LUX,2021,2022,Carbapenems,0.0,0.0,469.0,0.0,0.0,0.0,0.0,1,Penalized country partial pooling
Luxembourg,LUX,2021,2022,Fluoroquinolones,20.90395480225989,16.844349680170577,469.0,20.04170326059974,20.90395480225989,-3.197353580429162,-4.059605122089312,1,Penalized country partial pooling
Luxembourg,LUX,2021,2022,Third-generation cephalosporins,11.299435028248588,10.447761194029852,469.0,10.988331545856711,11.299435028248588,-0.5405703518268599,-0.8516738342187367,1,Penalized country partial pooling
Latvia,LVA,2021,2022,Aminoglycosides,10.913705583756345,11.801242236024844,483.0,10.309423929292775,10.913705583756345,1.4918183067320694,0.8875366522684995,1,Penalized country partial pooling
Latvia,LVA,2021,2022,Aminopenicillins,49.41860465116279,51.851851851851855,432.0,50.94390400499932,49.41860465116279,0.9079478468525366,2.433247200689067,1,Penalized country partial pooling
Latvia,LVA,2021,2022,Carbapenems,0.0,0.0,481.0,0.0,0.0,0.0,0.0,1,Penalized country partial pooling
Latvia,LVA,2021,2022,Fluoroquinolones,20.663265306122447,21.82952182952183,481.0,22.330733668075293,20.663265306122447,-0.5012118385534627,1.1662565233993831,1,Penalized country partial pooling
Latvia,LVA,2021,2022,Third-generation cephalosporins,18.3206106870229,20.041322314049587,484.0,19.413564533400613,18.3206106870229,0.6277577806489738,1.720711627026688,1,Penalized country partial pooling
Malta,MLT,2021,2022,Aminoglycosides,12.709030100334449,11.96319018404908,326.0,11.662993714281672,12.709030100334449,0.30019646976740866,-0.7458399162853677,1,Penalized country partial pooling
Malta,MLT,2021,2022,Aminopenicillins,64.54849498327759,62.88343558282209,326.0,61.450059591297844,64.54849498327759,1.4333759915242439,-1.6650594004555046,1,Penalized country partial pooling
Malta,MLT,2021,2022,Carbapenems,0.0,0.0,326.0,0.0,0.0,0.0,0.0,1,Penalized country partial pooling
Malta,MLT,2021,2022,Fluoroquinolones,30.76923076923077,26.380368098159508,326.0,32.418861833171036,30.76923076923077,-6.038493735011528,-4.388862671071262,1,Penalized country partial pooling
Malta,MLT,2021,2022,Third-generation cephalosporins,13.7123745819398,11.349693251533742,326.0,13.756286895876652,13.7123745819398,-2.4065936443429106,-2.3626813304060583,1,Penalized country partial pooling
Netherlands,NLD,2021,2022,Aminoglycosides,5.9914841849148415,6.166851441241685,7216.0,4.96329766920597,5.9914841849148415,1.2035537720357157,0.1753672563268438,1,Penalized country partial pooling
Netherlands,NLD,2021,2022,Aminopenicillins,41.40922234058743,40.92926490984743,7210.0,41.233757018124535,41.40922234058743,-0.3044921082771026,-0.47995743073999364,1,Penalized country partial pooling
Netherlands,NLD,2021,2022,Carbapenems,0.0456690516060283,0.0416088765603328,7210.0,0.0,0.0456690516060283,0.0416088765603328,-0.004060175045695502,1,Penalized country partial pooling
Netherlands,NLD,2021,2022,Fluoroquinolones,13.32319391634981,13.142936364896714,7213.0,12.504995595051664,13.32319391634981,0.6379407698450503,-0.18025755145309574,1,Penalized country partial pooling
Netherlands,NLD,2021,2022,Third-generation cephalosporins,6.64638783269962,7.747747747747748,7215.0,6.080023486735017,6.64638783269962,1.6677242610127303,1.1013599150481275,1,Penalized country partial pooling
Norway,NOR,2021,2022,Aminoglycosides,5.392029174264131,5.403288958496476,3831.0,4.144699327388847,5.392029174264131,1.258589631107629,0.01125978423234475,1,Penalized country partial pooling
Norway,NOR,2021,2022,Aminopenicillins,35.39223351576753,37.78431897243778,3737.0,36.65894944347966,35.39223351576753,1.1253695289581174,2.3920854566702516,1,Penalized country partial pooling
Norway,NOR,2021,2022,Carbapenems,0.0,0.0267522739432851,3738.0,0.0,0.0,0.0267522739432851,0.0267522739432851,1,Penalized country partial pooling
Norway,NOR,2021,2022,Fluoroquinolones,9.87718839822315,10.520665593129362,3726.0,9.335747441305907,9.87718839822315,1.1849181518234548,0.643477194906211,1,Penalized country partial pooling
Norway,NOR,2021,2022,Third-generation cephalosporins,5.496222974733003,5.830435945439957,3739.0,4.970330822697,5.496222974733003,0.860105122742957,0.3342129707069539,1,Penalized country partial pooling
Poland,POL,2021,2022,Aminoglycosides,13.723696248856358,12.325783972125436,2296.0,12.913145428181819,13.723696248856358,-0.5873614560563833,-1.3979122767309224,1,Penalized country partial pooling
Poland,POL,2021,2022,Aminopenicillins,60.568603213844256,57.17619603267211,857.0,58.635954524427646,60.568603213844256,-1.4597584917555366,-3.392407181172146,1,Penalized country partial pooling
Poland,POL,2021,2022,Carbapenems,0.131004366812227,0.0815993472052223,2451.0,0.0,0.131004366812227,0.0815993472052223,-0.04940501960700469,1,Penalized country partial pooling
Poland,POL,2021,2022,Fluoroquinolones,33.11287477954145,30.81103678929766,2392.0,31.50574663999406,33.11287477954145,-0.6947098506964018,-2.30183799024379,1,Penalized country partial pooling
Poland,POL,2021,2022,Third-generation cephalosporins,18.726275832981862,18.688265507704465,2531.0,17.48012188138403,18.726275832981862,1.2081436263204353,-0.03801032527739778,1,Penalized country partial pooling
Portugal,PRT,2021,2022,Aminoglycosides,10.615521855486174,11.706349206349206,5544.0,9.492179224843012,10.615521855486174,2.2141699815061937,1.090827350863032,1,Penalized country partial pooling
Portugal,PRT,2021,2022,Aminopenicillins,52.730441518202944,52.187386073642,5486.0,52.00092190744357,52.730441518202944,0.18646416619843365,-0.5430554445609417,1,Penalized country partial pooling
Portugal,PRT,2021,2022,Carbapenems,0.3293084522502744,0.3170458784035807,5362.0,0.0,0.3293084522502744,0.3170458784035807,-0.012262573846693658,1,Penalized country partial pooling
Portugal,PRT,2021,2022,Fluoroquinolones,22.499110003559984,21.44665461121157,5530.0,21.782163135123646,22.499110003559984,-0.3355085239120754,-1.0524553923484135,1,Penalized country partial pooling
Portugal,PRT,2021,2022,Third-generation cephalosporins,13.089937666963491,14.096996018820125,5526.0,12.680925431563601,13.089937666963491,1.4160705872565238,1.0070583518566334,1,Penalized country partial pooling
Romania,ROU,2021,2022,Aminoglycosides,10.591133004926109,11.960132890365449,602.0,10.03702089421559,10.591133004926109,1.9231119961498582,1.3689998854393401,1,Penalized country partial pooling
Romania,ROU,2021,2022,Aminopenicillins,64.20454545454545,62.361623616236166,542.0,61.49049999400596,64.20454545454545,0.8711236222302077,-1.8429218383092874,1,Penalized country partial pooling
Romania,ROU,2021,2022,Carbapenems,0.4016064257028112,0.5738880918220947,697.0,0.0,0.4016064257028112,0.5738880918220947,0.17228166611928347,1,Penalized country partial pooling
Romania,ROU,2021,2022,Fluoroquinolones,24.698795180722893,23.768115942028984,690.0,24.443961185500942,24.698795180722893,-0.675845243471958,-0.9306792386939087,1,Penalized country partial pooling
Romania,ROU,2021,2022,Third-generation cephalosporins,18.78787878787879,17.82608695652174,690.0,18.31335854528953,18.78787878787879,-0.4872715887677934,-0.9617918313570506,1,Penalized country partial pooling
Slovakia,SVK,2021,2022,Aminoglycosides,14.177978883861236,13.79310344827586,783.0,14.621546837915524,14.177978883861236,-0.8284433896396646,-0.38487543558537674,1,Penalized country partial pooling
Slovakia,SVK,2021,2022,Aminopenicillins,54.54545454545455,54.23728813559322,767.0,54.25915675235791,54.54545454545455,-0.021868616764692206,-0.3081664098613288,1,Penalized country partial pooling
Slovakia,SVK,2021,2022,Carbapenems,0.0,0.0,738.0,0.0,0.0,0.0,0.0,1,Penalized country partial pooling
Slovakia,SVK,2021,2022,Fluoroquinolones,29.75830815709969,32.35294117647059,782.0,30.406152255122265,29.75830815709969,1.9467889213483218,2.594633019370896,1,Penalized country partial pooling
Slovakia,SVK,2021,2022,Third-generation cephalosporins,23.112480739599384,23.697916666666668,768.0,23.23395415935827,23.112480739599384,0.4639625073083984,0.5854359270672838,1,Penalized country partial pooling
Slovenia,SVN,2021,2022,Aminoglycosides,6.603212373587151,7.951807228915663,1660.0,5.763971153368184,6.603212373587151,2.1878360755474793,1.3485948553285123,1,Penalized country partial pooling
Slovenia,SVN,2021,2022,Aminopenicillins,50.80309339678762,49.00542495479204,1659.0,49.58710404617313,50.80309339678762,-0.5816790913810905,-1.797668441995576,1,Penalized country partial pooling
Slovenia,SVN,2021,2022,Carbapenems,0.0,0.0,1660.0,0.0,0.0,0.0,0.0,1,Penalized country partial pooling
Slovenia,SVN,2021,2022,Fluoroquinolones,16.65675193337299,16.566265060240966,1660.0,16.546026242762373,16.65675193337299,0.020238817478592352,-0.09048687313202564,1,Penalized country partial pooling
Slovenia,SVN,2021,2022,Third-generation cephalosporins,9.28019036287924,9.337349397590362,1660.0,9.003901110987707,9.28019036287924,0.33344828660265513,0.05715903471112149,1,Penalized country partial pooling
Sweden,SWE,2021,2022,Aminoglycosides,5.981163219730071,5.659304199450185,10549.0,4.754135409632157,5.981163219730071,0.9051687898180276,-0.3218590202798861,1,Penalized country partial pooling
Sweden,SWE,2021,2022,Carbapenems,0.0564652738565782,0.0378859632506156,10558.0,0.0,0.0564652738565782,0.0378859632506156,-0.0185793106059626,1,Penalized country partial pooling
Sweden,SWE,2021,2022,Fluoroquinolones,13.661305581835384,13.820983544183392,10513.0,13.19976995842455,13.661305581835384,0.6212135857588414,0.1596779623480078,1,Penalized country partial pooling
Sweden,SWE,2021,2022,Third-generation cephalosporins,7.119345434026145,7.507336930796176,10563.0,6.628281628543908,7.119345434026145,0.8790553022522678,0.38799149677003086,1,Penalized country partial pooling
Austria,AUT,2022,2023,Aminoglycosides,5.48033526756931,5.3560042507970245,4705.0,4.934402486973046,5.48033526756931,0.4216017638239782,-0.12433101677228553,1,Penalized country partial pooling
Austria,AUT,2022,2023,Aminopenicillins,45.94131505675733,46.42784032753327,4885.0,44.75609016250302,45.94131505675733,1.6717501650302466,0.4865252707759353,1,Penalized country partial pooling
Austria,AUT,2022,2023,Carbapenems,0.1206515181982706,0.1308166697813493,5351.0,0.0,0.1206515181982706,0.1308166697813493,0.010165151583078694,1,Penalized country partial pooling
Austria,AUT,2022,2023,Fluoroquinolones,13.930659983291562,15.030504714364948,5409.0,14.111259699409018,13.930659983291562,0.9192450149559299,1.0998447310733859,1,Penalized country partial pooling
Austria,AUT,2022,2023,Third-generation cephalosporins,8.320251177394034,9.852485885995264,5491.0,8.102477156302541,8.320251177394034,1.7500087296927234,1.53223470860123,1,Penalized country partial pooling
Belgium,BEL,2022,2023,Aminoglycosides,6.402357353335119,7.576132706115375,4039.0,5.913924929144567,6.402357353335119,1.6622077769708081,1.1737753527802566,1,Penalized country partial pooling
Belgium,BEL,2022,2023,Aminopenicillins,56.575505350772886,55.658347676419965,4648.0,54.747817729059705,56.575505350772886,0.9105299473602599,-0.9171576743529215,1,Penalized country partial pooling
Belgium,BEL,2022,2023,Carbapenems,0.0698324022346368,0.0806776926179911,4958.0,0.0,0.0698324022346368,0.0806776926179911,0.0108452903833543,1,Penalized country partial pooling
Belgium,BEL,2022,2023,Fluoroquinolones,17.548500881834215,18.236836796449467,4957.0,17.253652023190966,17.548500881834215,0.9831847732585004,0.6883359146152515,1,Penalized country partial pooling
Belgium,BEL,2022,2023,Third-generation cephalosporins,8.755555555555556,10.088781275221953,4956.0,8.694333078713294,8.755555555555556,1.3944481965086588,1.3332257196663964,1,Penalized country partial pooling
Bulgaria,BGR,2022,2023,Aminoglycosides,24.267782426778243,28.431372549019606,306.0,25.32314825269013,24.267782426778243,3.1082242963294746,4.163590122241363,1,Penalized country partial pooling
Bulgaria,BGR,2022,2023,Aminopenicillins,68.61924686192468,66.99346405228758,306.0,65.185005519288,68.61924686192468,1.8084585329995804,-1.6257828096371014,1,Penalized country partial pooling
Bulgaria,BGR,2022,2023,Carbapenems,0.0,0.326797385620915,306.0,0.45769036499184634,0.0,-0.13089297937093136,0.326797385620915,1,Penalized country partial pooling
Bulgaria,BGR,2022,2023,Fluoroquinolones,40.58577405857741,39.869281045751634,306.0,37.93502435185202,40.58577405857741,1.9342566938996129,-0.7164930128257723,1,Penalized country partial pooling
Bulgaria,BGR,2022,2023,Third-generation cephalosporins,40.1673640167364,37.25490196078432,306.0,38.320648171812316,40.1673640167364,-1.0657462110279923,-2.9124620559520764,1,Penalized country partial pooling
Cyprus,CYP,2022,2023,Aminoglycosides,15.178571428571429,18.484848484848484,330.0,16.373479392267182,15.178571428571429,2.1113690925813025,3.3062770562770556,1,Penalized country partial pooling
Cyprus,CYP,2022,2023,Aminopenicillins,63.22869955156951,68.90243902439025,328.0,64.42133676062319,63.22869955156951,4.481102263767056,5.673739472820735,1,Penalized country partial pooling
Cyprus,CYP,2022,2023,Carbapenems,0.9433962264150944,0.9063444108761328,331.0,0.6953329323344721,0.9433962264150944,0.2110114785416607,-0.03705181553896153,1,Penalized country partial pooling
Cyprus,CYP,2022,2023,Fluoroquinolones,46.36363636363637,42.90030211480362,331.0,45.88016958901633,46.36363636363637,-2.9798674742127105,-3.4633342488327443,1,Penalized country partial pooling
Cyprus,CYP,2022,2023,Third-generation cephalosporins,32.44444444444444,34.74320241691843,331.0,31.0652954518542,32.44444444444444,3.6779069650642278,2.298757972473986,1,Penalized country partial pooling
Czechia,CZE,2022,2023,Aminoglycosides,9.419680403700587,9.763617677286742,3892.0,9.07652959129312,9.419680403700587,0.6870880859936221,0.343937273586155,1,Penalized country partial pooling
Czechia,CZE,2022,2023,Aminopenicillins,51.627384960718295,51.56731757451182,3892.0,50.867867618962464,51.627384960718295,0.6994499555493547,-0.06006738620647667,1,Penalized country partial pooling
Czechia,CZE,2022,2023,Carbapenems,0.1780415430267062,0.0,1846.0,0.0,0.1780415430267062,0.0,-0.1780415430267062,1,Penalized country partial pooling
Czechia,CZE,2022,2023,Fluoroquinolones,18.23793490460157,17.17665209565441,3889.0,18.567644790475974,18.23793490460157,-1.3909926948215627,-1.0612828089471584,1,Penalized country partial pooling
Czechia,CZE,2022,2023,Third-generation cephalosporins,14.750420639371844,15.878725590955806,3892.0,14.32372188204464,14.750420639371844,1.5550037089111655,1.1283049515839618,1,Penalized country partial pooling
Germany,DEU,2022,2023,Aminoglycosides,5.142999719302623,5.346322917904241,33668.0,4.6259372385887,5.142999719302623,0.720385679315541,0.20332319860161796,1,Penalized country partial pooling
Germany,DEU,2022,2023,Aminopenicillins,45.90717299578059,46.33612513496951,34267.0,44.79791178707793,45.90717299578059,1.5382133478915776,0.4289521391889153,1,Penalized country partial pooling
Germany,DEU,2022,2023,Carbapenems,0.0355218755550293,0.0449148022345114,35623.0,0.0,0.0355218755550293,0.0449148022345114,0.009392926679482098,1,Penalized country partial pooling
Germany,DEU,2022,2023,Fluoroquinolones,15.193885712592945,16.589278176445756,35535.0,14.283826496604814,15.193885712592945,2.3054516798409423,1.3953924638528115,1,Penalized country partial pooling
Germany,DEU,2022,2023,Third-generation cephalosporins,9.44178061919138,9.688649316376091,35619.0,8.853159231674951,9.44178061919138,0.8354900847011404,0.24686869718471094,1,Penalized country partial pooling
Denmark,DNK,2022,2023,Aminoglycosides,4.755457776273481,4.48706970371639,5839.0,3.7582268413306026,4.755457776273481,0.7288428623857874,-0.26838807255709085,1,Penalized country partial pooling
Denmark,DNK,2022,2023,Aminopenicillins,42.172361040285566,40.455250905328505,5799.0,41.3852485938103,42.172361040285566,-0.929997688481798,-1.7171101349570606,1,Penalized country partial pooling
Denmark,DNK,2022,2023,Carbapenems,0.017921146953405,0.0368324125230202,5430.0,0.0,0.017921146953405,0.0368324125230202,0.0189112655696152,1,Penalized country partial pooling
Denmark,DNK,2022,2023,Fluoroquinolones,10.709436524100475,10.466712422786548,5828.0,10.006971946545715,10.709436524100475,0.4597404762408335,-0.24272410131392697,1,Penalized country partial pooling
Denmark,DNK,2022,2023,Third-generation cephalosporins,6.627863312054075,6.316388467374811,5272.0,6.142336718320646,6.627863312054075,0.17405174905416487,-0.3114748446792639,1,Penalized country partial pooling
Spain,ESP,2022,2023,Aminoglycosides,12.47998291875734,12.300967842647518,9609.0,11.71499542486882,12.47998291875734,0.5859724177786987,-0.17901507610982215,1,Penalized country partial pooling
Spain,ESP,2022,2023,Aminopenicillins,57.2280701754386,57.42067553735927,8793.0,55.76831697792938,57.2280701754386,1.6523585594298922,0.1926053619206698,1,Penalized country partial pooling
Spain,ESP,2022,2023,Carbapenems,0.5655042412818096,0.0545077946146298,9173.0,0.025915414803577376,0.5655042412818096,0.02859237981105242,-0.5109964466671798,1,Penalized country partial pooling
Spain,ESP,2022,2023,Fluoroquinolones,28.609654286631702,27.555370697722783,9617.0,26.883649742113793,28.609654286631702,0.6717209556089898,-1.0542835889089197,1,Penalized country partial pooling
Spain,ESP,2022,2023,Third-generation cephalosporins,14.877412623891496,16.215341460783257,9269.0,13.951012104894627,14.877412623891496,2.2643293558886306,1.337928836891761,1,Penalized country partial pooling
Estonia,EST,2022,2023,Aminoglycosides,5.594405594405594,4.934823091247672,1074.0,4.758395113024299,5.594405594405594,0.17642797822337286,-0.6595825031579219,1,Penalized country partial pooling
Estonia,EST,2022,2023,Aminopenicillins,43.43065693430657,38.07692307692308,520.0,42.83359582267721,43.43065693430657,-4.7566727457541305,-5.353733857383489,1,Penalized country partial pooling
Estonia,EST,2022,2023,Carbapenems,0.117096018735363,0.0,894.0,0.0,0.117096018735363,0.0,-0.117096018735363,1,Penalized country partial pooling
Estonia,EST,2022,2023,Fluoroquinolones,16.31205673758865,13.282732447817835,1054.0,14.693739795075524,16.31205673758865,-1.411007347257689,-3.029324289770816,1,Penalized country partial pooling
Estonia,EST,2022,2023,Third-generation cephalosporins,11.764705882352942,11.439114391143912,1084.0,10.055320419153144,11.764705882352942,1.3837939719907677,-0.3255914912090301,1,Penalized country partial pooling
Finland,FIN,2022,2023,Aminoglycosides,4.442408976414014,4.833765621315727,4241.0,3.5623948863450634,4.442408976414014,1.271370734970664,0.3913566449017134,1,Penalized country partial pooling
Finland,FIN,2022,2023,Aminopenicillins,32.50478011472276,32.549019607843135,2550.0,32.52782382677224,32.50478011472276,0.021195781070893815,0.04423949312037223,1,Penalized country partial pooling
Finland,FIN,2022,2023,Carbapenems,0.0,0.0234301780693533,4268.0,0.0,0.0,0.0234301780693533,0.0234301780693533,1,Penalized country partial pooling
Finland,FIN,2022,2023,Fluoroquinolones,9.908136482939632,10.302745834311194,4261.0,9.288081708574222,9.908136482939632,1.0146641257369726,0.39460935137156206,1,Penalized country partial pooling
Finland,FIN,2022,2023,Third-generation cephalosporins,6.107705779334501,7.0858751759737215,4262.0,5.944273147934573,6.107705779334501,1.1416020280391486,0.9781693966392204,1,Penalized country partial pooling
Greece,GRC,2022,2023,Aminoglycosides,19.047619047619047,20.62363238512035,1828.0,18.792651161288315,19.047619047619047,1.8309812238320333,1.5760133375013012,1,Penalized country partial pooling
Greece,GRC,2022,2023,Aminopenicillins,57.053941908713696,57.82140595313489,1579.0,57.52567541204838,57.053941908713696,0.2957305410865132,0.767464044421196,1,Penalized country partial pooling
Greece,GRC,2022,2023,Carbapenems,1.532258064516129,1.553294054633101,1867.0,1.9150934177923313,1.532258064516129,-0.3617993631592302,0.021035990116972103,1,Penalized country partial pooling
Greece,GRC,2022,2023,Fluoroquinolones,37.77239709443099,37.77538957549704,1861.0,35.59304241410244,37.77239709443099,2.1823471613945955,0.002992481066044661,1,Penalized country partial pooling
Greece,GRC,2022,2023,Third-generation cephalosporins,23.31983805668016,22.82921219091432,1739.0,23.017065358462016,23.31983805668016,-0.1878531675476971,-0.49062586576584266,1,Penalized country partial pooling
Croatia,HRV,2022,2023,Aminoglycosides,16.04060913705584,17.755572636433513,1301.0,14.993548608086869,16.04060913705584,2.7620240283466444,1.7149634993776743,1,Penalized country partial pooling
Croatia,HRV,2022,2023,Aminopenicillins,55.759429153924565,57.19844357976654,1285.0,55.84972791305229,55.759429153924565,1.3487156667142486,1.4390144258419753,1,Penalized country partial pooling
Croatia,HRV,2022,2023,Carbapenems,0.1020408163265306,0.1536098310291858,1302.0,0.7216132339166847,0.1020408163265306,-0.568003402887499,0.051569014702655194,1,Penalized country partial pooling
Croatia,HRV,2022,2023,Fluoroquinolones,30.25641025641025,29.638183217859893,1299.0,29.642785714092554,30.25641025641025,-0.0046024962326605134,-0.618227038550355,1,Penalized country partial pooling
Croatia,HRV,2022,2023,Third-generation cephalosporins,17.426545086119553,20.0,1310.0,18.240333515610338,17.426545086119553,1.759666484389662,2.573454913880447,1,Penalized country partial pooling
Hungary,HUN,2022,2023,Aminoglycosides,16.321749316673174,14.778503994190269,2754.0,15.829517779961233,16.321749316673174,-1.051013785770964,-1.543245322482905,1,Penalized country partial pooling
Hungary,HUN,2022,2023,Aminopenicillins,58.41541755888651,57.364033346566096,2519.0,57.287300249101875,58.41541755888651,0.07673309746422063,-1.0513842123204142,1,Penalized country partial pooling
Hungary,HUN,2022,2023,Carbapenems,0.1988071570576541,0.2232142857142857,2688.0,0.0,0.1988071570576541,0.2232142857142857,0.02440712865663161,1,Penalized country partial pooling
Hungary,HUN,2022,2023,Fluoroquinolones,29.27696562623469,25.98828696925329,2732.0,28.138529744751175,29.27696562623469,-2.1502427754978832,-3.2886786569814,1,Penalized country partial pooling
Hungary,HUN,2022,2023,Third-generation cephalosporins,22.57309941520468,21.335268505079824,2756.0,21.175211038231772,22.57309941520468,0.1600574668480519,-1.2378309101248561,1,Penalized country partial pooling
Ireland,IRL,2022,2023,Aminoglycosides,8.655126498002662,8.743169398907105,3111.0,8.457863127123305,8.655126498002662,0.2853062717837993,0.08804290090444233,1,Penalized country partial pooling
Ireland,IRL,2022,2023,Aminopenicillins,61.77156177156177,62.985553772070624,3115.0,60.815059269755686,61.77156177156177,2.170494502314938,1.2139920005088527,1,Penalized country partial pooling
Ireland,IRL,2022,2023,Carbapenems,0.0,0.0651678071032909,3069.0,0.0,0.0,0.0651678071032909,0.0651678071032909,1,Penalized country partial pooling
Ireland,IRL,2022,2023,Fluoroquinolones,15.6,15.96995427824951,3062.0,15.716938161531138,15.6,0.25301611671837243,0.36995427824951044,1,Penalized country partial pooling
Ireland,IRL,2022,2023,Third-generation cephalosporins,9.67741935483871,10.423348300192432,3118.0,9.866102983244266,9.67741935483871,0.5572453169481655,0.7459289453537217,1,Penalized country partial pooling
Iceland,ISL,2022,2023,Aminoglycosides,7.659574468085107,5.426356589147287,258.0,7.3996438957986985,7.659574468085107,-1.9732873066514118,-2.23321787893782,1,Penalized country partial pooling
Iceland,ISL,2022,2023,Aminopenicillins,46.80851063829788,52.713178294573645,258.0,47.08964487405751,46.80851063829788,5.623533420516132,5.9046676562757625,1,Penalized country partial pooling
Iceland,ISL,2022,2023,Carbapenems,0.0,0.0,258.0,0.4997358762860373,0.0,-0.4997358762860373,0.0,1,Penalized country partial pooling
Iceland,ISL,2022,2023,Fluoroquinolones,10.212765957446807,12.790697674418604,258.0,11.41995585179386,10.212765957446807,1.370741822624744,2.577931716971797,1,Penalized country partial pooling
Iceland,ISL,2022,2023,Third-generation cephalosporins,9.787234042553193,12.015503875968992,258.0,9.858065854439085,9.787234042553193,2.1574380215299076,2.2282698334157995,1,Penalized country partial pooling
Italy,ITA,2022,2023,Aminoglycosides,14.197579377554227,16.01035182206057,28594.0,12.942527103206302,14.197579377554227,3.0678247188542684,1.8127724445063436,1,Penalized country partial pooling
Italy,ITA,2022,2023,Aminopenicillins,61.55467720685112,63.22198637023797,8951.0,60.251474876424716,61.55467720685112,2.9705114938132553,1.6673091633868538,1,Penalized country partial pooling
Italy,ITA,2022,2023,Carbapenems,0.2703602029781216,0.4308004199399051,27623.0,0.0,0.2703602029781216,0.4308004199399051,0.1604402169617835,1,Penalized country partial pooling
Italy,ITA,2022,2023,Fluoroquinolones,31.627172195892577,34.14425034830136,27993.0,31.392278068134182,31.627172195892577,2.7519722801671804,2.5170781524087857,1,Penalized country partial pooling
Italy,ITA,2022,2023,Third-generation cephalosporins,24.24384159650764,26.676471618167174,28557.0,23.563872139244786,24.24384159650764,3.1125994789223874,2.4326300216595342,1,Penalized country partial pooling
Liechtenstein,LIE,2022,2023,Aminoglycosides,0.0,0.0,8.0,8.72746757225094,0.0,-8.72746757225094,0.0,1,Penalized country partial pooling
Liechtenstein,LIE,2022,2023,Aminopenicillins,23.07692307692308,37.5,8.0,18.233880207042855,23.07692307692308,19.266119792957145,14.42307692307692,1,Penalized country partial pooling
Liechtenstein,LIE,2022,2023,Carbapenems,0.0,0.0,8.0,8.213091590372906,0.0,-8.213091590372906,0.0,1,Penalized country partial pooling
Liechtenstein,LIE,2022,2023,Fluoroquinolones,15.384615384615383,25.0,8.0,14.134612868695083,15.384615384615383,10.865387131304917,9.615384615384617,1,Penalized country partial pooling
Liechtenstein,LIE,2022,2023,Third-generation cephalosporins,7.6923076923076925,0.0,8.0,11.721739436073815,7.6923076923076925,-11.721739436073815,-7.6923076923076925,1,Penalized country partial pooling
Lithuania,LTU,2022,2023,Aminoglycosides,8.333333333333334,11.337406653088934,1473.0,8.282548989813899,8.333333333333334,3.054857663275035,3.0040733197555998,1,Penalized country partial pooling
Lithuania,LTU,2022,2023,Aminopenicillins,58.86415963161934,61.34055517941774,1477.0,57.09429364842993,58.86415963161934,4.246261530987809,2.476395547798404,1,Penalized country partial pooling
Lithuania,LTU,2022,2023,Carbapenems,0.2291825821237585,0.06765899864682,1478.0,0.0,0.2291825821237585,0.06765899864682,-0.16152358347693851,1,Penalized country partial pooling
Lithuania,LTU,2022,2023,Fluoroquinolones,19.02552204176334,20.54982817869416,1455.0,18.35147719629211,19.02552204176334,2.198350982402051,1.524306136930818,1,Penalized country partial pooling
Lithuania,LTU,2022,2023,Third-generation cephalosporins,15.431627196333078,16.95945945945946,1480.0,14.92377884502413,15.431627196333078,2.0356806144353303,1.5278322631263812,1,Penalized country partial pooling
Luxembourg,LUX,2022,2023,Aminoglycosides,7.249466950959488,9.97830802603037,461.0,7.3943530406519695,7.249466950959488,2.5839549853783996,2.728841075070881,1,Penalized country partial pooling
Luxembourg,LUX,2022,2023,Aminopenicillins,49.68017057569296,51.62689804772234,461.0,50.37957974302906,49.68017057569296,1.2473183046932803,1.9467274720293801,1,Penalized country partial pooling
Luxembourg,LUX,2022,2023,Carbapenems,0.0,0.2169197396963123,461.0,0.0,0.0,0.2169197396963123,0.2169197396963123,1,Penalized country partial pooling
Luxembourg,LUX,2022,2023,Fluoroquinolones,16.844349680170577,15.61822125813449,461.0,18.04551520198775,16.844349680170577,-2.427293943853261,-1.226128422036087,1,Penalized country partial pooling
Luxembourg,LUX,2022,2023,Third-generation cephalosporins,10.447761194029852,11.713665943600867,461.0,10.743447634241283,10.447761194029852,0.9702183093595842,1.2659047495710158,1,Penalized country partial pooling
Latvia,LVA,2022,2023,Aminoglycosides,11.801242236024844,14.879649890590809,457.0,11.21508073043073,11.801242236024844,3.664569160160079,3.0784076545659644,1,Penalized country partial pooling
Latvia,LVA,2022,2023,Aminopenicillins,51.851851851851855,50.0,208.0,51.31674812885976,51.851851851851855,-1.3167481288597571,-1.8518518518518547,1,Penalized country partial pooling
Latvia,LVA,2022,2023,Carbapenems,0.0,0.0,455.0,0.0,0.0,0.0,0.0,1,Penalized country partial pooling
Latvia,LVA,2022,2023,Fluoroquinolones,21.82952182952183,28.35164835164835,455.0,22.017665161050253,21.82952182952183,6.333983190598097,6.52212652212652,1,Penalized country partial pooling
Latvia,LVA,2022,2023,Third-generation cephalosporins,20.041322314049587,25.379609544468547,461.0,19.857815254554197,20.041322314049587,5.52179428991435,5.33828723041896,1,Penalized country partial pooling
Malta,MLT,2022,2023,Aminoglycosides,11.96319018404908,10.336538461538462,416.0,11.98243288198923,11.96319018404908,-1.6458944204507677,-1.6266517225106192,1,Penalized country partial pooling
Malta,MLT,2022,2023,Aminopenicillins,62.88343558282209,62.5,416.0,61.91786989333994,62.88343558282209,0.5821301066600597,-0.3834355828220879,1,Penalized country partial pooling
Malta,MLT,2022,2023,Carbapenems,0.0,0.0,416.0,0.04562713026325327,0.0,-0.04562713026325327,0.0,1,Penalized country partial pooling
Malta,MLT,2022,2023,Fluoroquinolones,26.380368098159508,27.884615384615383,416.0,28.61130079951337,26.380368098159508,-0.726685414897986,1.5042472864558754,1,Penalized country partial pooling
Malta,MLT,2022,2023,Third-generation cephalosporins,11.349693251533742,11.298076923076923,416.0,12.824769177636709,11.349693251533742,-1.5266922545597854,-0.051616328456818295,1,Penalized country partial pooling
Netherlands,NLD,2022,2023,Aminoglycosides,6.166851441241685,5.190664456064278,7841.0,5.435676377487826,6.166851441241685,-0.245011921423548,-0.9761869851774074,1,Penalized country partial pooling
Netherlands,NLD,2022,2023,Aminopenicillins,40.92926490984743,40.98800102118969,7834.0,40.80616023637093,40.92926490984743,0.18184078481876043,0.05873611134225598,1,Penalized country partial pooling
Netherlands,NLD,2022,2023,Carbapenems,0.0416088765603328,0.0899742930591259,7780.0,0.0,0.0416088765603328,0.0899742930591259,0.0483654164987931,1,Penalized country partial pooling
Netherlands,NLD,2022,2023,Fluoroquinolones,13.142936364896714,12.946428571428571,7840.0,12.73548288822174,13.142936364896714,0.21094568320683038,-0.19650779346814318,1,Penalized country partial pooling
Netherlands,NLD,2022,2023,Third-generation cephalosporins,7.747747747747748,7.971938775510204,7840.0,7.15496706158273,7.747747747747748,0.8169717139274741,0.22419102776245659,1,Penalized country partial pooling
Norway,NOR,2022,2023,Aminoglycosides,5.403288958496476,5.523474767762993,3983.0,4.596654510775271,5.403288958496476,0.926820256987722,0.12018580926651712,1,Penalized country partial pooling
Norway,NOR,2022,2023,Aminopenicillins,37.78431897243778,36.85664072307306,3983.0,37.06797118661615,37.78431897243778,-0.21133046354308505,-0.9276782493647175,1,Penalized country partial pooling
Norway,NOR,2022,2023,Carbapenems,0.0267522739432851,0.0502008032128514,3984.0,0.0,0.0267522739432851,0.0502008032128514,0.0234485292695663,1,Penalized country partial pooling
Norway,NOR,2022,2023,Fluoroquinolones,10.520665593129362,10.123394610929235,3971.0,9.877737268233192,10.520665593129362,0.24565734269604356,-0.39727098220012635,1,Penalized country partial pooling
Norway,NOR,2022,2023,Third-generation cephalosporins,5.830435945439957,5.622489959839357,3984.0,5.54030088809727,5.830435945439957,0.08218907174208745,-0.20794598560059985,1,Penalized country partial pooling
Poland,POL,2022,2023,Aminoglycosides,12.325783972125436,14.136690647482014,2780.0,12.529178654370636,12.325783972125436,1.6075119931113786,1.8109066753565788,1,Penalized country partial pooling
Poland,POL,2022,2023,Aminopenicillins,57.17619603267211,65.5857740585774,956.0,57.46789274639161,57.17619603267211,8.117881312185787,8.40957802590529,1,Penalized country partial pooling
Poland,POL,2022,2023,Carbapenems,0.0815993472052223,0.2022926500337154,2966.0,0.0,0.0815993472052223,0.2022926500337154,0.12069330282849311,1,Penalized country partial pooling
Poland,POL,2022,2023,Fluoroquinolones,30.81103678929766,32.203947368421055,3040.0,30.73046528751907,30.81103678929766,1.4734820809019844,1.392910579123395,1,Penalized country partial pooling
Poland,POL,2022,2023,Third-generation cephalosporins,18.688265507704465,19.563090968373004,3067.0,18.344472234621485,18.688265507704465,1.2186187337515193,0.8748254606685393,1,Penalized country partial pooling
Portugal,PRT,2022,2023,Aminoglycosides,11.706349206349206,13.173091930700796,6407.0,10.31373857229303,11.706349206349206,2.859353358407766,1.4667427243515903,1,Penalized country partial pooling
Portugal,PRT,2022,2023,Aminopenicillins,52.187386073642,54.36434239405707,5923.0,51.48500597902145,52.187386073642,2.879336415035617,2.1769563204150657,1,Penalized country partial pooling
Portugal,PRT,2022,2023,Carbapenems,0.3170458784035807,0.5337214944201844,6183.0,0.0,0.3170458784035807,0.5337214944201844,0.21667561601660362,1,Penalized country partial pooling
Portugal,PRT,2022,2023,Fluoroquinolones,21.44665461121157,24.33192686357244,6399.0,21.09684397976482,21.44665461121157,3.235082883807621,2.8852722523608705,1,Penalized country partial pooling
Portugal,PRT,2022,2023,Third-generation cephalosporins,14.096996018820125,17.195064813368734,6403.0,13.321888174126649,14.096996018820125,3.873176639242086,3.0980687945486096,1,Penalized country partial pooling
Romania,ROU,2022,2023,Aminoglycosides,11.960132890365449,12.716763005780347,865.0,10.944345588164053,11.960132890365449,1.7724174176162943,0.7566301154148984,1,Penalized country partial pooling
Romania,ROU,2022,2023,Aminopenicillins,62.361623616236166,61.71052631578947,760.0,61.367328377568754,62.361623616236166,0.34319793822071887,-0.6510973004466933,1,Penalized country partial pooling
Romania,ROU,2022,2023,Carbapenems,0.5738880918220947,1.8274111675126905,985.0,0.11892053029558464,0.5738880918220947,1.7084906372171058,1.253523075690596,1,Penalized country partial pooling
Romania,ROU,2022,2023,Fluoroquinolones,23.768115942028984,25.40816326530612,980.0,23.669105163591034,23.768115942028984,1.7390581017150843,1.640047323277134,1,Penalized country partial pooling
Romania,ROU,2022,2023,Third-generation cephalosporins,17.82608695652174,19.09090909090909,990.0,17.938869267525526,17.82608695652174,1.1520398233835643,1.2648221343873516,1,Penalized country partial pooling
Slovakia,SVK,2022,2023,Aminoglycosides,13.79310344827586,13.81294964028777,695.0,13.591485146025267,13.79310344827586,0.22146449426250214,0.019846192011909736,1,Penalized country partial pooling
Slovakia,SVK,2022,2023,Aminopenicillins,54.23728813559322,58.47953216374269,684.0,53.54215277778709,54.23728813559322,4.937379385955602,4.2422440281494715,1,Penalized country partial pooling
Slovakia,SVK,2022,2023,Carbapenems,0.0,0.1436781609195402,696.0,0.0,0.0,0.1436781609195402,0.1436781609195402,1,Penalized country partial pooling
Slovakia,SVK,2022,2023,Fluoroquinolones,32.35294117647059,31.16883116883117,693.0,30.52379648736638,32.35294117647059,0.6450346814647894,-1.1841100076394184,1,Penalized country partial pooling
Slovakia,SVK,2022,2023,Third-generation cephalosporins,23.697916666666668,21.55172413793104,696.0,22.970476864362112,23.697916666666668,-1.418752726431073,-2.1461925287356287,1,Penalized country partial pooling
Slovenia,SVN,2022,2023,Aminoglycosides,7.951807228915663,6.955460646735815,1639.0,6.754756680904401,7.951807228915663,0.2007039658314138,-0.9963465821798483,1,Penalized country partial pooling
Slovenia,SVN,2022,2023,Aminopenicillins,49.00542495479204,48.99328859060402,1639.0,48.72943305887028,49.00542495479204,0.2638555317337392,-0.012136364188023663,1,Penalized country partial pooling
Slovenia,SVN,2022,2023,Carbapenems,0.0,0.061012812690665,1639.0,0.0,0.0,0.061012812690665,0.061012812690665,1,Penalized country partial pooling
Slovenia,SVN,2022,2023,Fluoroquinolones,16.566265060240966,15.924344112263576,1639.0,16.199688515865205,16.566265060240966,-0.27534440360162904,-0.6419209479773897,1,Penalized country partial pooling
Slovenia,SVN,2022,2023,Third-generation cephalosporins,9.337349397590362,8.663819402074436,1639.0,9.232825933408218,9.337349397590362,-0.5690065313337822,-0.673529995515926,1,Penalized country partial pooling
Sweden,SWE,2022,2023,Aminoglycosides,5.659304199450185,6.160164271047228,10714.0,4.913051717043329,5.659304199450185,1.2471125540038992,0.5008600715970433,1,Penalized country partial pooling
Sweden,SWE,2022,2023,Carbapenems,0.0378859632506156,0.0373343289154377,10714.0,0.0,0.0378859632506156,0.0373343289154377,-0.0005516343351779016,1,Penalized country partial pooling
Sweden,SWE,2022,2023,Fluoroquinolones,13.820983544183392,14.746112047967022,10674.0,13.203309530299558,13.820983544183392,1.5428025176674645,0.9251285037836308,1,Penalized country partial pooling
Sweden,SWE,2022,2023,Third-generation cephalosporins,7.507336930796176,7.925407925407925,10725.0,7.107896607104898,7.507336930796176,0.8175113183030271,0.41807099461174957,1,Penalized country partial pooling
